Portfolio;Identifier;TV;Duration_t;SpreadDuration_t;DollarRateConvexity1pc;TotalEffect;Counterparty;EquityDelta_t;FXDelta_t;ISIN;AssetClass;TV_day;shock_rates_dec;Duration_next;shock_spreads_dec;SpreadDuration_next;EquityDelta_next;FXDelta_next
300128;AT0000A04967;1784910.87369863;9.449735924180356;9.449735924180356;19668.501484286466;-69382.39176811314;;0.0;0.0;AT0000A04967;Bond;1715528.4819305167;0.0025;9.397496733251327;0.0;9.449735924180356;0.0;0.0
300128;AT0000A0U299;1040623.857521133;19.933225096115496;19.9332250961155;59843.238098587775;-85212.40740817318;;0.0;0.0;AT0000A0U299;Bond;955411.4501129598;0.0025;19.488881784797332;0.0;19.9332250961155;0.0;0.0
300128;AT0000A0VRQ6;1074380.5479451444;13.733663369113392;13.73366336911339;26050.0629712934;-60514.701860239205;;0.0;0.0;AT0000A0VRQ6;Bond;1013865.8460849051;0.0025;13.599032432015937;0.0;13.73366336911339;0.0;0.0
300128;AT0000A1PEF7;312313.9726027614;30.08870930314418;30.08870930314419;43850.69797008637;-39198.51855906663;;0.0;0.0;AT0000A1PEF7;Bond;273115.4540436948;0.0025;28.841889988089047;0.0;30.08870930314419;0.0;0.0
300128;AT0000A269M8;1860268.493150956;3.7709546718372007;3.7709546718372007;3343.0315207068334;-28757.581768763826;;0.0;0.0;AT0000A269M8;Bond;1831510.9113821923;0.0025;3.761578185541516;0.0;3.7709546718372007;0.0;0.0
300128;AT0000A2CQD2;2429721.500003423;4.771944433638181;4.771944433638181;6663.558488685887;-47582.60077266977;;0.0;0.0;AT0000A2CQD2;Bond;2382138.899230753;0.0025;4.760310081409202;0.0;4.771944433638181;0.0;0.0
300128;AT0000A2EJ08;668352.5259895539;21.81019762508361;21.81019762508361;36332.60900603447;-60114.02644545432;;0.0;0.0;AT0000A2EJ08;Bond;608238.4995440996;0.0025;21.64037330404533;0.0;21.81019762508361;0.0;0.0
300128;AT0000A2HLC4;86098.95890410958;40.51501811924145;40.51501811924145;23837.360179880896;-14730.976087890616;;0.0;0.0;AT0000A2HLC4;Bond;71367.98281621895;0.0025;37.69718415023879;0.0;40.51501811924145;0.0;0.0
300128;AT0000A2L583;1978997.2527471432;2.3219447296417255;2.3219447296417255;1339.9095922767117;-56690.60230999034;;0.0;0.0;AT0000A2L583;Bond;1922306.6504371527;0.0025;2.3184966752679155;0.0;2.3219447296417255;0.0;0.0
300128;AT0000A2NW83;230715.00000139247;5.737991191240421;5.737991191240421;888.517155056367;-5441.081424690375;;0.0;0.0;AT0000A2NW83;Bond;225273.9185767021;0.0025;5.724023897903883;0.0;5.737991191240421;0.0;0.0
300128;AT0000A324S8;2220884.95899587;6.941810177848814;6.941810177848814;12879.403414832308;-63457.577830989816;;0.0;0.0;AT0000A324S8;Bond;2157427.38116488;0.0025;6.9173014660841945;0.0;6.941810177848814;0.0;0.0
300128;BE0000320292;2052875.3342465693;11.64055724346882;11.64055724346882;35268.62211610902;-97889.65618393099;;0.0;0.0;BE0000320292;Bond;1954985.6780626383;0.0025;11.549810949471262;0.0;11.64055724346882;0.0;0.0
300128;BE0000333428;2140433.2512328764;7.759112332925141;7.759112332925141;15790.426440055082;-68397.0223167719;;0.0;0.0;BE0000333428;Bond;2072036.2289161047;0.0025;7.725191633429406;0.0;7.759112332925141;0.0;0.0
300128;BE0000336454;2113948.6301369853;11.061094837565255;11.061094837565255;30771.596391200743;-96416.73581320049;;0.0;0.0;BE0000336454;Bond;2017531.8943237849;0.0025;11.003053030369514;0.0;11.061094837565255;0.0;0.0
300128;BE0000338476;2040784.9315006407;16.95792156398125;16.957921563981248;71959.02111490206;-142221.8424475919;;0.0;0.0;BE0000338476;Bond;1898563.0890530488;0.0025;16.7953377539588;0.0;16.957921563981248;0.0;0.0
300128;BE0000343526;703283.0552776877;19.79026126933931;19.79026126933931;38051.160500342325;-57065.83087173023;;0.0;0.0;BE0000343526;Bond;646217.2244059575;0.0025;19.416771277440077;0.0;19.79026126933931;0.0;0.0
300128;BE0000346552;2222616.438557247;7.367802948964433;7.367802948964433;14180.969091952518;-67452.03784405113;;0.0;0.0;BE0000346552;Bond;2155164.400713196;0.0025;7.344006643643631;0.0;7.367802948964433;0.0;0.0
300128;BE0000353624;321879.99575344694;32.21637607571804;32.21637607571804;42847.50698657423;-42974.84475612163;;0.0;0.0;BE0000353624;Bond;278905.1509973253;0.0025;31.48320323843769;0.0;32.21637607571804;0.0;0.0
300128;BE0000358672;229828.82356141644;17.299640486825798;17.299640486825794;9686.131909790338;-16233.8866687005;;0.0;0.0;BE0000358672;Bond;213594.93689271595;0.0025;16.994209809050645;0.0;17.299640486825794;0.0;0.0
300128;BE0002592708;2432274.7253682804;0.5415348554545989;0.5415348554545989;136.71549759479322;-16247.031199560577;;0.0;0.0;BE0002592708;Bond;2416027.69416872;0.0025;0.5408627828429363;0.0;0.5415348554545989;0.0;0.0
300128;BE0002963446;3408968.7671248284;3.9594018709217744;3.9594018709217744;6969.886854534523;-90447.73848745052;;0.0;0.0;BE0002963446;Bond;3318521.028637378;0.0025;3.9474796939202617;0.0;3.9594018709217744;0.0;0.0
300128;BE6321529396;1620087.7808242808;4.783354460472111;4.783354460472111;4533.539149181856;-46435.105813070746;;0.0;0.0;BE6321529396;Bond;1573652.6750112101;0.0025;4.770597427036695;0.0;4.783354460472111;0.0;0.0
300128;BE6350792089;2508413.9178164527;5.394732702837232;5.394732702837233;9228.68555011248;-83039.44518040169;;0.0;0.0;BE6350792089;Bond;2425374.472636051;0.0025;5.375513255450107;0.0;5.394732702837233;0.0;0.0
300128;CDSO100000058;327605.3932716134;1.5159386547943627;-316.70053781158606;0.0;1451297.6851493968;MORGAN STANLEY EUROPE SE;0.0;0.0;;CDS Index Option;1778903.0784210102;0.0025;1.521683829807112;0.0;-316.70053781158606;0.0;0.0
300128;CDSO100000059;-126674.43593571504;1.4033796784409267;-350.73634437133524;0.0;-621566.1693725849;MORGAN STANLEY EUROPE SE;0.0;0.0;;CDS Index Option;-748240.6053082999;0.0025;1.4083033647455792;0.0;-350.73634437133524;0.0;0.0
300128;CSH_CAD_DB;32257.306553894752;0.0;0.0;0.0;0.0;;0.0;322.5730655389475;;Cash;32257.306553894752;0.0;0.0;0.0;0.0;0.0;322.5730655389475
300128;CSH_DKK_DB;745.5951359649818;0.0;0.0;0.0;0.0;;0.0;7.455951359649817;;Cash;745.5951359649818;0.0;0.0;0.0;0.0;0.0;7.455951359649817
300128;CSH_EUR_DB;2702894.42;0.0;0.0;0.0;0.0;;0.0;0.0;;Cash;2702894.42;0.0;0.0;0.0;0.0;0.0;0.0
300128;CSH_GBP_DB;327954.1232549528;0.0;0.0;0.0;-8198.853081373822;;0.0;3279.541232549528;;Cash;319755.27017357893;0.0;0.0;0.0;0.0;0.0;3197.5527017357895
300128;CSH_JPY_DB;101.13097062430074;0.0;0.0;0.0;-2.528274265607519;;0.0;1.0113097062430074;;Cash;98.60269635869322;0.0;0.0;0.0;0.0;0.0;0.9860269635869322
300128;CSH_SEK_DB;9421.103675598388;0.0;0.0;0.0;0.0;;0.0;94.21103675598387;;Cash;9421.103675598388;0.0;0.0;0.0;0.0;0.0;94.21103675598387
300128;CSH_USD_DB;1668198.6854286245;0.0;0.0;0.0;-41704.967135715604;;0.0;16681.986854286242;;Cash;1626493.718292909;0.0;0.0;0.0;0.0;0.0;16264.937182929089
300128;DE0001030708;11083427.990045382;5.255071777029817;5.255071777029817;36301.852985382975;-238430.3467885927;;0.0;0.0;DE0001030708;Bond;10844997.64325679;0.0025;5.242228045889387;0.0;5.255071777029817;0.0;0.0
300128;DE0001102341;3719305.753423501;15.810320596843283;15.810320596843283;116449.01692694196;-240946.33710613666;;0.0;0.0;DE0001102341;Bond;3478359.416317364;0.0025;15.652502632951121;0.0;15.810320596843283;0.0;0.0
300128;DE0001102416;13511426.432739727;1.840183463092944;1.840183463092944;7016.319687816339;-101439.65947168507;;0.0;0.0;DE0001102416;Bond;13409986.773268042;0.0025;1.835666954593033;0.0;1.840183463092944;0.0;0.0
300128;DE0001102432;7096182.191755758;18.890913525237135;18.89091352523713;299232.0984208062;-550727.9648153449;;0.0;0.0;DE0001102432;Bond;6545454.226940413;0.0025;18.728879046001587;0.0;18.89091352523713;0.0;0.0
300128;DE0001102465;8054856.175973992;3.7830898545624665;3.7830898545624665;14539.511882790752;-124577.9865776746;;0.0;0.0;DE0001102465;Bond;7930278.189396317;0.0025;3.773742735731909;0.0;3.7830898545624665;0.0;0.0
300128;DE0001102481;1218567.999891935;24.62871895939625;24.62871895939625;76828.01794803978;-123766.44627943511;;0.0;0.0;DE0001102481;Bond;1094801.5536124997;0.0025;24.568958732273227;0.0;24.62871895939625;0.0;0.0
300128;DE0001102507;21270850.143083703;5.254762596160385;5.254762596160385;69660.79594489827;-457585.52143422805;;0.0;0.0;DE0001102507;Bond;20813264.621649474;0.0025;5.241920376380011;0.0;5.254762596160385;0.0;0.0
300128;DE0001102515;4108707.8370000008;9.850576783272656;9.850576783272656;43806.66387494603;-166464.57943440008;;0.0;0.0;DE0001102515;Bond;3942243.257565601;0.0025;9.826613747264274;0.0;9.850576783272656;0.0;0.0
300128;DE0001102531;9691990.308084534;5.744383029009722;5.74438302900972;37421.11756871142;-228253.01010491687;;0.0;0.0;DE0001102531;Bond;9463737.297979617;0.0025;5.7303519852463305;0.0;5.74438302900972;0.0;0.0
300128;DE0001102572;5564159.567232;26.57008173632352;26.57008173632352;407161.7080610909;-609709.9343863317;;0.0;0.0;DE0001102572;Bond;4954449.632845668;0.0025;26.505610382373018;0.0;26.57008173632352;0.0;0.0
300128;DE0001102580;8523588.276228849;6.7129513949094175;6.7129513949094175;43993.816955852;-234737.28589767782;;0.0;0.0;DE0001102580;Bond;8288850.990331171;0.0025;6.696575191983053;0.0;6.7129513949094175;0.0;0.0
300128;DE0001102622;11006651.23288261;4.326985818839438;4.326985818839438;25865.333432864525;-194910.74132997982;;0.0;0.0;DE0001102622;Bond;10811740.49155263;0.0025;4.3150435090417965;0.0;4.326985818839438;0.0;0.0
300128;DE0001135085;13407443.835616684;2.9477741762463223;2.9477741762463223;16194.594438945513;-161571.3837884805;;0.0;0.0;DE0001135085;Bond;13245872.451828202;0.0025;2.9393005868873288;0.0;2.9477741762463223;0.0;0.0
300128;DE0001135226;6780501.51541096;7.417513387251681;7.417513387251681;47302.27296305154;-206172.02560806897;;0.0;0.0;DE0001135226;Bond;6574329.48980289;0.0025;7.380656639491085;0.0;7.417513387251681;0.0;0.0
300128;DE0001135275;5613673.287671233;9.3950621072496;9.3950621072496;61105.73127493526;-216364.28332947055;;0.0;0.0;DE0001135275;Bond;5397309.0043417625;0.0025;9.343601090137968;0.0;9.3950621072496;0.0;0.0
300128;DE0001135325;7129657.490510068;10.62093498603749;10.62093498603749;102693.19784017038;-310191.4774154293;;0.0;0.0;DE0001135325;Bond;6819466.0130946385;0.0025;10.542854011745561;0.0;10.62093498603749;0.0;0.0
300128;DE0001141869;14383797.915082237;2.4541250316167464;2.4541250316167464;12210.543023890436;-144050.54250509365;;0.0;0.0;DE0001141869;Bond;14239747.372577144;0.0025;2.4479591177242073;0.0;2.4541250316167464;0.0;0.0
300128;DE000A4DE982;2160170.356164384;4.767222131950756;4.767222131950755;6387.203103086491;-132414.56319124263;;0.0;0.0;DE000A4DE982;Bond;2027755.7929731417;0.0025;4.7501180172247945;0.0;4.767222131950755;0.0;0.0
300128;DE000BU2F009;3799184.662672784;12.560440352390216;12.560440352390216;74030.52365782962;-195734.79309003832;;0.0;0.0;DE000BU2F009;Bond;3603449.8695827457;0.0025;12.467704564652637;0.0;12.560440352390216;0.0;0.0
300128;DE000BU3Z005;6392246.918142977;7.087781503541633;7.087781503541633;38182.52981544209;-185865.82888668322;;0.0;0.0;DE000BU3Z005;Bond;6206381.089256294;0.0025;7.064041710141556;0.0;7.087781503541633;0.0;0.0
300128;DE000CZ439B6;1591294.5205479504;2.755198333168289;2.755198333168289;1665.8422707929165;-29457.508298250854;;0.0;0.0;DE000CZ439B6;Bond;1561837.0122496996;0.0025;2.748004946901382;0.0;2.755198333168289;0.0;0.0
300128;DE000CZ45YV9;4866069.671238066;5.311327174282451;5.311327174282451;17447.144923519587;-174996.75562386413;;0.0;0.0;DE000CZ45YV9;Bond;4691072.915614202;0.0025;5.292215924927757;0.0;5.311327174282451;0.0;0.0
300128;DE000DL19VZ9;2747356.164383201;2.2168438739571417;2.2168438739571417;2003.5388414992656;-78619.93913979585;;0.0;0.0;DE000DL19VZ9;Bond;2668736.225243405;0.0025;2.210898348707484;0.0;2.2168438739571417;0.0;0.0
300128;DE000HCB0B44;4019875.287671236;2.961459963680362;2.9614599636803622;4868.940689739801;-80234.75779723555;;0.0;0.0;DE000HCB0B44;Bond;3939640.529874;0.0025;2.953105155181678;0.0;2.9614599636803622;0.0;0.0
300128;DUM25 Cmdty;0.0;0.0;0.0;6507.391029212358;-92363.60940927398;;0.0;0.0;;Bond Future;-92363.60940927398;0.0025;0.0;0.0;0.0;0.0;0.0
300128;ES0000011868;4765925.343158739;3.4493486275589818;3.4493486275589818;7558.115373193634;-67391.86534354222;;0.0;0.0;ES0000011868;Bond;4698533.477815197;0.0025;3.4394470112612683;0.0;3.4493486275589818;0.0;0.0
300128;ES00000124H4;2636907.872157372;12.613803439427851;12.613803439427857;56681.99045288187;-135728.1549303275;;0.0;0.0;ES00000124H4;Bond;2501179.7172270445;0.0025;12.474182834698803;0.0;12.613803439427857;0.0;0.0
300128;ES00000128C6;2260515.4231159315;15.025683613726471;15.025683613726471;65912.4163646524;-138937.7285954763;;0.0;0.0;ES00000128C6;Bond;2121577.6945204553;0.0025;14.861158131361737;0.0;15.025683613726471;0.0;0.0
300128;ES00000128E2;705593.7229347506;19.77205431930919;19.772054319309195;42886.26115066891;-56201.908127791816;;0.0;0.0;ES00000128E2;Bond;649391.8148069588;0.0025;19.229879917423734;0.0;19.772054319309195;0.0;0.0
300128;ES00000128Q6;6705437.893858054;7.2919160503917855;7.2919160503917855;42951.291604796505;-201520.05086750182;;0.0;0.0;ES00000128Q6;Bond;6503917.842990552;0.0025;7.264710106723724;0.0;7.2919160503917855;0.0;0.0
300128;ES0000012E69;2385466.515616439;8.99160072426474;8.99160072426474;22786.562564199536;-88515.73734249649;;0.0;0.0;ES0000012E69;Bond;2296950.7782739424;0.0025;8.954916787604118;0.0;8.99160072426474;0.0;0.0
300128;ES0000012F76;7513605.390970085;4.872309841518559;4.872309841518559;21609.732028828825;-150404.78764021187;;0.0;0.0;ES0000012F76;Bond;7363200.603329873;0.0025;4.8597563433891455;0.0;4.872309841518559;0.0;0.0
300128;ES0000012H58;331494.2136986304;25.63598007632975;25.63598007632975;31893.423558137983;-34513.86475035406;;0.0;0.0;ES0000012H58;Bond;296980.3489482763;0.0025;24.87371121616715;0.0;25.63598007632975;0.0;0.0
300128;ES0000012K20;6903717.260487144;6.6697321740825375;6.6697321740825375;35861.61408830294;-189745.26890369126;;0.0;0.0;ES0000012K20;Bond;6713971.991583453;0.0025;6.651082069653319;0.0;6.6697321740825375;0.0;0.0
300128;ES0000012K46;2617401.095837252;18.97488832097246;18.974888320972457;121810.88369730904;-202889.58951389857;;0.0;0.0;ES0000012K46;Bond;2414511.506323354;0.0025;18.711532591823445;0.0;18.974888320972457;0.0;0.0
300128;ES0000012L60;433094.1904109588;10.61358816220832;10.61358816220832;6226.399202531892;-18905.525772536606;;0.0;0.0;ES0000012L60;Bond;414188.6646384222;0.0025;10.535795108778672;0.0;10.61358816220832;0.0;0.0
300128;ES0840609012;1207369.565217391;0.9478596781589648;0.9478596781589648;138.03283582802786;-13894.48731690555;;0.0;0.0;ES0840609012;Bond;1193475.0779004854;0.0025;0.947247641657859;0.0;0.9478596781589648;0.0;0.0
300128;ES0840609020;2071437.4999999555;2.308774333057361;2.3087743330573613;1282.2751882523617;-58232.58659629861;;0.0;0.0;ES0840609020;Bond;2013204.9134036568;0.0025;2.3066247620346565;0.0;2.3087743330573613;0.0;0.0
300128;ES0840609061;805166.6666666665;5.7649737811060655;5.7649737811060655;3204.930054678808;-56446.179355287095;;0.0;0.0;ES0840609061;Bond;748720.4873113794;0.0025;5.74854970134396;0.0;5.7649737811060655;0.0;0.0
300128;FI4000507231;2025183.1155087089;6.2578026319721545;6.2578026319721545;9188.340567246078;-52115.624103054564;;0.0;0.0;FI4000507231;Bond;1973067.4914056542;0.0025;6.242276819948417;0.0;6.2578026319721545;0.0;0.0
300128;FI4000517677;1222049.0410956517;16.31060330304379;16.31060330304379;36002.841492518906;-82378.92607368318;;0.0;0.0;FI4000517677;Bond;1139670.1150219685;0.0025;16.23916663444205;0.0;16.31060330304379;0.0;0.0
300128;FI4000566294;663734.0062921797;18.4171124972695;18.4171124972695;31181.05409474785;-49948.78456360261;;0.0;0.0;FI4000566294;Bond;613785.221728577;0.0025;18.090631629923507;0.0;18.4171124972695;0.0;0.0
300128;FR0010171975;4219562.599450496;16.60496716595647;16.60496716595647;170022.68551790155;-322279.10494528146;;0.0;0.0;FR0010171975;Bond;3897283.4945052145;0.0025;16.28693169377939;0.0;16.60496716595647;0.0;0.0
300128;FR0010371401;6849735.616438355;10.245269912370958;10.245269912370958;90701.08092390752;-324693.7593112367;;0.0;0.0;FR0010371401;Bond;6525041.857127119;0.0025;10.176645181713273;0.0;10.245269912370958;0.0;0.0
300128;FR0013067196;2748812.670988732;1.1201256314110193;1.1201256314110193;649.5522718608777;-38259.07183507921;;0.0;0.0;FR0013067196;Bond;2710553.599153653;0.0025;1.1173547637037275;0.0;1.1201256314110193;0.0;0.0
300128;FR0013154044;6431331.506849317;9.888794074853886;9.888794074853882;72869.49608145973;-295920.88704990235;;0.0;0.0;FR0013154044;Bond;6135410.619799415;0.0025;9.850004938145878;0.0;9.888794074853882;0.0;0.0
300128;FR0013257524;4214780.547932218;16.678148047094215;16.678148047094215;148860.97013765134;-324659.76053664973;;0.0;0.0;FR0013257524;Bond;3890120.787395568;0.0025;16.490579727824397;0.0;16.678148047094215;0.0;0.0
300128;FR0013259132;21664618.244500015;3.2823062217222456;4.689988881160372;33431.01879933064;-1643238.8683048983;;8.372916612388753;-436.2308483243245;FR0013259132;Fund Unit;20021379.376195118;0.0025;3.2706621573409134;0.0;4.689988881160372;7.737839554336005;-403.1431900314243
300128;FR0013404969;4833822.117076038;18.574290945631923;18.574290945631923;207946.55115489897;-415520.9589593747;;0.0;0.0;FR0013404969;Bond;4418301.158116664;0.0025;18.36132480701134;0.0;18.574290945631923;0.0;0.0
300128;FR0013426368;1632310.136986301;8.352504683992551;8.352504683992551;13210.610238635862;-82587.18918073669;;0.0;0.0;FR0013426368;Bond;1549722.9478055644;0.0025;8.324585553345758;0.0;8.352504683992551;0.0;0.0
300128;FR0013451507;9233451.710007424;4.534326260862277;4.534326260862276;23062.4760907928;-193636.86606644336;;0.0;0.0;FR0013451507;Bond;9039814.84394098;0.0025;4.523283820692374;0.0;4.534326260862276;0.0;0.0
300128;FR0013455854;1952980.7692087053;3.98907796880456;3.989077968804561;3726.469297540368;-96083.0664595481;;0.0;0.0;FR0013455854;Bond;1856897.702749157;0.0025;3.981157496764936;0.0;3.989077968804561;0.0;0.0
300128;FR0013460607;1463113.767123288;1.7449019642655366;1.7449019642655366;695.6899283369033;-15393.92275310232;;0.0;0.0;FR0013460607;Bond;1447719.8443701856;0.0025;1.740626524577527;0.0;1.7449019642655366;0.0;0.0
300128;FR0013461795;1994865.5801104968;1.0803216339776205;1.0803216339776205;342.1250993618448;-26533.251636805013;;0.0;0.0;FR0013461795;Bond;1968332.3284736918;0.0025;1.0789518002232072;0.0;1.0803216339776205;0.0;0.0
300128;FR0013476611;1251005.1369863015;1.7235008306079949;1.7235008306079949;581.319481551823;-26768.561922568617;;0.0;0.0;FR0013476611;Bond;1224236.575063733;0.0025;1.7193099201396196;0.0;1.7235008306079949;0.0;0.0
300128;FR0013516549;6797723.600029639;5.499380340413641;5.499380340413642;24194.064903945145;-173062.593296645;;0.0;0.0;FR0013516549;Bond;6624661.006732994;0.0025;5.486009745826375;0.0;5.499380340413642;0.0;0.0
300128;FR00140007L3;1912260.2739726708;3.4291856563314305;3.4291856563314296;2980.162756571865;-113271.74156528978;;0.0;0.0;FR00140007L3;Bond;1798988.532407381;0.0025;3.4196226824177436;0.0;3.4291856563314296;0.0;0.0
300128;FR0014000OZ2;1976958.9041191728;0.6308688593078091;0.6308688593078091;199.34997208528785;-15469.026384011937;;0.0;0.0;FR0014000OZ2;Bond;1961489.877735161;0.0025;0.6293429311057456;0.0;0.6308688593078091;0.0;0.0
300128;FR0014009HA0;3630625.000000001;1.9088236133035363;1.908823613303536;2000.670038082575;-86061.36289977514;;0.0;0.0;FR0014009HA0;Bond;3544563.637100226;0.0025;1.904156284960383;0.0;1.908823613303536;0.0;0.0
300128;FR001400DTA3;1646218.3014102087;6.408588551224922;6.4085885512249225;8324.892249876177;-64508.88754663139;;0.0;0.0;FR001400DTA3;Bond;1581709.4138635774;0.0025;6.384839081056571;0.0;6.4085885512249225;0.0;0.0
300128;FR001400F0H3;3418662.136986423;3.2247654319737764;3.2247654319737764;4773.701520418221;-67650.19338557353;;0.0;0.0;FR001400F0H3;Bond;3351011.9436008492;0.0025;3.21585407721624;0.0;3.2247654319737764;0.0;0.0
300128;FR001400FTH3;931347.397259304;17.4828966426325;17.4828966426325;39895.79921910616;-75015.7991759947;;0.0;0.0;FR001400FTH3;Bond;856331.5980833092;0.0025;17.1761096678356;0.0;17.4828966426325;0.0;0.0
300128;FR001400H7V7;16164471.233458102;6.937582302692348;6.937582302692348;95871.97915895075;-520227.5608704091;;0.0;0.0;FR001400H7V7;Bond;15644243.672587693;0.0025;6.9096316494853305;0.0;6.937582302692348;0.0;0.0
300128;FR001400H9B5;3443156.164387743;4.319425774258455;4.319425774258455;8435.057147204303;-100096.45147795744;;0.0;0.0;FR001400H9B5;Bond;3343059.7129097856;0.0025;4.304824276141008;0.0;4.319425774258455;0.0;0.0
300128;FR001400I7P8;1333779.452054834;2.7691790120695057;2.7691790120695057;1456.243621689259;-45936.533530275556;;0.0;0.0;FR001400I7P8;Bond;1287842.9185245584;0.0025;2.7610544579185228;0.0;2.7691790120695057;0.0;0.0
300128;FR001400M1X9;3601605.4794520536;6.311294750451732;6.311294750451732;19256.80763666097;-284495.39845123235;;0.0;0.0;FR001400M1X9;Bond;3317110.081000821;0.0025;6.277207634759123;0.0;6.311294750451732;0.0;0.0
300128;FR001400MLX3;2509270.68493084;3.2824913670390363;3.2824913670390363;3613.1793986371576;-139748.97164588943;;0.0;0.0;FR001400MLX3;Bond;2369521.7132849507;0.0025;3.273429938557286;0.0;3.2824913670390363;0.0;0.0
300128;FR001400O671;1238289.0411049947;5.045635092420353;5.045635092420353;3977.836196464893;-78104.84122835565;;0.0;0.0;FR001400O671;Bond;1160184.199876639;0.0025;5.028972054750169;0.0;5.045635092420353;0.0;0.0
300128;FR001400Q6Z9;2554450.1917807725;3.456511951720709;3.456511951720709;4136.310411394892;-148639.07981862823;;0.0;0.0;FR001400Q6Z9;Bond;2405811.1119621443;0.0025;3.4458992231286887;0.0;3.456511951720709;0.0;0.0
300128;FR001400UM87;698528.8461538464;6.860237418705399;6.860237418705399;4126.062048692712;-59134.3719183726;;0.0;0.0;FR001400UM87;Bond;639394.4742354738;0.0025;6.830224853626191;0.0;6.860237418705399;0.0;0.0
300128;FR001400WK95;1830132.0000000289;2.46952054545185;2.46952054545185;1578.814532250611;-27121.88594269362;;0.0;0.0;FR001400WK95;Bond;1803010.1140573353;0.0025;2.463199925872702;0.0;2.46952054545185;0.0;0.0
300128;FR001400WKP0;1916371.2328808263;4.610589329962095;4.610589329962095;5176.060459812104;-110450.74546050854;;0.0;0.0;FR001400WKP0;Bond;1805920.4874203177;0.0025;4.596208924657876;0.0;4.610589329962095;0.0;0.0
300128;FXF11704;-20552.83743565902;0.0767123273656177;0.0;-0.002940282144508366;0.0;NATIXIS;0.0;129669.65070393564;;Currency Forward;-20552.83743565902;0.0;0.0767123273656177;0.0;0.0;0.0;129669.65070393564
300128;FXW1023888;-4668.7533033959335;0.0767123273782819;0.0;-0.0006880281497620988;20875.04418380146;CREDIT AGRICOLE CORPORATE AND INVESTMENT BANK;0.0;-8350.017673520584;;Currency Forward;16206.290880405526;0.0;0.0767123273782819;0.0;0.0;0.0;-28984.785975984465
300128;FXW1023891;-6973.171300419373;0.076712327339341;0.0;-0.001020232275501104;30036.40930072313;GOLDMAN SACHS BANK EUROPE SE;0.0;-12014.563720289252;;Currency Forward;23063.238000303758;0.0;0.076712327339341;0.0;0.0;0.0;-39737.26309207136
300128;IE00BFZRPZ02;1199079.5465753423;7.424100375132613;7.424100375132613;7765.810878015086;-36638.35592615565;;0.0;0.0;IE00BFZRPZ02;Bond;1162441.1906491867;0.0025;7.39998162080615;0.0;7.424100375132613;0.0;0.0
300128;IE00BJ38CR43;1217449.3150701432;4.6627370179505725;4.6627370179505725;3333.790891351188;-23287.063814876667;;0.0;0.0;IE00BJ38CR43;Bond;1194162.2512552666;0.0025;4.648631294126094;0.0;4.6627370179505725;0.0;0.0
300128;IE00BKFVC345;340080.2191780822;9.566273125939231;9.56627312593923;3485.255337930844;-13419.51312020026;;0.0;0.0;IE00BKFVC345;Bond;326660.70605788194;0.0025;9.538848754365894;0.0;9.56627312593923;0.0;0.0
300128;IE00BV8C9186;565842.6027396456;15.577770240520136;15.577770240520136;16565.1818009527;-36222.91155330058;;0.0;0.0;IE00BV8C9186;Bond;529619.6911863451;0.0025;15.452556386639275;0.0;15.577770240520136;0.0;0.0
300128;IKM25 Cmdty;0.0;0.0;0.0;-205639.8486265744;1434626.7797569078;;0.0;0.0;;Bond Future;1434626.7797569078;0.0025;0.0;0.0;0.0;0.0;0.0
300128;INFS10000293;160151.03610295345;0.794520547945169;0.0;0.026984756949757;81473.39495426192;CITIBANK EUROPE PUBLIC LIMITED COMPANY;0.0;0.0;;Index Linked Swap;241624.43105721538;0.0025;0.7960944928060587;0.0;0.0;0.0;0.0
300128;INFS10000308;335527.9965052483;3.958904109589021;0.0;7.0590767965184416;181812.8892618651;GOLDMAN SACHS INTERNATIONAL  PARIS BRANCH;0.0;3355.279965052483;;Index Linked Swap;517340.8857671134;0.00125;3.978232277878521;0.0;0.0;0.0;5173.408857671134
300128;INFS10000384;142210.05943967294;9.934246575342478;0.0;5.444268421347043;631263.2905361253;JP MORGAN SE;0.0;1422.1005943967295;;Index Linked Swap;773473.3499757983;0.00125;10.057129603038263;0.0;0.0;0.0;7734.733499757984
300128;INFS10000395;-159472.1501311288;4.931506849315042;0.0;-1.6870889339828472;-333000.5416871008;JP MORGAN SE;0.0;-1594.721501311288;;Index Linked Swap;-492472.69181822956;0.00125;4.9617743089799085;0.0;0.0;0.0;-4924.726918182296
300128;INFS10000400;-91421.49142475965;4.958904109589107;0.0;0.5872188519144035;333862.1408552281;GOLDMAN SACHS BANK EUROPE SE;0.0;0.0;;Index Linked Swap;242440.64943046847;0.0025;5.020541514599104;0.0;0.0;0.0;0.0
300128;INFS10000405;-312.79971070219403;9.96164383559629;0.0;-2.7741292863965857e-05;-652857.6135426848;GOLDMAN SACHS BANK EUROPE SE;0.0;0.0;;Index Linked Swap;-653170.413253387;0.0025;10.209727488187482;0.0;0.0;0.0;0.0
300128;IT0001174611;6789151.209944772;2.347504978604339;2.347504978604339;4757.067073591018;-96844.25909909539;;0.0;0.0;IT0001174611;Bond;6692306.9508456765;0.0025;2.3437647634191445;0.0;2.347504978604339;0.0;0.0
300128;IT0001278511;11291496.436469836;4.027687739023101;4.0276877390231;22048.30995659127;-276752.2575557807;;0.0;0.0;IT0001278511;Bond;11014744.178914055;0.0025;4.0194272279925105;0.0;4.0276877390231;0.0;0.0
300128;IT0003934657;2035705.2795580104;9.323501780366696;9.323501780366696;21274.51887989827;-115268.81276190243;;0.0;0.0;IT0003934657;Bond;1920436.466796108;0.0025;9.279553816789816;0.0;9.323501780366696;0.0;0.0
300128;IT0004286966;4969095.5237569045;10.31903694468903;10.31903694468903;66562.4128515194;-309944.9194740945;;0.0;0.0;IT0004286966;Bond;4659150.60428281;0.0025;10.250361318938802;0.0;10.31903694468903;0.0;0.0
300128;IT0005162828;3245438.2252150555;15.431692065569557;15.431692065569557;97714.60010382648;-301224.47975311405;;0.0;0.0;IT0005162828;Bond;2944213.7454619417;0.0025;15.274327578287716;0.0;15.431692065569557;0.0;0.0
300128;IT0005217390;500618.8214297753;20.81768431834988;20.81768431834988;32945.84096850892;-62665.64030739631;;0.0;0.0;IT0005217390;Bond;437953.18112237897;0.0025;20.25586845997515;0.0;20.81768431834988;0.0;0.0
300128;IT0005363111;2762084.0487553934;15.244011504987284;15.244011504987284;86445.39382100332;-251588.71638725203;;0.0;0.0;IT0005363111;Bond;2510495.3323681415;0.0025;15.042532154795715;0.0;15.244011504987284;0.0;0.0
300128;IT0005403396;8176279.700210721;5.1263357287053655;5.1263357287053655;23922.43144576997;-255155.09164291562;;0.0;0.0;IT0005403396;Bond;7921124.608567806;0.0025;5.118888191125872;0.0;5.1263357287053655;0.0;0.0
300128;IT0005425233;2606014.265913256;19.022180741246704;19.022180741246707;117682.74129246207;-298430.9380924355;;0.0;0.0;IT0005425233;Bond;2307583.3278208207;0.0025;18.797835792909616;0.0;19.022180741246707;0.0;0.0
300128;IT0005436693;2561328.677930342;6.114472419851307;6.114472419851307;10477.17693282129;-95432.16345454426;;0.0;0.0;IT0005436693;Bond;2465896.514475798;0.0025;6.105676247366167;0.0;6.114472419851307;0.0;0.0
300128;IT0005466013;9386454.437768096;6.786109625410589;6.78610962541059;47505.053896543366;-388553.8370280362;;0.0;0.0;IT0005466013;Bond;8997900.60074006;0.0025;6.774712281075643;0.0;6.78610962541059;0.0;0.0
300128;IT0005508590;2855705.907163737;8.136232880836289;8.136232880836289;22637.646979979272;-141270.2576947203;;0.0;0.0;IT0005508590;Bond;2714435.6494690166;0.0025;8.103549512789877;0.0;8.136232880836289;0.0;0.0
300128;IT0005548315;2930421.1938122152;3.1154932350689144;3.1154932350689144;3400.5165474620844;-55457.545693269465;;0.0;0.0;IT0005548315;Bond;2874963.648118946;0.0025;3.1107485043223333;0.0;3.1154932350689144;0.0;0.0
300128;IT0005584856;8936305.142831502;7.6747129876640034;7.6747129876640034;62089.513237887695;-417361.75826831826;;0.0;0.0;IT0005584856;Bond;8518943.384563183;0.0025;7.648265854133928;0.0;7.6747129876640034;0.0;0.0
300128;IT0005636532;2548811.1263821134;6.049478670532488;6.049478670532488;11365.813134693964;-189452.88150853408;;0.0;0.0;IT0005636532;Bond;2359358.2448735796;0.0025;6.02948763499532;0.0;6.049478670532488;0.0;0.0
300128;LU1717592346;26511921.65439997;1.0742224399312466;1.035547902975288;-58858.94560255612;5105.939625695115;;0.0;10061.815892650611;LU1717592346;Fund Unit;26517027.594025664;0.0025;1.1326096626845596;0.0;1.035547902975288;0.0;10063.75370105026
300128;LU2023296085;3293509.407599999;3.2365855539827204;3.262438622231945;5624.664460631948;-185770.90975552262;;0.7183684908974786;55.18768937236912;LU2023296085;Fund Unit;3107738.4978444763;0.0025;3.220079200071109;0.0;3.262438622231945;0.6778488045757158;52.074819180362866
300128;LU2550878602;10575520.435200006;0.5360026175322408;0.7416979329101709;243.53019756900184;-14568.220564249757;;-2306.3477264332646;120.2764098154602;LU2550878602;Fund Unit;10560952.214635756;0.0025;0.5361451713719978;0.0;0.7416979329101709;-2303.1706362292966;120.11072404353018
300128;NL0000102234;3424412.8645205474;9.387590139342189;9.387590139342189;37238.690155395896;-132073.8868185545;;0.0;0.0;NL0000102234;Bond;3292338.9777019927;0.0025;9.336045399989313;0.0;9.387590139342189;0.0;0.0
300128;NL0009446418;1515647.67123287;12.44025432625124;12.44025432625124;29508.17904512372;-77315.25645589683;;0.0;0.0;NL0009446418;Bond;1438332.4147769732;0.0025;12.340428575883102;0.0;12.44025432625124;0.0;0.0
300128;NL0010071189;2761112.065887285;6.947491259293328;6.947491259293328;15954.851307406963;-78854.24844894656;;0.0;0.0;NL0010071189;Bond;2682257.8174383384;0.0025;6.92369997192924;0.0;6.947491259293328;0.0;0.0
300128;NL0010721999;663433.8497257073;15.861428670083797;15.861428670083797;20980.896107802368;-43129.30529100917;;0.0;0.0;NL0010721999;Bond;620304.5444346982;0.0025;15.699773482275583;0.0;15.861428670083797;0.0;0.0
300128;NL0011819040;1475171.917808219;1.2589916560538272;1.2589916560538272;416.4485190027988;-7584.515997402469;;0.0;0.0;NL0011819040;Bond;1467587.4018108167;0.0025;1.255896679152029;0.0;1.2589916560538272;0.0;0.0
300128;NL0012818504;2397554.7945206226;3.173863970431229;3.173863970431229;3183.7934761141064;-31191.783226774038;;0.0;0.0;NL0012818504;Bond;2366363.0112938485;0.0025;3.1658491626618384;0.0;3.173863970431229;0.0;0.0
300128;NL0015001DQ7;1512955.4794531178;4.449302560568837;4.449302560568837;3747.7861480920974;-27588.25114430132;;0.0;0.0;NL0015001DQ7;Bond;1485367.2283088164;0.0025;4.436865064556667;0.0;4.449302560568837;0.0;0.0
300128;NL0015001XZ6;1569886.6842465757;8.00968512636693;8.00968512636693;12137.884595873536;-51722.312032174916;;0.0;0.0;NL0015001XZ6;Bond;1518164.3722144007;0.0025;7.976780397793838;0.0;8.00968512636693;0.0;0.0
300128;NL0015614579;1314900.0;25.98224399569807;25.98224399569807;92078.71619452807;-141014.91945205478;;0.0;0.0;NL0015614579;Bond;1173885.080547945;0.0025;25.91925743658289;0.0;25.98224399569807;0.0;0.0
300128;OEM25 Cmdty;0.0;0.0;0.0;-18415.29514916488;129663.63821268803;;0.0;0.0;;Bond Future;129663.63821268803;0.0025;0.0;0.0;0.0;0.0;0.0
300128;PTEDP4OM0025;2659644.2301370166;2.4435506542958625;2.4435506542958625;2340.2064606159743;-111623.12855400058;;0.0;0.0;PTEDP4OM0025;Bond;2548021.101583016;0.0025;2.4364806400688894;0.0;2.4435506542958625;0.0;0.0
300128;PTEDPUOM0008;1268968.438356177;2.7727324216131546;2.7727324216131546;1365.3552710720894;-21344.054421878856;;0.0;0.0;PTEDPUOM0008;Bond;1247624.383934298;0.0025;2.765053613316267;0.0;2.7727324216131546;0.0;0.0
300128;PTOTE5OE0007;995412.8316738906;9.163103215049967;9.163103215049967;10683.483760736892;-42207.43403290093;;0.0;0.0;PTOTE5OE0007;Bond;953205.3976409896;0.0025;9.104691452921776;0.0;9.163103215049967;0.0;0.0
300128;PTOTECOE0037;255940.9065422984;20.9784316101759;20.9784316101759;13591.707890115562;-24847.36078804375;;0.0;0.0;PTOTECOE0037;Bond;231093.54575425468;0.0025;20.751046408605255;0.0;20.9784316101759;0.0;0.0
300128;PTOTELOE0028;910188.5780208915;5.33910501182337;5.33910501182337;3092.3307352762986;-22433.146637826165;;0.0;0.0;PTOTELOE0028;Bond;887755.4313830654;0.0025;5.325433577842299;0.0;5.33910501182337;0.0;0.0
300128;PTOTENOE0034;1187815.3028809647;9.660021498820145;9.660021498820145;12606.731892543712;-53284.4138027832;;0.0;0.0;PTOTENOE0034;Bond;1134530.8890781815;0.0025;9.62797710639062;0.0;9.660021498820145;0.0;0.0
300128;PTOTEWOE0017;429925.02571212326;7.82911674636401;7.82911674636401;3179.286830486212;-15595.238463552854;;0.0;0.0;PTOTEWOE0017;Bond;414329.7872485704;0.0025;7.797479926851839;0.0;7.82911674636401;0.0;0.0
300128;RXK25C 131;-325000.0032924212;794.3509741711696;794.3509741711696;0.0;1032656.2768838725;;0.0;0.0;;Bond Future Option;707656.2735914512;0.0025;2371.834649587885;0.0;794.3509741711696;0.0;0.0
300128;RXK25P 125;-117000.00769154044;-860.3128475746782;-860.3128475746782;0.0;-402626.4391334738;;0.0;0.0;;Bond Future Option;-519626.4468250142;0.0025;990.0326416804505;0.0;-860.3128475746782;0.0;0.0
300128;RXM25 Cmdty;0.0;0.0;0.0;-98360.29409464097;432138.64707323443;;0.0;0.0;;Bond Future;432138.64707323443;0.0025;0.0;0.0;0.0;0.0;0.0
300128;TUM25 Cmdty;0.0;0.0;0.0;78444.01293144334;-922383.2279918322;;0.0;0.0;;Bond Future;-922383.2279918322;0.00125;0.0;0.0;0.0;0.0;0.0
300128;UBM25 Cmdty;0.0;0.0;0.0;-885122.0852407864;1402662.1929510352;;0.0;0.0;;Bond Future;1402662.1929510352;0.0025;0.0;0.0;0.0;0.0;0.0
300128;UXYM25 Cmdty;0.0;0.0;0.0;-313534.2037864465;948038.2297685461;;0.0;0.0;;Bond Future;948038.2297685461;0.00125;0.0;0.0;0.0;0.0;0.0
300128;XS1069439740;2090431.335606031;0.5051229997587412;0.5051229997587412;155.264307187998;-13126.763345778145;;0.0;0.0;XS1069439740;Bond;2077304.5722602527;0.0025;0.5039040275330641;0.0;0.5051229997587412;0.0;0.0
300128;XS1310032260;1740470.1369863015;9.040334174159856;9.040334174159856;16895.048373654212;-73317.6140081092;;0.0;0.0;XS1310032260;Bond;1667152.5229781922;0.0025;9.001973901645432;0.0;9.040334174159856;0.0;0.0
300128;XS2010032451;1302606.863015219;6.131109103100148;6.131109103100148;6012.1155303967535;-48348.82388561927;;0.0;0.0;XS2010032451;Bond;1254258.0391296;0.0025;6.109699125433022;0.0;6.131109103100148;0.0;0.0
300128;XS2115091808;3066327.45868848;6.494821769870055;6.494821769870055;15043.736647638396;-123605.35532507842;;0.0;0.0;XS2115091808;Bond;2942722.1033634013;0.0025;6.477625820195489;0.0;6.494821769870055;0.0;0.0
300128;XS2125121769;2629685.4485542527;0.7250201223947248;0.7250201223947248;314.5062655005864;-24809.394511918814;;0.0;0.0;XS2125121769;Bond;2604876.0540423337;0.0025;0.7233442969519523;0.0;0.7250201223947248;0.0;0.0
300128;XS2181959110;2617459.1780821923;6.176077477572278;6.176077477572278;12323.41038515976;-201888.89208206616;;0.0;0.0;XS2181959110;Bond;2415570.286000126;0.0025;6.153733369491246;0.0;6.176077477572278;0.0;0.0
300128;XS2182055009;1532133.90410874;0.4120615508845582;0.4120615508845582;86.88285091366463;-4256.393914428117;;0.0;0.0;XS2182055009;Bond;1527877.5101943118;0.0025;0.4110683605086674;0.0;0.4120615508845582;0.0;0.0
300128;XS2185997884;2060205.479331592;0.8849719645798535;0.8849719645798535;340.8092785524516;-11349.846038296233;;0.0;0.0;XS2185997884;Bond;2048855.633293296;0.0025;0.8827942806081516;0.0;0.8849719645798535;0.0;0.0
300128;XS2243298069;1299311.568496775;4.920264062816657;4.920264062816657;3928.838689917593;-79749.83268778585;;0.0;0.0;XS2243298069;Bond;1219561.7358089893;0.0025;4.90519193665366;0.0;4.920264062816657;0.0;0.0
300128;XS2265371042;3955893.59589046;2.831396102269211;2.8313961022692107;4267.0462918629755;-74956.54869931392;;0.0;0.0;XS2265371042;Bond;3880937.0471911463;0.0025;2.8244717250752824;0.0;2.8313961022692107;0.0;0.0
300128;XS2280835260;1909691.1876760644;5.9204066748479045;5.9204066748479045;7894.592100130171;-73315.73222619183;;0.0;0.0;XS2280835260;Bond;1836375.4554498727;0.0025;5.904685645837486;0.0;5.9204066748479045;0.0;0.0
300128;XS2286011528;2737726.02739726;0.0628042200922344;0.7299542762931298;53.572786207212175;-20612.172273688124;;0.0;0.0;XS2286011528;Bond;2717113.855123572;0.0025;0.062324872220825576;0.0;0.7299542762931298;0.0;0.0
300128;XS2312733871;1259682.2778039963;3.8821372234826206;3.8821372234826206;2207.249659166596;-80536.26660136481;;0.0;0.0;XS2312733871;Bond;1179146.0112026315;0.0025;3.8760090148813853;0.0;3.8821372234826206;0.0;0.0
300128;XS2369244087;3320398.69840921;1.7697650518448451;1.7697650518448451;1610.5685571607853;-23493.703056917155;;0.0;0.0;XS2369244087;Bond;3296904.995352293;0.0025;1.7654689036600735;0.0;1.7697650518448451;0.0;0.0
300128;XS2451372499;1483534.7260273977;0.897384302837568;0.897384302837568;249.24898145428645;-8193.989062112969;;0.0;0.0;XS2451372499;Bond;1475340.7369652847;0.0025;0.8951972940450378;0.0;0.897384302837568;0.0;0.0
300128;XS2457496359;1647145.602739727;2.589272433473875;2.589272433473875;1527.97043717634;-26373.20082165976;;0.0;0.0;XS2457496359;Bond;1620772.4019180671;0.0025;2.582842076272122;0.0;2.589272433473875;0.0;0.0
300128;XS2459544339;2195445.7808222664;4.14084707978901;4.14084707978901;4754.647211897517;-54514.82784958262;;0.0;0.0;XS2459544339;Bond;2140930.9529726836;0.0025;4.129571454512584;0.0;4.14084707978901;0.0;0.0
300128;XS2462324828;1593386.0137136988;4.6549803290570715;4.6549803290570715;4246.676650165954;-44893.92554240562;;0.0;0.0;XS2462324828;Bond;1548492.0881712933;0.0025;4.642522680888332;0.0;4.6549803290570715;0.0;0.0
300128;XS2463450408;3470952.955158833;3.1053353127971164;3.1053353127971164;4060.1717183270216;-133387.36663692284;;0.0;0.0;XS2463450408;Bond;3337565.58852191;0.0025;3.100199154851859;0.0;3.1053353127971164;0.0;0.0
300128;XS2464732770;3304713.9212337635;5.96986198329935;5.969861983299351;14664.887799207529;-119800.46927418464;;0.0;0.0;XS2464732770;Bond;3184913.451959579;0.0025;5.948020950970864;0.0;5.969861983299351;0.0;0.0
300128;XS2484340075;3429065.808220869;3.732148493908463;3.732148493908463;6244.642635102168;-77427.38076973193;;0.0;0.0;XS2484340075;Bond;3351638.427451137;0.0025;3.7214435370769685;0.0;3.732148493908463;0.0;0.0
300128;XS2553817763;2981732.465859253;6.538146243190507;6.538146243190507;15558.855136580312;-119039.67565691678;;0.0;0.0;XS2553817763;Bond;2862692.7902023364;0.0025;6.514563165578405;0.0;6.538146243190507;0.0;0.0
300128;XS2555187801;3426041.4383567176;4.02829127107908;4.02829127107908;7275.158115812737;-92714.20440376541;;0.0;0.0;XS2555187801;Bond;3333327.233952952;0.0025;4.015771895783495;0.0;4.02829127107908;0.0;0.0
300128;XS2555420103;2670118.150684932;1.5294314164698997;1.5294314164698997;1034.339669470086;-27360.372262696612;;0.0;0.0;XS2555420103;Bond;2642757.778422235;0.0025;1.5255949177945318;0.0;1.5294314164698997;0.0;0.0
300128;XS2555925218;3382839.2260274026;2.6454096421592794;2.6454096421592794;3309.676967848931;-59973.827368852755;;0.0;0.0;XS2555925218;Bond;3322865.39865855;0.0025;2.638445809378151;0.0;2.6454096421592794;0.0;0.0
300128;XS2557526345;2346000.0001255986;7.820409086265083;7.820409086265083;17648.67070358045;-112675.04488790882;;0.0;0.0;XS2557526345;Bond;2233324.95523769;0.0025;7.785234143522543;0.0;7.820409086265083;0.0;0.0
300128;XS2558972415;2059654.2465753509;2.3184487605523856;2.3184487605523856;1598.41116538477;-28803.956067732477;;0.0;0.0;XS2558972415;Bond;2030850.2905076183;0.0025;2.312485322068108;0.0;2.3184487605523856;0.0;0.0
300128;XS2558978883;3220993.1506849364;2.6356876485377527;2.6356876485377527;3131.175019266426;-105670.4363964803;;0.0;0.0;XS2558978883;Bond;3115322.7142884564;0.0025;2.6287519027128696;0.0;2.6356876485377527;0.0;0.0
300128;XS2576362839;2042383.9178082196;2.0963922134953266;2.0963922134953266;1352.8098701254353;-28667.568554833037;;0.0;0.0;XS2576362839;Bond;2013716.3492533865;0.0025;2.090820162817588;0.0;2.0963922134953266;0.0;0.0
300128;XS2580221658;2548816.438356248;2.7308528132583447;2.7308528132583447;2676.523077838156;-43402.522154089354;;0.0;0.0;XS2580221658;Bond;2505413.9162021587;0.0025;2.7232440987128568;0.0;2.7308528132583447;0.0;0.0
300128;XS2582389156;2671927.8904116577;3.944374819414326;3.944374819414326;5655.353843893409;-182165.4931758195;;0.0;0.0;XS2582389156;Bond;2489762.397235838;0.0025;3.930355507138785;0.0;3.944374819414326;0.0;0.0
300128;XS2588884481;2087273.630137016;2.945176398513411;2.945176398513411;2525.3661566360597;-76781.92237900995;;0.0;0.0;XS2588884481;Bond;2010491.7077580062;0.0025;2.9366143724672056;0.0;2.945176398513411;0.0;0.0
300128;XS2615937187;2662385.416666603;1.8861463530847116;1.886146353084711;-25011.067149903352;-32407.530692693923;;0.0;0.0;XS2615937187;Bond;2629977.8859739094;0.0025;2.1298960314390047;0.0;1.886146353084711;0.0;0.0
300128;XS2625194225;2642235.6165159047;4.254032537976936;4.254032537976936;6297.485264279074;-68973.46394923898;;0.0;0.0;XS2625194225;Bond;2573262.152566666;0.0025;4.239689700819557;0.0;4.254032537976936;0.0;0.0
300128;XS2626699982;2624178.0821917807;2.77636091068423;2.77636091068423;2847.1964093057886;-90743.23103421098;;0.0;0.0;XS2626699982;Bond;2533434.85115757;0.0025;2.768506711130183;0.0;2.77636091068423;0.0;0.0
300128;XS2637421848;3419777.3972603017;3.686689163525144;3.686689163525145;6218.952623743169;-84659.66916594715;;0.0;0.0;XS2637421848;Bond;3335117.7280943547;0.0025;3.6752052168696983;0.0;3.686689163525145;0.0;0.0
300128;XS2654097927;1595124.2465753453;2.0769641522859845;2.0769641522859845;1036.7959040149765;-20376.17715867678;;0.0;0.0;XS2654097927;Bond;1574748.0694166685;0.0025;2.07149914880448;0.0;2.0769641522859845;0.0;0.0
300128;XS2676395077;1816080.890413027;3.7831809261841887;3.7831809261841887;3421.989938957368;-42002.73357753774;;0.0;0.0;XS2676395077;Bond;1774078.1568354892;0.0025;3.771855276939695;0.0;3.7831809261841887;0.0;0.0
300128;XS2676818482;4189466.301369885;3.418190940376044;3.418190940376044;6456.182820604619;-87421.05107221814;;0.0;0.0;XS2676818482;Bond;4102045.250297667;0.0025;3.4088747291655763;0.0;3.418190940376044;0.0;0.0
300128;XS2757511113;1736285.9178082217;1.8712743784775108;1.8712743784775103;929.6180005780051;-21740.072230008416;;0.0;0.0;XS2757511113;Bond;1714545.8455782132;0.0025;1.8666433965009865;0.0;1.8712743784775103;0.0;0.0
300128;XS2774944008;2506035.326085875;5.1953193224959735;5.1953193224959735;8235.584523381978;-160156.39504864204;;0.0;0.0;XS2774944008;Bond;2345878.9310372327;0.0025;5.1806401733552665;0.0;5.1953193224959735;0.0;0.0
300128;XS2778270772;2667458.333333398;1.8989594244869727;1.8989594244869727;1532.911380150534;-83217.66360302854;;0.0;0.0;XS2778270772;Bond;2584240.6697303695;0.0025;1.8936077626752124;0.0;1.8989594244869727;0.0;0.0
300128;XS2799494633;2689071.071806282;3.8006299631825486;3.8006299631825486;5342.90443143764;-130704.53964607776;;0.0;0.0;XS2799494633;Bond;2558366.532160204;0.0025;3.787069534635868;0.0;3.8006299631825486;0.0;0.0
300128;XS2801962155;2825435.3424657537;3.6496850418549576;3.6496850418549576;4999.497611059261;-62816.33943601724;;0.0;0.0;XS2801962155;Bond;2762619.003029736;0.0025;3.6387490194305245;0.0;3.6496850418549576;0.0;0.0
300128;XS2813211617;2567468.158704236;12.90704435389348;12.90704435389348;56354.78627195621;-198952.1339884826;;0.0;0.0;XS2813211617;Bond;2368516.0247157537;0.0025;12.774784937372218;0.0;12.90704435389348;0.0;0.0
300128;XS2818300407;4707354.452054814;3.829073511922676;3.829073511922677;9094.022015435887;-224817.0378156023;;0.0;0.0;XS2818300407;Bond;4482537.414239212;0.0025;3.817431138147368;0.0;3.829073511922677;0.0;0.0
300128;XS2821714735;3713850.2465930344;5.842564409194607;5.842564409194607;16102.315177839188;-144505.81447408308;;0.0;0.0;XS2821714735;Bond;3569344.4321189513;0.0025;5.819509630624767;0.0;5.842564409194607;0.0;0.0
300128;XS2844410287;1386038.986301429;3.6052026255030976;3.6052026255030976;2405.216033265445;-30551.345861733247;;0.0;0.0;XS2844410287;Bond;1355487.640439696;0.0025;3.5943134331486615;0.0;3.6052026255030976;0.0;0.0
300128;XS2859413341;3946013.6986301374;6.39434981510172;6.39434981510172;21882.18141056684;-258416.01287168296;;0.0;0.0;XS2859413341;Bond;3687597.6857584543;0.0025;6.357934361130684;0.0;6.39434981510172;0.0;0.0
300128;XS2886269013;3289521.9726033765;3.956945996637267;3.956945996637267;6679.976330387292;-87441.02634850147;;0.0;0.0;XS2886269013;Bond;3202080.946254875;0.0025;3.945322475821061;0.0;3.956945996637267;0.0;0.0
300128;XS2892988275;3069642.705480072;3.0824374634171736;3.0824374634171736;3956.1929815267954;-58022.46215908365;;0.0;0.0;XS2892988275;Bond;3011620.2433209885;0.0025;3.0739707101004785;0.0;3.0824374634171736;0.0;0.0
300128;XS2980761956;1370936.464088399;7.171304490279698;7.171304490279698;8896.694415395543;-121430.46803484383;;0.0;0.0;XS2980761956;Bond;1249505.996053555;0.0025;7.13763596981394;0.0;7.171304490279698;0.0;0.0
300154;CSH_EUR_DB;6772299.34;0.0;0.0;0.0;0.0;;0.0;0.0;;Cash;6772299.34;0.0;0.0;0.0;0.0;0.0;0.0
300154;CSH_GBP_DB;136550.08192695797;0.0;0.0;0.0;-3413.7520481739493;;0.0;1365.5008192695798;;Cash;133136.32987878402;0.0;0.0;0.0;0.0;0.0;1331.3632987878402
300154;CSH_JPY_DB;191892.9957071092;0.0;0.0;0.0;-4797.3248926777305;;0.0;1918.929957071092;;Cash;187095.67081443145;0.0;0.0;0.0;0.0;0.0;1870.9567081443145
300154;CSH_USD_DB;23320053.203110527;0.0;0.0;0.0;-583001.3300777632;;0.0;233200.53203110528;;Cash;22737051.873032764;0.0;0.0;0.0;0.0;0.0;227370.51873032763
300154;ECM25 Curncy;0.0;0.0;0.0;0.0;724989.9742548161;;0.0;-289995.9897019264;;FX Future;724989.9742548161;0.0;0.0;0.0;0.0;0.0;-289995.9897019264
300154;ESM25 Index;0.0;0.0;0.0;0.0;52335.21570079614;;-5233.521570079614;0.0;;Equity Index Future;52335.21570079614;0.0;0.0;0.0;0.0;-5233.521570079614;0.0
300154;FR0010582452;17804627.44429999;0.0331490112565468;0.2961243488183441;223.41286510459975;-20184.20842332407;;0.0;8.267561827640025e-08;FR0010582452;Fund Unit;17784443.235876665;0.0025;0.03283805783735661;0.0;0.2961243488183441;0.0;8.258189309646944e-08
300154;FR0012599645;21381495.407999985;0.2306904035262161;0.5082472453835571;1633.3021535935752;-53153.71636567112;;0.0;8.784235262264331e-09;FR0012599645;Fund Unit;21328341.691634312;0.0025;0.2289137340870889;0.0;0.5082472453835571;0.0;8.762397933269792e-09
300154;FR001400ITZ9;14248277.067199994;0.0;0.0;0.0;-1992680.7656975107;;142390.4880275289;56641.768535854135;FR001400ITZ9;Fund Unit;12255596.301502483;0.0;0.0;0.0;0.0;122476.58648192274;48720.18179493406
300154;FR001400JWC0;139896528.28599995;4.313248284158321;4.212341520459452;423675.5250586556;-3660234.6616363567;;0.0;22.153341534968927;FR001400JWC0;Fund Unit;136236293.6243636;0.0025;4.284046259574079;0.0;4.212341520459452;0.0;21.573724373979836
300154;FR001400K2W1;90362212.5922052;0.0;0.0;0.0;-11262310.833976783;;900289.6385233862;903765.7794971681;FR001400K2W1;Fund Unit;79099901.75822842;0.0;0.0;0.0;0.0;788081.8753578613;791124.7668678864
300154;FR001400K3P3;152671444.40000013;6.952436748287696;6.951644832267192;1328642.6659720058;-4883443.044340973;;0.0;1186.44327608614;FR001400K3P3;Fund Unit;147788001.35565916;0.0025;6.85571200992655;0.0;6.951644832267192;0.0;1148.492969223726
300154;FR001400LLB1;162116171.23379996;4.671890340461395;4.629945198298639;824862.2947374538;-3585163.3273748164;;-563.7837879228848;35014.88318886173;FR001400LLB1;Fund Unit;158531007.90642515;0.0025;4.599254392456277;0.0;4.629945198298639;-551.3158339510717;34240.536779335576
300154;LU1717592692;21283137.45599997;1.0742224399312472;1.0355479029752883;-47250.55565960932;4098.9263740403985;;0.0;8077.385468009037;LU1717592692;Fund Unit;21287236.38237401;0.0025;1.1326096626845603;0.0;1.0355479029752883;0.0;8078.941094306925
300154;LU1717594557;7094762.056800001;0.0003070374783217;0.0027428049852584;0.8245821583176541;-898802.4901963793;;69138.65309202917;29500.687316295112;LU1717594557;Fund Unit;6195959.566603622;0.0;0.0003070374783217;0.0;0.0027428049852584;60379.797887240566;25763.382102940268
300154;LU2527589415;2179947.4999999986;0.1061970736810439;1.93416517885148;-4387.920899560118;-60317.498473383625;;11.82251697887784;4.7156881069066354e-08;LU2527589415;Fund Unit;2119630.001526615;0.0025;0.15654667389819948;0.0;1.93416517885148;11.495396876295088;4.585208583803765e-08
300154;RPM25 Curncy;0.0;0.0;0.0;0.0;-62769.92886894515;;0.0;25107.971547578058;;FX Future;-62769.92886894515;0.0;0.0;0.0;0.0;0.0;25107.971547578058
300154;RXM25 Cmdty;0.0;0.0;0.0;237783.62358801556;-1044684.6904974307;;0.0;0.0;;Bond Future;-1044684.6904974307;0.0025;0.0;0.0;0.0;0.0;0.0
300154;TYK25C 111.5;88959.22051472022;457.1222389691688;457.1222389691688;0.0;-114053.38517413054;;0.0;889.5922051472022;;Bond Future Option;-25094.164659410322;0.00125;718.3231656694011;0.0;457.1222389691688;0.0;250.94164659410325
300154;TYK25C 112;62922.375486019984;505.4496034448953;505.4496034448953;0.0;-89034.3061645044;;0.0;629.2237548602;;Bond Future Option;-26111.930678484423;0.00125;824.7987304731477;0.0;505.4496034448953;0.0;261.1193067848443
300154;TYM25 Cmdty;0.0;0.0;0.0;-51452.367733183055;212991.9976261917;;0.0;0.0;;Bond Future;212991.9976261917;0.00125;0.0;0.0;0.0;0.0;0.0
300154;T_FR0010853556;1740840.000000002;2.85537079780096;2.8590913845450903;-2175.3657082858467;-83609.04806526417;;0.0;0.0;T_FR0010853556;Fund Unit;1657230.9519347379;0.0025;2.906993826749879;0.0;2.8590913845450903;0.0;0.0
300154;T_IE00B3DKXQ41;40906927.17599992;6.091999916969061;6.092017544895505;303172.616159362;-1531740.9326765868;;0.0;10.510176670956552;T_IE00B3DKXQ41;Fund Unit;39375186.24332333;0.0025;5.999499120325555;0.0;6.092017544895505;0.0;10.116627975712294
300154;T_IE00BYZTVT56;43705519.99999981;4.268652036751046;4.268741437307657;130148.4676709012;-1143548.5062444306;;0.0;0.2408992625137385;T_IE00BYZTVT56;Fund Unit;42561971.49375538;0.0025;4.239759270893294;0.0;4.268741437307657;0.0;0.23459616872139896
300154;T_LU0524480265;17626770.00000007;6.091999916969046;6.092017544895492;130636.89561299176;-495019.07262889866;;0.0;4.528828724808469;T_LU0524480265;Fund Unit;17131750.92737117;0.0025;5.99949912032554;0.0;6.092017544895492;0.0;4.401643960075633
300154;T_LU1291102447;7212401.2944;0.0;0.0;0.0;-685178.1229680001;;72124.01294400002;72124.012944;T_LU1291102447;Fund Unit;6527223.171432;0.0;0.0;0.0;0.0;65272.231714320005;65272.23171432
300154;T_LU1602144906;3877488.828000003;0.0;0.0;0.0;-271424.21795999963;;38774.88827999994;38774.88828000002;T_LU1602144906;Fund Unit;3606064.6100400034;0.0;0.0;0.0;0.0;36060.64610039995;36060.64610040002
300154;T_LU1806495575;4123375.3008702304;6.532658130490438;6.527609811986736;35447.808118438246;-84893.53953061493;;0.0;1347.4795548413945;T_LU1806495575;Fund Unit;4038481.7613396156;0.00125;6.478542733083986;0.0;6.527609811986736;0.0;1319.7371592288773
300154;T_LU2182388236;37715009.366799854;6.091999916969038;6.092017544895483;279516.42539691954;-1412221.049380162;;0.0;9.69008035940697;T_LU2182388236;Fund Unit;36302788.31741969;0.0025;5.99949912032553;0.0;6.092017544895483;0.0;9.32723979053292
300154;T_LU2244386053;17107519.99999998;2.2495808756091127;2.420887114296912;-34381.16396236933;-680780.5247189292;;0.0;0.0;T_LU2244386053;Fund Unit;16426739.475281052;0.0025;2.312475175429286;0.0;2.420887114296912;0.0;0.0
300154;UBM25 Cmdty;0.0;0.0;0.0;1493643.5188438273;-2366992.4506048723;;0.0;0.0;;Bond Future;-2366992.4506048723;0.0025;0.0;0.0;0.0;0.0;0.0
300154;UEAJ5C 1.1;16512.11555717754;0.2164383561643903;0.0;0.0;53342.47625316083;;0.0;-21336.99050126433;;FX Option;69854.59181033837;0.0;0.2164383561643903;0.0;0.0;0.0;-90266.25066701384
300155;BKSH1N2;1240112.0;0.0;0.0;0.0;-161214.56;;12401.12;0.0;IE00BMWXKN31;Equity;1078897.44;0.0;0.0;0.0;0.0;10788.974400000001;0.0
300155;BMBWYH3;10550900.868;0.0;0.0;0.0;-1371617.11284;;105509.00868;0.0;IE000LAP5Z18;Equity;9179283.75516;0.0;0.0;0.0;0.0;91792.8375516;0.0
300155;CAM25 Curncy;0.0;0.0;0.0;0.0;0.0;;0.0;116337.8925187532;;FX Future;0.0;0.0;0.0;0.0;0.0;0.0;116337.8925187532
300155;CSH_CAD_DB;1265281.4922396946;0.0;0.0;0.0;0.0;;0.0;12652.814922396949;;Cash;1265281.4922396946;0.0;0.0;0.0;0.0;0.0;12652.814922396949
300155;CSH_CHF_DB;61876.980176820936;0.0;0.0;0.0;0.0;;0.0;618.7698017682094;;Cash;61876.980176820936;0.0;0.0;0.0;0.0;0.0;618.7698017682094
300155;CSH_EUR_DB;-2033373.97;0.0;0.0;0.0;0.0;;0.0;0.0;;Cash;-2033373.97;0.0;0.0;0.0;0.0;0.0;0.0
300155;CSH_GBP_DB;328317.56939455646;0.0;0.0;0.0;-8207.939234863914;;0.0;3283.1756939455654;;Cash;320109.63015969255;0.0;0.0;0.0;0.0;0.0;3201.096301596926
300155;CSH_JPY_DB;2080215.2707914216;0.0;0.0;0.0;-52005.38176978554;;0.0;20802.152707914214;;Cash;2028209.889021636;0.0;0.0;0.0;0.0;0.0;20282.09889021636
300155;CSH_USD_DB;6734264.987965191;0.0;0.0;0.0;-168356.62469912978;;0.0;67342.64987965192;;Cash;6565908.363266061;0.0;0.0;0.0;0.0;0.0;65659.08363266062
300155;ECM25 Curncy;0.0;0.0;0.0;0.0;-1123577.5358581133;;0.0;449431.0143432453;;FX Future;-1123577.5358581133;0.0;0.0;0.0;0.0;0.0;449431.0143432453
300155;ESM25 Index;0.0;0.0;0.0;0.0;-4710169.413071653;;471016.94130716525;0.0;;Equity Index Future;-4710169.413071653;0.0;0.0;0.0;0.0;471016.94130716525;0.0
300155;FR0010582452;38229003.06830001;0.0331490112565469;0.2961243488183438;479.6983892137392;-43338.293270129114;;0.0;1.7751601232037838e-07;FR0010582452;Fund Unit;38185664.77502988;0.0025;0.032838057837356716;0.0;0.2961243488183438;0.0;1.7731477136757774e-07
300155;FR0012599645;8361490.800000002;0.2306904035262159;0.5082472453835561;638.7224406101685;-20786.399730071178;;0.0;3.4351807920309142e-09;FR0012599645;Fund Unit;8340704.40026993;0.0025;0.2289137340870887;0.0;0.5082472453835561;0.0;3.426641042027456e-09
300155;FR0013259199;24721763.518200018;3.2823062217222483;4.689988881160368;38148.5485505551;-1875120.1727942494;;9.554438583363096;-497.78841011205833;FR0013259199;Fund Unit;22846643.34540577;0.0025;3.270662157340916;0.0;4.689988881160368;8.829744306832282;-460.0316744771946
300155;FR001400IR05;14755999.819999997;0.0002207585577128;0.0019720643744961;1.2330789888080893;-1783895.8164186939;;145609.08828837753;131121.97341396744;FR001400IR05;Fund Unit;12972104.003581302;0.0;0.0002207585577128;0.0;0.0019720643744961;128005.98130825174;115270.25596567191
300155;FR001400ITZ9;33232077.999999985;0.0;0.0;0.0;-4647644.225504442;;332105.5438683159;132108.86208653403;FR001400ITZ9;Fund Unit;28584433.774495542;0.0;0.0;0.0;0.0;285659.20328083914;113632.88866066391
300155;FR001400JWC0;115709141.6916;4.313248284158326;4.212341520459449;350424.21681868844;-3027399.0089443102;;0.0;18.323143297535136;FR001400JWC0;Fund Unit;112681742.68265569;0.0025;4.284046259574084;0.0;4.212341520459449;0.0;17.84373894755257
300155;FR001400K2R1;41024393.43;0.0;0.0;0.0;-5121983.345560053;;409637.4142058492;410243.68140062445;FR001400K2R1;Fund Unit;35902410.08443995;0.0;0.0;0.0;0.0;358493.3060824535;359023.8795200524
300155;FR001400K2W1;99125377.83743753;0.0;0.0;0.0;-12354509.53130951;;987598.112327087;991411.3632154564;FR001400K2W1;Fund Unit;86770868.30612801;0.0;0.0;0.0;0.0;864508.6416180017;867846.6272869749
300155;FR001400K3P3;95367349.95800011;6.952436748287692;6.951644832267183;829946.4945317728;-3050478.913328645;;0.0;741.1205910869237;FR001400K3P3;Fund Unit;92316871.04467146;0.0025;6.855712009926545;0.0;6.951644832267183;0.0;717.4146504653172
300155;FR001400KDA2;13156455.24;1.819375406891917;1.8219153505118797;6145.827666442078;-147648.7366730262;;0.0;1.5969226244843766e-10;FR001400KDA2;Fund Unit;13008806.503326975;0.0025;1.8159723738716194;0.0;1.8219153505118797;0.0;1.5790011096258128e-10
300155;FR001400LLB1;116648576.04000004;4.671890340461407;4.629945198298651;593518.9030059556;-2579657.500089709;;-405.6632694637094;25194.502393577888;FR001400LLB1;Fund Unit;114068918.53991033;0.0025;4.59925439245629;0.0;4.629945198298651;-396.69211584050424;24637.331536744332
300155;FXW1023967;64288.16957388632;0.1315068450413296;0.0;0.02770003688408318;-198464.35136660188;State Street Bank International GmbH;0.0;79385.74054664075;;Currency Forward;-134176.18179271556;0.0;0.1315068450413296;0.0;0.0;0.0;165686.40273843016
300155;LU0335978606;17196882.261;0.0;0.0;0.0;-2235594.6939299996;;171968.82260999997;0.0;LU0335978606;Equity;14961287.56707;0.0;0.0;0.0;0.0;149612.87567069998;0.0
300155;LU1717592692;20831900.924799975;1.0742224399312472;1.0355479029752883;-46248.768358409354;4012.0225835400925;;0.0;7906.131985890381;LU1717592692;Fund Unit;20835912.947383516;0.0025;1.1326096626845603;0.0;1.0355479029752883;0.0;7907.654630424375
300155;LU1717594557;24207663.9024;0.0003070374783217;0.0027428049852584;2.8135133481097427;-3066756.633009302;;235904.35638533093;100657.7412639504;LU1717594557;Fund Unit;21140907.269390695;0.0;0.0003070374783217;0.0;0.0027428049852584;206018.72790761653;87905.87900538898
300155;LU2527589415;4167069.806;0.1061970736810433;1.934165178851477;-8387.712406685632;-115299.6696763972;;22.599284401851047;9.014254483102892e-08;LU2527589415;Fund Unit;4051770.136323603;0.0025;0.15654667389819882;0.0;1.934165178851477;21.973979295921566;8.76483687968664e-08
300155;MESM25 Index;0.0;0.0;0.0;0.0;-843229.0316608034;;84322.90316608033;0.0;;Equity Index Future;-843229.0316608034;0.0;0.0;0.0;0.0;84322.90316608033;0.0
300155;PTM25 Index;0.0;0.0;0.0;0.0;-1059615.0192787529;;105961.50192787527;0.0;;Equity Index Future;-1059615.0192787529;0.0;0.0;0.0;0.0;105961.50192787527;0.0
300155;RFM25 Curncy;0.0;0.0;0.0;0.0;0.0;;0.0;37332.02128004347;;FX Future;0.0;0.0;0.0;0.0;0.0;0.0;37332.02128004347
300155;RPM25 Curncy;0.0;0.0;0.0;0.0;-188309.7866068354;;0.0;75323.91464273416;;FX Future;-188309.7866068354;0.0;0.0;0.0;0.0;0.0;75323.91464273416
300155;RTYM25 Index;0.0;0.0;0.0;0.0;-384702.3699314941;;38470.23699314941;0.0;;Equity Index Future;-384702.3699314941;0.0;0.0;0.0;0.0;38470.23699314941;0.0
300155;RXM25 Cmdty;0.0;0.0;0.0;57297.25869590736;-251731.2507222725;;0.0;0.0;;Bond Future;-251731.2507222725;0.0025;0.0;0.0;0.0;0.0;0.0
300155;RYM25 Curncy;0.0;0.0;0.0;0.0;-264621.8033411018;;0.0;105848.72133644072;;FX Future;-264621.8033411018;0.0;0.0;0.0;0.0;0.0;105848.72133644072
300155;SXOM25 Index;0.0;0.0;0.0;0.0;-1000603.5;;76969.5;0.0;;Equity Index Future;-1000603.5;0.0;0.0;0.0;0.0;76969.5;0.0
300155;TPM25 Index;0.0;0.0;0.0;0.0;-1476571.6016558046;;210938.80023654347;0.0;;Equity Index Future;-1476571.6016558046;0.0;0.0;0.0;0.0;210938.80023654347;0.0
300155;TYK25C 111.5;88959.22051472022;457.1222389691688;457.1222389691688;0.0;-114053.38517413054;;0.0;889.5922051472022;;Bond Future Option;-25094.164659410322;0.00125;718.3231656694011;0.0;457.1222389691688;0.0;250.94164659410325
300155;TYK25C 112;62922.375486019984;505.4496034448953;505.4496034448953;0.0;-89034.3061645044;;0.0;629.2237548602;;Bond Future Option;-26111.930678484423;0.00125;824.7987304731477;0.0;505.4496034448953;0.0;261.1193067848443
300155;TYM25 Cmdty;0.0;0.0;0.0;-51452.367733183055;212991.9976261917;;0.0;0.0;;Bond Future;212991.9976261917;0.00125;0.0;0.0;0.0;0.0;0.0
300155;T_IE000KXCEXR3;19109470.663700003;0.0;0.0;0.0;-2388683.8329625013;;191094.7066370001;191094.706637;T_IE000KXCEXR3;Fund Unit;16720786.830737501;0.0;0.0;0.0;0.0;167207.8683073751;167207.86830737497
300155;T_IE00B3DKXQ41;17476944.68519996;6.091999916969016;6.092017544895459;129526.49852891364;-654416.0952805933;;0.0;4.490334253650693;T_IE00B3DKXQ41;Fund Unit;16822528.589919366;0.0025;5.999499120325508;0.0;6.092017544895459;0.0;4.322195768251283
300155;T_IE00BFNM3G45;24747145.0;0.0;0.0;0.0;-3093393.125000002;;247471.45000000016;247471.44999999995;T_IE00BFNM3G45;Fund Unit;21653751.875;0.0;0.0;0.0;0.0;216537.51875000013;216537.51874999996
300155;T_IE00BYZTVT56;8551079.999999974;4.268652036751028;4.268741437307641;25463.830631263398;-223737.7512217365;;0.0;0.0471324644048619;T_IE00BYZTVT56;Fund Unit;8327342.248778237;0.0025;4.239759270893275;0.0;4.268741437307641;0.0;0.045899250402012856
300155;T_LU0456627131;4202640.000000001;2.811253142815892;2.814728418179431;-5341.041378543081;-198694.9005576575;;0.0;0.0;T_LU0456627131;Fund Unit;4003945.099442343;0.0025;2.8627829454308986;0.0;2.814728418179431;0.0;0.0
300155;T_LU1806495575;4673158.67431958;6.532658130490412;6.527609811986712;40174.1825342301;-96212.67813469694;;0.0;1527.1434954869171;T_LU1806495575;Fund Unit;4576945.996184884;0.00125;6.47854273308396;0.0;6.527609811986712;0.0;1495.702113792731
300155;T_LU2182388236;11460243.597999947;6.091999916969043;6.092017544895489;84935.05313857173;-429123.5110859278;;0.0;2.944469145505652;T_LU2182388236;Fund Unit;11031120.08691402;0.0025;5.999499120325536;0.0;6.092017544895489;0.0;2.8342148627586363
300155;UBM25 Cmdty;0.0;0.0;0.0;430267.68032538233;-681849.6771289755;;0.0;0.0;;Bond Future;-681849.6771289755;0.0025;0.0;0.0;0.0;0.0;0.0
300155;UEAJ5C 1.1;42931.5004486616;0.2164383561643903;0.0;0.0;138690.43825821817;;0.0;-55476.17530328726;;FX Option;181621.93870687977;0.0;0.2164383561643903;0.0;0.0;0.0;-234692.25173423605
300156;BMBWYH3;6949200.0;0.0;0.0;0.0;-903396.0000000001;;69492.0;0.0;IE000LAP5Z18;Equity;6045804.0;0.0;0.0;0.0;0.0;60458.04;0.0
300156;CAM25 Curncy;0.0;0.0;0.0;0.0;0.0;;0.0;160120.9703483915;;FX Future;0.0;0.0;0.0;0.0;0.0;0.0;160120.9703483915
300156;CSH_CAD_DB;1700623.6179411702;0.0;0.0;0.0;0.0;;0.0;17006.236179411702;;Cash;1700623.6179411702;0.0;0.0;0.0;0.0;0.0;17006.236179411702
300156;CSH_CHF_DB;78168.0409460243;0.0;0.0;0.0;0.0;;0.0;781.680409460243;;Cash;78168.0409460243;0.0;0.0;0.0;0.0;0.0;781.680409460243
300156;CSH_EUR_DB;2704347.09;0.0;0.0;0.0;0.0;;0.0;0.0;;Cash;2704347.09;0.0;0.0;0.0;0.0;0.0;0.0
300156;CSH_GBP_DB;532500.9677582855;0.0;0.0;0.0;-13312.524193957139;;0.0;5325.009677582855;;Cash;519188.4435643283;0.0;0.0;0.0;0.0;0.0;5191.884435643284
300156;CSH_JPY_DB;23758.9497751755;0.0;0.0;0.0;-593.9737443793875;;0.0;237.589497751755;;Cash;23164.97603079611;0.0;0.0;0.0;0.0;0.0;231.64976030796112
300156;CSH_USD_DB;-202667.50601740417;0.0;0.0;0.0;5066.687650435105;;0.0;-2026.6750601740416;;Cash;-197600.81836696906;0.0;0.0;0.0;0.0;0.0;-1976.0081836696904
300156;ECM25 Curncy;0.0;0.0;0.0;0.0;-1129854.5053321805;;0.0;451941.8021328722;;FX Future;-1129854.5053321805;0.0;0.0;0.0;0.0;0.0;451941.8021328722
300156;ESM25 Index;0.0;0.0;0.0;0.0;-4396158.118866876;;439615.8118866876;0.0;;Equity Index Future;-4396158.118866876;0.0;0.0;0.0;0.0;439615.8118866876;0.0
300156;FR0010582452;52369663.1287;0.0331490112565469;0.2961243488183438;657.1357092838955;-59368.84660775945;;0.0;2.4317803288145684e-07;FR0010582452;Fund Unit;52310294.28209224;0.0025;0.032838057837356716;0.0;0.2961243488183438;0.0;2.429023542066287e-07
300156;FR0012599645;7056706.799999992;0.230690403526216;0.5082472453835564;539.0518386944083;-17542.748276744052;;0.0;2.899131773768613e-09;FR0012599645;Fund Unit;7039164.051723248;0.0025;0.22891373408708882;0.0;0.5082472453835564;0.0;2.891924624545928e-09
300156;FR0013073806;7605156.750199995;0.0007599006985874;0.0067882899370453;2.1876091028058853;-878137.9265864767;;67549.07127588282;15410.939382321414;FR0013073806;Fund Unit;6727018.823613518;0.0;0.0007599006985874;0.0;0.0067882899370453;59749.44224240024;13631.498037396375
300156;FR0013259199;11288760.000000007;3.2823062217222456;4.689988881160367;17419.866047117674;-856240.7607470737;;4.362866913718426;-227.30635249380956;FR0013259199;Fund Unit;10432519.239252934;0.0025;3.2706621573409134;0.0;4.689988881160367;4.031947974415925;-210.0654009471435
300156;FR001400IR05;20002073.87079997;0.0002207585577128;0.0019720643744961;1.6714649853303378;-2418108.995193642;;197376.2385288484;177738.6439620632;FR001400IR05;Fund Unit;17583964.87560633;0.0;0.0002207585577128;0.0;0.0019720643744961;173514.8499094989;156251.3013727722
300156;FR001400ITZ9;33881977.74719999;0.0;0.0;0.0;-4738535.406225395;;338600.33209683816;134692.43558659978;FR001400ITZ9;Fund Unit;29143442.340974595;0.0;0.0;0.0;0.0;291245.6683823465;115855.13866904953
300156;FR001400JWC0;37800101.70000002;4.313248284158323;4.212341520459448;114477.30784482058;-988996.96905177;;0.0;5.985842345598794;FR001400JWC0;Fund Unit;36811104.73094825;0.0025;4.284046259574081;0.0;4.212341520459448;0.0;5.829229541114754
300156;FR001400K2R1;61562461.38410003;0.0;0.0;0.0;-7686205.097927372;;614714.4512096244;615624.2343324509;FR001400K2R1;Fund Unit;53876256.28617266;0.0;0.0;0.0;0.0;537966.035983372;538762.230735632
300156;FR001400K2W1;109862585.80531384;0.0;0.0;0.0;-13692743.40312714;;1094574.2122127106;1098800.5124000132;FR001400K2W1;Fund Unit;96169842.4021867;0.0;0.0;0.0;0.0;958151.7557991301;961851.3102923902
300156;FR001400K3P3;55921415.40000004;6.952436748287683;6.95164483226718;486663.2311889229;-1788736.9058311754;;0.0;434.577582935016;FR001400K3P3;Fund Unit;54132678.49416887;0.0025;6.855712009926536;0.0;6.95164483226718;0.0;420.67691616035546
300156;FR001400LLB1;13187877.899999956;4.671890340461396;4.629945198298644;67101.16051052742;-291647.0075325775;;-45.86286303544488;2848.4018630782657;FR001400LLB1;Fund Unit;12896230.892467378;0.0025;4.599254392456278;0.0;4.629945198298644;-44.84861594712721;2785.4100848773924
300156;FXW1023959;53737.4000980556;0.1315068450413296;0.0;0.02315386870467595;-166156.20114413177;NATIXIS;0.0;66462.48045765271;;Currency Forward;-112418.80104607617;0.0;0.1315068450413296;0.0;0.0;0.0;139039.70705623948
300156;LU1717594557;48139215.537599936;0.0003070374783217;0.0027428049852584;5.59493580333219;-6098533.883856623;;469117.9910658941;200167.38177502865;LU1717594557;Fund Unit;42040681.65374331;0.0;0.0003070374783217;0.0;0.0027428049852584;409687.6091601581;174809.10481589526
300156;LU1897556608;6086411.258200012;0.0008831477377797;0.0078892714698627;2.0346952132914877;-724437.3358390182;;58661.044253723776;55130.75732071215;LU1897556608;Fund Unit;5361973.922360994;0.0;0.0008831477377797;0.0;0.0078892714698627;51678.89191239971;48568.798678434076
300156;LU2527589415;2250648.499999999;0.1061970736810438;1.9341651788514824;-4530.23184765396;-62273.74166711502;;12.20594996197658;4.868629342806312e-08;LU2527589415;Fund Unit;2188374.758332884;0.0025;0.15654667389819935;0.0;1.9341651788514824;11.868220558769522;4.733918051386592e-08
300156;MESM25 Index;0.0;0.0;0.0;0.0;-2005239.7704128863;;200523.97704128863;0.0;;Equity Index Future;-2005239.7704128863;0.0;0.0;0.0;0.0;200523.97704128863;0.0
300156;PTM25 Index;0.0;0.0;0.0;0.0;-1502726.7546135038;;150272.6754613504;0.0;;Equity Index Future;-1502726.7546135038;0.0;0.0;0.0;0.0;150272.6754613504;0.0
300156;RFM25 Curncy;0.0;0.0;0.0;0.0;0.0;;0.0;49776.028373391295;;FX Future;0.0;0.0;0.0;0.0;0.0;0.0;49776.028373391295
300156;RPM25 Curncy;0.0;0.0;0.0;0.0;-235387.23325854435;;0.0;94154.89330341773;;FX Future;-235387.23325854435;0.0;0.0;0.0;0.0;0.0;94154.89330341773
300156;RTYM25 Index;0.0;0.0;0.0;0.0;-872617.5708202183;;87261.75708202182;0.0;;Equity Index Future;-872617.5708202183;0.0;0.0;0.0;0.0;87261.75708202182;0.0
300156;SXOM25 Index;0.0;0.0;0.0;0.0;-835555.5;;64273.5;0.0;;Equity Index Future;-835555.5;0.0;0.0;0.0;0.0;64273.5;0.0
300156;T_FR0010853556;1740840.000000004;2.85537079780096;2.8590913845450903;-2175.365708285846;-83609.04806526414;;0.0;0.0;T_FR0010853556;Fund Unit;1657230.9519347397;0.0025;2.906993826749879;0.0;2.8590913845450903;0.0;0.0
300156;T_FR0011026707;6754068.099999988;6.091999916969032;6.092017544895478;50056.27743158517;-252902.95030825166;;0.0;1.735316091410539;T_FR0011026707;Fund Unit;6501165.149691736;0.0025;5.999499120325524;0.0;6.092017544895478;0.0;1.670337984477458
300156;T_IE000KXCEXR3;31586605.3875;0.0;0.0;0.0;-3948325.673437502;;315866.05387500016;315866.053875;T_IE000KXCEXR3;Fund Unit;27638279.714062497;0.0;0.0;0.0;0.0;276382.79714062513;276382.79714062496
300156;T_IE00BFNM3G45;67576576.0314;0.0;0.0;0.0;-8447072.003925007;;675765.7603140008;675765.760314;T_IE00BFNM3G45;Fund Unit;59129504.027474985;0.0;0.0;0.0;0.0;591295.0402747506;591295.0402747499
300156;T_LU0456627131;3394440.000000003;2.811253142815891;2.8147284181794303;-4313.918036515564;-160484.34275810793;;0.0;0.0;T_LU0456627131;Fund Unit;3233955.657241895;0.0025;2.8627829454308977;0.0;2.8147284181794303;0.0;0.0
300156;T_LU1291102447;27618692.7648;0.0;0.0;0.0;-2623775.8126560003;;276186.927648;276186.92764799995;T_LU1291102447;Fund Unit;24994916.952144;0.0;0.0;0.0;0.0;249949.16952144002;249949.16952143997
300156;T_LU1602144906;17949097.3668;0.0;0.0;0.0;-1256436.8156760011;;179490.97366800014;179490.973668;T_LU1602144906;Fund Unit;16692660.551123997;0.0;0.0;0.0;0.0;166926.6055112401;166926.60551124
300156;T_LU1806495575;16493501.203480875;6.532658130490438;6.527609811986736;141791.2324737525;-339574.1581224591;;0.0;5389.91821936524;T_LU1806495575;Fund Unit;16153927.045358416;0.00125;6.478542733083986;0.0;6.527609811986736;0.0;5278.948636915178
300156;UEAJ5C 1.1;42931.5004486616;0.2164383561643903;0.0;0.0;138690.43825821817;;0.0;-55476.17530328726;;FX Option;181621.93870687977;0.0;0.2164383561643903;0.0;0.0;0.0;-234692.25173423605
300191;BE6359531173;13473849.918554995;0.0758628243814814;0.0758628243814814;107.45420553348174;-6718.467630621944;;0.0;0.0;BE6359531173;Bond;13467131.450924374;0.0025;0.07567783683341345;0.0;0.0758628243814814;0.0;0.0
300191;BE6360390031;7979701.958879992;0.1002684393442874;0.1002684393442874;86.08034285372774;-5257.858414001749;;0.0;0.0;BE6360390031;Bond;7974444.100465991;0.0025;0.10002388841219628;0.0;0.1002684393442874;0.0;0.0
300191;CSH_EUR_DB;93685302.05;0.0;0.0;0.0;0.0;;0.0;0.0;;Cash;93685302.05;0.0;0.0;0.0;0.0;0.0;0.0
300191;DE000CZ450R9;24468332.3624574;0.884312588108397;0.884312588108397;4026.4517273773777;-142050.4007562938;;0.0;0.0;DE000CZ450R9;Bond;24326281.961701106;0.0025;0.8821536682778486;0.0;0.884312588108397;0.0;0.0
300191;DE000CZ451J4;9842805.66877834;0.6537861814741701;0.6537861814741701;1049.1747137205418;-42243.16460312677;;0.0;0.0;DE000CZ451J4;Bond;9800562.504175212;0.0025;0.6521899460580918;0.0;0.6537861814741701;0.0;0.0
300191;DE000CZ452E3;19551433.62925604;0.9331390219041816;0.9331390219041816;3484.059174257184;-119772.61806853836;;0.0;0.0;DE000CZ452E3;Bond;19431661.0111875;0.0025;0.9308609010434092;0.0;0.9331390219041816;0.0;0.0
300191;FR0128580331;15506325.572032187;0.0058524172716741;0.0678036057316819;-5.410338843603313;-4475.182094894138;;0.0;0.0;FR0128580331;Bond;15501850.389937293;0.0025;0.005861225691833159;0.0;0.0678036057316819;0.0;0.0
300191;FR0128584150;20673843.63313972;0.0058454405328914;0.0678529938996562;-7.214850938908057;-5966.1860576649415;;0.0;0.0;FR0128584150;Bond;20667877.447082054;0.0025;0.005854250568275169;0.0;0.0678529938996562;0.0;0.0
300191;FR0128585413;25830121.915208887;0.0064847806774243;0.0813794072976757;-13.457679415296298;-8910.851564961213;;0.0;0.0;FR0128585413;Bond;25821211.063643925;0.0025;0.006497910988298532;0.0;0.0813794072976757;0.0;0.0
300191;FR0128607365;25815729.470769197;0.0068657032828676;0.0949481316579234;-18.855805805628737;-10345.031479066509;;0.0;0.0;FR0128607365;Bond;25805384.43929013;0.0025;0.006884081124666488;0.0;0.0949481316579234;0.0;0.0
300191;FR0128614064;11459359.150304928;0.1409472307357197;0.1409472307357196;180.37125626421607;-9795.397410671609;;0.0;0.0;FR0128614064;Bond;11449563.752894256;0.0025;0.14060339398255936;0.0;0.1409472307357196;0.0;0.0
300191;FR0128614254;9961402.235399898;0.154512934842154;0.154512934842154;173.9848154435822;-9333.697437004837;;0.0;0.0;FR0128614254;Bond;9952068.537962893;0.0025;0.15413597305977317;0.0;0.154512934842154;0.0;0.0
300191;FR0128614551;15438059.467308415;0.0108686724153144;0.1791064614925367;-42.91527133659657;-10189.86634810195;;0.0;0.0;FR0128614551;Bond;15427869.600960312;0.0025;0.010938463631947873;0.0;0.1791064614925367;0.0;0.0
300191;FR0128615376;15418863.073624082;0.0125455172791784;0.2171231686563829;-63.8114894258024;-12311.762965979673;;0.0;0.0;FR0128615376;Bond;15406551.310658103;0.0025;0.012649374104762306;0.0;0.2171231686563829;0.0;0.0
300191;FR0128633858;25770696.49312648;0.0089312289189171;0.1357215370288701;-40.07771892133861;-14696.33955972491;;0.0;0.0;FR0128633858;Bond;25756000.153566755;0.0025;0.008970307493743593;0.0;0.1357215370288701;0.0;0.0
300191;FR0128635192;20611507.9898847;0.0093081671762558;0.143833136623455;-36.262726155200646;-12451.254004915716;;0.0;0.0;FR0128635192;Bond;20599056.735879786;0.0025;0.009352367372999673;0.0;0.143833136623455;0.0;0.0
300191;FR0128635606;10304602.76206564;0.0092930366663784;0.1438327630269514;-18.133849977175487;-6224.541766765692;;0.0;0.0;FR0128635606;Bond;10298378.220298873;0.0025;0.009337247106834081;0.0;0.1438327630269514;0.0;0.0
300191;FR0128656842;30605310.474169426;0.0196694731655029;0.4019198814058413;-448.009629394619;-51144.27391686625;;0.0;0.0;FR0128656842;Bond;30554166.20025256;0.0025;0.02003639781493915;0.0;0.4019198814058413;0.0;0.0
300191;FR0128662154;7959762.7999197375;0.2005745569825251;0.2005745569825251;187.8061528514444;-10489.440840442176;;0.0;0.0;FR0128662154;Bond;7949273.359079296;0.0025;0.20008527134264018;0.0;0.2005745569825251;0.0;0.0
300191;FR0128666064;15406521.91250529;0.0134534795506914;0.2389245699200749;-77.6257724766083;-15375.974793268573;;0.0;0.0;FR0128666064;Bond;15391145.937712021;0.0025;0.013579894560152371;0.0;0.2389245699200749;0.0;0.0
300191;FR0128692607;66671040.54590244;0.0149148134393138;0.2742228326099388;-445.898074019624;-76280.76089200354;;0.0;0.0;FR0128692607;Bond;66594759.785010435;0.0025;0.015082570376478846;0.0;0.2742228326099388;0.0;0.0
300191;FR0128768654;51109289.69141432;0.0179284626203528;0.3528952909778204;-573.7712527320583;-75104.01210332752;;0.0;0.0;FR0128768654;Bond;51034185.67931099;0.0025;0.018209925178793333;0.0;0.3528952909778204;0.0;0.0
300191;FR0128787282;7427322.002240075;0.4042648892144133;0.4042648892144132;414.6635035315071;-18191.851698637332;;0.0;0.0;FR0128787282;Bond;7409130.150541438;0.0025;0.4032777275389019;0.0;0.4042648892144132;0.0;0.0
300191;FR0128789924;25506809.570423804;0.0163465082134497;0.3339362783112839;-257.14363971474086;-35424.14984788475;;0.0;0.0;FR0128789924;Bond;25471385.42057592;0.0025;0.016599210538101237;0.0;0.3339362783112839;0.0;0.0
300191;FR0128806710;12743635.78350837;0.0205645545786792;0.4235430263346119;-207.6064875566885;-22441.54806320528;;0.0;0.0;FR0128806710;Bond;12721194.235445164;0.0025;0.020972886668130193;0.0;0.4235430263346119;0.0;0.0
300191;FR0128813492;15254352.066151349;0.0227474719788382;0.4859518659437828;-329.05811409023045;-27050.649850227874;;0.0;0.0;FR0128813492;Bond;15227301.41630112;0.0025;0.02328805122675639;0.0;0.4859518659437828;0.0;0.0
300191;FR0128816198;10165372.544819938;0.0231210058585052;0.4968119065995341;-229.3688794452464;-18425.724136385223;;0.0;0.0;FR0128816198;Bond;10146946.820683552;0.0025;0.02368643594934554;0.0;0.4968119065995341;0.0;0.0
300191;FR0128816420;4492675.468305;0.0595036313170018;0.0595036313170018;27.62057582650305;-1624.748388537699;;0.0;0.0;FR0128816420;Bond;4491050.719916462;0.0025;0.05935878520898089;0.0;0.0595036313170018;0.0;0.0
300191;FR0128867167;20133836.22158296;0.009871680633375;0.2684923758936859;-134.42278401498697;-22340.720273299696;;0.0;0.0;FR0128867167;Bond;20111495.50130966;0.0025;0.010038835798100594;0.0;0.2684923758936859;0.0;0.0
300191;FR0128867399;30170983.15334429;0.0111636526606986;0.341802487214268;-330.78073613523884;-42502.800760849655;;0.0;0.0;FR0128867399;Bond;30128480.35258344;0.0025;0.011438052691672458;0.0;0.341802487214268;0.0;0.0
300191;FR0128867449;10053109.672538836;0.0109268569928198;0.3119383384799454;-91.21192690031423;-12944.294693333964;;0.0;0.0;FR0128867449;Bond;10040165.377845502;0.0025;0.011153980639602615;0.0;0.3119383384799454;0.0;0.0
300191;FR0128902766;10132810.111288946;0.0263396556744072;0.5920765446027495;-326.5146375497352;-24874.936596086947;;0.0;0.0;FR0128902766;Bond;10107935.17469286;0.0025;0.027146977694367906;0.0;0.5920765446027495;0.0;0.0
300191;FR0128902923;15354209.03323602;0.0310551468181356;0.6654410530833526;-606.6343427590937;-41912.27172217301;;0.0;0.0;FR0128902923;Bond;15312296.761513846;0.0025;0.032045290848613045;0.0;0.6654410530833526;0.0;0.0
300191;FR0128910587;9983881.8235;0.0622959652498786;0.0622959652498786;64.5193898307622;-3774.7279223095898;;0.0;0.0;FR0128910587;Bond;9980107.09557769;0.0025;0.06214410834006661;0.0;0.0622959652498786;0.0;0.0
300191;FR0128913656;9808235.150020432;0.8197479021611863;0.8197479021611863;1444.7827156165115;-48691.84134749869;;0.0;0.0;FR0128913656;Bond;9759543.308672933;0.0025;0.8177452930732663;0.0;0.8197479021611863;0.0;0.0
300191;FR0128913979;30184847.403478462;0.032519169784242;0.7901641363291996;-1749.713174348244;-86682.09443157745;;0.0;0.0;FR0128913979;Bond;30098165.309046883;0.0025;0.03397097868994401;0.0;0.7901641363291996;0.0;0.0
300191;FR0128958545;4980481.424549967;0.1516929660293875;0.1516929660293875;85.13488247706367;-4584.771941503533;;0.0;0.0;FR0128958545;Bond;4975896.652608464;0.0025;0.1513231502829613;0.0;0.1516929660293875;0.0;0.0
300191;FR0128963560;29911684.368299905;0.1193092997053563;0.1193092997053563;390.9472079399292;-16226.064397050359;;0.0;0.0;FR0128963560;Bond;29895458.303902853;0.0025;0.11901813522980081;0.0;0.1193092997053563;0.0;0.0
300191;FR0128984541;20132425.250744738;0.0120612017945763;0.333746862342656;-208.73027750667464;-27744.459200323472;;0.0;0.0;FR0128984541;Bond;20104680.791544415;0.0025;0.012320762113943194;0.0;0.333746862342656;0.0;0.0
300191;FR0128985662;15988869.019414734;0.0270904947144178;0.0270904947144178;43.416328312172325;-2628.3072360681754;;0.0;0.0;FR0128985662;Bond;15986240.712178666;0.0025;0.027024444211859306;0.0;0.0270904947144178;0.0;0.0
300191;FR0129012466;30169571.4570675;0.0107528996916536;0.3068139952879606;-264.13218279230927;-19491.36333438001;;0.0;0.0;FR0129012466;Bond;30150080.09373312;0.0025;0.01097206175233407;0.0;0.3068139952879606;0.0;0.0
300191;FR0129014306;25119791.98602242;0.0113125525596948;0.3282341567754669;-252.84530025260213;-34019.954804771005;;0.0;0.0;FR0129014306;Bond;25085772.03121765;0.0025;0.011564512018625753;0.0;0.3282341567754669;0.0;0.0
300191;FR0129014868;25000304.35139727;0.0383498122584294;0.9799662681625056;-2243.254249023608;-101302.20609889827;;0.0;0.0;FR0129014868;Bond;24899002.14529837;0.0025;0.04059671596853351;0.0;0.9799662681625056;0.0;0.0
300191;FR0129025500;9960293.92339993;0.1544043908928106;0.1544043908928106;173.72113747523795;-9332.658963843223;;0.0;0.0;FR0129025500;Bond;9950961.264436089;0.0025;0.15402795851834725;0.0;0.1544043908928106;0.0;0.0
300191;FR0129026011;4996145.9956251085;0.0297941057917687;0.0297941057917687;14.958123629440234;-903.4127005787868;;0.0;0.0;FR0129026011;Bond;4995242.58292453;0.0025;0.029721476702327495;0.0;0.0297941057917687;0.0;0.0
300191;FR0129026433;2197356.004888;0.0460348660327556;0.0460348660327556;10.326821175965344;-614.0556506810302;;0.0;0.0;FR0129026433;Bond;2196741.9492373187;0.0025;0.045922672611254024;0.0;0.0460348660327556;0.0;0.0
300191;FR0129026458;7458308.057924849;0.2111633318570788;0.2111633318570788;186.7483834238469;-9562.981290709122;;0.0;0.0;FR0129026458;Bond;7448745.07663414;0.0025;0.21064883238258802;0.0;0.2111633318570788;0.0;0.0
300191;FR0129030120;29936735.46209999;0.0812488034778943;0.0812488034778942;256.9104262661774;-15993.598397560268;;0.0;0.0;FR0129030120;Bond;29920741.86370243;0.0025;0.08105076244097441;0.0;0.0812488034778942;0.0;0.0
300191;FR0129030807;11970064.310039992;0.0947562768855394;0.0947562768855394;121.2946010298246;-6886.886315365476;;0.0;0.0;FR0129030807;Bond;11963177.423724625;0.0025;0.0945253947150909;0.0;0.0947562768855394;0.0;0.0
300191;FR0129052264;20089188.133032016;0.0341407376552124;0.844567974080702;-1332.7866810186606;-70183.00552149104;;0.0;0.0;FR0129052264;Bond;20019005.127510525;0.0025;0.03580223866733885;0.0;0.844567974080702;0.0;0.0
300191;FR0129053411;19947250.051399983;0.1001704387238003;0.1001704387238003;214.75881073483703;-12132.30003126246;;0.0;0.0;FR0129053411;Bond;19935117.75136872;0.0025;0.09992636559773117;0.0;0.1001704387238003;0.0;0.0
300191;FR0129053510;9978849.808166362;0.0812427447750592;0.0812427447750592;85.62350828355753;-4921.076617725877;;0.0;0.0;FR0129053510;Bond;9973928.731548637;0.0025;0.0810447332653104;0.0;0.0812427447750592;0.0;0.0
300191;FR0129059954;14992619.20341076;0.0189584469296021;0.0189584469296021;28.252117312674407;-1725.1781001184982;;0.0;0.0;FR0129059954;Bond;14990894.025310641;0.0025;0.01891223544354637;0.0;0.0189584469296021;0.0;0.0
300191;FR0129061463;14982100.81035;0.0460431987683762;0.0460431987683762;70.43624017377569;-4186.778856590958;;0.0;0.0;FR0129061463;Bond;14977914.03149341;0.0025;0.04593096472426338;0.0;0.0460431987683762;0.0;0.0
300191;FR0129061638;9984451.005799998;0.0595746466177445;0.0595746466177446;61.5301365414197;-3610.8151582619175;;0.0;0.0;FR0129061638;Bond;9980840.190641735;0.0025;0.059429454567271396;0.0;0.0595746466177446;0.0;0.0
300191;FR0129065985;24923747.700999945;0.1192053276878305;0.1192053276878305;325.1871549813895;-19529.292719139685;;0.0;0.0;FR0129065985;Bond;24904218.408280805;0.0025;0.11891467042300372;0.0;0.1192053276878305;0.0;0.0
300191;FR0129083459;19808119.316173464;0.4015829106493079;0.4015829106493079;1096.4672947300696;-52206.604882627056;;0.0;0.0;FR0129083459;Bond;19755912.711290836;0.0025;0.4006022218071551;0.0;0.4015829106493079;0.0;0.0
300191;FR0129101939;4975004.985349917;0.1922738199393063;0.1922738199393063;111.6484571461396;-6290.314522572567;;0.0;0.0;FR0129101939;Bond;4968714.670827344;0.0025;0.19180519603275817;0.0;0.1922738199393063;0.0;0.0
300191;FR0129102523;4996415.39678258;0.0243630466230018;0.0243630466230018;12.159214475994988;-821.3285583752186;;0.0;0.0;FR0129102523;Bond;4995594.068224205;0.0025;0.024303690828494286;0.0;0.0243630466230018;0.0;0.0
300191;FR0129104735;25030432.145712327;0.0368904955677306;0.9394606219310216;-2062.01433705644;-97218.37518975149;;0.0;0.0;FR0129104735;Bond;24933213.770522576;0.0025;0.03895340516736111;0.0;0.9394606219310216;0.0;0.0
300191;FR0129105732;5494611.699555;0.0379209669071102;0.0379209669071102;21.10762564733167;-1264.513377431836;;0.0;0.0;FR0129105732;Bond;5493347.1861775685;0.0025;0.03782852406608882;0.0;0.0379209669071102;0.0;0.0
300191;FR0129106086;7490861.58675;0.0460186284786438;0.0460186284786439;35.17965918575732;-2267.78138448185;;0.0;0.0;FR0129106086;Bond;7488593.805365518;0.0025;0.045906514176349764;0.0;0.0460186284786439;0.0;0.0
300191;FR0129106409;13977918.68592;0.0595528407613482;0.0595528407613482;86.0772053634643;-5476.280471470027;;0.0;0.0;FR0129106409;Bond;13972442.40544853;0.0025;0.0594077549992355;0.0;0.0595528407613482;0.0;0.0
300191;FR0129107423;15844247.928628506;0.3903364510502956;0.3903364510502956;844.9244859284634;-37505.28824749324;;0.0;0.0;FR0129107423;Bond;15806742.640381012;0.0025;0.3893841851320646;0.0;0.3903364510502956;0.0;0.0
300191;FR0129108546;15001099.209232192;0.0380877108158283;0.9745379973434584;-1331.245380598034;-60446.4170117963;;0.0;0.0;FR0129108546;Bond;14940652.792220397;0.0025;0.04030991722222547;0.0;0.9745379973434584;0.0;0.0
300191;FR0129108900;8925597.123568153;0.3223575787102802;0.3223575787102802;373.33749092139055;-17459.93519514428;;0.0;0.0;FR0129108900;Bond;8908137.188373009;0.0025;0.32157167141346293;0.0;0.3223575787102802;0.0;0.0
300191;FR0129108918;15899725.729759453;0.2382377390514954;0.2382377390514954;459.41595416795303;-23000.15119263834;;0.0;0.0;FR0129108918;Bond;15876725.578566814;0.0025;0.23765726751249847;0.0;0.2382377390514954;0.0;0.0
300191;FR0129109825;4000996.567415876;0.0385933260003635;0.991460683324532;-367.1664927651364;-16390.015681795045;;0.0;0.0;FR0129109825;Bond;3984606.551734081;0.0025;0.0408912686062015;0.0;0.991460683324532;0.0;0.0
300191;FR0129110146;29575294.55932972;0.5776482352650721;0.5776482352650721;2654.7950973295347;-104040.2142854229;;0.0;0.0;FR0129110146;Bond;29471254.345044296;0.0025;0.5762383303635801;0.0;0.5776482352650721;0.0;0.0
300191;IRSB100008195;-44215.006774395704;0.1232940972538348;0.0;-29.432939935706216;5857.317477331978;SOCIETE GENERALE;0.0;0.0;;Swap;-38357.68929706373;0.0025;0.10669016064642493;0.0;0.0;0.0;0.0
300191;IRSB100008252;-28795.20504404418;0.1452121692723581;0.0;-23.51045688820929;3989.95487782542;NOMURA FINANCIAL PRODUCTS EUROPE GMBH;0.0;0.0;;Swap;-24805.25016621876;0.0025;0.12485310460357124;0.0;0.0;0.0;0.0
300191;IRSB100008289;-30505.05206449516;0.1589117882330932;0.0;-24.5408141816904;3807.5217716484326;NOMURA FINANCIAL PRODUCTS EUROPE GMBH;0.0;0.0;;Swap;-26697.530292846728;0.0025;0.13886283055972878;0.0;0.0;0.0;0.0
300191;IRSB100008398;-56110.78344389796;0.2054879875144754;0.0;-61.753485215860835;7443.841616276997;SOCIETE GENERALE;0.0;0.0;;Swap;-48666.94182762096;0.0025;0.17807946106878028;0.0;0.0;0.0;0.0
300191;IRSB100008403;-26794.40290587675;0.2054879877340395;0.0;-32.93519041525396;3970.0036449477248;BNP PARIBAS;0.0;0.0;;Swap;-22824.39926092902;0.0025;0.1748640078628139;0.0;0.0;0.0;0.0
300191;IRSB100008630;-11902.813443764113;0.4109737900094113;0.0;-124.02941839009523;7512.27557046702;SOCIETE GENERALE;0.0;0.0;;Swap;-4390.537873297093;0.0025;0.15089162308414555;0.0;0.0;0.0;0.0
300191;IRSB100008770;-8755.120324194431;0.4548101304107009;0.0;-506.27806710442206;27724.606661776204;NATIXIS;0.0;0.0;;Swap;18969.486337581773;0.0025;-0.9903355292894258;0.0;0.0;0.0;0.0
300191;IRSB100008780;-17651.114732582122;0.46850961364054233;0.0;-537.1860097256282;28557.245016563866;NATIXIS;0.0;0.0;;Swap;10906.130283981744;0.0025;-0.2917802797588439;0.0;0.0;0.0;0.0
300191;IRSB100008821;-478.79443148709834;0.063018092688234;0.0;-1.707579498588942;644.9189676167787;BNP PARIBAS;0.0;0.0;;Swap;166.12453612968034;0.0025;-0.026132346604190823;0.0;0.0;0.0;0.0
300191;IRSB100008858;-7353.528353191912;0.5315244901678752;0.0;-691.2029990045411;32406.063478574277;NATIXIS;0.0;0.0;;Swap;25052.535125382365;0.0025;-1.817671756840861;0.0;0.0;0.0;0.0
300191;IRSB100009066;1310.298270598054;0.12329409919750939;0.0;-44.225275573993656;8804.201219977904;CREDIT AGRICOLE CORPORATE AND INVESTMENT BANK;0.0;0.0;;Swap;10114.499490575958;0.0025;0.9671337883698228;0.0;0.0;0.0;0.0
300191;IRSB100009071;2502.6375553533435;0.27398381008080075;0.0;-220.62604953665684;19992.414518894024;CREDIT AGRICOLE CORPORATE AND INVESTMENT BANK;0.0;0.0;;Swap;22495.052074247367;0.0025;2.478106772733712;0.0;0.0;0.0;0.0
300191;IRSB100009075;-511.53676760941744;0.0246582281825937;0.0;-1.2539434980120372;1197.4271148805524;CREDIT AGRICOLE CORPORATE AND INVESTMENT BANK;0.0;0.0;;Swap;685.8903472711349;0.0025;-0.036623407592734344;0.0;0.0;0.0;0.0
300191;IRSB100009088;609.5959775932133;0.2767235236821273;0.0;-74.9988553369073;6729.747613832582;CREDIT AGRICOLE CORPORATE AND INVESTMENT BANK;0.0;0.0;;Swap;7339.343591425795;0.0025;3.3526757170355657;0.0;0.0;0.0;0.0
300191;IRSB100009103;1018.7283156588674;0.2794629084517085;0.0;-191.20764849651212;16993.310743572627;BNP PARIBAS;0.0;0.0;;Swap;18012.039059231494;0.0025;4.971970267290645;0.0;0.0;0.0;0.0
300191;IRSB100009104;-395.3750185184181;0.030137338041310698;0.0;-1.2100492809946677;985.2483525928783;CREDIT AGRICOLE CORPORATE AND INVESTMENT BANK;0.0;0.0;;Swap;589.8733340744602;0.0025;-0.04637314656336496;0.0;0.0;0.0;0.0
300191;IRSB100009109;-260.6820625923574;0.030137338011700397;0.0;-0.9378959770211471;764.766892890906;CREDIT AGRICOLE CORPORATE AND INVESTMENT BANK;0.0;0.0;;Swap;504.0848302985486;0.0025;-0.05980673898076675;0.0;0.0;0.0;0.0
300191;IRSB100009143;-611.6845158431679;0.0684971694984354;0.0;-5.815600372627616;2043.9833105113755;BNP PARIBAS;0.0;0.0;;Swap;1432.2987946682076;0.0025;-0.16917900294251506;0.0;0.0;0.0;0.0
300191;IRSB100009162;-308.06369542796165;0.1561720691503869;0.0;-11.883696783954804;1875.1377108514014;BNP PARIBAS;0.0;0.0;;Swap;1567.0740154234397;0.0025;-0.8081532961663596;0.0;0.0;0.0;0.0
300191;IRSB100009163;-9106.865653254092;0.7342692201185446;0.0;-1053.5075265423618;35788.05118392282;CREDIT AGRICOLE CORPORATE AND INVESTMENT BANK;0.0;0.0;;Swap;26681.18553066873;0.0025;-2.1564523760976773;0.0;0.0;0.0;0.0
300191;IRSB100009168;-7653.298513062298;0.8301641684610078;0.0;-672.3966515736254;20205.367773746562;CREDIT AGRICOLE CORPORATE AND INVESTMENT BANK;0.0;0.0;;Swap;12552.069260684264;0.0025;-1.3645405268553281;0.0;0.0;0.0;0.0
300191;IRSB100009187;-614.7466784808785;0.08219661441799059;0.0;-6.496848281416433;1913.163709329622;JP MORGAN SE;0.0;0.0;;Swap;1298.4170308487435;0.0025;-0.1819948472256392;0.0;0.0;0.0;0.0
300191;IRSB100009195;-2793.342286262661;0.0849359741572084;0.0;-20.768193410836407;5944.448508246639;SOCIETE GENERALE;0.0;0.0;;Swap;3151.106221983978;0.0025;-0.10091824752552987;0.0;0.0;0.0;0.0
300191;IRSB100009204;-24090.324594262987;0.6657745041875486;0.0;-1300.4885691310221;48710.79433617439;NATIXIS;0.0;0.0;;Swap;24620.4697419114;0.0025;-0.6827137101373132;0.0;0.0;0.0;0.0
300191;IRSB100009211;-4595.687259083614;0.3369987709580832;0.0;-166.99130056514787;12322.912665472693;CREDIT AGRICOLE CORPORATE AND INVESTMENT BANK;0.0;0.0;;Swap;7727.22540638908;0.0025;-0.5711304095863805;0.0;0.0;0.0;0.0
300191;IRSB100009221;-2752.431399434805;0.3479585345014645;0.0;-237.38260646889827;16964.952345646187;NATIXIS;0.0;0.0;;Swap;14212.520946211382;0.0025;-1.807856151883244;0.0;0.0;0.0;0.0
300191;IRSB100009226;-3795.2180655673146;0.7561890685154616;0.0;-1954.9128155211258;64480.4727049881;CREDIT AGRICOLE CORPORATE AND INVESTMENT BANK;0.0;0.0;;Swap;60685.25463942078;0.0025;-12.119854961550251;0.0;0.0;0.0;0.0
300191;IRSB100009231;9436.909341778606;0.7534496716011811;0.0;-1386.5059579560366;45895.49731354598;NATIXIS;0.0;0.0;;Swap;55332.40665532459;0.0025;4.4279622377327055;0.0;0.0;0.0;0.0
300191;IRSB100009239;3243.813670195639;0.2822026216880778;0.0;-234.03759285817733;20599.731285463276;NATIXIS;0.0;0.0;;Swap;23843.544955658916;0.0025;2.0861242540846456;0.0;0.0;0.0;0.0
300191;IRSB100009245;4518.57181706652;0.6054990329445563;0.0;-717.8382463899064;29555.754658043843;CREDIT AGRICOLE CORPORATE AND INVESTMENT BANK;0.0;0.0;;Swap;34074.32647511036;0.0025;4.578014793678665;0.0;0.0;0.0;0.0
300191;IRSB100009252;3262.206198439002;0.6986524583354128;0.0;-1192.9674610524266;42584.12014568097;SOCIETE GENERALE;0.0;0.0;;Swap;45846.326344119974;0.0025;9.842209163037426;0.0;0.0;0.0;0.0
300191;IRSB100009258;7784.60816558823;0.8685212726297751;0.0;-2206.4994137570807;63383.21596669982;CREDIT AGRICOLE CORPORATE AND INVESTMENT BANK;0.0;0.0;;Swap;71167.82413228805;0.0025;7.95650368142735;0.0;0.0;0.0;0.0
300191;IRSB100009288;-17.872321367263794;0.1205543801691886;0.0;-5.642350797134211;1146.834780271934;CREDIT AGRICOLE CORPORATE AND INVESTMENT BANK;0.0;0.0;;Swap;1128.9624589046703;0.0025;-7.77199173443849;0.0;0.0;0.0;0.0
300191;IRSB100009319;-384.8088150918484;0.6274173984747976;0.0;-577.7870545852388;22961.15815274558;CREDIT AGRICOLE CORPORATE AND INVESTMENT BANK;0.0;0.0;;Swap;22576.34933765373;0.0025;-36.90887879763677;0.0;0.0;0.0;0.0
300191;IRSB100009346;-11320.349715460092;0.8959186788770578;0.0;-1955.4953601179416;54460.63553958188;CREDIT AGRICOLE CORPORATE AND INVESTMENT BANK;0.0;0.0;;Swap;43140.28582412179;0.0025;-3.4206147287038737;0.0;0.0;0.0;0.0
300191;IRSB100009375;-419.7395864780992;0.4082340765343244;0.0;-163.45089568395585;9966.206343833495;NATIXIS;0.0;0.0;;Swap;9546.466757355396;0.0025;-9.32660543924213;0.0;0.0;0.0;0.0
300191;IRSB100009384;-1282.471277628094;0.4082340765798687;0.0;-326.9327163468996;19934.34614307923;NATIXIS;0.0;0.0;;Swap;18651.874865451136;0.0025;-5.964449448905775;0.0;0.0;0.0;0.0
300191;IRSB100009392;286.355176711455;0.663034805250528;0.0;-430.0489386589773;16174.109561098947;NATIXIS;0.0;0.0;;Swap;16460.464737810402;0.0025;38.209197948287496;0.0;0.0;0.0;0.0
300191;IRSB100009413;731.8993145879358;0.6054990372605086;0.0;-538.4754282834061;22170.841056566027;NATIXIS;0.0;0.0;;Swap;22902.740371153963;0.0025;18.999499793502654;0.0;0.0;0.0;0.0
300191;IRSB100009427;998.0472989194095;0.5205659113200413;0.0;-332.0285517517431;15890.550964813;NATIXIS;0.0;0.0;;Swap;16888.59826373241;0.0025;8.838197702970561;0.0;0.0;0.0;0.0
300191;IRSB100009437;-20067.156623482704;0.945235455358265;0.0;-1739.547136862833;45923.801796236556;NOMURA FINANCIAL PRODUCTS EUROPE GMBH;0.0;0.0;;Swap;25856.64517275385;0.0025;-1.219687843309131;0.0;0.0;0.0;0.0
300191;IRSB100009458;-311.59278508648276;0.3287799582053212;0.0;-95.41699627012335;7214.039046493425;BNP PARIBAS;0.0;0.0;;Swap;6902.4462614069425;0.0025;-7.3265343362304085;0.0;0.0;0.0;0.0
300191;IRSB100009466;107.25898689683527;0.5041270312607116;0.0;-99.67568785423597;4925.693222786321;NATIXIS;0.0;0.0;;Swap;5032.952209683156;0.0025;23.737241724388653;0.0;0.0;0.0;0.0
300191;IRSB100009470;2666.694979360223;-3331.6647960251626;0.0;-679.6517659426593;28763.291585646915;BNP PARIBAS;0.0;0.0;;Swap;31429.986565007137;0.0025;24424.68265431437;0.0;0.0;0.0;0.0
300191;SECL100006670;0.0;0.0;0.0;0.0;0.0;;0.0;0.0;SECL100006670;Bond;0.0;0.002;;0.0;;;
300191;SECL100006672;99993295.81591472;0.0027108205149913;0.0027108205149913;26.52653452442923;-2191.6338808967616;;0.0;0.0;SECL100006672;Bond;99991104.18203382;0.002;0.002705529549480755;0.0;0.0027108205149913;0.0;0.0
300191;XS2812505829;25842325.27848287;0.0058514742015777;0.067759733642437;-9.016565272190746;-7458.128366582128;;0.0;0.0;XS2812505829;Bond;25834867.150116287;0.0025;0.005860282473134753;0.0;0.067759733642437;0.0;0.0
300191;XS2823899161;19941415.813199934;0.1193236386858184;0.1193236386858184;260.69797431912724;-15625.328555000502;;0.0;0.0;XS2823899161;Bond;19925790.484644935;0.0025;0.11903240419182869;0.0;0.1193236386858184;0.0;0.0
300191;XS2840087667;20571740.574013226;0.0109334303100098;0.1816402051806287;-59.053029133338;-15667.029295106806;;0.0;0.0;XS2840087667;Bond;20556073.54471812;0.0025;0.011005493905330878;0.0;0.1816402051806287;0.0;0.0
300191;XS2841263358;25710917.710169416;0.0108006201723559;0.1898773381976503;-81.23302031037838;-20417.67836404529;;0.0;0.0;XS2841263358;Bond;25690500.03180537;0.0025;0.01087989869891052;0.0;0.1898773381976503;0.0;0.0
300191;XS2843279691;10281353.379870804;0.011511337339768;0.1953214373681039;-34.25331129847109;-8408.290655752484;;0.0;0.0;XS2843279691;Bond;10272945.089215051;0.0025;0.011594958506052763;0.0;0.1953214373681039;0.0;0.0
300191;XS2845159602;14930051.584499007;0.200934163426183;0.200934163426183;353.5305048705456;-19674.94469080554;;0.0;0.0;XS2845159602;Bond;14910376.639808202;0.0025;0.20044312173476728;0.0;0.200934163426183;0.0;0.0
300191;XS2865535673;25616331.08504636;0.015492969711171;0.2904162717890118;-192.97186071298717;-31029.96261608425;;0.0;0.0;XS2865535673;Bond;25585301.122430272;0.0025;0.015681898732926268;0.0;0.2904162717890118;0.0;0.0
300191;XS2895045164;20402546.53183444;0.0199375792002893;0.4073328412722975;-306.86795327028454;-34555.37612348541;;0.0;0.0;XS2895045164;Bond;20367991.155710954;0.0025;0.020314589698008246;0.0;0.4073328412722975;0.0;0.0
300191;XS2903381072;24744358.575669102;0.4481694264925589;0.4481694264925589;1581.3791664856114;-72707.73855453456;;0.0;0.0;XS2903381072;Bond;24671650.83711457;0.0025;0.44707384920851523;0.0;0.4481694264925589;0.0;0.0
300191;XS2906220855;24719620.04394916;0.4610772828642334;0.4610772828642333;1638.385815889283;-74836.10999606526;;0.0;0.0;XS2906220855;Bond;24644783.933953095;0.0025;0.4599517944638754;0.0;0.4610772828642333;0.0;0.0
300191;XS2908892438;12723313.312430937;0.0269616756746832;0.5596647485810053;-362.94145466797545;-29580.92015031366;;0.0;0.0;XS2908892438;Bond;12693732.392280623;0.0025;0.02767663557552667;0.0;0.5596647485810053;0.0;0.0
300191;XS2914666057;20330684.097803988;0.0232592719727158;0.5025370646165653;-469.13744000676166;-42400.56551643891;;0.0;0.0;XS2914666057;Bond;20288283.53228755;0.0025;0.023837507947231527;0.0;0.5025370646165653;0.0;0.0
300191;XS2920487852;24700378.2293344;0.5241884182036611;0.5241884182036611;1944.67161813624;-84894.86161287672;;0.0;0.0;XS2920487852;Bond;24615483.367721524;0.0025;0.5229070909764739;0.0;0.5241884182036611;0.0;0.0
300191;XS2924143154;20293346.22503045;0.0245799087485108;0.5400722546882872;-543.2399419191825;-45503.19572925006;;0.0;0.0;XS2924143154;Bond;20247843.0293012;0.0025;0.02525065324139145;0.0;0.5400722546882872;0.0;0.0
300191;XS2932960730;15207482.64631158;0.0258348503985673;0.5786546615634363;-467.5533293863055;-36480.22188449846;;0.0;0.0;XS2932960730;Bond;15171002.42442708;0.0025;0.02660514280615702;0.0;0.5786546615634363;0.0;0.0
300191;XS2942506978;15185866.236841572;0.0270337928114285;0.6166800882537427;-531.5432094477046;-38803.77148747663;;0.0;0.0;XS2942506978;Bond;15147062.465354096;0.0025;0.027910682255300173;0.0;0.6166800882537427;0.0;0.0
300191;XS2974163672;29810102.88359304;0.2687227307479374;0.2687227307479374;998.0441806320376;-52555.61974134827;;0.0;0.0;XS2974163672;Bond;29757547.263851695;0.0025;0.2680662588893034;0.0;0.2687227307479374;0.0;0.0
300191;XS2976487483;24985596.5301864;0.0216533260784736;0.0216533260784736;53.8885602817091;-3559.5918344375145;;0.0;0.0;XS2976487483;Bond;24982036.938351963;0.0025;0.02160057861932963;0.0;0.0216533260784736;0.0;0.0
300191;XS2976509716;9934495.223898046;0.2712828871812506;0.2712828871812506;336.31670781587366;-16330.677080380345;;0.0;0.0;XS2976509716;Bond;9918164.546817666;0.0025;0.27062053752103155;0.0;0.2712828871812506;0.0;0.0
300191;XS2977963219;37252086.67611726;0.274000379286118;0.274000379286118;1276.5343365677743;-61848.66993349879;;0.0;0.0;XS2977963219;Bond;37190238.00618376;0.0025;0.2733313833416595;0.0;0.274000379286118;0.0;0.0
300191;XS2985295562;12979533.048039995;0.0595556281999167;0.0595556281999167;79.93655515292451;-5085.132125670465;;0.0;0.0;XS2985295562;Bond;12974447.915914325;0.0025;0.059410528835524404;0.0;0.0595556281999167;0.0;0.0
300191;XS2989343293;19665989.55519269;0.7250148971193632;0.7250148971193632;2427.5374818845416;-93507.73937818335;;0.0;0.0;XS2989343293;Bond;19572481.815814506;0.0025;0.7232430546430597;0.0;0.7250148971193632;0.0;0.0
300191;XS2993382667;29537717.32182007;0.6568708448761305;0.6568708448761305;3170.4290191282057;-127295.42286910408;;0.0;0.0;XS2993382667;Bond;29410421.898950964;0.0025;0.6552661697256427;0.0;0.6568708448761305;0.0;0.0
300191;XS2994493786;14877923.02079394;0.3308148632583847;0.3308148632583846;643.2792631889562;-32323.816316409848;;0.0;0.0;XS2994493786;Bond;14845599.204477532;0.0025;0.330007530232604;0.0;0.3308148632583846;0.0;0.0
300191;XS2996733593;7482989.982299998;0.0866470652686798;0.0866470652686798;68.82067415947233;-4264.279222790136;;0.0;0.0;XS2996733593;Bond;7478725.703077208;0.0025;0.08643591083875313;0.0;0.0866470652686798;0.0;0.0
300191;XS2996858960;19831140.792991128;0.3416230722563081;0.3416230722563081;892.7046657423617;-112956.00468117418;;0.0;0.0;XS2996858960;Bond;19718184.788309954;0.0025;0.34078945567396773;0.0;0.3416230722563081;0.0;0.0
300191;XS2997427682;34387770.32494948;0.7464440937159119;0.7464440937159119;4424.2496383702955;-168405.86152286903;;0.0;0.0;XS2997427682;Bond;34219364.46342661;0.0025;0.7446205994869549;0.0;0.7464440937159119;0.0;0.0
300191;XS2998732262;24564296.402262516;0.7437308274170906;0.7437308274170906;3143.94249488443;-119860.30655460147;;0.0;0.0;XS2998732262;Bond;24444436.095707916;0.0025;0.7419139588193051;0.0;0.7437308274170906;0.0;0.0
300191;XS2999542348;29793045.777295485;0.2764948341120557;0.2764948341120557;1031.6461684910494;-54117.23109684084;;0.0;0.0;XS2999542348;Bond;29738928.546198644;0.0025;0.27582028060458236;0.0;0.2764948341120557;0.0;0.0
300191;XS2999676203;19723973.94216927;0.5973705171141447;0.5973705171141447;1855.6125746327496;-77274.74722548512;;0.0;0.0;XS2999676203;Bond;19646699.194943786;0.0025;0.595910669898757;0.0;0.5973705171141447;0.0;0.0
300191;XS3002279886;24596871.171229485;0.68948483102397;0.68948483102397;2826.5973726127527;-111258.72411972574;;0.0;0.0;XS3002279886;Bond;24485612.44710976;0.0025;0.6878003806471154;0.0;0.68948483102397;0.0;0.0
300191;XS3002353103;14955820.734749977;0.1137540113557975;0.1137540113557975;185.2338782359753;-11186.13441256642;;0.0;0.0;XS3002353103;Bond;14944634.60033741;0.0025;0.1134767261997571;0.0;0.1137540113557975;0.0;0.0
300191;XS3003206359;29416544.81524111;0.858355755304205;0.858355755304205;4636.45368727352;-165538.5837000144;;0.0;0.0;XS3003206359;Bond;29251006.231541093;0.0025;0.8562573465762408;0.0;0.858355755304205;0.0;0.0
300191;XS3005193340;3987950.0844399934;0.1164652034671728;0.1164652034671728;50.69658470801648;-2818.879785713749;;0.0;0.0;XS3005193340;Bond;3985131.2046542796;0.0025;0.11618130277270461;0.0;0.1164652034671728;0.0;0.0
300191;XS3006178597;14781468.442176357;0.6188261307204694;0.6188261307204694;1459.8134200819975;-60016.81159261745;;0.0;0.0;XS3006178597;Bond;14721451.630583739;0.0025;0.6173145026179022;0.0;0.6188261307204694;0.0;0.0
300191;XS3010368689;9985063.3805;0.0596344655949803;0.0596344655949803;61.65752353126493;-3911.956338113699;;0.0;0.0;XS3010368689;Bond;9981151.424161887;0.0025;0.059488981876713774;0.0;0.0596344655949803;0.0;0.0
300191;XS3015128211;9901909.579989567;0.4013708844786844;0.4013708844786843;547.5359943189577;-24090.125224741743;;0.0;0.0;XS3015128211;Bond;9877819.454764826;0.0025;0.4003912309404387;0.0;0.4013708844786843;0.0;0.0
300191;XS3020856848;12347174.798823776;0.5128416308962171;0.5128416308962171;943.2888081588528;-41557.54586398631;;0.0;0.0;XS3020856848;Bond;12305617.25295979;0.0025;0.5115892188101011;0.0;0.5128416308962171;0.0;0.0
300191;XS3020942176;14789258.4051032;0.5971245848324906;0.5971245848324905;1390.2138606453282;-57941.47813506186;;0.0;0.0;XS3020942176;Bond;14731316.926968137;0.0025;0.5956659394129563;0.0;0.5971245848324905;0.0;0.0
300191;XS3033735351;24961254.586;0.0595796095949309;0.0595796095949309;153.85170915038407;-9027.083850279452;;0.0;0.0;XS3033735351;Bond;24952227.50214972;0.0025;0.05943439339843774;0.0;0.0595796095949309;0.0;0.0
300191;XS3038488436;9774966.6904;0.9719425409912724;0.9719425409912724;1851.98679725218;-62318.76024263234;;0.0;0.0;XS3038488436;Bond;9712647.930157369;0.0025;0.9695676664849008;0.0;0.9719425409912724;0.0;0.0
300191;XS3041239669;12480474.99025;0.0595677134003724;0.0595677134003724;76.89422709677808;-4513.486845789042;;0.0;0.0;XS3041239669;Bond;12475961.503404211;0.0025;0.05942255513388559;0.0;0.0595677134003724;0.0;0.0
300191;XS3041246524;9989344.699;0.0406140917215728;0.0406140917215728;41.19365959454006;-2463.1260901643836;;0.0;0.0;XS3041246524;Bond;9986881.572909834;0.0025;0.04051512148394358;0.0;0.0406140917215728;0.0;0.0
300191;XS3041382113;9969173.101399982;0.1191734408995059;0.1191734408995059;130.00103216141883;-7210.579996629029;;0.0;0.0;XS3041382113;Bond;9961962.521403354;0.0025;0.11888293911144057;0.0;0.1191734408995059;0.0;0.0
300193;BE0002819002;5779212.328767133;1.6321353221608714;1.6321353221608716;2458.600789623237;-116602.90496233951;;0.0;0.0;BE0002819002;Bond;5662609.4238047935;0.0025;1.6281594506143435;0.0;1.6321353221608716;0.0;0.0
300193;BE0002900810;3636823.6301369863;1.5630980305799924;1.5630980305799924;1454.7998261615903;-38013.514828371684;;0.0;0.0;BE0002900810;Bond;3598810.1153086144;0.0025;1.5592057354522106;0.0;1.5630980305799924;0.0;0.0
300193;BE0002990712;6466726.02775588;4.248782157774905;4.248782157774905;15476.410687205813;-342480.6292807454;;0.0;0.0;BE0002990712;Bond;6124245.398475135;0.0025;4.23408159694104;0.0;4.248782157774905;0.0;0.0
300193;BE0390128917;1567534.1095890412;7.202555978548033;7.202555978548034;10277.83759102274;-69400.8457862433;;0.0;0.0;BE0390128917;Bond;1498133.263802798;0.0025;7.168330722309767;0.0;7.202555978548034;0.0;0.0
300193;BE6312821612;3064214.164383562;2.1610177743253547;2.1610177743253547;2092.4329517958167;-39745.12620585473;;0.0;0.0;BE6312821612;Bond;3024469.038177707;0.0025;2.155621238955663;0.0;2.1610177743253547;0.0;0.0
300193;BE6321529396;900048.7671246004;4.783354460472112;4.783354460472112;2518.6328606565867;-25797.28100726153;;0.0;0.0;BE6321529396;Bond;874251.4861173389;0.0025;4.770597427036696;0.0;4.783354460472112;0.0;0.0
300193;BE6328785207;7147058.219178085;2.118821711933391;2.118821711933391;4695.2820631496725;-101153.319249336;;0.0;0.0;BE6328785207;Bond;7045904.89992875;0.0025;2.1136213980151823;0.0;2.118821711933391;0.0;0.0
300193;BE6340849569;2228359.5070543787;6.5488110033495435;6.5488110033495435;11720.692622715913;-89404.97729442899;;0.0;0.0;BE6340849569;Bond;2138954.5297599495;0.0025;6.524533684245443;0.0;6.5488110033495435;0.0;0.0
300193;BE6343825251;3053557.780821919;6.58926627907491;6.589266279074908;16717.114996278448;-133923.9194721764;;0.0;0.0;BE6343825251;Bond;2919633.8613497424;0.0025;6.560946473627288;0.0;6.589266279074908;0.0;0.0
300193;BE6344187966;4882762.0000001;2.90311926556617;2.90311926556617;5703.975713094296;-94843.96461400964;;0.0;0.0;BE6344187966;Bond;4787918.03538609;0.0025;2.89498486154413;0.0;2.90311926556617;0.0;0.0
300193;BE6349118800;995172.7397260272;8.56157690758309;8.56157690758309;8982.520578515458;-52482.288669238835;;0.0;0.0;BE6349118800;Bond;942690.4510567884;0.0025;8.51917610861313;0.0;8.56157690758309;0.0;0.0
300193;BE6351290216;3224533.3698630133;8.466398842275101;8.4663988422751;19239.011385702743;-182437.2908988183;;0.0;0.0;BE6351290216;Bond;3042096.078964195;0.0025;8.496437410160457;0.0;8.4663988422751;0.0;0.0
300193;BE6352705782;4270790.273976655;5.161536405047412;5.161536405047412;14514.029030232889;-134809.97115011723;;0.0;0.0;BE6352705782;Bond;4135980.3028265378;0.0025;5.143179023672634;0.0;5.161536405047412;0.0;0.0
300193;CDSO100000062;1055264.5114779552;1.7649829791241354;-219.45146147113172;0.0;3237454.4402013193;BNP PARIBAS;0.0;0.0;;CDS Index Option;4292718.951679274;0.0025;1.7727708914156302;0.0;-219.45146147113172;0.0;0.0
300193;CDSO100000064;-553879.9933682479;1.6618254047914456;-237.0264574090632;0.0;-1835677.8475991741;;0.0;0.0;;CDS Index Option;-2389557.840967422;0.0025;1.6687295639814712;0.0;-237.0264574090632;0.0;0.0
300193;CH0576402181;5130125.000000006;2.5162290530770477;2.5162290530770477;4507.423899680256;-86438.15197326748;;0.0;0.0;CH0576402181;Bond;5043686.8480267385;0.0025;2.510092106507132;0.0;2.5162290530770477;0.0;0.0
300193;CH1142231682;3945854.7944603134;0.5786116463224997;0.5786116463224997;354.3061399727092;-15248.296404345956;;0.0;0.0;CH1142231682;Bond;3930606.4980559675;0.0025;0.5772038252560797;0.0;0.5786116463224997;0.0;0.0
300193;CH1236363391;3362301.369863249;4.245895030386537;4.245895030386536;7767.497472020944;-95976.84602932965;;0.0;0.0;CH1236363391;Bond;3266324.5238339193;0.0025;4.2332097696640005;0.0;4.245895030386536;0.0;0.0
300193;CH1305916897;3778520.547947464;5.947291841008447;5.947291841008448;16984.78323587287;-151561.37390622977;;0.0;0.0;CH1305916897;Bond;3626959.1740412344;0.0025;5.9233403359035846;0.0;5.947291841008448;0.0;0.0
300193;CSH_EUR_DB;1747593.25;0.0;0.0;0.0;0.0;;0.0;0.0;;Cash;1747593.25;0.0;0.0;0.0;0.0;0.0;0.0
300193;CSH_GBP_DB;101107.78609979631;0.0;0.0;0.0;-2527.694652494908;;0.0;1011.0778609979632;;Cash;98580.09144730141;0.0;0.0;0.0;0.0;0.0;985.8009144730141
300193;CSH_USD_DB;3984637.9929642654;0.0;0.0;0.0;-99615.94982410663;;0.0;39846.37992964265;;Cash;3885022.043140159;0.0;0.0;0.0;0.0;0.0;38850.22043140159
300193;DE000A289DC9;5154288.904109592;2.1196921661836003;2.1196921661836003;3387.920709040975;-65602.10922833563;;0.0;0.0;DE000A289DC9;Bond;5088686.794881256;0.0025;2.114492371309878;0.0;2.1196921661836003;0.0;0.0
300193;DE000A289FK7;1723184.9315068494;5.195712544331646;5.195712544331646;5843.602854868028;-113691.8286125685;;0.0;0.0;DE000A289FK7;Bond;1609493.1028942808;0.0025;5.178422014266665;0.0;5.195712544331646;0.0;0.0
300193;DE000A2LQJ75;863283.6986301407;2.876536055047457;2.876536055047457;961.0334165839032;-16175.607950420064;;0.0;0.0;DE000A2LQJ75;Bond;847108.0906797206;0.0025;2.8693914512037235;0.0;2.876536055047457;0.0;0.0
300193;DE000A2YPFA1;2629329.652055655;4.1939468053560285;4.1939468053560285;5783.789680758838;-137363.0552060187;;0.0;0.0;DE000A2YPFA1;Bond;2491966.5968496366;0.0025;4.182926773609946;0.0;4.1939468053560285;0.0;0.0
300193;DE000A30VPM1;2295790.109620992;6.16452627888804;6.164526278888041;9478.450779031238;-86787.74283107524;;0.0;0.0;DE000A30VPM1;Bond;2209002.366789917;0.0025;6.156314176155423;0.0;6.164526278888041;0.0;0.0
300193;DE000A30VQB2;1630851.3698634163;4.683446442137087;4.683446442137087;4588.128872452345;-50912.774072594766;;0.0;0.0;DE000A30VQB2;Bond;1579938.5957908216;0.0025;4.667949779850198;0.0;4.683446442137087;0.0;0.0
300193;DE000A3514F3;2400297.95890411;7.457250106444648;7.457250106444647;16739.74958956917;-109948.88838559986;;0.0;0.0;DE000A3514F3;Bond;2290349.07051851;0.0025;7.42192580832731;0.0;7.457250106444647;0.0;0.0
300193;DE000A383BQ4;2855777.7806794685;12.47646388826583;12.47646388826583;59993.57215624813;-213642.1555079496;;0.0;0.0;DE000A383BQ4;Bond;2642135.625171519;0.0025;12.340424583971892;0.0;12.47646388826583;0.0;0.0
300193;DE000A3E5MG8;2755373.821917808;2.137836651232052;2.1378366512320524;1836.936394009274;-38269.54996758788;;0.0;0.0;DE000A3E5MG8;Bond;2717104.27195022;0.0025;2.1325956623180846;0.0;2.1378366512320524;0.0;0.0
300193;DE000A3LSYH6;2593300.5479749367;5.946855500500267;5.946855500500267;11240.413577824438;-95669.95848608323;;0.0;0.0;DE000A3LSYH6;Bond;2497630.5894888532;0.0025;5.9269081137361646;0.0;5.946855500500267;0.0;0.0
300193;DE000A3LXSR7;1892526.1643838764;6.995560630232136;6.995560630232136;11895.814357437792;-88593.57064201451;;0.0;0.0;DE000A3LXSR7;Bond;1803932.5937418619;0.0025;6.960763295001665;0.0;6.995560630232136;0.0;0.0
300193;DE000A3MQNP4;4568608.454849331;3.622747101043603;3.622747101043604;7650.672194235073;-107499.59348523556;;0.0;0.0;DE000A3MQNP4;Bond;4461108.8613640955;0.0025;3.6136924020655092;0.0;3.622747101043604;0.0;0.0
300193;DE000A3MQNQ2;4017900.0000115456;7.872716803369471;7.872716803369471;29080.82466693824;-208592.74772842455;;0.0;0.0;DE000A3MQNQ2;Bond;3809307.252283121;0.0025;7.846720554636476;0.0;7.872716803369471;0.0;0.0
300193;DE000A3MQS72;1279572.5753451055;6.222565924954331;6.222565924954331;2339.259735104407;-52238.72298903273;;0.0;0.0;DE000A3MQS72;Bond;1227333.8523560727;0.0025;6.273662813271402;0.0;6.222565924954331;0.0;0.0
300193;DE000CZ40LW5;3080205.006849315;1.901152509203408;1.901152509203408;1692.2021067733465;-72411.72560804314;;0.0;0.0;DE000CZ40LW5;Bond;3007793.2812412716;0.0025;1.896453968827673;0.0;1.901152509203408;0.0;0.0
300193;DE000CZ439B6;3182589.041095901;2.755198333168289;2.755198333168289;3331.684541585833;-58915.0165965017;;0.0;0.0;DE000CZ439B6;Bond;3123674.024499399;0.0025;2.748004946901382;0.0;2.755198333168289;0.0;0.0
300193;DE000CZ439T8;947520.0000000743;4.23447957345397;4.234479573453972;2181.643206104065;-27018.160880691612;;0.0;0.0;DE000CZ439T8;Bond;920501.8391193827;0.0025;4.2217446863467325;0.0;4.234479573453972;0.0;0.0
300193;DE000CZ43ZB3;5699469.178082193;1.8770329562760653;1.8770329562760653;3071.4075360816028;-71573.0568704669;;0.0;0.0;DE000CZ43ZB3;Bond;5627896.121211726;0.0025;1.8723687477549111;0.0;1.8770329562760653;0.0;0.0
300193;DE000CZ45Y30;2974438.3562771617;7.672355638296569;7.672355638296569;21809.970550395843;-154118.06400387274;;0.0;0.0;DE000CZ45Y30;Bond;2820320.292273289;0.0025;7.636206570441038;0.0;7.672355638296569;0.0;0.0
300193;DE000DL19VP0;7002613.01367576;0.41431844385488;0.41431844385488;401.4595300620388;-19453.834509225264;;0.0;0.0;DE000DL19VP0;Bond;6983159.179166534;0.0025;0.4133143442654249;0.0;0.41431844385488;0.0;0.0
300193;DE000DL19VT2;5892678.082191781;0.8597750935918673;0.8597750935918673;927.8298795336576;-33895.00721523739;;0.0;0.0;DE000DL19VT2;Bond;5858783.074976544;0.0025;0.8576867590363191;0.0;0.8597750935918673;0.0;0.0
300193;DK0030485271;3988927.068217869;1.0979201725638703;1.0979201725638703;907.7882627982002;-28453.304292770226;;0.0;0.0;DK0030485271;Bond;3960473.763925099;0.0025;1.0952443180273639;0.0;1.0979201725638703;0.0;0.0
300193;DK0030487996;3522230.1369863017;1.2785633439710546;1.2785633439710546;1015.8405356897046;-55672.81177781706;;0.0;0.0;DK0030487996;Bond;3466557.3252084847;0.0025;1.275439946112033;0.0;1.2785633439710546;0.0;0.0
300193;ES0213679JR9;4181874.085972616;2.43008547055148;2.430085470551479;3470.5214000398714;-67915.12061967711;;0.0;0.0;ES0213679JR9;Bond;4113958.965352939;0.0025;2.4241013541133882;0.0;2.430085470551479;0.0;0.0
300193;ES0213679OO6;2492152.3972606487;3.5848907095256486;3.5848907095256486;4309.475501141985;-59954.69156937416;;0.0;0.0;ES0213679OO6;Bond;2432197.7056912747;0.0025;3.57378885583062;0.0;3.5848907095256486;0.0;0.0
300193;ES0213679OP3;5445393.8356203865;4.65666319373255;4.656663193732551;15245.365093155571;-170622.83023675892;;0.0;0.0;ES0213679OP3;Bond;5274771.0053836275;0.0025;4.640882451580496;0.0;4.656663193732551;0.0;0.0
300193;ES0224244105;1975852.054795384;4.45286692836363;4.452866928363629;5017.915898390042;-109681.12731950279;;0.0;0.0;ES0224244105;Bond;1866170.927475881;0.0025;4.4389464563981536;0.0;4.452866928363629;0.0;0.0
300193;FR0010582452;31020670.5001;0.033149011256547;0.296124348818344;389.2480702319775;-35166.57008207879;;0.0;1.44044188566569e-07;FR0010582452;Fund Unit;30985503.930017922;0.0025;0.03283805783735681;0.0;0.296124348818344;0.0;1.4388089293270686e-07
300193;FR0013259140;54418128.889600016;3.2823062217222474;4.689988881160368;83973.48475754795;-4127558.7468298934;;21.031455539749327;-1095.7435880853463;FR0013259140;Fund Unit;50290570.14277013;0.0025;3.270662157340915;0.0;4.689988881160368;19.43624140719861;-1012.6325711582504
300193;FR0013295722;524790.0000002865;7.111944163403786;7.111944163403785;2456.7427709203293;-22489.158983034;;0.0;0.0;FR0013295722;Bond;502300.8410172525;0.0025;7.121358973040148;0.0;7.111944163403785;0.0;0.0
300193;FR0013310224;1130157.2054818452;4.517023716683172;4.517023716683172;2845.6600688201606;-30600.369720998737;;0.0;0.0;FR0013310224;Bond;1099556.8357608465;0.0025;4.5050841510215065;0.0;4.517023716683172;0.0;0.0
300193;FR0013327988;494013.4931506912;2.8448254266376414;2.844825426637641;547.5311506536234;-8430.099539494418;;0.0;0.0;FR0013327988;Bond;485583.3936111968;0.0025;2.8373496964058385;0.0;2.844825426637641;0.0;0.0
300193;FR0013330099;2925222.328767126;2.8641457299364315;2.8641457299364315;3273.6448488905075;-50251.53823687539;;0.0;0.0;FR0013330099;Bond;2874970.7905302504;0.0025;2.856676312922573;0.0;2.8641457299364315;0.0;0.0
300193;FR0013382348;1866862.4657538224;4.524104026137016;4.524104026137016;2110.9217423661366;-50627.86863214981;;0.0;0.0;FR0013382348;Bond;1816234.5971216725;0.0025;4.547004511029818;0.0;4.524104026137016;0.0;0.0
300193;FR0013397452;1438313.2191781255;3.5890952818864075;3.5890952818864066;2384.472661720384;-30982.61241836683;;0.0;0.0;FR0013397452;Bond;1407330.6067597587;0.0025;3.579853651007021;0.0;3.5890952818864066;0.0;0.0
300193;FR0013404571;1803103.0137023493;5.50117154506815;5.50117154506815;6543.445655414754;-59444.69940597164;;0.0;0.0;FR0013404571;Bond;1743658.3142963776;0.0025;5.486103976477501;0.0;5.50117154506815;0.0;0.0
300193;FR0013413887;102152.397260274;0.0389757815552729;0.0389757815552729;0.3931253100830646;-25.188262338149755;;0.0;0.0;FR0013413887;Bond;102127.20899793584;0.0025;0.03888336883868996;0.0;0.0389757815552729;0.0;0.0
300193;FR0013415692;1412393.8356165122;3.800133852995656;3.800133852995656;2613.3902958496533;-36051.84068367759;;0.0;0.0;FR0013415692;Bond;1376341.9949328345;0.0025;3.789978223952438;0.0;3.800133852995656;0.0;0.0
300193;FR0013425162;2843285.3424664545;3.8864166532870144;3.8864166532870135;5503.928746108226;-137439.3902301052;;0.0;0.0;FR0013425162;Bond;2705845.952236349;0.0025;3.8757831451112965;0.0;3.8864166532870135;0.0;0.0
300193;FR0013431277;2785379.7260633446;5.690015371099587;5.690015371099587;10919.419943718944;-197139.03710107782;;0.0;0.0;FR0013431277;Bond;2588240.688962267;0.0025;5.6729494936158815;0.0;5.690015371099587;0.0;0.0
300193;FR0013433596;4085862.9863013695;1.2475122366386329;1.2475122366386329;1133.7846335113254;-34057.77987879063;;0.0;0.0;FR0013433596;Bond;4051805.206422579;0.0025;1.2444657126857779;0.0;1.2475122366386329;0.0;0.0
300193;FR0013444684;1228378.9726354596;7.037307366273381;7.037307366273381;7009.757290994843;-51838.525932342185;;0.0;0.0;FR0013444684;Bond;1176540.4467031173;0.0025;7.018453845553916;0.0;7.037307366273381;0.0;0.0
300193;FR0013452893;1200847.397260274;1.4263895026272186;1.4263895026272186;-32009.79364757459;-11134.685109146172;;0.0;0.0;FR0013452893;Bond;1189712.7121511279;0.0025;2.0978760831263905;0.0;1.4263895026272186;0.0;0.0
300193;FR0013453040;5406691.83561644;1.4975759325564513;1.4975759325564513;2002.7196349900576;-48536.39361127924;;0.0;0.0;FR0013453040;Bond;5358155.44200516;0.0025;1.4939223923017602;0.0;1.4975759325564513;0.0;0.0
300193;FR0013456621;921918.7397835507;6.562798970372654;6.562798970372652;4627.627393638622;-39423.75189133767;;0.0;0.0;FR0013456621;Bond;882494.987892213;0.0025;6.544985770040704;0.0;6.562798970372652;0.0;0.0
300193;FR0013463775;1928921.917811141;4.82324689424852;4.82324689424852;5568.664565827757;-116275.09900198401;;0.0;0.0;FR0013463775;Bond;1812646.8188091568;0.0025;4.8092328946577005;0.0;4.82324689424852;0.0;0.0
300193;FR0013476090;5887990.945205484;1.7345004949273597;1.7345004949273597;2770.999433985939;-61274.31392354033;;0.0;0.0;FR0013476090;Bond;5826716.631281943;0.0025;1.7302562539914301;0.0;1.7345004949273597;0.0;0.0
300193;FR0013476595;1038377.260275431;5.506365269892502;5.506365269892502;3739.7583692697754;-34258.259369238076;;0.0;0.0;FR0013476595;Bond;1004119.0009061929;0.0025;5.49212688886905;0.0;5.506365269892502;0.0;0.0
300193;FR0013476611;2598241.4383561644;1.7235008306079953;1.7235008306079953;1207.35584629994;-55596.243993027136;;0.0;0.0;FR0013476611;Bond;2542645.1943631372;0.0025;1.71930992013962;0.0;1.7235008306079953;0.0;0.0
300193;FR0013486834;3350584.6027397728;2.803986290261596;2.8039862902615966;3555.041733376006;-61062.052834944945;;0.0;0.0;FR0013486834;Bond;3289522.549904828;0.0025;2.7971166047873606;0.0;2.8039862902615966;0.0;0.0
300193;FR0013505260;5312684.424657545;2.4594681260392584;2.4594681260392584;4545.180085528461;-78546.9267964758;;0.0;0.0;FR0013505260;Bond;5234137.49786107;0.0025;2.453202244442482;0.0;2.4594681260392584;0.0;0.0
300193;FR0013506292;2252536.82191781;2.172931985110355;2.172931985110355;1553.755290528949;-29355.564539589854;;0.0;0.0;FR0013506292;Bond;2223181.25737822;0.0025;2.167491563740041;0.0;2.172931985110355;0.0;0.0
300193;FR0013506516;5002756.972602741;1.7332872094726532;1.7332872094726532;2355.0620241325846;-52027.35797457138;;0.0;0.0;FR0013506516;Bond;4950729.61462817;0.0025;1.729029099991628;0.0;1.7332872094726532;0.0;0.0
300193;FR0013509643;1114007.3698630277;2.747080664720811;2.747080664720811;1171.6106804091958;-18355.74282389727;;0.0;0.0;FR0013509643;Bond;1095651.6270391305;0.0025;2.7396540902867703;0.0;2.747080664720811;0.0;0.0
300193;FR0013515749;902458.219178538;4.806574589356523;4.806574589356521;2562.260561591036;-29208.46757536515;;0.0;0.0;FR0013515749;Bond;873249.7516031729;0.0025;4.793352454717765;0.0;4.806574589356521;0.0;0.0
300193;FR0013516184;4243140.904109584;0.1750170058684882;0.1750170058684882;84.87528679878662;-9207.034509739153;;0.0;0.0;FR0013516184;Bond;4233933.869599845;0.0025;0.17459350978539057;0.0;0.1750170058684882;0.0;0.0
300193;FR0013517059;1183929.369869243;6.393339971936068;6.393339971936066;5656.893047313635;-45273.52469315349;;0.0;0.0;FR0013517059;Bond;1138655.8451760893;0.0025;6.376075303930436;0.0;6.393339971936066;0.0;0.0
300193;FR0013518024;5194443.835616159;0.2077270469104309;0.2077270469104309;127.30172249671904;-7215.295957965459;;0.0;0.0;FR0013518024;Bond;5187228.5396581935;0.0025;0.2072222410667826;0.0;0.2077270469104309;0.0;0.0
300193;FR0013519071;911060.9589042206;4.897871685157005;4.897871685157005;2667.322509942644;-26777.047754135296;;0.0;0.0;FR0013519071;Bond;884283.9111500853;0.0025;4.884651796457734;0.0;4.897871685157005;0.0;0.0
300193;FR0013523602;2968327.0137026487;4.807083686169607;4.807083686169607;8520.161682050335;-177768.33634737096;;0.0;0.0;FR0013523602;Bond;2790558.677355278;0.0025;4.793094865943377;0.0;4.807083686169607;0.0;0.0
300193;FR0013532280;6136912.671232879;2.3351050093225227;2.3351050093225227;4751.748667875047;-95989.87651113096;;0.0;0.0;FR0013532280;Bond;6040922.794721748;0.0025;2.329379553717727;0.0;2.3351050093225227;0.0;0.0
300193;FR0013533999;1944239.1304343613;2.56076052097918;2.5607605209791804;1439.522976376731;-60578.83128835124;;0.0;0.0;FR0013533999;Bond;1883660.29914601;0.0025;2.558644150056923;0.0;2.5607605209791804;0.0;0.0
300193;FR0013535101;1709691.780827711;5.45899310392047;5.458993103920472;6147.796995952045;-116851.20191041828;;0.0;0.0;FR0013535101;Bond;1592840.5789172929;0.0025;5.443598341785837;0.0;5.458993103920472;0.0;0.0
300193;FR00140003P3;5053302.246575362;2.4517512249376403;2.4517512249376403;4245.39810306463;-82778.11117078384;;0.0;0.0;FR00140003P3;Bond;4970524.135404578;0.0025;2.4457758469515496;0.0;2.4517512249376403;0.0;0.0
300193;FR00140009W6;4636710.958881995;0.5528703209876851;0.5528703209876851;389.2442358408029;-32012.36059282911;;0.0;0.0;FR00140009W6;Bond;4604698.598289166;0.0025;0.5515357762096244;0.0;0.5528703209876851;0.0;0.0
300193;FR0014000OZ2;6326268.493181353;0.630868859307809;0.630868859307809;637.919910672921;-49500.88442883821;;0.0;0.0;FR0014000OZ2;Bond;6276767.608752515;0.0025;0.6293429311057455;0.0;0.630868859307809;0.0;0.0
300193;FR0014000XY6;9243763.013699392;2.8368308146339274;2.8368308146339274;9998.94027106683;-314539.6716520672;;0.0;0.0;FR0014000XY6;Bond;8929223.342047324;0.0025;2.829907440572186;0.0;2.8368308146339274;0.0;0.0
300193;FR0014001EW8;1340010.0000000051;3.672438180000511;3.672438180000511;2284.90211011904;-29494.90504109601;;0.0;0.0;FR0014001EW8;Bond;1310515.094958909;0.0025;3.6635267328769294;0.0;3.672438180000511;0.0;0.0
300193;FR0014003GX7;427707.9452086013;5.842493737739304;5.842493737739304;1738.8646390093036;-14957.24710782704;;0.0;0.0;FR0014003GX7;Bond;412750.69810077426;0.0025;5.826192019023529;0.0;5.842493737739304;0.0;0.0
300193;FR00140057U9;4575410.95890411;3.2431832380955408;3.2431832380955408;6297.024579549444;-184839.12867064052;;0.0;0.0;FR00140057U9;Bond;4390571.83023347;0.0025;3.235071952174784;0.0;3.2431832380955408;0.0;0.0
300193;FR0014005V34;4847071.917801947;1.4698595590243242;1.4698595590243242;1737.2816241123248;-88745.04663198945;;0.0;0.0;FR0014005V34;Bond;4758326.871169958;0.0025;1.4663003072253795;0.0;1.4698595590243242;0.0;0.0
300193;FR0014005ZP8;3463132.68493296;4.3970526677120105;4.3970526677120105;8212.216433014455;-91260.44882557372;;0.0;0.0;FR0014005ZP8;Bond;3371872.2361073866;0.0025;4.386104699159681;0.0;4.3970526677120105;0.0;0.0
300193;FR0014006IU2;10826297.944956169;0.6159411117401391;0.615941111740139;1059.723676546829;-44536.127025621056;;0.0;0.0;FR0014006IU2;Bond;10781761.817930548;0.0025;0.6144424649960085;0.0;0.615941111740139;0.0;0.0
300193;FR0014006IV0;4590250.000000144;3.134800212248068;3.134800212248068;5912.061516235915;-86246.39589041368;;0.0;0.0;FR0014006IV0;Bond;4504003.604109731;0.0025;3.127168626148344;0.0;3.134800212248068;0.0;0.0
300193;FR0014006KD4;2499625.479487036;6.127215369751758;6.127215369751758;11103.702281446484;-191305.971146803;;0.0;0.0;FR0014006KD4;Bond;2308319.508340233;0.0025;6.11001863065618;0.0;6.127215369751758;0.0;0.0
300193;FR0014007LL3;4805205.479452056;1.7376894565490983;1.7376894565490983;2265.3591724708385;-55805.02472274465;;0.0;0.0;FR0014007LL3;Bond;4749400.454729311;0.0025;1.7334524040597312;0.0;1.7376894565490983;0.0;0.0
300193;FR0014009HA0;4317500.0;1.9088236133035368;1.9088236133035363;2379.1751804225214;-102343.24236730015;;0.0;0.0;FR0014009HA0;Bond;4215156.7576327;0.0025;1.9041562849603835;0.0;1.9088236133035363;0.0;0.0
300193;FR001400AFO9;4713482.876712328;7.556856681727084;7.556856681727084;33131.413002890724;-217785.5412793632;;0.0;0.0;FR001400AFO9;Bond;4495697.335432964;0.0025;7.523895075781614;0.0;7.556856681727084;0.0;0.0
300193;FR001400AJY0;6764780.821917809;9.52280583160942;9.52280583160942;76410.39246992848;-396202.46310721396;;0.0;0.0;FR001400AJY0;Bond;6368578.358810594;0.0025;9.467132304081142;0.0;9.52280583160942;0.0;0.0
300193;FR001400D8K2;4668847.507147363;6.366426381784521;6.366426381784522;23311.14692145501;-181727.92224985023;;0.0;0.0;FR001400D8K2;Bond;4487119.5848975135;0.0025;6.342932032314983;0.0;6.366426381784522;0.0;0.0
300193;FR001400DTA3;2057772.876762761;6.408588551224922;6.4085885512249225;10406.115312345217;-80636.10943328922;;0.0;0.0;FR001400DTA3;Bond;1977136.767329472;0.0025;6.384839081056572;0.0;6.4085885512249225;0.0;0.0
300193;FR001400DZO1;10656791.780821918;6.385182315551269;6.385182315551267;54171.73236654807;-457100.28779742983;;0.0;0.0;FR001400DZO1;Bond;10199691.493024487;0.0025;6.360026051452398;0.0;6.385182315551267;0.0;0.0
300193;FR001400E946;5152362.753473375;6.406042588033591;6.406042588033591;26339.53397793077;-222213.14636158774;;0.0;0.0;FR001400E946;Bond;4930149.607111787;0.0025;6.380832861154491;0.0;6.406042588033591;0.0;0.0
300193;FR001400EHG3;5191952.054794611;4.147789175304776;4.147789175304776;11503.528674119618;-145106.07995255126;;0.0;0.0;FR001400EHG3;Bond;5046845.97484206;0.0025;4.135408408714246;0.0;4.147789175304776;0.0;0.0
300193;FR001400F075;5345771.232876765;2.953739405102302;2.9537394051023025;6447.986888871633;-105909.85548769121;;0.0;0.0;FR001400F075;Bond;5239861.377389073;0.0025;2.9453962315068614;0.0;2.9537394051023025;0.0;0.0
300193;FR001400F0H3;9294487.684931835;3.2247654319737764;3.2247654319737764;12978.501008637038;-183923.963267028;;0.0;0.0;FR001400F0H3;Bond;9110563.721664807;0.0025;3.21585407721624;0.0;3.2247654319737764;0.0;0.0
300193;FR001400F0V4;5186215.753439003;4.289645272370362;4.289645272370362;12159.209806254174;-149233.78155250713;;0.0;0.0;FR001400F0V4;Bond;5036981.971886495;0.0025;4.277034801710981;0.0;4.289645272370362;0.0;0.0
300193;FR001400F1I9;6732643.726027398;7.820849307858551;7.82084930785855;50863.04611831265;-324184.32060906617;;0.0;0.0;FR001400F1I9;Bond;6408459.405418333;0.0025;7.784896230883498;0.0;7.82084930785855;0.0;0.0
300193;FR001400F1U4;4252493.1506850235;2.9524703560767973;2.9524703560767973;5120.695103501709;-84273.60784405157;;0.0;0.0;FR001400F1U4;Bond;4168219.542840972;0.0025;2.944158982946873;0.0;2.9524703560767973;0.0;0.0
300193;FR001400F2H9;2189574.1757131754;4.232918068718252;4.232918068718251;4851.797230396225;-114281.49677904558;;0.0;0.0;FR001400F2H9;Bond;2075292.67893413;0.0025;4.222315472697822;0.0;4.232918068718251;0.0;0.0
300193;FR001400F323;1176836.808256084;6.3239747593467595;6.323974759346758;5929.969964411697;-92812.14442609786;;0.0;0.0;FR001400F323;Bond;1084024.6638299862;0.0025;6.297983753145082;0.0;6.323974759346758;0.0;0.0
300193;FR001400FAZ5;3669136.767182937;5.0466537515695045;5.046653751569505;11638.36820731416;-112732.0941348586;;0.0;0.0;FR001400FAZ5;Bond;3556404.673048078;0.0025;5.031026447209879;0.0;5.046653751569505;0.0;0.0
300193;FR001400FB06;4924237.808219252;2.6495006358369078;2.6495006358369078;4799.1027258843405;-87137.29344766244;;0.0;0.0;FR001400FB06;Bond;4837100.51477159;0.0025;2.6426855716679336;0.0;2.6495006358369078;0.0;0.0
300193;FR001400GDJ1;987614.3835583777;4.174554730541209;4.174554730541209;2307.487241274552;-25810.360777158683;;0.0;0.0;FR001400GDJ1;Bond;961804.0227812191;0.0025;4.159711365812012;0.0;4.174554730541209;0.0;0.0
300193;FR001400H9B5;4734339.7260331465;4.319425774258455;4.319425774258455;11598.203577405917;-137632.6207821915;;0.0;0.0;FR001400H9B5;Bond;4596707.105250955;0.0025;4.304824276141008;0.0;4.319425774258455;0.0;0.0
300193;FR001400HAC0;1672786.6301369867;0.9867671982654124;0.9867671982654124;329.15701808633463;-11002.995438727845;;0.0;0.0;FR001400HAC0;Bond;1661783.634698259;0.0025;0.9842821802844974;0.0;0.9867671982654124;0.0;0.0
300193;FR001400HQM5;5290093.150684931;1.730447302002026;1.730447302002026;2545.24536473361;-55745.0936748206;;0.0;0.0;FR001400HQM5;Bond;5234348.0570101105;0.0025;1.7259050636931694;0.0;1.730447302002026;0.0;0.0
300193;FR001400IIO6;8457130.958905198;3.614587173456483;3.614587173456483;14665.605861317928;-185562.30762436346;;0.0;0.0;FR001400IIO6;Bond;8271568.651280834;0.0025;3.60389749352111;0.0;3.614587173456483;0.0;0.0
300193;FR001400ION6;5928818.424666078;4.328711266863164;4.328711266863164;14529.363588713077;-170440.2370882416;;0.0;0.0;FR001400ION6;Bond;5758378.187577836;0.0025;4.314289771724808;0.0;4.328711266863164;0.0;0.0
300193;FR001400J150;3479321.06849315;8.061000691058368;8.061000691058368;28338.29242880955;-172588.72966770994;;0.0;0.0;FR001400J150;Bond;3306732.33882544;0.0025;8.019830609240623;0.0;8.061000691058368;0.0;0.0
300193;FR001400KHH8;2847275.01369863;7.423816353848442;7.423816353848442;19731.45167073451;-130161.17153426431;;0.0;0.0;FR001400KHH8;Bond;2717113.8421643656;0.0025;7.388350418490417;0.0;7.423816353848442;0.0;0.0
300193;FR001400KKC3;4370907.89315132;3.435389537056647;3.435389537056647;6857.5044185347415;-258542.04242577584;;0.0;0.0;FR001400KKC3;Bond;4112365.8507255437;0.0025;3.425671864447387;0.0;3.435389537056647;0.0;0.0
300193;FR001400KXW4;1672925.150684932;1.1924075955363322;1.192407595536332;436.2499782752951;-12267.389065326086;;0.0;0.0;FR001400KXW4;Bond;1660657.7616196058;0.0025;1.1894429159923021;0.0;1.192407595536332;0.0;0.0
300193;FR001400LCK1;7525145.671244767;4.170222021519512;4.170222021519512;-29928.896396301057;-192401.21829868757;;0.0;0.0;FR001400LCK1;Bond;7332744.452946079;0.0025;4.313128525491804;0.0;4.170222021519512;0.0;0.0
300193;FR001400M1X9;5809041.095890408;6.311294750451732;6.311294750451732;31059.3671559048;-458863.54588908446;;0.0;0.0;FR001400M1X9;Bond;5350177.550001324;0.0025;6.277207634759123;0.0;6.311294750451732;0.0;0.0
300193;FR001400M8W6;4556439.520548085;6.491459888892684;6.491459888892684;24600.559037102877;-365409.53149585554;;0.0;0.0;FR001400M8W6;Bond;4191029.989052229;0.0025;6.461830640790003;0.0;6.491459888892684;0.0;0.0
300193;FR001400N285;3073417.7123287683;8.526214153319094;8.526214153319092;27357.547120916977;-160878.8831836193;;0.0;0.0;FR001400N285;Bond;2912538.829145149;0.0025;8.485421382487532;0.0;8.526214153319092;0.0;0.0
300193;FR001400N2M9;4053145.205479452;7.351733785190353;7.351733785190352;26855.042296602936;-200446.09327283455;;0.0;0.0;FR001400N2M9;Bond;3852699.1122066174;0.0025;7.321210530811086;0.0;7.351733785190352;0.0;0.0
300193;FR001400N2U2;2062826.0868869731;4.237879767061015;4.237879767061015;4280.128078481737;-106435.28587133979;;0.0;0.0;FR001400N2U2;Bond;1956390.8010156334;0.0025;4.230906690142926;0.0;4.237879767061015;0.0;0.0
300193;FR001400N3I5;3438519.205776427;7.10601898817984;7.106018988179839;21632.0459381223;-304914.6339956026;;0.0;0.0;FR001400N3I5;Bond;3133604.571780824;0.0025;7.074980414508927;0.0;7.106018988179839;0.0;0.0
300193;FR001400N6I8;2015286.8493150687;7.376149768623145;7.376149768623145;13430.455725327292;-100022.21444101888;;0.0;0.0;FR001400N6I8;Bond;1915264.6348740498;0.0025;7.345561485516465;0.0;7.376149768623145;0.0;0.0
300193;FR001400N8H6;1573264.000003351;8.54749672814156;8.54749672814156;14167.20257060646;-83022.43812799585;;0.0;0.0;FR001400N8H6;Bond;1490241.561875355;0.0025;8.505021610574978;0.0;8.54749672814156;0.0;0.0
300193;FR001400NDS8;6671680.520547944;8.656550165727722;8.656550165727722;61669.5602890782;-388607.5886668444;;0.0;0.0;FR001400NDS8;Bond;6283072.9318811;0.0025;8.612802762082657;0.0;8.656550165727722;0.0;0.0
300193;FR001400O671;1754242.808232076;5.045635092420353;5.045635092420353;5635.267944991932;-110648.52507350386;;0.0;0.0;FR001400O671;Bond;1643594.2831585722;0.0025;5.028972054750169;0.0;5.045635092420353;0.0;0.0
300193;FR001400O9D2;1214543.3424657534;8.63215613868138;8.63215613868138;11205.844289818846;-70592.07848297594;;0.0;0.0;FR001400O9D2;Bond;1143951.2639827775;0.0025;8.587781816536115;0.0;8.63215613868138;0.0;0.0
300193;FR001400OF19;3266879.5616520504;6.15355706937575;6.15355706937575;15445.181963440904;-123201.09007776224;;0.0;0.0;FR001400OF19;Bond;3143678.4715742883;0.0025;6.130027510712436;0.0;6.15355706937575;0.0;0.0
300193;FR001400OJE3;3017170.9726026426;12.624642282006308;12.624642282006304;63249.273673738986;-234071.1292766299;;0.0;0.0;FR001400OJE3;Bond;2783099.8433260126;0.0025;12.499018624194258;0.0;12.624642282006304;0.0;0.0
300193;FR001400PGC0;5136190.068493969;5.0100723813561885;5.0100723813561885;16754.290906001017;-321479.0760438339;;0.0;0.0;FR001400PGC0;Bond;4814710.992450135;0.0025;4.99127425516705;0.0;5.0100723813561885;0.0;0.0
300193;FR001400PST9;1463996.7123224526;12.615253458739003;12.615253458739002;31100.91811649472;-111828.13872953167;;0.0;0.0;FR001400PST9;Bond;1352168.5735929208;0.0025;12.482018902445423;0.0;12.615253458739002;0.0;0.0
300193;FR001400QR62;2556539.8356200363;5.140696619036008;5.140696619036008;8316.072999028915;-80507.96602855147;;0.0;0.0;FR001400QR62;Bond;2476031.869591485;0.0025;5.125441956575449;0.0;5.140696619036008;0.0;0.0
300193;FR001400QR88;1849048.7671232864;11.798863801068704;11.798863801068704;35657.97870503257;-133362.69361622847;;0.0;0.0;FR001400QR88;Bond;1715686.073507058;0.0025;11.664784298906575;0.0;11.798863801068704;0.0;0.0
300193;FR001400SCF6;1242016.4383599458;4.378319637074557;4.378319637074557;3100.03128501768;-93742.51501221453;;0.0;0.0;FR001400SCF6;Bond;1148273.9233477314;0.0025;4.3638446844547865;0.0;4.378319637074557;0.0;0.0
300193;FR001400SIL1;6190818.054794519;7.502352215584875;7.502352215584875;43542.09397372771;-309695.72590111877;;0.0;0.0;FR001400SIL1;Bond;5881122.328893401;0.0025;7.467232075947688;0.0;7.502352215584875;0.0;0.0
300193;FR001400U3P1;5182361.884931432;5.605496225958523;5.605496225958523;20300.29195090904;-177943.77871128317;;0.0;0.0;FR001400U3P1;Bond;5004418.1062201485;0.0025;5.586120466073072;0.0;5.605496225958523;0.0;0.0
300193;FR001400U660;3461622.2602809374;4.958455756152248;4.958455756152247;10604.561170603543;-103862.41660198208;;0.0;0.0;FR001400U660;Bond;3357759.8436789555;0.0025;4.943334821573014;0.0;4.958455756152247;0.0;0.0
300193;FR001400UND4;505270.0000000002;0.0;0.0;0.0;0.0;;5016.343468484492;0.0;FR001400UND4;Fund Unit;505270.0000000002;0.0025;0.0;0.0;0.0;5016.343468484492;0.0
300193;FR001400WKP0;2824126.0274033234;4.610589329962095;4.610589329962095;7627.87857235468;-162769.5196260126;;0.0;0.0;FR001400WKP0;Bond;2661356.507777311;0.0025;4.596208924657876;0.0;4.610589329962095;0.0;0.0
300193;FR001400WP90;3312940.068499972;6.5427767818606295;6.54277678186063;17524.886456712906;-146354.14779763634;;0.0;0.0;FR001400WP90;Bond;3166585.920702336;0.0025;6.51755087685019;0.0;6.54277678186063;0.0;0.0
300193;FR001400WRF6;4572253.35616482;4.1967251205977565;4.1967251205977565;10274.934965736042;-116585.67238836143;;0.0;0.0;FR001400WRF6;Bond;4455667.683776458;0.0025;4.184575460602413;0.0;4.1967251205977565;0.0;0.0
300193;FR001400WTD7;2113784.054794147;4.172430473658248;4.172430473658249;4711.543328778296;-53747.62506663358;;0.0;0.0;FR001400WTD7;Bond;2060036.4297275136;0.0025;4.160229375694962;0.0;4.172430473658249;0.0;0.0
300193;FR001400YD27;2390080.7671232843;5.910718252475531;5.910718252475531;10280.425348028772;-86872.88793914393;;0.0;0.0;FR001400YD27;Bond;2303207.8791841404;0.0025;5.890527532044485;0.0;5.910718252475531;0.0;0.0
300193;FXW1023850;-57192.67354458198;0.054794519829177;0.0;-0.002216169299282811;716594.4895587722;MORGAN STANLEY EUROPE SE;0.0;-286637.7958235089;;Currency Forward;659401.8160141902;0.0;0.054794519829177;0.0;0.0;0.0;-3304784.885724787
300193;LU2023296085;49381246.56000001;3.236585553982722;3.262438622231943;84333.42923108148;-2785356.883191;;10.770860859873352;827.4568427480292;LU2023296085;Fund Unit;46595889.67680901;0.0025;3.220079200071111;0.0;3.262438622231943;10.163328779906744;780.7840109941499
300193;OEM25 Cmdty;0.0;0.0;0.0;154753.09432368385;-1089629.5211206593;;0.0;0.0;;Bond Future;-1089629.5211206593;0.0025;0.0;0.0;0.0;0.0;0.0
300193;PTBCP2OM0058;4369006.8492356;0.4918034477660587;0.4918034477660587;314.1642879111176;-14393.782838920024;;0.0;0.0;PTBCP2OM0058;Bond;4354613.06639668;0.0025;0.490610437256712;0.0;0.4918034477660587;0.0;0.0
300193;US00206RDR03;4591594.149231622;8.514215323769209;8.514215323769207;41490.254227542064;-233932.43329301578;;0.0;45915.94149231622;US00206RDR03;Bond;4357661.715938606;0.00125;8.491878492724869;0.0;8.514215323769207;0.0;43576.617159386056
300193;US05584KAC27;910434.0759941584;2.3774947644211126;2.377494764421112;639.5760322837323;-29981.757719118268;;0.0;9104.340759941582;US05584KAC27;Bond;880452.3182750401;0.00125;2.3757791697443427;0.0;2.377494764421112;0.0;8804.5231827504
300193;US25156PAC77;5553887.3974139225;4.181082597145816;4.181082597145816;12137.027234568572;-210245.7291692589;;0.0;55538.87397413923;US25156PAC77;Bond;5343641.668244664;0.00125;4.175617898185621;0.0;4.181082597145816;0.0;53436.41668244664
300193;US92343VES97;1000354.2373840588;3.3798694134733536;3.3798694134733536;1359.2508266560087;-35159.78430201617;;0.0;10003.542373840586;US92343VES97;Bond;965194.4530820426;0.00125;3.377164191292233;0.0;3.3798694134733536;0.0;9651.944530820425
300193;US92343VEU44;3641298.113518596;4.01532544514984;4.015325445149841;6966.771101576737;-135207.16621779458;;0.0;36412.98113518596;US92343VEU44;Bond;3506090.9473008015;0.00125;4.011563170847974;0.0;4.015325445149841;0.0;35060.90947300801
300193;US92857WCA62;4482713.592132799;13.438755371672414;13.438755371672412;126023.13187289816;-289357.3995318045;;0.0;44827.135921327994;US92857WCA62;Bond;4193356.192600995;0.00125;13.313091368016508;0.0;13.438755371672412;0.0;41933.56192600995
300193;USU04644CU90;252273.48844604645;15.278604021856196;15.278604021856196;8557.848364672753;-17888.287547891454;;0.0;2522.7348844604644;USU04644CU90;Bond;234385.200898155;0.00125;15.146362445773315;0.0;15.278604021856196;0.0;2343.8520089815497
300193;USU31520AL04;891196.198236545;5.416450130322134;5.416450130322134;3000.5619224839397;-36812.88253692993;;0.0;8911.96198236545;USU31520AL04;Bond;854383.315699615;0.00125;5.411036387314084;0.0;5.416450130322134;0.0;8543.833156996152
300193;USX10001AD18;2193282.725419261;6.895212418872752;6.895212418872752;12767.3338617222;-148027.40513917882;;0.0;21932.827254192605;USX10001AD18;Bond;2045255.3202800823;0.00125;6.881878521765725;0.0;6.895212418872752;0.0;20452.553202800817
300193;XS1382791975;1177196.0547945271;2.84171766079013;2.8417176607901298;1299.1185500698496;-20630.57919980194;;0.0;0.0;XS1382791975;Bond;1156565.4755947252;0.0025;2.834316802580718;0.0;2.8417176607901298;0.0;0.0
300193;XS1405766624;3337855.547945402;3.4088674226162774;3.4088674226162774;5043.871808572288;-70309.09087344338;;0.0;0.0;XS1405766624;Bond;3267546.4570719586;0.0025;3.400140578592247;0.0;3.4088674226162774;0.0;0.0
300193;XS1550938978;559469.9284083195;1.6788182024769993;1.6788182024769995;207.74474900955337;-19798.411193242617;;0.0;5594.6992840831945;XS1550938978;Bond;539671.5172150768;0.00125;1.6776996876052772;0.0;1.6788182024769995;0.0;5396.715172150768
300193;XS1700429480;425689.3013640543;17.16119685590268;17.161196855902677;21606.37151204028;-51855.82917506176;;0.0;4256.893013640544;XS1700429480;Bond;373833.47218899254;0.00125;16.894877697110555;0.0;17.161196855902677;0.0;3738.334721889926
300193;XS1708167652;480056.84931543143;4.25795239952779;4.25795239952779;1092.7663485955857;-12638.04758304778;;0.0;0.0;XS1708167652;Bond;467418.80173238367;0.0025;4.246369622110746;0.0;4.25795239952779;0.0;0.0
300193;XS1789751531;7552660.315068491;0.9625300675096292;0.9625300675096292;1409.1722476021607;-43577.81540694313;;0.0;0.0;XS1789751531;Bond;7509082.499661548;0.0025;0.9601817381443505;0.0;0.9625300675096292;0.0;0.0
300193;XS1808395930;404331.3972602741;0.9786011344645285;0.9786011344645285;78.0639213584257;-2373.776823596324;;0.0;0.0;XS1808395930;Bond;401957.62043667777;0.0025;0.9761685560312282;0.0;0.9786011344645285;0.0;0.0
300193;XS1907120791;2954987.3424657914;4.013349062432229;4.013349062432229;-11035.180473545135;-71085.36381220675;;0.0;0.0;XS1907120791;Bond;2883901.9786535846;0.0025;4.146977129971204;0.0;4.013349062432229;0.0;0.0
300193;XS1953240261;1182376.7123287667;7.817316087847439;7.817316087847439;8533.989069757992;-56188.31182725043;;0.0;0.0;XS1953240261;Bond;1126188.4005015162;0.0025;7.789650750137442;0.0;7.817316087847439;0.0;0.0
300193;XS1960248919;5613572.383024393;0.9194431870792404;0.9194431870792404;976.626210142729;-34488.86594228001;;0.0;0.0;XS1960248919;Bond;5579083.517082113;0.0025;0.9172072294487171;0.0;0.9194431870792404;0.0;0.0
300193;XS1961772560;1920961.47945226;3.711256556859572;3.711256556859572;3382.073977119345;-42832.9169744369;;0.0;0.0;XS1961772560;Bond;1878128.562477823;0.0025;3.7016747399655308;0.0;3.711256556859572;0.0;0.0
300193;XS1963116964;969507.2602739816;4.540862886869629;4.54086288686963;2536.0834754727803;-54790.473451054786;;0.0;0.0;XS1963116964;Bond;914716.7868229268;0.0025;4.527015280190267;0.0;4.54086288686963;0.0;0.0
300193;XS1968706108;950658.7671235208;3.738641371865635;3.738641371865635;1696.4184579354633;-44129.501086729695;;0.0;0.0;XS1968706108;Bond;906529.2660367911;0.0025;3.7289733146011503;0.0;3.738641371865635;0.0;0.0
300193;XS1979280853;2822912.835616438;1.943057261117416;1.9430572611174155;1611.7276361039085;-32882.04691979479;;0.0;0.0;XS1979280853;Bond;2790030.7886966434;0.0025;1.9382223178649192;0.0;1.9430572611174155;0.0;0.0
300193;XS1979280937;1388769.0410964985;4.6802703197110285;4.6802703197110285;3761.6121751864334;-38938.229425162084;;0.0;0.0;XS1979280937;Bond;1349830.8116713364;0.0025;4.667317783078326;0.0;4.6802703197110285;0.0;0.0
300193;XS2001175657;3729045.1506849304;1.108952886857173;1.108952886857173;863.5744292045299;-24777.404192040616;;0.0;0.0;XS2001175657;Bond;3704267.7464928897;0.0025;1.1062378136849547;0.0;1.108952886857173;0.0;0.0
300193;XS2002532724;4670337.205479452;1.1361675165611824;1.1361675165611824;1125.245313300916;-34656.65690070681;;0.0;0.0;XS2002532724;Bond;4635680.548578746;0.0025;1.1333713458723496;0.0;1.1361675165611824;0.0;0.0
300193;XS2009943379;1029193.0000003574;3.964513720492042;3.9645137204920418;2014.152147548224;-26495.758903793972;;0.0;0.0;XS2009943379;Bond;1002697.2410965634;0.0025;3.95488162213653;0.0;3.9645137204920418;0.0;0.0
300193;XS2010032451;1312255.802741258;6.131109103100148;6.131109103100148;6056.649719510804;-48706.963321809046;;0.0;0.0;XS2010032451;Bond;1263548.839419449;0.0025;6.109699125433022;0.0;6.131109103100148;0.0;0.0
300193;XS2010038730;2855971.6438356205;2.5037718903286663;2.5037718903286663;2496.138880236927;-42863.40767207292;;0.0;0.0;XS2010038730;Bond;2813108.2361635477;0.0025;2.497593902399267;0.0;2.5037718903286663;0.0;0.0
300193;XS2010045511;975801.3698630137;2.048292982896351;2.048292982896351;608.494918896696;-34347.504052194236;;0.0;0.0;XS2010045511;Bond;941453.8658108196;0.0025;2.043192122824599;0.0;2.048292982896351;0.0;0.0
300193;XS2013574038;6070453.438356165;1.1738823274673975;1.1738823274673975;1538.2512991157787;-47564.404071862926;;0.0;0.0;XS2013574038;Bond;6022889.034284302;0.0025;1.1709923333624526;0.0;1.1738823274673975;0.0;0.0
300193;XS2013618421;6896723.150684931;1.175824892417906;1.175824892417906;1748.8292612975702;-48847.63753967;;0.0;0.0;XS2013618421;Bond;6847875.513145261;0.0025;1.1729419543660067;0.0;1.175824892417906;0.0;0.0
300193;XS2021462440;1832405.479452134;4.053934741596965;4.053934741596965;3777.990051765207;-48205.53374282;;0.0;0.0;XS2021462440;Bond;1784199.9457093142;0.0025;4.0434765760646405;0.0;4.053934741596965;0.0;0.0
300193;XS2022425024;808356.8493150685;10.171523174867565;10.171523174867565;9482.870755747868;-51181.493318887784;;0.0;0.0;XS2022425024;Bond;757175.3559961807;0.0025;10.136896753531301;0.0;10.171523174867565;0.0;0.0
300193;XS2035620710;3978872.876712333;2.2711997901323775;2.271199790132377;2937.4686030092225;-54305.23912559115;;0.0;0.0;XS2035620710;Bond;3924567.6375867417;0.0025;2.2656389985326126;0.0;2.271199790132377;0.0;0.0
300193;XS2050933972;1951428.571428562;1.6555660711454023;1.6555660711454023;702.4117487653801;-39797.03875531095;;0.0;0.0;XS2050933972;Bond;1911631.5326732511;0.0025;1.6534196322991352;0.0;1.6555660711454023;0.0;0.0
300193;XS2051777873;4889823.357534248;1.4060909524497194;1.4060909524497194;1640.683202722926;-41386.78232938159;;0.0;0.0;XS2051777873;Bond;4848436.575204867;0.0025;1.40264542792135;0.0;1.4060909524497194;0.0;0.0
300193;XS2057069093;3745510.6027397257;1.0100575667508722;1.0100575667508722;752.580741910141;-22737.9840161822;;0.0;0.0;XS2057069093;Bond;3722772.6187235434;0.0025;1.007584888865489;0.0;1.0100575667508722;0.0;0.0
300193;XS2063495811;2199656.986301476;2.8682662031966952;2.8682662031966952;2454.6087076579774;-41008.549665102386;;0.0;0.0;XS2063495811;Bond;2158648.436636374;0.0025;2.860935950290948;0.0;2.8682662031966952;0.0;0.0
300193;XS2066706909;2194863.8493150687;2.1448640781679336;2.1448640781679336;1472.2907410571447;-28211.9699556151;;0.0;0.0;XS2066706909;Bond;2166651.8793594535;0.0025;2.139595455509963;0.0;2.1448640781679336;0.0;0.0
300193;XS2082324018;600545.2602667604;0.617020680664155;0.617020680664155;59.008090708464564;-2221.194798246922;;0.0;0.0;XS2082324018;Bond;598324.0654685134;0.0025;0.6155160288490579;0.0;0.617020680664155;0.0;0.0
300193;XS2100788780;3701323.912150221;0.7745573260204364;0.7745573260204363;501.5417103884436;-17157.91797084431;;0.0;0.0;XS2100788780;Bond;3684165.9941793764;0.0025;0.772669590433225;0.0;0.7745573260204363;0.0;0.0
300193;XS2101349723;4432979.041095891;1.7403772213811433;1.740377221381143;2096.3407605378875;-51482.623303416025;;0.0;0.0;XS2101349723;Bond;4381496.417792475;0.0025;1.7361270883140125;0.0;1.740377221381143;0.0;0.0
300193;XS2101357072;3901318.493152985;2.700569348595623;2.7005693485956237;3885.8852251889457;-63229.684895900544;;0.0;0.0;XS2101357072;Bond;3838088.8082570843;0.0025;2.693900933382076;0.0;2.7005693485956237;0.0;0.0
300193;XS2102360315;5237709.808219179;1.7684483507735254;1.7684483507735254;2542.882905887116;-61921.09426999087;;0.0;0.0;XS2102360315;Bond;5175788.713949188;0.0025;1.7641294950071413;0.0;1.7684483507735254;0.0;0.0
300193;XS2112289207;1787637.4794532042;4.633653381651346;4.633653381651346;4676.775873432923;-49682.23871459944;;0.0;0.0;XS2112289207;Bond;1737955.2407386047;0.0025;4.621925818386894;0.0;4.633653381651346;0.0;0.0
300193;XS2112475509;1214725.8767123318;2.765207395652411;2.7652073956524106;1257.737393410599;-21869.268529619294;;0.0;0.0;XS2112475509;Bond;1192856.6081827125;0.0025;2.758438115155679;0.0;2.7652073956524106;0.0;0.0
300193;XS2114852218;2952494.356164384;2.0737245878711823;2.0737245878711823;1869.6088712028632;-36704.989545018456;;0.0;0.0;XS2114852218;Bond;2915789.3666193658;0.0025;2.0686446646699697;0.0;2.0737245878711823;0.0;0.0
300193;XS2115091808;1082919.232897317;6.494821769870055;6.494821769870055;5312.919761458819;-43653.073056941575;;0.0;0.0;XS2115091808;Bond;1039266.1598403754;0.0025;6.477625820195489;0.0;6.494821769870055;0.0;0.0
300193;XS2117454871;1883373.041095891;9.11205406610888;9.11205406610888;17769.51743597731;-103956.94522567862;;0.0;0.0;XS2117454871;Bond;1779416.0958702124;0.0025;9.083754312436723;0.0;9.11205406610888;0.0;0.0
300193;XS2123320033;3724940.7534246575;1.8472165288460884;1.847216528846089;1941.3324634509647;-46006.378602267796;;0.0;0.0;XS2123320033;Bond;3678934.37482239;0.0025;1.8427177669389414;0.0;1.847216528846089;0.0;0.0
300193;XS2123970167;1151361.739726008;2.772778459642089;2.772778459642089;1191.9750075472905;-52688.41964955954;;0.0;0.0;XS2123970167;Bond;1098673.3200764484;0.0025;2.7661173577021634;0.0;2.772778459642089;0.0;0.0
300193;XS2147977636;772089.3150735884;4.578824606581998;4.578824606581997;2005.7231340797132;-21439.04984371202;;0.0;0.0;XS2147977636;Bond;750650.2652298764;0.0025;4.566294033144642;0.0;4.578824606581997;0.0;0.0
300193;XS2151069775;3166446.589041096;0.9765431997898266;0.9765431997898266;610.3339165175471;-20611.170775680617;;0.0;0.0;XS2151069775;Bond;3145835.4182654154;0.0025;0.9741085307905758;0.0;0.9765431997898266;0.0;0.0
300193;XS2160857798;913099.8630147907;4.758747539149858;4.758747539149858;2535.2349621398944;-26032.154431323874;;0.0;0.0;XS2160857798;Bond;887067.7085834668;0.0025;4.745948873302927;0.0;4.758747539149858;0.0;0.0
300193;XS2171713006;343143.12328871246;6.551868520245445;6.551868520245445;1741.6015278972973;-13516.330469728633;;0.0;0.0;XS2171713006;Bond;329626.79281898384;0.0025;6.532300031716792;0.0;6.551868520245445;0.0;0.0
300193;XS2176534795;3070242.1917808773;2.5607987764902287;2.5607987764902287;2791.8042596210535;-47140.28453349345;;0.0;0.0;XS2176534795;Bond;3023101.907247384;0.0025;2.5544602334339506;0.0;2.5607987764902287;0.0;0.0
300193;XS2176621170;2217577.3972602747;0.8655062936309704;0.8655062936309704;354.43361933028456;-23783.074116867403;;0.0;0.0;XS2176621170;Bond;2193794.3231434072;0.0025;0.8633833165144389;0.0;0.8655062936309704;0.0;0.0
300193;XS2178833773;2841619.123243908;0.5037150520071485;0.5037150520071485;212.2650447118757;-8828.482426735867;;0.0;0.0;XS2178833773;Bond;2832790.640817172;0.0025;0.5024819084860022;0.0;0.5037150520071485;0.0;0.0
300193;XS2180008513;928827.9452064956;6.30966302740085;6.30966302740085;4487.646202204752;-35369.01931681684;;0.0;0.0;XS2180008513;Bond;893458.9258896788;0.0025;6.288404769785603;0.0;6.30966302740085;0.0;0.0
300193;XS2181959110;934806.8493150688;6.176077477572278;6.176077477572278;4401.217994699914;-72103.17574359507;;0.0;0.0;XS2181959110;Bond;862703.6735714737;0.0025;6.153733369491246;0.0;6.176077477572278;0.0;0.0
300193;XS2183818637;3185922.945194962;0.4306814448211825;0.4306814448211825;192.23974712001595;-16968.312891668516;;0.0;0.0;XS2183818637;Bond;3168954.6323032933;0.0025;0.42963665201254814;0.0;0.4306814448211825;0.0;0.0
300193;XS2187689034;4510090.410960533;0.2042262176636068;0.2042262176636068;106.83593831832232;-5782.800855697342;;0.0;0.0;XS2187689034;Bond;4504307.610104836;0.0025;0.2037382834523784;0.0;0.2042262176636068;0.0;0.0
300193;XS2188805845;926310.000006234;4.832279556315304;4.832279556315304;2278.659268355147;-26821.018580578973;;0.0;0.0;XS2188805845;Bond;899488.9814256551;0.0025;4.829158579837091;0.0;4.832279556315304;0.0;0.0
300193;XS2194283672;3668550.506849315;1.1911978293937973;1.1911978293937973;950.5627050939248;-26173.57330252826;;0.0;0.0;XS2194283672;Bond;3642376.9335467867;0.0025;1.1882674288321968;0.0;1.1911978293937973;0.0;0.0
300193;XS2194283839;1919911.5068495471;3.938568903493577;3.938568903493577;3797.1964882172488;-45339.318016476376;;0.0;0.0;XS2194283839;Bond;1874572.1888330707;0.0025;3.9279047744791176;0.0;3.938568903493577;0.0;0.0
300193;XS2200175839;1986592.0547945208;1.2341571581863355;1.2341571581863355;543.6269460998915;-15911.535796499435;;0.0;0.0;XS2200175839;Bond;1970680.5189980215;0.0025;1.231123817870179;0.0;1.2341571581863355;0.0;0.0
300193;XS2200513070;835490.3014165298;6.7744134427608715;6.7744134427608715;4477.537140583217;-33995.86508377764;;0.0;0.0;XS2200513070;Bond;801494.4363327522;0.0025;6.755165809236268;0.0;6.7744134427608715;0.0;0.0
300193;XS2221845683;2353946.9178545987;5.655587062305996;5.655587062305994;9065.788203088083;-165870.59792369575;;0.0;0.0;XS2221845683;Bond;2188076.319930903;0.0025;5.639268380344042;0.0;5.655587062305994;0.0;0.0
300193;XS2226645278;364226.027398265;6.461070118869776;6.461070118869776;1850.0829434273328;-29403.984419246877;;0.0;0.0;XS2226645278;Bond;334822.0429790181;0.0025;6.438446403658657;0.0;6.461070118869776;0.0;0.0
300193;XS2227906208;2212039.713698635;6.338646674213956;6.338646674213956;10437.043741602996;-91044.09611312095;;0.0;0.0;XS2227906208;Bond;2120995.6175855137;0.0025;6.321135541013592;0.0;6.338646674213956;0.0;0.0
300193;XS2228260043;406366.84931442665;0.4478908990415674;0.4478908990415674;25.863105434923927;-1122.2405044080606;;0.0;0.0;XS2228260043;Bond;405244.6088100186;0.0025;0.44680129661793433;0.0;0.4478908990415674;0.0;0.0
300193;XS2228897158;2168509.0000000126;2.6823013083704192;2.6823013083704192;2133.829651167472;-37787.196435885206;;0.0;0.0;XS2228897158;Bond;2130721.8035641275;0.0025;2.675687965516881;0.0;2.6823013083704192;0.0;0.0
300193;XS2229470146;2156609.1782082696;7.187456085992342;7.187456085992343;12901.462015316014;-93244.57979059403;;0.0;0.0;XS2229470146;Bond;2063364.5984176756;0.0025;7.167047642728831;0.0;7.187456085992343;0.0;0.0
300193;XS2231165668;6244011.732876768;2.3481210272054707;2.3481210272054707;4910.268288091248;-95220.5489519382;;0.0;0.0;XS2231165668;Bond;6148791.1839248305;0.0025;2.342245298342516;0.0;2.3481210272054707;0.0;0.0
300193;XS2231331344;848467.2603252749;6.919438727208171;6.9194387272081705;4745.790684404326;-35247.57314927968;;0.0;0.0;XS2231331344;Bond;813219.6871759952;0.0025;6.899301076681532;0.0;6.9194387272081705;0.0;0.0
300193;XS2232115423;828874.7945215503;6.314075669403663;6.314075669403663;3882.0448993337704;-34100.10699108252;;0.0;0.0;XS2232115423;Bond;794774.6875304678;0.0025;6.296656752743986;0.0;6.314075669403663;0.0;0.0
300193;XS2236363573;1950115.0684931683;3.2542432835661907;3.2542432835661903;-8998.968937709898;-38074.420673890374;;0.0;0.0;XS2236363573;Bond;1912040.647819278;0.0025;3.396083120970253;0.0;3.2542432835661903;0.0;0.0
300193;XS2238787415;5404759.599961977;0.5288153087725838;0.528815308772584;429.76147065483633;-17147.155114399924;;0.0;0.0;XS2238787415;Bond;5387612.444847577;0.0025;0.5275265385472826;0.0;0.528815308772584;0.0;0.0
300193;XS2242921711;2878168.2465758338;3.415659140438936;3.415659140438936;4334.744563636356;-58955.962017986065;;0.0;0.0;XS2242921711;Bond;2819212.284557848;0.0025;3.407174020251443;0.0;3.415659140438936;0.0;0.0
300193;XS2265371042;1396197.7397260447;2.831396102269211;2.8313961022692107;1506.0163383045792;-26455.252482110787;;0.0;0.0;XS2265371042;Bond;1369742.4872439338;0.0025;2.8244717250752824;0.0;2.8313961022692107;0.0;0.0
300193;XS2280835260;2909847.2602813346;5.920406674847904;5.920406674847904;12029.19997843082;-111713.13138514211;;0.0;0.0;XS2280835260;Bond;2798134.1288961926;0.0025;5.9046856458374855;0.0;5.920406674847904;0.0;0.0
300193;XS2282094494;4124711.835438678;0.7659832483497426;0.7659832483497426;549.7913064260973;-19459.59939897371;;0.0;0.0;XS2282094494;Bond;4105252.236039704;0.0025;0.7641177728796726;0.0;0.7659832483497426;0.0;0.0
300193;XS2282195176;938925.616438361;2.686587554046744;2.686587554046744;925.4438471107921;-16886.694248064006;;0.0;0.0;XS2282195176;Bond;922038.922190297;0.0025;2.6799909037420107;0.0;2.686587554046744;0.0;0.0
300193;XS2286012849;2198408.986301434;5.434238852208297;5.434238852208297;7745.78090633531;-77426.09648211148;;0.0;0.0;XS2286012849;Bond;2120982.8898193226;0.0025;5.419982293141934;0.0;5.434238852208297;0.0;0.0
300193;XS2292263121;1048221.6657539976;4.646952564907592;4.646952564907592;2750.364962559368;-32747.580752480753;;0.0;0.0;XS2292263121;Bond;1015474.0850015169;0.0025;4.63534200846273;0.0;4.646952564907592;0.0;0.0
300193;XS2299135819;3209430.6505663176;0.8423690728898322;0.8423690728898322;490.66426224965886;-33681.386267896385;;0.0;0.0;XS2299135819;Bond;3175749.2642984213;0.0025;0.8403209863609975;0.0;0.8423690728898322;0.0;0.0
300193;XS2303927227;7236320.712328778;2.809512261013987;2.8095122610139875;7696.6402898836495;-122082.29307625178;;0.0;0.0;XS2303927227;Bond;7114238.419252526;0.0025;2.8026553493946116;0.0;2.8095122610139875;0.0;0.0
300193;XS2304340263;3844098.739726028;1.899672790762049;1.899672790762049;2098.2619270359114;-43798.736879291435;;0.0;0.0;XS2304340263;Bond;3800300.0028467365;0.0025;1.8950486885840465;0.0;1.899672790762049;0.0;0.0
300193;XS2307573993;3027304.999784789;0.894383020877966;0.894383020877966;506.00697550651125;-16720.67638237297;;0.0;0.0;XS2307573993;Bond;3010584.323402416;0.0025;0.8922041316111575;0.0;0.894383020877966;0.0;0.0
300193;XS2307768734;5919424.46712329;2.060002284182989;2.060002284182989;3714.8694465215417;-73126.6690995685;;0.0;0.0;XS2307768734;Bond;5846297.798023721;0.0025;2.054921989148992;0.0;2.060002284182989;0.0;0.0
300193;XS2314267449;877334.383567863;5.686191005135969;5.686191005135969;3356.4432596660517;-29892.121184913478;;0.0;0.0;XS2314267449;Bond;847442.2623829496;0.0025;5.671379710027686;0.0;5.686191005135969;0.0;0.0
300193;XS2319954710;3889854.794520549;1.4193236542901222;1.4193236542901222;1320.9912408385096;-68618.90590081556;;0.0;0.0;XS2319954710;Bond;3821235.8886197335;0.0025;1.4158698755354207;0.0;1.4193236542901222;0.0;0.0
300193;XS2323295563;2821355.6545837778;0.9696952704211224;0.9696952704211228;531.3180090643823;-16557.1063345711;;0.0;0.0;XS2323295563;Bond;2804798.5482492065;0.0025;0.967338039948475;0.0;0.9696952704211228;0.0;0.0
300193;XS2324836878;1021423.534246586;2.908993615142069;2.908993615142069;1154.740448734295;-17836.64743311703;;0.0;0.0;XS2324836878;Bond;1003586.886813469;0.0025;2.901886207279274;0.0;2.908993615142069;0.0;0.0
300193;XS2325562424;6743077.719931311;0.4910347756753025;0.4910347756753025;485.1064432288161;-19841.27526357871;;0.0;0.0;XS2325562424;Bond;6723236.444667732;0.0025;0.48983902858320255;0.0;0.4910347756753025;0.0;0.0
300193;XS2325733413;11683782.904109592;1.93603002129167;1.93603002129167;6585.956108260398;-136133.5303942355;;0.0;0.0;XS2325733413;Bond;11547649.373715356;0.0025;1.9313084633994264;0.0;1.93603002129167;0.0;0.0
300193;XS2338643740;5797331.178082193;1.5348039473827506;1.5348039473827504;2234.03754828766;-59413.71453696432;;0.0;0.0;XS2338643740;Bond;5737917.463545229;0.0025;1.5310591001225191;0.0;1.5348039473827504;0.0;0.0
300193;XS2342059784;5721598.7827777015;0.1150684931506849;0.115883989907388;7.57585230104496;-4279.442377255652;;0.0;0.0;XS2342059784;Bond;5717319.340400446;0.0025;0.11506849305565418;0.0;0.115883989907388;0.0;0.0
300193;XS2342732562;1374869.5780820502;2.5147778987887635;2.5147778987887635;1220.6374095904007;-21745.62434786519;;0.0;0.0;XS2342732562;Bond;1353123.953734185;0.0025;2.508392655746735;0.0;2.5147778987887635;0.0;0.0
300193;XS2343340852;22202489.178082194;1.5831720512307408;1.583172051230741;8994.234933501491;-234916.14035057038;;0.0;0.0;XS2343340852;Bond;21967573.037731625;0.0025;1.5793106281952767;0.0;1.583172051230741;0.0;0.0
300193;XS2343459074;5835616.438356163;1.3375887407712237;1.3375887407712237;1805.6621664541688;-96442.44117110161;;0.0;0.0;XS2343459074;Bond;5739173.997185062;0.0025;1.3343260753304316;0.0;1.3375887407712237;0.0;0.0
300193;XS2346206902;11249692.146575345;1.743211341511944;1.743211341511944;5333.265209135343;-127495.91583384546;;0.0;0.0;XS2346206902;Bond;11122196.230741499;0.0025;1.7389562811724564;0.0;1.743211341511944;0.0;0.0
300193;XS2348325221;4832931.1643853765;2.6323612744772604;2.6323612744772604;4597.161127946443;-76318.38298399551;;0.0;0.0;XS2348325221;Bond;4756612.781401381;0.0025;2.625904190844002;0.0;2.6323612744772604;0.0;0.0
300193;XS2353366268;3563670.205479454;2.1216070752612057;2.1216070752612057;2353.3645364670774;-50592.552868307655;;0.0;0.0;XS2353366268;Bond;3513077.652611146;0.0025;2.116350700855274;0.0;2.1216070752612057;0.0;0.0
300193;XS2354444023;6466548.0;0.7770925119481797;0.7770925119481797;880.2951716601832;-30082.735627397262;;0.0;0.0;XS2354444023;Bond;6436465.264372603;0.0025;0.7751989284435972;0.0;0.7770925119481797;0.0;0.0
300193;XS2356040357;2001162.7945205772;3.63340364668385;3.63340364668385;3365.6510284523474;-43582.161830930934;;0.0;0.0;XS2356040357;Bond;1957580.6326896462;0.0025;3.6243615095185517;0.0;3.63340364668385;0.0;0.0
300193;XS2369906644;1455995.5890410964;7.683322265773265;7.683322265773265;9942.696196857138;-73290.34695108984;;0.0;0.0;XS2369906644;Bond;1382705.2420900066;0.0025;7.6601859796639005;0.0;7.683322265773265;0.0;0.0
300193;XS2381261424;1327545.205488342;6.130201162109487;6.130201162109487;5920.106273858909;-101709.59635151777;;0.0;0.0;XS2381261424;Bond;1225835.6091368243;0.0025;6.112663613935499;0.0;6.130201162109487;0.0;0.0
300193;XS2381853279;5947663.835616622;3.3087090626120244;3.3087090626120244;8443.724670284852;-117957.65634154715;;0.0;0.0;XS2381853279;Bond;5829706.179275075;0.0025;3.300586181787065;0.0;3.3087090626120244;0.0;0.0
300193;XS2382849888;5459487.945197512;0.4132897274306232;0.4132897274306232;312.84756411985273;-15069.682478867113;;0.0;0.0;XS2382849888;Bond;5444418.262718645;0.0025;0.41228416185878924;0.0;0.4132897274306232;0.0;0.0
300193;XS2384269101;7437804.361643837;1.3992466707169573;1.3992466707169575;2472.273709486217;-69415.23733340658;;0.0;0.0;XS2384269101;Bond;7368389.12431043;0.0025;1.3958315751607469;0.0;1.3992466707169575;0.0;0.0
300193;XS2384274366;2871807.230137001;3.293843058628874;3.293843058628874;4058.248172230168;-56691.757115025684;;0.0;0.0;XS2384274366;Bond;2815115.4730219753;0.0025;3.2856382161827473;0.0;3.293843058628874;0.0;0.0
300193;XS2384274440;2348234.8767123297;3.488662514848469;3.488662514848469;3663.334991440762;-49168.87055834106;;0.0;0.0;XS2384274440;Bond;2299066.0061539887;0.0025;3.480088487115845;0.0;3.488662514848469;0.0;0.0
300193;XS2384723263;2194690.0109613254;4.2922214124632045;4.2922214124632045;4975.458584501603;-56484.03345644631;;0.0;0.0;XS2384723263;Bond;2138205.9775048792;0.0025;4.281603226793598;0.0;4.2922214124632045;0.0;0.0
300193;XS2385397901;5487675.000000001;1.4200628350701148;1.4200628350701148;1865.8824742654851;-46818.13684931508;;0.0;0.0;XS2385397901;Bond;5440856.863150686;0.0025;1.4166039487627948;0.0;1.4200628350701148;0.0;0.0
300193;XS2386877133;6366423.137039535;4.313674854927917;4.313674854927916;14567.023097166391;-178303.09579804406;;0.0;0.0;XS2386877133;Bond;6188120.04124149;0.0025;4.302991791298478;0.0;4.313674854927916;0.0;0.0
300193;XS2388182573;3625830.2684995616;4.295322687009909;4.29532268700991;8255.156142208265;-93308.89392990735;;0.0;0.0;XS2388182573;Bond;3532521.3745696545;0.0025;4.284528104869477;0.0;4.29532268700991;0.0;0.0
300193;XS2388449758;1754947.2328768885;3.3475032346347056;3.3475032346347056;2549.4232464079605;-39330.18942143666;;0.0;0.0;XS2388449758;Bond;1715617.0434554517;0.0025;3.3392000169841807;0.0;3.3475032346347056;0.0;0.0
300193;XS2389343380;3999910.684932304;4.288378936122984;4.288378936122984;9076.88196625723;-115270.39287810815;;0.0;0.0;XS2389343380;Bond;3884640.292054196;0.0025;4.2776226418326635;0.0;4.288378936122984;0.0;0.0
300193;XS2390506546;7129789.041095898;2.41301021317456;2.41301021317456;5833.734477711645;-115252.71429444016;;0.0;0.0;XS2390506546;Bond;7014536.326801457;0.0025;2.407111264196697;0.0;2.41301021317456;0.0;0.0
300193;XS2393236000;6650999.041095956;3.401635762861614;3.401635762861614;9920.251287782145;-135626.21640455246;;0.0;0.0;XS2393236000;Bond;6515372.824691404;0.0025;3.3932750016737163;0.0;3.401635762861614;0.0;0.0
300193;XS2397367421;1791464.5206370284;7.97178846029751;7.97178846029751;13045.249376772304;-86029.69063908588;;0.0;0.0;XS2397367421;Bond;1705434.8299979426;0.0025;7.948614713337395;0.0;7.97178846029751;0.0;0.0
300193;XS2400445289;4952116.7671232885;1.5313822809873916;1.5313822809873916;1903.294100684126;-45523.077701743314;;0.0;0.0;XS2400445289;Bond;4906593.689421545;0.0025;1.5276366226204725;0.0;1.5313822809873916;0.0;0.0
300193;XS2403444677;7808279.315068786;3.457171426854025;3.457171426854025;12007.468702154496;-180832.4101782411;;0.0;0.0;XS2403444677;Bond;7627446.904890545;0.0025;3.4486068430506083;0.0;3.457171426854025;0.0;0.0
300193;XS2404642923;3804634.882192053;3.894709001702216;3.894709001702216;7304.89939595912;-96224.06940649202;;0.0;0.0;XS2404642923;Bond;3708410.8127855607;0.0025;3.884630894448145;0.0;3.894709001702216;0.0;0.0
300193;XS2405875480;2067030.4794537544;4.461655244025204;4.461655244025204;5031.557082885889;-55279.14426492712;;0.0;0.0;XS2405875480;Bond;2011751.3351888272;0.0025;4.450566265744402;0.0;4.461655244025204;0.0;0.0
300193;XS2406569579;2149950.6849314594;9.389074917384539;9.389074917384539;21627.302149862702;-121844.76427357129;;0.0;0.0;XS2406569579;Bond;2028105.920657888;0.0025;9.357975710943013;0.0;9.389074917384539;0.0;0.0
300193;XS2406914346;2703061.2542465776;1.661798217362416;1.661798217362416;1184.7667093140867;-27009.834132758904;;0.0;0.0;XS2406914346;Bond;2676051.4201138187;0.0025;1.657744512274251;0.0;1.661798217362416;0.0;0.0
300193;XS2407010656;4261194.047945342;2.7607795050521142;2.7607795050521142;4402.801819005824;-70630.59764057424;;0.0;0.0;XS2407010656;Bond;4190563.4503047676;0.0025;2.754003465087597;0.0;2.7607795050521142;0.0;0.0
300193;XS2407357768;6616637.243714156;0.6041037167824151;0.6041037167824154;631.4506244738042;-26629.698934290675;;0.0;0.0;XS2407357768;Bond;6590007.544779865;0.0025;0.602630225830904;0.0;0.6041037167824154;0.0;0.0
300193;XS2407529309;6632140.410958942;2.5172462036755308;2.5172462036755308;5850.536904939001;-206879.85015690056;;0.0;0.0;XS2407529309;Bond;6425260.560802042;0.0025;2.5110337965074545;0.0;2.5172462036755308;0.0;0.0
300193;XS2407955827;662452.4931803885;7.252494869437383;7.252494869437386;3998.5100856762256;-28769.970721562575;;0.0;0.0;XS2407955827;Bond;633682.5224588258;0.0025;7.233093580316294;0.0;7.252494869437386;0.0;0.0
300193;XS2407985220;2303280.0000000005;1.589517101276448;1.5895171012764484;938.9260932589655;-21997.901589041103;;0.0;0.0;XS2407985220;Bond;2281282.0984109594;0.0025;1.5856423279254268;0.0;1.5895171012764484;0.0;0.0
300193;XS2411311652;1008832.6630137505;3.578059116250261;3.578059116250262;1648.1958201905215;-21679.1091498709;;0.0;0.0;XS2411311652;Bond;987153.5538638795;0.0025;3.5692212508071965;0.0;3.578059116250262;0.0;0.0
300193;XS2430951660;3579156.88493151;1.7713835762840144;1.7713835762840144;1742.6781344642743;-42371.252066544286;;0.0;0.0;XS2430951660;Bond;3536785.6328649656;0.0025;1.7670556689876735;0.0;1.7713835762840144;0.0;0.0
300193;XS2431029441;2635684.931620344;6.467417167636068;6.467417167636068;13271.28139440552;-212932.5025379219;;0.0;0.0;XS2431029441;Bond;2422752.429082422;0.0025;6.446105114926136;0.0;6.467417167636068;0.0;0.0
300193;XS2431319107;3366320.000013801;7.717569374832123;7.717569374832125;23709.69364149375;-171370.12888300885;;0.0;0.0;XS2431319107;Bond;3194949.871130792;0.0025;7.690391354943186;0.0;7.717569374832125;0.0;0.0
300193;XS2432130610;4932842.465753426;1.6840366302880914;1.6840366302880914;2230.7382108177626;-51866.36979820268;;0.0;0.0;XS2432130610;Bond;4880976.095955223;0.0025;1.6798210372061244;0.0;1.6840366302880914;0.0;0.0
300193;XS2432293756;4787805.000002272;5.4730689222308175;5.4730689222308175;17100.762868447586;-156846.56442941958;;0.0;0.0;XS2432293756;Bond;4630958.435572853;0.0025;5.458661796649342;0.0;5.4730689222308175;0.0;0.0
300193;XS2433141947;4505112.945362872;6.221819058810548;6.221819058810548;20746.760955595404;-188824.69490897356;;0.0;0.0;XS2433141947;Bond;4316288.250453899;0.0025;6.203467667424353;0.0;6.221819058810548;0.0;0.0
300193;XS2434787235;2452731.7808219176;8.015896823710332;8.015896823710332;18250.2109657978;-132524.1624924113;;0.0;0.0;XS2434787235;Bond;2320207.6183295064;0.0025;7.990514099703337;0.0;8.015896823710332;0.0;0.0
300193;XS2441247041;3524690.0000000214;4.713487024176322;4.713487024176322;9578.712650141693;-100307.46131631991;;0.0;0.0;XS2441247041;Bond;3424382.5386837013;0.0025;4.701089316848839;0.0;4.713487024176322;0.0;0.0
300193;XS2442765124;2477226.98630137;8.083678085376016;8.083678085376016;18661.575104306776;-121078.831956018;;0.0;0.0;XS2442765124;Bond;2356148.154345352;0.0025;8.058711414297116;0.0;8.083678085376016;0.0;0.0
300193;XS2443920751;2866141.0958920363;4.54542037885759;4.54542037885759;7316.023654491909;-87762.00031668718;;0.0;0.0;XS2443920751;Bond;2778379.095575349;0.0025;4.533258263423795;0.0;4.54542037885759;0.0;0.0
300193;XS2444286145;4737072.602740008;3.6942297633436736;3.6942297633436736;8250.735628507897;-105140.73271319439;;0.0;0.0;XS2444286145;Bond;4631931.870026814;0.0025;3.684804666902657;0.0;3.6942297633436736;0.0;0.0
300193;XS2446844594;2120373.465754433;4.673449886705088;4.673449886705088;5656.157471894998;-59402.41957270412;;0.0;0.0;XS2446844594;Bond;2060971.046181729;0.0025;4.661364499129907;0.0;4.673449886705088;0.0;0.0
300193;XS2446846888;1739313.205484243;8.991629434746283;8.991629434746283;16154.791722319213;-94777.46910290293;;0.0;0.0;XS2446846888;Bond;1644535.73638134;0.0025;8.961552206174202;0.0;8.991629434746283;0.0;0.0
300193;XS2448014808;3942849.534247878;3.735757642238272;3.735757642238272;6831.339267399465;-95888.93295260175;;0.0;0.0;XS2448014808;Bond;3846960.601295276;0.0025;3.727332620404838;0.0;3.735757642238272;0.0;0.0
300193;XS2452434645;2098713.136993306;5.499034220299449;5.499034220299449;5729.383190323309;-69156.89197044;;0.0;0.0;XS2452434645;Bond;2029556.2450228662;0.0025;5.506383898656626;0.0;5.499034220299449;0.0;0.0
300193;XS2452435295;868321.5068493153;7.933904918457686;7.933904918457686;5736.011417148176;-41847.2896501183;;0.0;0.0;XS2452435295;Bond;826474.2171991969;0.0025;7.926125504697395;0.0;7.933904918457686;0.0;0.0
300193;XS2455983861;1854496.1917994388;6.428058426995936;6.428058426995936;9030.99850053051;-71413.05618338534;;0.0;0.0;XS2455983861;Bond;1783083.1356160534;0.0025;6.409613629560306;0.0;6.428058426995936;0.0;0.0
300193;XS2456839369;1685627.424657534;7.923772922775243;7.923772922775243;12446.087064624866;-87894.59013722211;;0.0;0.0;XS2456839369;Bond;1597732.834520312;0.0025;7.896147054843162;0.0;7.923772922775243;0.0;0.0
300193;XS2459544339;2959079.095890881;4.14084707978901;4.14084707978901;6408.437546470566;-73476.50710161137;;0.0;0.0;XS2459544339;Bond;2885602.58878927;0.0025;4.129571454512584;0.0;4.14084707978901;0.0;0.0
300193;XS2461234622;1815203.4684933596;3.741727581624605;3.741727581624605;3244.19784715871;-45578.69865199138;;0.0;0.0;XS2461234622;Bond;1769624.7698413683;0.0025;3.7320479830049478;0.0;3.741727581624605;0.0;0.0
300193;XS2462321485;1938146.0410974089;8.959219836853908;8.959219836853908;17977.4181613336;-105461.53387191264;;0.0;0.0;XS2462321485;Bond;1832684.5072254962;0.0025;8.927999522434995;0.0;8.959219836853908;0.0;0.0
300193;XS2462324828;1218471.6575457696;4.6549803290570715;4.6549803290570715;3247.458614832789;-34330.64894419253;;0.0;0.0;XS2462324828;Bond;1184141.008601577;0.0025;4.642522680888332;0.0;4.6549803290570715;0.0;0.0
300193;XS2462325122;1233227.0136986305;7.897405894384189;7.897405894384189;9070.743075574494;-59291.107407841;;0.0;0.0;XS2462325122;Bond;1173935.9062907896;0.0025;7.869446178750985;0.0;7.897405894384189;0.0;0.0
300193;XS2463518998;2844154.027412292;5.555287920696745;5.555287920696745;2021.4317954139576;-95506.79908382043;;0.0;0.0;XS2463518998;Bond;2748647.2283284715;0.0025;5.614672675872728;0.0;5.555287920696745;0.0;0.0
300193;XS2466368938;4012698.4109589113;3.9141595339525432;3.9141595339525432;7838.248572475905;-94156.3004505458;;0.0;0.0;XS2466368938;Bond;3918542.1105083656;0.0025;3.9036271211470415;0.0;3.9141595339525432;0.0;0.0
300193;XS2466401572;5055361.232890776;8.01180848632962;8.01180848632962;38636.50141667012;-245959.26467109667;;0.0;0.0;XS2466401572;Bond;4809401.96821968;0.0025;7.981214207866546;0.0;8.01180848632962;0.0;0.0
300193;XS2484587048;4877221.232887228;5.3781986167896765;5.378198616789676;17548.068490391706;-158461.68709678363;;0.0;0.0;XS2484587048;Bond;4718759.545790444;0.0025;5.360562057060526;0.0;5.378198616789676;0.0;0.0
300193;XS2487667276;2515433.561643836;0.8163625784976347;0.8163625784976347;367.6039083971253;-13796.980795646465;;0.0;0.0;XS2487667276;Bond;2501636.5808481895;0.0025;0.8143752135743358;0.0;0.8163625784976347;0.0;0.0
300193;XS2491029380;3170831.342470338;4.647053500606012;4.647053500606012;-13774.924564188635;-88313.57689410541;;0.0;0.0;XS2491029380;Bond;3082517.7655762327;0.0025;4.809647835553394;0.0;4.647053500606012;0.0;0.0
300193;XS2517103334;1637757.6438705071;6.368771085147888;6.368771085147888;6249.2436760356295;-63327.958860437546;;0.0;0.0;XS2517103334;Bond;1574429.6850100695;0.0025;6.374780906746272;0.0;6.368771085147888;0.0;0.0
300193;XS2521820048;2684404.726027431;2.2334832685032944;2.2334832685032957;1947.1775939209704;-35954.11834242768;;0.0;0.0;XS2521820048;Bond;2648450.6076850034;0.0025;2.227820221676719;0.0;2.2334832685032957;0.0;0.0
300193;XS2527421668;3874904.767123352;3.111341906869112;3.111341906869112;5051.120519773192;-73032.06507712274;;0.0;0.0;XS2527421668;Bond;3801872.702046229;0.0025;3.1029543527949395;0.0;3.111341906869112;0.0;0.0
300193;XS2527451905;3018080.9589084736;4.059465198424409;4.059465198424409;6362.603404617126;-81972.58563054318;;0.0;0.0;XS2527451905;Bond;2936108.3732779305;0.0025;4.047959294207153;0.0;4.059465198424409;0.0;0.0
300193;XS2531420656;5672730.890411136;3.4572301957319533;3.4572301957319533;8898.674658032502;-119506.7336122623;;0.0;0.0;XS2531420656;Bond;5553224.156798873;0.0025;3.4478944067473107;0.0;3.4572301957319533;0.0;0.0
300193;XS2531420730;1723628.835616459;2.1894710384599887;2.1894710384599887;1213.5159499848626;-22629.41822239013;;0.0;0.0;XS2531420730;Bond;1700999.4173940688;0.0025;2.183854318561846;0.0;2.1894710384599887;0.0;0.0
300193;XS2532312548;2028469.3150692647;3.952100507124943;3.952100507124943;4082.057199175355;-48195.64815247462;;0.0;0.0;XS2532312548;Bond;1980273.6669167902;0.0025;3.940838677758011;0.0;3.952100507124943;0.0;0.0
300193;XS2535309798;2293058.095951298;7.7960597254016655;7.7960597254016655;17103.460007590213;-109798.1602633728;;0.0;0.0;XS2535309798;Bond;2183259.935687925;0.0025;7.761536112242543;0.0;7.7960597254016655;0.0;0.0
300193;XS2537251170;1781796.7808276874;4.739820160315507;4.739820160315507;2117.676484996329;-55772.99093545036;;0.0;0.0;XS2537251170;Bond;1726023.789892237;0.0025;4.766272243703157;0.0;4.739820160315507;0.0;0.0
300193;XS2553817763;3677470.041226412;6.538146243190507;6.538146243190507;19189.25466844905;-146815.599976864;;0.0;0.0;XS2553817763;Bond;3530654.441249548;0.0025;6.514563165578405;0.0;6.538146243190507;0.0;0.0
300193;XS2554489513;2997697.2602763115;4.380287552829357;4.380287552829357;7528.085808154643;-81639.50535370567;;0.0;0.0;XS2554489513;Bond;2916057.754922606;0.0025;4.365472611656682;0.0;4.380287552829357;0.0;0.0
300193;XS2554745708;2786763.698702394;6.191525904850742;6.191525904850744;13558.150813515893;-116216.0614318964;;0.0;0.0;XS2554745708;Bond;2670547.6372704976;0.0025;6.1657334944812225;0.0;6.191525904850744;0.0;0.0
300193;XS2555187801;8620362.328768516;4.02829127107908;4.02829127107908;18305.236549464305;-233280.90140302264;;0.0;0.0;XS2555187801;Bond;8387081.427365493;0.0025;4.015771895783495;0.0;4.02829127107908;0.0;0.0
300193;XS2555220941;4854047.054808198;5.485286332526921;5.485286332526921;18407.152394472767;-163523.42917153775;;0.0;0.0;XS2555220941;Bond;4690523.62563666;0.0025;5.465704126986903;0.0;5.485286332526921;0.0;0.0
300193;XS2555918270;6278145.547945205;1.542467124360174;1.542467124360174;2469.2568927657103;-64452.88777441592;;0.0;0.0;XS2555918270;Bond;6213692.660170789;0.0025;1.5385823885557377;0.0;1.542467124360174;0.0;0.0
300193;XS2557084733;4079328.1095890407;7.67981944287058;7.679819442870583;30145.260454084106;-210633.26803577348;;0.0;0.0;XS2557084733;Bond;3868694.841553267;0.0025;7.642524480368657;0.0;7.679819442870583;0.0;0.0
300193;XS2557526345;4692000.000251197;7.820409086265083;7.820409086265083;35297.3414071609;-225350.08977581764;;0.0;0.0;XS2557526345;Bond;4466649.91047538;0.0025;7.785234143522543;0.0;7.820409086265083;0.0;0.0
300193;XS2558022591;8116305.555556317;2.8055254039108255;2.8055254039108255;8595.419989100837;-282314.0146118986;;0.0;0.0;XS2558022591;Bond;7833991.540944418;0.0025;2.798727058425716;0.0;2.8055254039108255;0.0;0.0
300193;XS2558966953;6976231.76732114;6.465166506988806;6.465166506988805;35786.62411374294;-275656.6778942194;;0.0;0.0;XS2558966953;Bond;6700575.08942692;0.0025;6.441417629665356;0.0;6.465166506988805;0.0;0.0
300193;XS2561748711;5169239.041104201;5.006241303366791;5.006241303366791;16251.946732852057;-173724.24749766185;;0.0;0.0;XS2561748711;Bond;4995514.793606539;0.0025;4.990298114346793;0.0;5.006241303366791;0.0;0.0
300193;XS2572996606;5209285.6164406445;4.279280781822425;4.279280781822427;12171.990615910749;-149611.57274250692;;0.0;0.0;XS2572996606;Bond;5059674.043698138;0.0025;4.2666465173698915;0.0;4.279280781822427;0.0;0.0
300193;XS2573569576;5257705.4794537285;4.27475089310184;4.27475089310184;12274.567729581418;-150714.73412116896;;0.0;0.0;XS2573569576;Bond;5106990.74533256;0.0025;4.262069970992213;0.0;4.27475089310184;0.0;0.0
300193;XS2574873183;2839062.3013698626;7.8656218137600895;7.8656218137600895;21632.53533578357;-137341.29603355489;;0.0;0.0;XS2574873183;Bond;2701721.005336308;0.0025;7.829801687186424;0.0;7.8656218137600895;0.0;0.0
300193;XS2575556589;5115862.328776611;5.048499716285273;5.048499716285273;16221.986432471842;-157147.1754417102;;0.0;0.0;XS2575556589;Bond;4958715.153334901;0.0025;5.032945108040206;0.0;5.048499716285273;0.0;0.0
300193;XS2576067081;4021083.780821916;7.747273988276226;7.747273988276226;29977.95305401529;-191980.56351445848;;0.0;0.0;XS2576067081;Bond;3829103.2173074577;0.0025;7.710944815071923;0.0;7.747273988276226;0.0;0.0
300193;XS2576245281;4003873.0273974272;3.3564911002990656;3.3564911002990656;5959.754625715144;-81222.55149932686;;0.0;0.0;XS2576245281;Bond;3922650.4758981005;0.0025;3.3474437463495916;0.0;3.3564911002990656;0.0;0.0
300193;XS2577826386;1454921.2328811004;5.218994875259851;5.218994875259852;5052.407590093429;-51111.00698785292;;0.0;0.0;XS2577826386;Bond;1403810.2258932474;0.0025;5.200273817236085;0.0;5.218994875259852;0.0;0.0
300193;XS2580221658;3186020.54794531;2.7308528132583447;2.7308528132583447;3345.6538472976954;-54253.152692611686;;0.0;0.0;XS2580221658;Bond;3131767.395252698;0.0025;2.7232440987128568;0.0;2.7308528132583447;0.0;0.0
300193;XS2580271752;976869.863016544;11.984282110064116;11.984282110064116;18335.0372082102;-78415.17918705753;;0.0;0.0;XS2580271752;Bond;898454.6838294865;0.0025;11.874110386860387;0.0;11.984282110064116;0.0;0.0
300193;XS2582814039;3366981.409987265;5.119091919955518;5.119091919955517;11265.352194802534;-105338.49763912105;;0.0;0.0;XS2582814039;Bond;3261642.9123481438;0.0025;5.100958889647772;0.0;5.119091919955517;0.0;0.0
300193;XS2583742239;9322892.657549277;5.068082240965444;5.068082240965443;29822.064862529853;-287892.87576400035;;0.0;0.0;XS2583742239;Bond;9034999.781785276;0.0025;5.052325896151745;0.0;5.068082240965443;0.0;0.0
300193;XS2583742668;2541209.369862976;12.252772005047833;12.252772005047833;41596.89188848581;-190641.82556736906;;0.0;0.0;XS2583742668;Bond;2350567.544295607;0.0025;12.218874675793584;0.0;12.252772005047833;0.0;0.0
300193;XS2585932275;12224341.578104593;3.8684549088001616;3.8684549088001616;14503.213593467444;-310618.33109078044;;0.0;0.0;XS2585932275;Bond;11913723.247013813;0.0025;3.8762067462743146;0.0;3.8684549088001616;0.0;0.0
300193;XS2588859376;2605632.38356162;12.442470847379717;12.442470847379717;52210.773940933504;-199529.81480727688;;0.0;0.0;XS2588859376;Bond;2406102.5687543433;0.0025;12.328567067059776;0.0;12.442470847379717;0.0;0.0
300193;XS2590758665;4384472.04109724;5.052387557715385;5.052387557715385;14370.443188930936;-135493.5358018518;;0.0;0.0;XS2590758665;Bond;4248978.5052953875;0.0025;5.034264691523389;0.0;5.052387557715385;0.0;0.0
300193;XS2597113989;5909440.956164382;1.843950143360904;1.843950143360904;3091.794025467112;-72898.68289403727;;0.0;0.0;XS2597113989;Bond;5836542.273270345;0.0025;1.8393706314943576;0.0;1.843950143360904;0.0;0.0
300193;XS2597114284;3400973.3260343214;5.132069934792016;5.132069934792017;11253.04764673614;-117494.56120874091;;0.0;0.0;XS2597114284;Bond;3283478.7648255806;0.0025;5.115195972182923;0.0;5.132069934792017;0.0;0.0
300193;XS2598331242;5387231.1643836815;2.8342457292397976;2.8342457292397976;6090.792213034062;-102331.86581684106;;0.0;0.0;XS2598331242;Bond;5284899.298566841;0.0025;2.8260631540050993;0.0;2.8342457292397976;0.0;0.0
300193;XS2613162424;1592305.2740436487;5.099798168098062;5.099798168098062;5291.972210480654;-53760.712480149115;;0.0;0.0;XS2613162424;Bond;1538544.5615634997;0.0025;5.081731375088478;0.0;5.099798168098062;0.0;0.0
300193;XS2614623978;959562.3698810322;6.410882679029171;6.410882679029171;5036.2721194900205;-37838.28169042562;;0.0;0.0;XS2614623978;Bond;921724.0881906066;0.0025;6.382418485806431;0.0;6.410882679029171;0.0;0.0
300193;XS2616008970;5299147.945213895;4.314019411346555;4.314019411346555;12829.454644631514;-150901.00006106065;;0.0;0.0;XS2616008970;Bond;5148246.945152835;0.0025;4.300020294086866;0.0;4.314019411346555;0.0;0.0
300193;XS2617457127;5398242.465762216;5.0503150721078125;5.050315072107814;17897.228699492338;-169925.7387225732;;0.0;0.0;XS2617457127;Bond;5228316.727039643;0.0025;5.031194761285398;0.0;5.050315072107814;0.0;0.0
300193;XS2618690981;5591479.506849559;2.7916571273121678;2.791657127312168;6128.793987873546;-104416.96781204877;;0.0;0.0;XS2618690981;Bond;5487062.53903751;0.0025;2.7837381204795553;0.0;2.791657127312168;0.0;0.0
300193;XS2621007231;3111494.3835617127;3.265586489744198;3.2655864897441984;4426.79996855418;-62400.932565506424;;0.0;0.0;XS2621007231;Bond;3049093.450996206;0.0025;3.2566785096060853;0.0;3.2655864897441984;0.0;0.0
300193;XS2622275886;10606613.698630136;1.8244454964493493;1.8244454964493493;5566.996318329739;-128005.89990175253;;0.0;0.0;XS2622275886;Bond;10478607.798728382;0.0025;1.8196454785362906;0.0;1.8244454964493493;0.0;0.0
300193;XS2623868994;2491376.219178276;4.031725162781917;4.031725162781917;5220.350130578841;-61084.3547941282;;0.0;0.0;XS2623868994;Bond;2430291.864384148;0.0025;4.019977980998597;0.0;4.031725162781917;0.0;0.0
300193;XS2624938655;6175076.589041096;1.9167778925152672;1.9167778925152672;3506.9805760599347;-72553.79752774953;;0.0;0.0;XS2624938655;Bond;6102522.791513347;0.0025;1.9117648604115285;0.0;1.9167778925152672;0.0;0.0
300193;XS2625194225;3963353.424773857;4.254032537976937;4.254032537976937;9446.22789641861;-103460.19592385847;;0.0;0.0;XS2625194225;Bond;3859893.2288499987;0.0025;4.239689700819558;0.0;4.254032537976937;0.0;0.0
300193;XS2626288257;5008491.342465828;5.022562248030515;5.022562248030515;16340.139108325911;-154513.30746599645;;0.0;0.0;XS2626288257;Bond;4853978.034999832;0.0025;5.004065395809565;0.0;5.022562248030515;0.0;0.0
300193;XS2631867533;5383866.000090783;5.200522491363915;5.200522491363915;18504.63596929872;-170948.59387009824;;0.0;0.0;XS2631867533;Bond;5212917.406220686;0.0025;5.182209737045831;0.0;5.200522491363915;0.0;0.0
300193;XS2634687912;3529389.6000001333;2.8319485540477003;2.8319485540477003;3953.6782184264594;-66544.46882512215;;0.0;0.0;XS2634687912;Bond;3462845.131175011;0.0025;2.823992988991889;0.0;2.8319485540477003;0.0;0.0
300193;XS2634690114;5131888.808221711;5.095169919314048;5.095169919314048;17120.13540958898;-160682.07040035073;;0.0;0.0;XS2634690114;Bond;4971206.73782136;0.0025;5.076671058687217;0.0;5.095169919314048;0.0;0.0
300193;XS2634826031;5433200.00002066;4.498996736729104;4.498996736729104;14269.585846325826;-163834.12287011274;;0.0;0.0;XS2634826031;Bond;5269365.877150548;0.0025;4.483939950965637;0.0;4.498996736729104;0.0;0.0
300193;XS2638080452;4340303.246600407;5.232980685922032;5.23298068592203;15096.826911927114;-138876.4293164724;;0.0;0.0;XS2638080452;Bond;4201426.817283935;0.0025;5.214483690323793;0.0;5.23298068592203;0.0;0.0
300193;XS2643234011;6523136.17808357;4.459901350056891;4.459901350056891;16987.53710416589;-195702.91143143486;;0.0;0.0;XS2643234011;Bond;6327433.266652135;0.0025;4.444523204343953;0.0;4.459901350056891;0.0;0.0
300193;XS2644410214;1869332.054794529;2.581960189675832;2.581960189675832;1744.8993453983594;-29664.37834007847;;0.0;0.0;XS2644410214;Bond;1839667.6764544505;0.0025;2.5752906190358718;0.0;2.581960189675832;0.0;0.0
300193;XS2644417227;2642777.0547945206;1.1767746934380976;1.1767746934380978;679.3516582614955;-20734.14194526583;;0.0;0.0;XS2644417227;Bond;2622042.912849255;0.0025;1.1738101959199934;0.0;1.1767746934380978;0.0;0.0
300193;XS2646608401;2265821.917820599;5.05415880576234;5.05415880576234;7648.59710682069;-197934.13691491188;;0.0;0.0;XS2646608401;Bond;2067887.780905687;0.0025;5.03362913082414;0.0;5.05415880576234;0.0;0.0
300193;XS2667124569;2489395.5479451995;3.7977180360784786;3.797718036078479;4766.219406709952;-117679.58059671524;;0.0;0.0;XS2667124569;Bond;2371715.9673484843;0.0025;3.785909463909641;0.0;3.797718036078479;0.0;0.0
300193;XS2673547746;3153276.1645361204;6.808252974045806;6.808252974045806;18277.1002237495;-131883.96942050406;;0.0;0.0;XS2673547746;Bond;3021392.1951156165;0.0025;6.77922810389634;0.0;6.808252974045806;0.0;0.0
300193;XS2676395317;3205202.8768167235;6.025650582784143;6.025650582784143;14716.280338391152;-119014.88381961922;;0.0;0.0;XS2676395317;Bond;3086187.9929971043;0.0025;6.001637432704398;0.0;6.025650582784143;0.0;0.0
300193;XS2676818482;3561046.3561644023;3.4181909403760447;3.4181909403760447;5487.755397513926;-74307.89341138543;;0.0;0.0;XS2676818482;Bond;3486738.462753017;0.0025;3.4088747291655768;0.0;3.4181909403760447;0.0;0.0
300193;XS2678191904;3087542.205479452;8.152605373330175;8.152605373330175;25720.96930934555;-155296.56229013752;;0.0;0.0;XS2678191904;Bond;2932245.6431893143;0.0025;8.110503698219748;0.0;8.152605373330175;0.0;0.0
300193;XS2678749990;5373132.589041096;6.392249121781439;6.392249121781439;28158.554088863537;-423319.7141840821;;0.0;0.0;XS2678749990;Bond;4949812.874857014;0.0025;6.363385706739163;0.0;6.392249121781439;0.0;0.0
300193;XS2681384041;4269578.24658092;6.881747472091377;6.881747472091379;25174.02240296756;-180481.9441685382;;0.0;0.0;XS2681384041;Bond;4089096.302412382;0.0025;6.852740143589153;0.0;6.881747472091379;0.0;0.0
300193;XS2694995163;1860939.616439264;3.248789054231931;3.248789054231931;2619.403285883863;-39641.18289188401;;0.0;0.0;XS2694995163;Bond;1821298.43354738;0.0025;3.2399863731781666;0.0;3.248789054231931;0.0;0.0
300193;XS2695011978;3766334.79452078;3.3380071927289934;3.3380071927289943;5563.870195298946;-76482.83654674262;;0.0;0.0;XS2695011978;Bond;3689851.957974037;0.0025;3.328931326815466;0.0;3.3380071927289943;0.0;0.0
300193;XS2696749626;4473969.452054794;1.8444030959246136;1.8444030959246136;2399.567156974322;-50836.09147889604;;0.0;0.0;XS2696749626;Bond;4423133.360575898;0.0025;1.8394991619216994;0.0;1.8444030959246136;0.0;0.0
300193;XS2697483118;4804987.342465753;1.4326081198347889;1.4326081198347893;1675.1593490127448;-45843.9203769414;;0.0;0.0;XS2697483118;Bond;4759143.422088811;0.0025;1.4290233025258423;0.0;1.4326081198347893;0.0;0.0
300193;XS2705604234;5443570.547952697;5.479012215401851;5.479012215401852;20775.824594061203;-200951.95809520528;;0.0;0.0;XS2705604234;Bond;5242618.589857492;0.0025;5.4586466428429254;0.0;5.479012215401852;0.0;0.0
300193;XS2711801287;2965977.7397260275;3.3466490555909174;3.3466490555909174;4467.965639465272;-171126.40481325547;;0.0;0.0;XS2711801287;Bond;2794851.334912772;0.0025;3.336989063971346;0.0;3.3466490555909174;0.0;0.0
300193;XS2718201515;2691872.602739767;5.107735443116132;5.107735443116132;8989.463545918898;-84108.43597240999;;0.0;0.0;XS2718201515;Bond;2607764.1667673574;0.0025;5.089470764534489;0.0;5.107735443116132;0.0;0.0
300193;XS2721465271;5560290.370369683;6.812536261304329;6.812536261304329;32521.4479164936;-233525.1568225678;;0.0;0.0;XS2721465271;Bond;5326765.213547115;0.0025;6.782340991506593;0.0;6.812536261304329;0.0;0.0
300193;XS2721621154;1729013.8300209206;6.25912375195897;6.25912375195897;8784.19797581739;-67077.96829225693;;0.0;0.0;XS2721621154;Bond;1661935.8617286636;0.0025;6.230053648412986;0.0;6.25912375195897;0.0;0.0
300193;XS2722162315;5170691.781012284;6.9593024662459495;6.959302466245948;31189.647898626255;-221466.6459397599;;0.0;0.0;XS2722162315;Bond;4949225.135072524;0.0025;6.929582023699358;0.0;6.959302466245948;0.0;0.0
300193;XS2724457457;8878216.23287676;3.476445189450577;3.476445189450577;14169.374529249848;-529825.857610563;;0.0;0.0;XS2724457457;Bond;8348390.375266198;0.0025;3.4667600954647644;0.0;3.476445189450577;0.0;0.0
300193;XS2726263911;5157403.424657534;8.310940796075231;8.31094079607523;44420.69125449043;-264084.90895611467;;0.0;0.0;XS2726263911;Bond;4893318.515701419;0.0025;8.268295256845475;0.0;8.31094079607523;0.0;0.0
300193;XS2732952838;4409440.301371309;3.2724337479551524;3.2724337479551524;6278.492541313332;-86906.78348353627;;0.0;0.0;XS2732952838;Bond;4322533.517887773;0.0025;3.263608925390731;0.0;3.2724337479551524;0.0;0.0
300193;XS2743029840;3765608.0958904102;7.3225270410034735;7.3225270410034735;24777.23521798752;-185321.7454106863;;0.0;0.0;XS2743029840;Bond;3580286.350479724;0.0025;7.292078640810542;0.0;7.3225270410034735;0.0;0.0
300193;XS2743047156;1805231.1643836591;3.2828060198795814;3.2828060198795814;2665.3231872678934;-73892.0069607035;;0.0;0.0;XS2743047156;Bond;1731339.1574229556;0.0025;3.2728369518364997;0.0;3.2828060198795814;0.0;0.0
300193;XS2745726047;2730219.7534379666;5.085384510111579;5.085384510111579;9096.66171373813;-86520.6143648717;;0.0;0.0;XS2745726047;Bond;2643699.139073095;0.0025;5.066741291184359;0.0;5.085384510111579;0.0;0.0
300193;XS2746663074;4290433.479662024;8.483503884396438;8.483503884396438;39208.0726538129;-224467.2817572743;;0.0;0.0;XS2746663074;Bond;4065966.1979047502;0.0025;8.434966292693764;0.0;8.483503884396438;0.0;0.0
300193;XS2747182181;1513252.3972982657;7.347718985354885;7.347718985354885;9938.884647517603;-68209.86018994323;;0.0;0.0;XS2747182181;Bond;1445042.5371083226;0.0025;7.318494016443296;0.0;7.347718985354885;0.0;0.0
300193;XS2747600109;1883537.4109589048;8.553407735067674;8.553407735067672;-1279.0957409437754;-99196.29776954636;;0.0;0.0;XS2747600109;Bond;1784341.1131893585;0.0025;8.753287002119492;0.0;8.553407735067672;0.0;0.0
300193;XS2748213290;1498454.6739759713;4.936488593378028;4.936488593378028;4792.538875987042;-46323.57216234569;;0.0;0.0;XS2748213290;Bond;1452131.1018136255;0.0025;4.917452870384728;0.0;4.936488593378028;0.0;0.0
300193;XS2751666699;3607606.849315068;7.880805306575117;7.88080530657512;27589.8306315362;-174917.76156311668;;0.0;0.0;XS2751666699;Bond;3432689.0877519515;0.0025;7.844880982653624;0.0;7.88080530657512;0.0;0.0
300193;XS2751689048;3000623.068561762;6.241072190398247;6.241072190398247;14630.890846844584;-115213.44788563078;;0.0;0.0;XS2751689048;Bond;2885409.6206761315;0.0025;6.216550872320067;0.0;6.241072190398247;0.0;0.0
300193;XS2754488851;2067479.794520548;4.239398329250986;4.239398329250986;4945.966559423191;-109684.58654376026;;0.0;0.0;XS2754488851;Bond;1957795.2079767878;0.0025;4.224522864985787;0.0;4.239398329250986;0.0;0.0
300193;XS2755535577;2187587.0246725734;5.397414617954921;5.397414617954921;8528.090202966981;-204377.68699447744;;0.0;0.0;XS2755535577;Bond;1983209.337678096;0.0025;5.372784818539396;0.0;5.397414617954921;0.0;0.0
300193;XS2762369549;4550971.232879001;4.998679158260054;4.998679158260054;14384.319614549077;-284512.906386456;;0.0;0.0;XS2762369549;Bond;4266458.326492544;0.0025;4.982128285397063;0.0;4.998679158260054;0.0;0.0
300193;XS2764264789;5032003.425005192;7.313765298900131;7.313765298900134;33136.79826318039;-248212.4896535768;;0.0;0.0;XS2764264789;Bond;4783790.935351615;0.0025;7.282862961042455;0.0;7.313765298900134;0.0;0.0
300193;XS2764455619;1997590.1369863013;8.598706247205772;8.598706247205772;18192.190009224592;-105817.51694028199;;0.0;0.0;XS2764455619;Bond;1891772.6200460193;0.0025;8.555873910063601;0.0;8.598706247205772;0.0;0.0
300193;XS2764880667;1665600.243835616;8.489551373976322;8.489551373976322;14873.766385704948;-87301.89861362356;;0.0;0.0;XS2764880667;Bond;1578298.3452219923;0.0025;8.44648323760156;0.0;8.489551373976322;0.0;0.0
300193;XS2767489391;2478022.945337689;9.421150562406073;9.421150562406073;26899.31121259172;-143717.67263424693;;0.0;0.0;XS2767489391;Bond;2334305.2727034423;0.0025;9.37166700279099;0.0;9.421150562406073;0.0;0.0
300193;XS2769892600;2868223.9726023814;13.116277852335337;13.11627785233534;63235.49873403875;-228041.26725375355;;0.0;0.0;XS2769892600;Bond;2640182.7053486276;0.0025;12.995196764045795;0.0;13.11627785233534;0.0;0.0
300193;XS2770514946;3058010.287907436;8.666106609179804;8.666106609179804;28184.844186313512;-163336.66118151663;;0.0;0.0;XS2770514946;Bond;2894673.6267259195;0.0025;8.623441958303687;0.0;8.666106609179804;0.0;0.0
300193;XS2771494940;3766706.27397518;5.91908020396176;5.91908020396176;16190.478312997964;-136246.10919735968;;0.0;0.0;XS2771494940;Bond;3630460.1647778205;0.0025;5.899211183199709;0.0;5.91908020396176;0.0;0.0
300193;XS2772266693;3509189.178097881;5.951123709434486;5.951123709434488;15226.22457122542;-127713.92608455507;;0.0;0.0;XS2772266693;Bond;3381475.2520133257;0.0025;5.93118944213906;0.0;5.951123709434488;0.0;0.0
300193;XS2774448521;4912852.0547949225;4.100179261198882;4.100179261198882;10686.40962744524;-250925.87382273938;;0.0;0.0;XS2774448521;Bond;4661926.180972183;0.0025;4.08782806926494;0.0;4.100179261198882;0.0;0.0
300193;XS2776890068;4928110.958904048;8.674563604509395;8.674563604509393;45509.83418146976;-263673.0138378835;;0.0;0.0;XS2776890068;Bond;4664437.945066165;0.0025;8.631815184120269;0.0;8.674563604509393;0.0;0.0
300193;XS2777367645;2025828.4931503176;5.079295605349789;5.079295605349788;6528.8045202632175;-63061.240229101924;;0.0;0.0;XS2777367645;Bond;1962767.2529212157;0.0025;5.063224153644176;0.0;5.079295605349788;0.0;0.0
300193;XS2777442281;3143077.3152113007;12.704741950758685;12.704741950758685;66144.40871517092;-246047.37633839654;;0.0;0.0;XS2777442281;Bond;2897029.938872904;0.0025;12.582156271839628;0.0;12.704741950758685;0.0;0.0
300193;XS2778764188;2494196.643835616;8.619162659664502;8.619162659664502;22834.958617073597;-131975.5351042279;;0.0;0.0;XS2778764188;Bond;2362221.108731388;0.0025;8.576006674932076;0.0;8.619162659664502;0.0;0.0
300193;XS2779010300;2564996.520547945;6.7625398963120285;6.7625398963120285;14242.468442091034;-106245.58477721328;;0.0;0.0;XS2779010300;Bond;2458750.935770732;0.0025;6.738054090738276;0.0;6.7625398963120285;0.0;0.0
300193;XS2782109016;2445293.835618176;3.9442749938096986;3.9442749938096986;4970.145147511933;-64741.64614791241;;0.0;0.0;XS2782109016;Bond;2380552.1894702637;0.0025;3.932354883498839;0.0;3.9442749938096986;0.0;0.0
300193;XS2783118131;2616952.3561662054;5.15134988460079;5.1513498846007915;8622.406938636854;-82404.68135331522;;0.0;0.0;XS2783118131;Bond;2534547.67481289;0.0025;5.13532020784735;0.0;5.1513498846007915;0.0;0.0
300193;XS2787827604;1401709.3150684931;8.638371807793165;8.638371807793165;12872.267126476489;-74801.52672584166;;0.0;0.0;XS2787827604;Bond;1326907.7883426514;0.0025;8.595343868759981;0.0;8.638371807793165;0.0;0.0
300193;XS2791960664;3414523.287671213;12.726851608400064;12.726851608400064;61686.34473456813;-266545.00589485833;;0.0;0.0;XS2791960664;Bond;3147978.2817763546;0.0025;12.680136658194376;0.0;12.726851608400064;0.0;0.0
300193;XS2791972248;7204106.959176983;6.772622868118056;6.772622868118055;40378.235013102734;-328601.69683520065;;0.0;0.0;XS2791972248;Bond;6875505.262341782;0.0025;6.747171641783889;0.0;6.772622868118055;0.0;0.0
300193;XS2791973642;3236681.506849743;3.4427336657906222;3.4427336657906222;5204.357891309498;-139146.10602813464;;0.0;0.0;XS2791973642;Bond;3097535.4008216085;0.0025;3.4321664489210577;0.0;3.4427336657906222;0.0;0.0
300193;XS2810794680;4596262.904109587;7.164228467158341;7.16422846715834;29918.141141589385;-219575.30601243986;;0.0;0.0;XS2810794680;Bond;4376687.598097147;0.0025;7.129813093344439;0.0;7.16422846715834;0.0;0.0
300193;XS2813211617;3949951.013391132;12.907044353893482;12.907044353893482;86699.67118762493;-306080.206136127;;0.0;0.0;XS2813211617;Bond;3643870.807255005;0.0025;12.77478493737222;0.0;12.907044353893482;0.0;0.0
300193;XS2817890077;3117180.159443071;7.199925448891028;7.199925448891028;20627.174821541408;-280084.2195265029;;0.0;0.0;XS2817890077;Bond;2837095.9399165683;0.0025;7.164091399484041;0.0;7.199925448891028;0.0;0.0
300193;XS2820460751;3175312.1643880536;7.433856847363175;7.433856847363177;21819.00659373801;-144688.0510856493;;0.0;0.0;XS2820460751;Bond;3030624.113302404;0.0025;7.400226104848339;0.0;7.433856847363177;0.0;0.0
300193;XS2821714735;2785387.6849447764;5.842564409194607;5.842564409194607;12076.736383379392;-108379.3608555623;;0.0;0.0;XS2821714735;Bond;2677008.324089214;0.0025;5.819509630624767;0.0;5.842564409194607;0.0;0.0
300193;XS2821719536;1769813.7534246573;13.077017224541551;13.077017224541551;39794.80345202647;-142374.83323507733;;0.0;0.0;XS2821719536;Bond;1627438.92018958;0.0025;12.94240552830811;0.0;13.077017224541551;0.0;0.0
300193;XS2823235085;1270397.260274899;4.33687595955108;4.33687595955108;3142.9759035393326;-68877.8675142424;;0.0;0.0;XS2823235085;Bond;1201519.3927606565;0.0025;4.322046934840746;0.0;4.33687595955108;0.0;0.0
300193;XS2823261834;1850827.7096278672;8.56253411012533;8.56253411012533;17160.958706354286;-97674.09466912577;;0.0;0.0;XS2823261834;Bond;1753153.6149587415;0.0025;8.51402544899788;0.0;8.56253411012533;0.0;0.0
300193;XS2823931824;2026625.8905721635;5.046578154554328;5.046578154554328;6650.521665894021;-62843.597256120374;;0.0;0.0;XS2823931824;Bond;1963782.2933160432;0.0025;5.028208696592357;0.0;5.046578154554328;0.0;0.0
300193;XS2825486074;1864047.835615628;12.791089980277343;12.791089980277343;31678.913186555383;-159062.12432469102;;0.0;0.0;XS2825486074;Bond;1704985.711290937;0.0025;12.775252713302393;0.0;12.791089980277343;0.0;0.0
300193;XS2825486231;565137.3698569909;16.251800828941246;16.251800828941246;21581.551694184112;-61565.82204491593;;0.0;0.0;XS2825486231;Bond;503571.54781207495;0.0025;15.957399608239731;0.0;16.251800828941246;0.0;0.0
300193;XS2827708145;1785017.3424657525;12.611097727285763;12.611097727285763;37922.24312836024;-138528.50557601207;;0.0;0.0;XS2827708145;Bond;1646488.8368897405;0.0025;12.477578498837671;0.0;12.611097727285763;0.0;0.0
300193;XS2834368453;2667863.712328593;15.913273396715145;15.913273396715145;92927.1177490309;-259492.6744269218;;0.0;0.0;XS2834368453;Bond;2408371.037901671;0.0025;15.675553238949432;0.0;15.913273396715145;0.0;0.0
300193;XS2834462983;1373211.369873542;7.179764093139184;7.179764093139184;8995.579060911998;-60884.328098567465;;0.0;0.0;XS2834462983;Bond;1312327.0417749747;0.0025;7.144867606970493;0.0;7.179764093139184;0.0;0.0
300193;XS2839004368;2711275.797263866;5.908064037011794;5.908064037011794;11958.65114039842;-98321.30928601476;;0.0;0.0;XS2839004368;Bond;2612954.487977851;0.0025;5.885059339886531;0.0;5.908064037011794;0.0;0.0
300193;XS2839008948;3850773.7260290505;7.199749225708737;7.199749225708737;24553.9294069463;-170554.1187252144;;0.0;0.0;XS2839008948;Bond;3680219.6073038364;0.0025;7.169931134035209;0.0;7.199749225708737;0.0;0.0
300193;XS2852136063;4924817.753851207;7.443343256172394;7.443343256172395;34030.5317528291;-225247.9687710264;;0.0;0.0;XS2852136063;Bond;4699569.7850801805;0.0025;7.409101444741669;0.0;7.443343256172395;0.0;0.0
300193;XS2871577115;3705731.901376749;4.676448840406972;4.676448840406972;10338.8144769773;-116567.05713456862;;0.0;0.0;XS2871577115;Bond;3589164.84424218;0.0025;4.661372972456559;0.0;4.676448840406972;0.0;0.0
300193;XS2872349613;4512585.205479452;6.886428211220347;6.886428211220347;26494.665126349417;-206469.84576607015;;0.0;0.0;XS2872349613;Bond;4306115.359713382;0.0025;6.858203368199606;0.0;6.886428211220347;0.0;0.0
300193;XS2872909770;7367045.800064928;6.935927091754812;6.935927091754812;43721.01214332197;-312825.4973804061;;0.0;0.0;XS2872909770;Bond;7054220.302684522;0.0025;6.9078279635691295;0.0;6.935927091754812;0.0;0.0
300193;XS2875107307;3092003.4246660187;4.939007004961776;4.939007004961777;9679.74239432864;-191139.35421429502;;0.0;0.0;XS2875107307;Bond;2900864.070451724;0.0025;4.921727155795794;0.0;4.939007004961777;0.0;0.0
300193;XS2886269286;4185248.7726027393;7.633060943111889;7.633060943111889;30364.532558557683;-215095.86180325667;;0.0;0.0;XS2886269286;Bond;3970152.910799483;0.0025;7.597341689959058;0.0;7.633060943111889;0.0;0.0
300193;XS2892321501;5803537.999999999;6.880626421056101;6.880626421056101;34152.896575864484;-245359.0749700191;;0.0;0.0;XS2892321501;Bond;5558178.92502998;0.0025;6.851862953639117;0.0;6.880626421056101;0.0;0.0
300193;XS2892944815;3987209.3150684927;8.919237851411987;8.919237851411987;35145.59023968004;-218728.87823605875;;0.0;0.0;XS2892944815;Bond;3768480.436832434;0.0025;8.897755268520903;0.0;8.919237851411987;0.0;0.0
300193;XS2892988192;4292863.438699101;6.070530136225057;6.070530136225057;19894.737149205623;-160156.89059938997;;0.0;0.0;XS2892988192;Bond;4132706.548099711;0.0025;6.046799112332971;0.0;6.070530136225057;0.0;0.0
300193;XS2895710783;2594177.52739734;4.824344283782;4.824344283781997;7640.273151031538;-83124.49026135365;;0.0;0.0;XS2895710783;Bond;2511053.0371359866;0.0025;4.808900977469903;0.0;4.824344283781997;0.0;0.0
300193;XS2896353781;2021874.2465753425;8.85780528990908;8.85780528990908;19830.09019004821;-110472.88062419259;;0.0;0.0;XS2896353781;Bond;1911401.36595115;0.0025;8.808762670365418;0.0;8.85780528990908;0.0;0.0
300193;XS2919680236;4075844.5972636538;8.317427464384354;8.317427464384354;35019.91101653302;-209296.50322886644;;0.0;0.0;XS2919680236;Bond;3866548.0940347873;0.0025;8.275574904035562;0.0;8.317427464384354;0.0;0.0
300193;XS2931344217;3891154.520547924;9.228252461147743;9.228252461147743;40870.66589116764;-219971.77831774432;;0.0;0.0;XS2931344217;Bond;3671182.7422301797;0.0025;9.178567055680459;0.0;9.228252461147743;0.0;0.0
300193;XS2940309649;4141645.8907413566;4.976196459560072;4.976196459560072;12852.923928427175;-138901.4977655997;;0.0;0.0;XS2940309649;Bond;4002744.392975757;0.0025;4.960519356565609;0.0;4.976196459560072;0.0;0.0
300193;XS2941605409;2309173.630137525;5.678235329881888;5.678235329881888;9275.019042995207;-163769.86602955914;;0.0;0.0;XS2941605409;Bond;2145403.764107966;0.0025;5.658426305046422;0.0;5.678235329881888;0.0;0.0
300193;XS2979680332;2751144.8328951416;7.841553864145392;7.841553864145392;20998.994619749465;-269886.12116908084;;0.0;0.0;XS2979680332;Bond;2481258.7117260606;0.0025;7.804458269694462;0.0;7.841553864145392;0.0;0.0
300193;XS2986720907;5081283.181649886;4.718324043955462;4.718324043955462;14232.70158804812;-298961.85049841745;;0.0;0.0;XS2986720907;Bond;4782321.331151469;0.0025;4.703955363624881;0.0;4.718324043955462;0.0;0.0
300193;XS2999533438;1679527.5753435262;6.6347145478508;6.6347145478508;9031.609004032223;-68356.75520950227;;0.0;0.0;XS2999533438;Bond;1611170.820134024;0.0025;6.6103263928608795;0.0;6.6347145478508;0.0;0.0
300193;XS3004194885;6584279.630136984;9.37820111300692;9.37820111300692;70951.28833328807;-380746.93199656194;;0.0;0.0;XS3004194885;Bond;6203532.698140423;0.0025;9.328681204551735;0.0;9.37820111300692;0.0;0.0
300203;BE6353250416;22007648.05555556;0.2388047634062592;1.2179383736730405;132.39217722116337;-120741.6815487465;;0.0;0.0;BE6353250416;Bond;21886906.37400681;0.0025;0.23879693932047505;0.0;1.2179383736730405;0.0;0.0
300203;BE6355572353;30075953.333333336;0.2111253430771097;1.4268931922736836;136.15215621598512;-188561.37606862985;;0.0;0.0;BE6355572353;Bond;29887391.957264706;0.0025;0.21112360425355822;0.0;1.4268931922736836;0.0;0.0
300203;BE6356749489;11986593.09972;0.0433405193652792;0.0433405193652792;52.911715009428576;-3415.3580338928223;;0.0;0.0;BE6356749489;Bond;11983177.741686106;0.0025;0.04323485933286146;0.0;0.0433405193652792;0.0;0.0
300203;CH1174335732;37465749.80108786;0.5222358895181862;0.5222358895181861;2924.6550209888374;-130770.86368927654;;0.0;0.0;CH1174335732;Bond;37334978.93739858;0.0025;0.5209661628866968;0.0;0.5222358895181861;0.0;0.0
300203;CSH_EUR_DB;996960370.67;0.0;0.0;0.0;0.0;;0.0;0.0;;Cash;996960370.67;0.0;0.0;0.0;0.0;0.0;0.0
300203;DE000A3LKBD0;26991813.2;0.0629578993772984;0.7926877100609538;17.17702513559516;-90401.43647515328;;0.0;0.0;DE000A3LKBD0;Bond;26901411.763524845;0.0025;0.06295189914314099;0.0;0.7926877100609538;0.0;0.0
300203;DE000A3LNFJ2;9535794.94431933;0.2170401596559139;0.4640684832332128;45.06412576432695;-22960.559185085072;;0.0;0.0;DE000A3LNFJ2;Bond;9512834.385134244;0.0025;0.21703978108443728;0.0;0.4640684832332128;0.0;0.0
300203;DE000A4BF827;9976986.0666;0.0755075246073708;0.0755075246073708;78.82310359974424;-4592.147011476165;;0.0;0.0;DE000A4BF827;Bond;9972393.919588525;0.0025;0.07532426576053167;0.0;0.0755075246073708;0.0;0.0
300203;DE000A4BF8Z3;14971730.42896856;0.0620300503542358;0.0620300503542358;95.92839854945521;-5660.544655336059;;0.0;0.0;DE000A4BF8Z3;Bond;14966069.884313224;0.0025;0.06187948712172168;0.0;0.0620300503542358;0.0;0.0
300203;DE000A4BF9E6;14938368.327750005;0.1348320741326381;0.1348320741326381;222.6914153080509;-12278.110954315074;;0.0;0.0;DE000A4BF9E6;Bond;14926090.21679569;0.0025;0.1345048397199596;0.0;0.1348320741326381;0.0;0.0
300203;DE000CZ450R9;16638466.006471032;0.884312588108397;0.884312588108397;2737.987174616617;-96594.27251427979;;0.0;0.0;DE000CZ450R9;Bond;16541871.733956752;0.0025;0.8821536682778486;0.0;0.884312588108397;0.0;0.0
300203;DE000CZ451J4;29528417.006335024;0.6537861814741702;0.6537861814741702;3147.5241411616257;-126729.4938093803;;0.0;0.0;DE000CZ451J4;Bond;29401687.512525644;0.0025;0.6521899460580919;0.0;0.6537861814741702;0.0;0.0
300203;DE000CZ452U9;29730829.959577456;0.3688716115964431;0.3688716115964431;1475.3677279819512;-72005.6265322369;;0.0;0.0;DE000CZ452U9;Bond;29658824.33304522;0.0025;0.36797117303810123;0.0;0.3688716115964431;0.0;0.0
300203;FR0010213355;222137200.2720004;0.0326391382763885;0.324653790306292;538.2465159880329;-273578.3791056993;;0.0;0.0001340914402842;FR0010213355;Fund Unit;221863621.89289472;0.0025;0.03258122565043965;0.0;0.324653790306292;0.0;0.00013392629676550985
300203;FR0010582452;277803709.0785999;0.0331490112565468;0.2961243488183437;3485.887181638516;-314932.0581043697;;0.0;1.2899788821418653e-06;FR0010582452;Fund Unit;277488777.0204955;0.0025;0.03283805783735661;0.0;0.2961243488183437;0.0;1.2885164981239859e-06
300203;FR0013262284;30076726.027397048;0.2043135328780986;0.2043135328780986;720.7030305877265;-41242.19555263623;;0.0;0.0;FR0013262284;Bond;30035483.83184441;0.0025;0.2038188391690708;0.0;0.2043135328780986;0.0;0.0
300203;FR0013398070;14983510.273321507;0.7946082295018609;0.7946082295018609;2104.829643696931;-79515.23123129796;;0.0;0.0;FR0013398070;Bond;14903995.04209021;0.0025;0.7926748249958329;0.0;0.7946082295018609;0.0;0.0
300203;FR0013465358;13000904.657533798;0.1732315238735996;0.1732315238735997;258.0967550791039;-15048.992377556246;;0.0;0.0;FR0013465358;Bond;12985855.665156242;0.0025;0.17281024139956008;0.0;0.1732315238735997;0.0;0.0
300203;FR0013512944;20476191.780821923;0.901486537973515;0.9014865379735152;-44683.597991228125;-110802.65885609554;;0.0;0.0;FR0013512944;Bond;20365389.12196583;0.0025;0.9580737851298653;0.0;0.9014865379735152;0.0;0.0
300203;FR001400E904;23142914.31496471;0.4112178937430306;0.4112178937430306;1321.9704152442373;-58586.44610144491;;0.0;0.0;FR001400E904;Bond;23084327.868863266;0.0025;0.41021259320031134;0.0;0.4112178937430306;0.0;0.0
300203;FR001400H8D3;14960785.99951805;0.5180518726082125;0.5180518726082125;1161.4238324716248;-52219.29140653697;;0.0;0.0;FR001400H8D3;Bond;14908566.708111513;0.0025;0.5167820368607458;0.0;0.5180518726082125;0.0;0.0
300203;FR001400KJT9;6918467.274969;0.1920019048972979;0.4398665750933313;26.01151294356896;-15477.69395268608;;0.0;0.0;FR001400KJT9;Bond;6902989.581016314;0.0025;0.19200007367845262;0.0;0.4398665750933313;0.0;0.0
300203;FR001400N9V5;42151863.111111104;0.0615233983101723;0.7949797696165624;27.79018970500147;-140405.71467716325;;0.0;0.0;FR001400N9V5;Bond;42011457.39643394;0.0025;0.06151637894802231;0.0;0.7949797696165624;0.0;0.0
300203;FR001400OGI0;40109227.77522457;0.1841017813301336;0.9199931798119154;145.36567505274434;-166267.1462168262;;0.0;0.0;FR001400OGI0;Bond;39942960.62900774;0.0025;0.184095908865596;0.0;0.9199931798119154;0.0;0.0
300203;FR001400OTT0;20031658.888888888;0.2224489259701282;0.959422259363855;103.738173606871;-88073.57193491879;;0.0;0.0;FR001400OTT0;Bond;19943585.31695397;0.0025;0.22244316700508063;0.0;0.959422259363855;0.0;0.0
300203;FR001400PZU2;25130802.08333333;0.1162673555792103;1.0928097525502367;40.145442525840735;-117409.19802911382;;0.0;0.0;FR001400PZU2;Bond;25013392.885304216;0.0025;0.11626121433266934;0.0;1.0928097525502367;0.0;0.0
300203;FR001400SMX8;30059357.500000004;0.2120934509815176;1.425847974582344;146.43646295553484;-166360.55362582943;;0.0;0.0;FR001400SMX8;Bond;29892996.946374174;0.0025;0.21208412064610171;0.0;1.425847974582344;0.0;0.0
300203;FR0128451731;13533317.503031662;0.0606807921475315;0.8472727694139338;-836.8323189955618;-48177.54332307794;;0.0;0.0;FR0128451731;Bond;13485139.959708584;0.0025;0.062235871862580915;0.0;0.8472727694139338;0.0;0.0
300203;FR0128516335;31084696.711776163;0.0031368343318829;0.0108379700236295;-0.092725827016693;-1606.3857017642185;;0.0;0.0;FR0128516335;Bond;31083090.3260744;0.0025;0.003136933506349096;0.0;0.0108379700236295;0.0;0.0
300203;FR0128563899;9988373.3432;0.0432961957587391;0.0432961957587391;44.00095843237696;-2846.002267651507;;0.0;0.0;FR0128563899;Bond;9985527.340932349;0.0025;0.04319075171919207;0.0;0.0432961957587391;0.0;0.0
300203;FR0128585413;30996146.298250664;0.0064847806774243;0.0813794072976757;-16.149215298355557;-10693.021877953457;;0.0;0.0;FR0128585413;Bond;30985453.276372712;0.0025;0.006497910988298532;0.0;0.0813794072976757;0.0;0.0
300203;FR0128609148;30964259.65881772;0.0075981017635812;0.10585680011669;-28.460434009502933;-13822.213734394712;;0.0;0.0;FR0128609148;Bond;30950437.445083324;0.0025;0.007621224546556019;0.0;0.10585680011669;0.0;0.0
300203;FR0128615376;30837726.147248164;0.0125455172791784;0.2171231686563829;-127.6229788516048;-24623.525931959346;;0.0;0.0;FR0128615376;Bond;30813102.621316206;0.0025;0.012649374104762306;0.0;0.2171231686563829;0.0;0.0
300203;FR0128637701;30862866.21293464;0.0336849805956105;0.5912117151036741;-958.0650939255978;-75993.47015206296;;0.0;0.0;FR0128637701;Bond;30786872.742782578;0.0025;0.03446388349186805;0.0;0.5912117151036741;0.0;0.0
300203;FR0128656578;30647126.805750363;0.0182369644544044;0.3638700847363891;-366.22651577999926;-46402.37220788221;;0.0;0.0;FR0128656578;Bond;30600724.43354248;0.0025;0.01853654049730173;0.0;0.3638700847363891;0.0;0.0
300203;FR0128656842;30605310.474169426;0.0196694731655029;0.4019198814058413;-448.009629394619;-51144.27391686625;;0.0;0.0;FR0128656842;Bond;30554166.20025256;0.0025;0.02003639781493915;0.0;0.4019198814058413;0.0;0.0
300203;FR0128661800;30840295.711329777;0.0117435873604358;0.20083409014862;-108.78284939508376;-25915.651679744857;;0.0;0.0;FR0128661800;Bond;30814380.059650034;0.0025;0.011832114538176475;0.0;0.20083409014862;0.0;0.0
300203;FR0128667708;9989976.724360954;0.03789887819059;0.03789887819059;38.331937627723335;-2299.0631365652607;;0.0;0.0;FR0128667708;Bond;9987677.66122439;0.0025;0.03780654300967374;0.0;0.03789887819059;0.0;0.0
300203;FR0128668276;29954618.8686;0.0596158582206553;0.0596158582206553;184.8536657078577;-10832.903262069043;;0.0;0.0;FR0128668276;Bond;29943785.965337932;0.0025;0.05947046524845509;0.0;0.0596158582206553;0.0;0.0
300203;FR0128692623;30716838.00724637;0.0794912894741947;1.2685756973513085;-4343.450132893168;-162633.94291051972;;0.0;0.0;FR0128692623;Bond;30554204.064335853;0.0025;0.08304215926704052;0.0;1.2685756973513085;0.0;0.0
300203;FR0128693399;30752065.15875148;0.0148955534820102;0.2769120963154373;-210.11405948456743;-35520.08376928845;;0.0;0.0;FR0128693399;Bond;30716545.074982192;0.0025;0.015066921142663007;0.0;0.2769120963154373;0.0;0.0
300203;FR0128693506;20500120.887740444;0.0149211223297136;0.2767578050583141;-140.03820325569905;-23679.91565131028;;0.0;0.0;FR0128693506;Bond;20476440.972089134;0.0025;0.015092456219028489;0.0;0.2767578050583141;0.0;0.0
300203;FR0128716844;20493779.36884024;0.0135926557771297;0.2524443823992951;-116.11103190034557;-21583.222975328805;;0.0;0.0;FR0128716844;Bond;20472196.14586491;0.0025;0.013734759477803872;0.0;0.2524443823992951;0.0;0.0
300203;FR0128718600;10247348.913615031;0.0157648238088311;0.2959415833775316;-80.16289854140268;-12644.537964604031;;0.0;0.0;FR0128718600;Bond;10234704.375650426;0.0025;0.0159610149804293;0.0;0.2959415833775316;0.0;0.0
300203;FR0128719285;51205802.31583408;0.0161715088186511;0.3067109861932321;-431.2750156998391;-65481.20865931075;;0.0;0.0;FR0128719285;Bond;51140321.10717477;0.0025;0.016382722254671193;0.0;0.3067109861932321;0.0;0.0
300203;FR0128720218;2976298.423528699;0.3254950621709747;0.3254950621709747;126.13200484037596;-6360.308959869548;;0.0;0.0;FR0128720218;Bond;2969938.1145688295;0.0025;0.3247004593463754;0.0;0.3254950621709747;0.0;0.0
300203;FR0128720598;20354216.563663986;0.0217157214100903;0.4586996187535995;-390.6192702629596;-38802.140616486366;;0.0;0.0;FR0128720598;Bond;20315414.423047498;0.0025;0.02219667718408428;0.0;0.4586996187535995;0.0;0.0
300203;FR0128730498;30714607.6833974;0.0133892123799539;0.2524394577536027;-174.33388066478986;-32331.765967637824;;0.0;0.0;FR0128730498;Bond;30682275.917429764;0.0025;0.013531558740304591;0.0;0.2524394577536027;0.0;0.0
300203;FR0128730522;51189556.96664614;0.0164932602905661;0.3148571126785567;-455.01646894763326;-67184.55447836335;;0.0;0.0;FR0128730522;Bond;51122372.41216778;0.0025;0.01671616169536675;0.0;0.3148571126785567;0.0;0.0
300203;FR0128730746;25593019.182574056;0.0164932602905662;0.3147899519599933;-227.49246930686695;-33589.96821671655;;0.0;0.0;FR0128730746;Bond;25559429.21435734;0.0025;0.016716161571309136;0.0;0.3147899519599933;0.0;0.0
300203;FR0128756287;29687442.875329375;0.4424247540986314;0.4424247540986314;1864.5143095950016;-79546.07981389624;;0.0;0.0;FR0128756287;Bond;29607896.795515478;0.0025;0.44134398292166166;0.0;0.4424247540986314;0.0;0.0
300203;FR0128756766;16368311.491988216;0.0172009472146109;0.3339563471633099;-164.07994962719386;-22767.46315233473;;0.0;0.0;FR0128756766;Bond;16345544.028835882;0.0025;0.01745229299815613;0.0;0.3339563471633099;0.0;0.0
300203;FR0128757541;30669215.55169724;0.0176920791273535;0.3474588812533988;-333.5803633319756;-44377.43249124921;;0.0;0.0;FR0128757541;Bond;30624838.11920599;0.0025;0.017964779564419695;0.0;0.3474588812533988;0.0;0.0
300203;FR0128757863;30663886.184980255;0.0177954046496734;0.3501085669501798;-338.89371309214766;-44713.68455136618;;0.0;0.0;FR0128757863;Bond;30619172.50042889;0.0025;0.018072493440729042;0.0;0.3501085669501798;0.0;0.0
300203;FR0128758044;30739552.375427447;0.0927073417334405;1.3449939520010987;-4838.535971884993;-173539.12805288009;;0.0;0.0;FR0128758044;Bond;30566013.247374568;0.0025;0.09666393443652725;0.0;1.3449939520010987;0.0;0.0
300203;FR0128758218;30661202.150409058;0.0178656517555065;0.3529374271602617;-344.3501483957334;-45051.16855269855;;0.0;0.0;FR0128758218;Bond;30616150.98185636;0.0025;0.018147219969621133;0.0;0.3529374271602617;0.0;0.0
300203;FR0128767771;29925458.64059996;0.1003198418630855;0.1003198418630855;323.1493739263878;-13650.92839358875;;0.0;0.0;FR0128767771;Bond;29911807.71220637;0.0025;0.1000750401172023;0.0;0.1003198418630855;0.0;0.0
300203;FR0128768720;30664075.08011301;0.0179120989726979;0.352894805776122;-344.28166983957453;-39598.22476374051;;0.0;0.0;FR0128768720;Bond;30624476.85534927;0.0025;0.018193589206146717;0.0;0.352894805776122;0.0;0.0
300203;FR0128771310;30641623.00703076;0.0183067432305038;0.3666020447993207;-371.8606755853671;-46735.18293137974;;0.0;0.0;FR0128771310;Bond;30594887.82409938;0.0025;0.018610976127366126;0.0;0.3666020447993207;0.0;0.0
300203;FR0128771484;30643396.45817201;0.0183579283494391;0.3665162886350057;-371.76688394424673;-46741.809047332164;;0.0;0.0;FR0128771484;Bond;30596654.649124674;0.0025;0.01866207186073715;0.0;0.3665162886350057;0.0;0.0
300203;FR0128771542;20082542.22222222;0.1187234152282431;1.3359538826723023;30.940050521621743;-113999.13184645263;;0.0;0.0;FR0128771542;Bond;19968543.090375766;0.0025;0.11872013724863602;0.0;1.3359538826723023;0.0;0.0
300203;FR0128771732;29739529.211371783;0.3663803390396404;0.3663803390396404;1463.7598466585791;-71497.08735062668;;0.0;0.0;FR0128771732;Bond;29668032.124021158;0.0025;0.36548544205037425;0.0;0.3663803390396404;0.0;0.0
300203;FR0128785757;20419549.50023484;0.0192855387455946;0.3882977871890285;-278.4844355119276;-32984.456578209436;;0.0;0.0;FR0128785757;Bond;20386565.04365663;0.0025;0.01962742178261606;0.0;0.3882977871890285;0.0;0.0
300203;FR0128785997;30626087.03937667;0.0193855078769473;0.391015105663474;-423.69308062006905;-49814.73818962453;;0.0;0.0;FR0128785997;Bond;30576272.301187046;0.0025;0.019732306997939493;0.0;0.391015105663474;0.0;0.0
300203;FR0128786854;30602334.13277402;0.0196694731655028;0.4018248130506738;-447.9664639234216;-51139.300178085665;;0.0;0.0;FR0128786854;Bond;30551194.832595937;0.0025;0.020036398144242847;0.0;0.4018248130506738;0.0;0.0
300203;FR0128787282;19806192.005973537;0.4042648892144133;0.4042648892144132;1105.7693427506856;-48511.60452969956;;0.0;0.0;FR0128787282;Bond;19757680.401443835;0.0025;0.4032777275389019;0.0;0.4042648892144132;0.0;0.0
300203;FR0128787605;30537122.119104896;0.0203409361993689;0.4562337133667379;-582.545212068908;-57774.654170304246;;0.0;0.0;FR0128787605;Bond;30479347.46493459;0.0025;0.020818886196157967;0.0;0.4562337133667379;0.0;0.0
300203;FR0128788207;30451935.066231463;0.0227404298224921;0.5323126417538043;-795.3797620530166;-67140.3131539153;;0.0;0.0;FR0128788207;Bond;30384794.753077548;0.0025;0.023394702295287693;0.0;0.5323126417538043;0.0;0.0
300203;FR0128789635;30596289.199411426;0.019902892930798;0.4071790015213674;-460.2752845528358;-51817.656586879755;;0.0;0.0;FR0128789635;Bond;30544471.542824548;0.0025;0.020279970750187153;0.0;0.4071790015213674;0.0;0.0
300203;FR0128789924;30608171.484508567;0.0163465082134497;0.333936278311284;-308.572367657689;-42508.9798174617;;0.0;0.0;FR0128789924;Bond;30565662.504691105;0.0025;0.016599210538101237;0.0;0.333936278311284;0.0;0.0
300203;FR0128790138;29711375.6501531;0.4071105643440379;0.407110564344038;1674.2735531204228;-79366.0034490391;;0.0;0.0;FR0128790138;Bond;29632009.646704063;0.0025;0.40611613028982113;0.0;0.407110564344038;0.0;0.0
300203;FR0128805639;30593736.22105795;0.015710954871906;0.3420058429983337;-325.88678422484924;-43446.14354451012;;0.0;0.0;FR0128805639;Bond;30550290.07751344;0.0025;0.015977873841534606;0.0;0.3420058429983337;0.0;0.0
300203;FR0128806710;25487271.567016736;0.0205645545786792;0.4235430263346119;-415.212975113377;-44883.09612641054;;0.0;0.0;FR0128806710;Bond;25442388.470890325;0.0025;0.020972886668130193;0.0;0.4235430263346119;0.0;0.0
300203;FR0128807130;25474170.912482917;0.0206379031479737;0.4289668980815172;-426.2328268112015;-45423.03509575373;;0.0;0.0;FR0128807130;Bond;25428747.877387162;0.0025;0.021057266973323576;0.0;0.4289668980815172;0.0;0.0
300203;FR0128807544;30571766.150227364;0.0206746384984082;0.4289680730873611;-511.42929891057065;-54515.3730183118;;0.0;0.0;FR0128807544;Bond;30517250.77720905;0.0025;0.02109392737595716;0.0;0.4289680730873611;0.0;0.0
300203;FR0128807593;40778070.33690184;0.0207944108188871;0.4290607942505462;-681.7479913934221;-72727.3979576647;;0.0;0.0;FR0128807593;Bond;40705342.938944176;0.0025;0.021213454228848728;0.0;0.4290607942505462;0.0;0.0
300203;FR0128807684;20371037.204902973;0.0206746384984083;0.4284819449895712;-340.78322386221765;-36325.50002306408;;0.0;0.0;FR0128807684;Bond;20334711.70487991;0.0025;0.021093927366003948;0.0;0.4284819449895712;0.0;0.0
300203;FR0128808898;20369894.366945066;0.0212896742997311;0.4452502050207058;-367.6172255495658;-37694.172972209126;;0.0;0.0;FR0128808898;Bond;20332200.193972856;0.0025;0.021741984563158314;0.0;0.4452502050207058;0.0;0.0
300203;FR0128809730;34630063.04826475;0.447829679011791;0.447829679011791;2209.807165010081;-101755.45923086013;;0.0;0.0;FR0128809730;Bond;34528307.58903389;0.0025;0.446735762198721;0.0;0.447829679011791;0.0;0.0
300203;FR0128810035;30548221.07288808;0.0213388207034106;0.4479625734338098;-558.3352447047217;-56867.536730997046;;0.0;0.0;FR0128810035;Bond;30491353.536157083;0.0025;0.021796888492500055;0.0;0.4479625734338098;0.0;0.0
300203;FR0128811116;35601129.783700526;0.0219446477234919;0.463733532065032;-699.7333379388238;-68668.67747039013;;0.0;0.0;FR0128811116;Bond;35532461.10623013;0.0025;0.02243722181954874;0.0;0.463733532065032;0.0;0.0
300203;FR0128812999;30511879.285870425;0.0226080824632625;0.4833328982704139;-650.8252603509845;-61243.600862413565;;0.0;0.0;FR0128812999;Bond;30450635.68500801;0.0025;0.02314261590994632;0.0;0.4833328982704139;0.0;0.0
300203;FR0128817840;30484285.294009455;0.023304596790624;0.5050710800022961;-711.3722944041001;-63913.890788939425;;0.0;0.0;FR0128817840;Bond;30420371.403220516;0.0025;0.02388934718083422;0.0;0.5050710800022961;0.0;0.0
300203;FR0128839547;30465344.982285887;0.0237615912245464;0.5185422277997301;-750.3904164707363;-65578.32040130603;;0.0;0.0;FR0128839547;Bond;30399766.66188458;0.0025;0.024378776530139847;0.0;0.5185422277997301;0.0;0.0
300203;FR0128840974;35535613.666653566;0.0239420098390205;0.5239756481124995;-894.1056783839941;-77287.24188122049;;0.0;0.0;FR0128840974;Bond;35458326.424772345;0.0025;0.0245724637398952;0.0;0.5239756481124995;0.0;0.0
300203;FR0128862788;9972133.0159;0.0972479888491351;0.0972479888491351;103.73898406967514;-16228.621949163293;;0.0;0.0;FR0128862788;Bond;9955904.393950837;0.0025;0.09701155957450443;0.0;0.0972479888491351;0.0;0.0
300203;FR0128866219;30203564.01098901;0.0316656642878677;1.5153766072782415;-922.8585895471042;-186385.51832129792;;0.0;0.0;FR0128866219;Bond;30017178.492667712;0.0025;0.03243203671311277;0.0;1.5153766072782415;0.0;0.0
300203;FR0128866516;30419914.227675542;0.0249200123463881;0.5536987997046287;-856.881499089468;-69902.42189610038;;0.0;0.0;FR0128866516;Bond;30350011.805779442;0.0025;0.025625775839569098;0.0;0.5536987997046287;0.0;0.0
300203;FR0128866896;30396057.78967179;0.0257779488335377;0.5781464911590876;-934.7258966840855;-72910.76385556161;;0.0;0.0;FR0128866896;Bond;30323147.02581623;0.0025;0.026548398844892046;0.0;0.5781464911590876;0.0;0.0
300203;FR0128866938;10117266.432619952;0.0269728923125451;0.6161383667390751;-354.20582022993585;-25850.662504738826;;0.0;0.0;FR0128866938;Bond;10091415.770115213;0.0025;0.027849961951561322;0.0;0.6161383667390751;0.0;0.0
300203;FR0128867167;30200754.33237444;0.009871680633375;0.2684923758936859;-201.6341760224805;-33511.080409949536;;0.0;0.0;FR0128867167;Bond;30167243.25196449;0.0025;0.010038835798100594;0.0;0.2684923758936859;0.0;0.0
300203;FR0128867217;20130388.554519575;0.0100058084402734;0.2739223117444834;-140.04744031126393;-22784.85881289463;;0.0;0.0;FR0128867217;Bond;20107603.69570668;0.0025;0.01017998413705293;0.0;0.2739223117444834;0.0;0.0
300203;FR0128867282;25150051.08745608;0.0104039198175153;0.2902135022102946;-196.89361252517304;-30145.16659670132;;0.0;0.0;FR0128867282;Bond;25119905.92085938;0.0025;0.010599909320563096;0.0;0.2902135022102946;0.0;0.0
300203;FR0128867399;20113988.768896192;0.0111636526606986;0.3418024872142681;-220.52049075682592;-28335.20050723311;;0.0;0.0;FR0128867399;Bond;20085653.568388958;0.0025;0.011438052691672458;0.0;0.3418024872142681;0.0;0.0
300203;FR0128902089;20269619.988281563;0.0264507958998408;0.5920791455849621;-652.8901863589454;-49765.32410327978;;0.0;0.0;FR0128902089;Bond;20219854.664178282;0.0025;0.027257802074304945;0.0;0.5920791455849621;0.0;0.0
300203;FR0128902766;30398430.33386684;0.0263396556744072;0.5920765446027495;-979.5439126492057;-74624.80978826086;;0.0;0.0;FR0128902766;Bond;30323805.524078578;0.0025;0.027146977694367906;0.0;0.5920765446027495;0.0;0.0
300203;FR0128902923;30708418.06647204;0.0310551468181356;0.6654410530833526;-1213.268685518187;-83824.54344434603;;0.0;0.0;FR0128902923;Bond;30624593.523027692;0.0025;0.032045290848613045;0.0;0.6654410530833526;0.0;0.0
300203;FR0128904481;30369506.913567256;0.0264415416561011;0.5998569046885239;-1006.8743172553242;-75559.99107612984;;0.0;0.0;FR0128904481;Bond;30293946.922491126;0.0025;0.027272142577419695;0.0;0.5998569046885239;0.0;0.0
300203;FR0128913979;30184847.403478462;0.032519169784242;0.7901641363291996;-1749.713174348244;-86682.09443157745;;0.0;0.0;FR0128913979;Bond;30098165.309046883;0.0025;0.03397097868994401;0.0;0.7901641363291996;0.0;0.0
300203;FR0128917608;30392815.35000821;0.0265253535340631;0.5975046020497756;-997.7453530041204;-75291.27921919705;;0.0;0.0;FR0128917608;Bond;30317524.070789013;0.0025;0.02734782075443813;0.0;0.5975046020497756;0.0;0.0
300203;FR0128918275;30360389.65139041;0.0270308401551484;0.6163197312930824;-1062.7005941898915;-77578.33505397866;;0.0;0.0;FR0128918275;Bond;30282811.31633643;0.0025;0.027907738424434628;0.0;0.6163197312930824;0.0;0.0
300203;FR0128931484;30357608.502364017;0.0271220631729434;0.6190341026423156;-1072.1532994750762;-68429.28349343502;;0.0;0.0;FR0128931484;Bond;30289179.21887058;0.0025;0.028006838421486772;0.0;0.6190341026423156;0.0;0.0
300203;FR0128957471;12993481.60359934;0.0189493165878781;0.0189493165878781;24.461368486628047;-1495.1403489073211;;0.0;0.0;FR0128957471;Bond;12991986.463250432;0.0025;0.01890314958718475;0.0;0.0189493165878781;0.0;0.0
300203;FR0128957760;12990690.006000564;0.0270705272859782;0.0270705272859782;35.22310110373692;-2135.4558913973533;;0.0;0.0;FR0128957760;Bond;12988554.550109167;0.0025;0.027004574042049312;0.0;0.0270705272859782;0.0;0.0
300203;FR0128957786;14953328.972549986;0.1163684918386067;0.1163684918386067;189.77774352001097;-29066.813441162245;;0.0;0.0;FR0128957786;Bond;14924262.159108823;0.0025;0.11608506246787693;0.0;0.1163684918386067;0.0;0.0
300203;FR0128958578;30157289.580986872;0.0103106899348407;0.3230991143156949;-295.0591770911616;-20441.56141638896;;0.0;0.0;FR0128958578;Bond;30136848.019570485;0.0025;0.010555555922738418;0.0;0.3230991143156949;0.0;0.0
300203;FR0128958859;23946743.557156168;0.081141197866361;0.081141197866361;204.9616742993909;-11809.352987090715;;0.0;0.0;FR0128958859;Bond;23934934.204169076;0.0025;0.08094368103933776;0.0;0.081141197866361;0.0;0.0
300203;FR0128959097;22940133.917319994;0.0946505792079894;0.0946505792079894;231.9378289428087;-36295.69133493781;;0.0;0.0;FR0128959097;Bond;22903838.225985058;0.0025;0.09442021178926327;0.0;0.0946505792079894;0.0;0.0
300203;FR0128961564;6551891.890037335;0.0047680800783279;0.0863476496560871;-4.147149290645302;-8119.8740184336975;;0.0;0.0;FR0128961564;Bond;6543772.016018902;0.0025;0.004783961158237841;0.0;0.0863476496560871;0.0;0.0
300203;FR0128961622;20154349.78276319;0.0091919236757829;0.2384309634085757;-105.64153996028836;-19899.666738462314;;0.0;0.0;FR0128961622;Bond;20134450.11602473;0.0025;0.009323175524820928;0.0;0.2384309634085757;0.0;0.0
300203;FR0128962307;26151453.380597096;0.0185238796091886;0.2524283148918773;-141.66579020979955;-27864.05403803343;;0.0;0.0;FR0128962307;Bond;26123589.326559063;0.0025;0.018660165663464623;0.0;0.2524283148918773;0.0;0.0
300203;FR0128963453;24984684.309455067;0.0216177794482358;0.0216177794482358;53.709814374244125;-9035.557065337178;;0.0;0.0;FR0128963453;Bond;24975648.75238973;0.0025;0.021565205030546063;0.0;0.0216177794482358;0.0;0.0
300203;FR0128984541;30198637.876117107;0.0120612017945763;0.333746862342656;-313.0954162600119;-41616.6888004852;;0.0;0.0;FR0128984541;Bond;30157021.187316623;0.0025;0.012320762113943194;0.0;0.333746862342656;0.0;0.0
300203;FR0128985233;25920913.666959975;0.1136596794223974;0.1136596794223974;320.5087684143617;-49214.22786631031;;0.0;0.0;FR0128985233;Bond;25871699.439093664;0.0025;0.11338285394001611;0.0;0.1136596794223974;0.0;0.0
300203;FR0128985399;20129392.861955203;0.0099927556592434;0.2739218001617971;-140.0547233743055;-22783.074963095834;;0.0;0.0;FR0128985399;Bond;20106609.786992107;0.0025;0.01016694835189198;0.0;0.2739218001617971;0.0;0.0
300203;FR0128985589;15107891.385567034;0.0051221606692157;0.1133461449869133;-17.190249224086074;-24531.65476752461;;0.0;0.0;FR0128985589;Bond;15083359.73079951;0.0025;0.005150672072046184;0.0;0.1133461449869133;0.0;0.0
300203;FR0128985662;23983303.5291221;0.0270904947144179;0.0270904947144179;65.1244924682585;-3942.4608541022635;;0.0;0.0;FR0128985662;Bond;23979361.068267997;0.0025;0.027024444211859407;0.0;0.0270904947144179;0.0;0.0
300203;FR0129007342;11575808.917580277;0.0056513966955056;0.1241533249701413;-15.913390605248878;-20587.7156875703;;0.0;0.0;FR0129007342;Bond;11555221.201892706;0.0025;0.005685844313522611;0.0;0.1241533249701413;0.0;0.0
300203;FR0129012318;10980784.017298888;0.0593874511760377;0.0593874511760377;67.24552914719033;-10920.615337752044;;0.0;0.0;FR0129012318;Bond;10969863.401961137;0.0025;0.059243170152978454;0.0;0.0593874511760377;0.0;0.0
300203;FR0129012383;25144313.297618385;0.0330390991472081;0.806569150103349;-1519.0810831455792;-83916.43679410034;;0.0;0.0;FR0129012383;Bond;25060396.860824283;0.0025;0.03455219057000281;0.0;0.806569150103349;0.0;0.0
300203;FR0129012847;35187639.315216586;0.0116572510754805;0.3337369038297173;-365.7716352023499;-48456.48757271378;;0.0;0.0;FR0129012847;Bond;35139182.82764387;0.0025;0.011917463050799094;0.0;0.3337369038297173;0.0;0.0
300203;FR0129014009;5027571.482282966;0.0041077286726678;0.0755337027873496;-2.4009239041333785;-5451.1037791166145;;0.0;0.0;FR0129014009;Bond;5022120.37850385;0.0025;0.004119709641772909;0.0;0.0755337027873496;0.0;0.0
300203;FR0129025203;10935976.711109508;0.2275684414899852;0.2275684414899851;299.35417034093854;-15100.636335340252;;0.0;0.0;FR0129025203;Bond;10920876.074774168;0.0025;0.22701357656668425;0.0;0.2275684414899851;0.0;0.0
300203;FR0129025385;14574565.507899996;0.067722543957551;0.067722543957551;102.9396854423904;-5989.547469;;0.0;0.0;FR0129025385;Bond;14568575.960430996;0.0025;0.06755743562241938;0.0;0.067722543957551;0.0;0.0
300203;FR0129051647;10048312.397053424;0.0067609320433658;0.1727540924409482;-27.530866475444785;-24836.382106208206;;0.0;0.0;FR0129051647;Bond;10023476.014947217;0.0025;0.006829542563283975;0.0;0.1727540924409482;0.0;0.0
300203;FR0129052264;30133782.199548025;0.0341407376552124;0.844567974080702;-1999.1800215279911;-105274.50828223657;;0.0;0.0;FR0129052264;Bond;30028507.691265788;0.0025;0.03580223866733885;0.0;0.844567974080702;0.0;0.0
300203;FR0129054377;16943932.4513;0.1134094582907051;0.1134094582907051;208.58810345635428;-32170.26079109836;;0.0;0.0;FR0129054377;Bond;16911762.190508902;0.0025;0.11313385031491344;0.0;0.1134094582907051;0.0;0.0
300203;FR0129065183;14984619.76707474;0.0378764268561976;0.0378764268561976;57.42849529705685;-3448.515234066517;;0.0;0.0;FR0129065183;Bond;14981171.251840673;0.0025;0.037784201015512414;0.0;0.0378764268561976;0.0;0.0
300203;FR0129065431;29909614.80569995;0.1164648504867826;0.1164648504867826;380.2219539216997;-21141.590739371473;;0.0;0.0;FR0129065431;Bond;29888473.214960575;0.0025;0.116180951503994;0.0;0.1164648504867826;0.0;0.0
300203;FR0129083459;29712178.974260192;0.4015829106493079;0.4015829106493079;1644.7009420951042;-78309.90732394058;;0.0;0.0;FR0129083459;Bond;29633869.06693625;0.0025;0.4006022218071551;0.0;0.4015829106493079;0.0;0.0
300203;FR0129084911;30065471.877161685;0.0362552735696198;0.9151265188756874;-2347.407068725716;-113761.39782569418;;0.0;0.0;FR0129084911;Bond;29951710.47933599;0.0025;0.038210472392737165;0.0;0.9151265188756874;0.0;0.0
300203;FR0129085033;20042219.14240482;0.0364232968189607;0.917759051132108;-1573.9455960783746;-66783.76333900032;;0.0;0.0;FR0129085033;Bond;19975435.37906582;0.0025;0.03838990103954217;0.0;0.917759051132108;0.0;0.0
300203;FR0129100402;30055682.330256306;0.0363301728145916;0.9204991350340735;-2375.486474193167;-114388.73879807765;;0.0;0.0;FR0129100402;Bond;29941293.591458227;0.0025;0.038309377147590196;0.0;0.9204991350340735;0.0;0.0
300203;FR0129101236;24987170.87524975;0.0189378635543252;0.0189378635543252;46.98366695745949;-2875.236100713671;;0.0;0.0;FR0129101236;Bond;24984295.639149036;0.0025;0.01889175237130581;0.0;0.0189378635543252;0.0;0.0
300203;FR0129104669;9447849.689864969;0.1973471920870943;0.1973471920870943;218.2528568983086;-11337.41962783796;;0.0;0.0;FR0129104669;Bond;9436512.270237131;0.0025;0.19686703694996807;0.0;0.1973471920870943;0.0;0.0
300203;FR0129104735;30036518.574854795;0.0368904955677306;0.9394606219310216;-2474.4172044677275;-116662.05022770181;;0.0;0.0;FR0129104735;Bond;29919856.524627093;0.0025;0.03895340516736111;0.0;0.9394606219310216;0.0;0.0
300203;FR0129104768;30036737.879354797;0.0368904955677304;0.9394677587217066;-2474.435056853963;-116662.90200792825;;0.0;0.0;FR0129104768;Bond;29920074.977346867;0.0025;0.03895340498926004;0.0;0.9394677587217066;0.0;0.0
300203;FR0129106110;18976091.47711;0.045979725187579;0.045979725187579;88.9676043946952;-5302.907755247178;;0.0;0.0;FR0129106110;Bond;18970788.56935475;0.0025;0.04586780039745801;0.0;0.045979725187579;0.0;0.0
300203;FR0129106383;8946463.39307996;0.2135585456503636;0.2135585456503636;226.73716904002572;-11618.146981698366;;0.0;0.0;FR0129106383;Bond;8934845.246098263;0.0025;0.2130389693679632;0.0;0.2135585456503636;0.0;0.0
300203;FR0129106730;30019155.30637397;0.0374876327977414;0.9584358331823442;-2575.2402876833003;-118942.26436961426;;0.0;0.0;FR0129106730;Bond;29900213.042004354;0.0025;0.03963581028735955;0.0;0.9584358331823442;0.0;0.0
300203;FR0129109650;19996678.903638355;0.0382798907763573;0.9798639579373;-1794.5593455692688;-81023.82557889548;;0.0;0.0;FR0129109650;Bond;19915655.07805946;0.0025;0.040527125889310296;0.0;0.9798639579373;0.0;0.0
300203;FR0129110351;29996002.648538843;0.0412134258300106;0.9914385087905766;-2768.5596482029955;-123732.05230342892;;0.0;0.0;FR0129110351;Bond;29872270.596235413;0.0025;0.04352511269137254;0.0;0.9914385087905766;0.0;0.0
300203;IRSB100008004;-17343.861578878015;0.043837134282760204;0.0;-3.473702389230454;1908.4658820503319;BNP PARIBAS;0.0;0.0;;Swap;-15435.395696827683;0.0025;0.038834832152146274;0.0;0.0;0.0;0.0
300203;IRSB100008121;-111290.8601389192;0.6356374327710734;0.0;-545.4244811134392;21394.905493581355;SOCIETE GENERALE;0.0;0.0;;Swap;-89895.95464533786;0.0025;0.5141252212623652;0.0;0.0;0.0;0.0
300203;IRSB100008126;-52674.964411672205;0.08493597357898651;0.0;-20.698036942581712;5924.799140079797;NATIXIS;0.0;0.0;;Swap;-46750.16527159241;0.0025;0.07513053905047101;0.0;0.0;0.0;0.0
300203;IRSB100008130;-7312.2782998699695;0.0273979570056786;0.0;-0.3263739074659291;282.86318940900753;BNP PARIBAS;0.0;0.0;;Swap;-7029.415110460962;0.0025;0.026283991565083847;0.0;0.0;0.0;0.0
300203;IRSB100008153;-61151.967756547034;0.1013756617934716;0.0;-29.77656490379996;7153.534892647382;NATIXIS;0.0;0.0;;Swap;-53998.43286389965;0.0025;0.08922817089295448;0.0;0.0;0.0;0.0
300203;IRSB100008348;-137208.08781386912;0.6191985520939642;0.0;-583.2012730137754;23482.666866809624;NATIXIS;0.0;0.0;;Swap;-113725.4209470595;0.0025;0.5138948797321375;0.0;0.0;0.0;0.0
300203;IRSB100008446;-93291.77882740274;0.2822026245197597;0.0;-194.53622222109354;17125.98419868717;BNP PARIBAS;0.0;0.0;;Swap;-76165.79462871558;0.0025;0.23027059347925716;0.0;0.0;0.0;0.0
300203;IRSB100008462;-54086.0519181788;0.0630180924869876;0.0;-11.372562795351477;4300.005942135382;SOCIETE GENERALE;0.0;0.0;;Swap;-49786.04597604342;0.0025;0.057771322151910456;0.0;0.0;0.0;0.0
300203;IRSB100008512;-7794.614584122784;0.3315196726525522;0.0;-32.2586927815666;2419.10542365386;JP MORGAN SE;0.0;0.0;;Swap;-5375.509160468924;0.0025;0.22832975384997564;0.0;0.0;0.0;0.0
300203;IRSB100008533;-78297.28639762849;0.2548051544106975;0.0;-222.15370309587897;21627.753665295597;NOMURA FINANCIAL PRODUCTS EUROPE GMBH;0.0;0.0;;Swap;-56669.53273233289;0.0025;0.1840347091815561;0.0;0.0;0.0;0.0
300203;IRSB100008539;-12542.884793948382;0.046576115544837295;0.0;-1.944034259522868;1024.335450611885;CITIBANK EUROPE PUBLIC LIMITED COMPANY;0.0;0.0;;Swap;-11518.549343336497;0.0025;0.042706763876353956;0.0;0.0;0.0;0.0
300203;IRSB100008578;-27729.7852114141;0.36713715558647214;0.0;-395.72575069958043;26812.42963419534;NOMURA FINANCIAL PRODUCTS EUROPE GMBH;0.0;0.0;;Swap;-917.3555772187574;0.0025;0.010704551829052611;0.0;0.0;0.0;0.0
300203;IRSB100008584;-40790.117480847985;0.37261659301467426;0.0;-407.7453905435712;27225.229282077937;NOMURA FINANCIAL PRODUCTS EUROPE GMBH;0.0;0.0;;Swap;-13564.888198770048;0.0025;0.12305917999965518;0.0;0.0;0.0;0.0
300203;IRSB100008589;-24739.456419348717;0.37809570257223374;0.0;-349.7779233168475;23019.733809285288;BNP PARIBAS;0.0;0.0;;Swap;-1719.7226100634289;0.0025;0.024991484022182042;0.0;0.0;0.0;0.0
300203;IRSB100008598;-46602.030824802816;0.3945345898170449;0.0;-456.9696500358938;28827.27027065415;SOCIETE GENERALE;0.0;0.0;;Swap;-17774.760554148666;0.0025;0.14977902541285945;0.0;0.0;0.0;0.0
300203;IRSB100008630;-31740.835303913802;0.4109737900094113;0.0;-330.7451100162137;20032.734509901136;SOCIETE GENERALE;0.0;0.0;;Swap;-11708.100794012666;0.0025;0.15089162308414572;0.0;0.0;0.0;0.0
300203;IRSB100008638;-39257.50714199152;0.8000259854424827;0.0;-536.7246774793934;16735.442167661422;SOCIETE GENERALE;0.0;0.0;;Swap;-22522.064974330096;0.0025;0.45982861130225877;0.0;0.0;0.0;0.0
300203;IRSB100008658;-47644.89862167463;0.41371318372550714;0.0;-502.6126029976654;30245.702033276102;NATIXIS;0.0;0.0;;Swap;-17399.196588398525;0.0025;0.15041263418747958;0.0;0.0;0.0;0.0
300203;IRSB100008659;-52085.8819550816;0.8000259839604067;0.0;-663.1741779187347;20678.29441253935;CITIBANK EUROPE PUBLIC LIMITED COMPANY;0.0;0.0;;Swap;-31407.587542542246;0.0025;0.4833180584348611;0.0;0.0;0.0;0.0
300203;IRSB100008685;-10488.027421175502;0.3780956994511497;0.0;-113.60679419846069;7477.24400838069;NATIXIS;0.0;0.0;;Swap;-3010.7834127948126;0.0025;0.10765194338989276;0.0;0.0;0.0;0.0
300203;IRSB100008689;-38697.40131377056;0.6356374336259952;0.0;-504.6828752700204;19796.055451296386;NATIXIS;0.0;0.0;;Swap;-18901.345862474176;0.0025;0.31060309802450076;0.0;0.0;0.0;0.0
300203;IRSB100008693;-9130.95586778503;0.3479585357460541;0.0;-97.56310512325639;6971.942422911682;NATIXIS;0.0;0.0;;Swap;-2159.013444873347;0.0025;0.08113939502305512;0.0;0.0;0.0;0.0
300203;IRSB100008694;-54943.04801167175;0.7698887928648336;0.0;-763.4983295712161;24733.953910001153;NOMURA FINANCIAL PRODUCTS EUROPE GMBH;0.0;0.0;;Swap;-30209.0941016706;0.0025;0.4239661854340282;0.0;0.0;0.0;0.0
300203;IRSB100008695;-39644.09327627905;0.6356374322789122;0.0;-505.7494609666017;19837.91208851116;NATIXIS;0.0;0.0;;Swap;-19806.18118776789;0.0025;0.31771636296140154;0.0;0.0;0.0;0.0
300203;IRSB100008709;-10272.997991712764;0.1808302020320624;0.0;-41.48348935106831;5668.861159975224;BNP PARIBAS;0.0;0.0;;Swap;-4604.13683173754;0.0025;0.07995921692366384;0.0;0.0;0.0;0.0
300203;IRSB100008721;-38578.691270813346;0.6356374329352545;0.0;-492.9270226459744;19334.911936386197;BNP PARIBAS;0.0;0.0;;Swap;-19243.77933442715;0.0025;0.3172179295028571;0.0;0.0;0.0;0.0
300203;IRSB100008722;-44767.11511196755;1.1194045660036942;0.0;-2120.186051524135;46628.057323041285;NOMURA FINANCIAL PRODUCTS EUROPE GMBH;0.0;0.0;;Swap;1860.942211073736;0.0025;-0.06147141217898677;0.0;0.0;0.0;0.0
300203;IRSB100008751;-29024.793703030795;0.4493310107717317;0.0;-592.8765380928364;32856.31273010946;BNP PARIBAS;0.0;0.0;;Swap;3831.5190270786625;0.0025;-0.06082811243867586;0.0;0.0;0.0;0.0
300203;IRSB100008762;-13445.072915524244;0.4548101300209712;0.0;-708.6728190093006;38808.17698803651;NATIXIS;0.0;0.0;;Swap;25363.104072512266;0.0025;-0.8623911769111099;0.0;0.0;0.0;0.0
300203;IRSB100008770;-10506.14474979043;0.4548101304107009;0.0;-607.5337013866183;33269.52913653065;NATIXIS;0.0;0.0;;Swap;22763.384386740217;0.0025;-0.9903355292893936;0.0;0.0;0.0;0.0
300203;IRSB100008780;-28456.665003679693;0.46850961364054244;0.0;-866.037219462944;46039.24268671639;NATIXIS;0.0;0.0;;Swap;17582.577683036696;0.0025;-0.29178027975890375;0.0;0.0;0.0;0.0
300203;IRSB100008791;-25491.75589631498;0.4739887365979014;0.0;-659.5917837410337;34664.26723179352;NATIXIS;0.0;0.0;;Swap;9172.511335478543;0.0025;-0.17231734277318045;0.0;0.0;0.0;0.0
300203;IRSB100008799;-43518.439199231565;0.48494847339964225;0.0;-1381.1130402011424;70936.84288415908;BNP PARIBAS;0.0;0.0;;Swap;27418.403684927514;0.0025;-0.30787039867317817;0.0;0.0;0.0;0.0
300203;IRSB100008858;-9706.657632037997;0.5315244901678752;0.0;-912.3879780328375;42776.00469876711;NATIXIS;0.0;0.0;;Swap;33069.34706672911;0.0025;-1.8176717568411864;0.0;0.0;0.0;0.0
300203;IRSB100008860;-17408.36677469872;1.487643983546291;0.0;-2668.83758108314;44365.76462200348;NATIXIS;0.0;0.0;;Swap;26957.39784730476;0.0025;-2.3395171118823757;0.0;0.0;0.0;0.0
300203;IRSB100008873;-2275.5001840312034;0.0465761151942005;0.0;-2.332579573632725;1229.963285587087;BNP PARIBAS;0.0;0.0;;Swap;-1045.5368984441163;0.0025;0.020954430367588216;0.0;0.0;0.0;0.0
300203;IRSB100008881;3547.337289825082;0.5507030895651115;0.0;-889.78216591967;40268.52551002331;NATIXIS;0.0;0.0;;Swap;43815.86279984839;0.0025;6.822236317819719;0.0;0.0;0.0;0.0
300203;IRSB100008976;41369.63216339052;0.5397445187909223;0.0;-788.4518988366364;36401.169857867484;BNP PARIBAS;0.0;0.0;;Swap;77770.802021258;0.0025;1.0169406254616904;0.0;0.0;0.0;0.0
300203;IRSB100008988;15532.285304863006;0.5397445203192133;0.0;-290.00751797727514;13388.562692967243;BNP PARIBAS;0.0;0.0;;Swap;28920.84799783025;0.0025;1.007254621462231;0.0;0.0;0.0;0.0
300203;IRSB100009012;15187.296643398702;0.20548798753065892;0.0;-103.08480706167893;12424.666902201596;CREDIT AGRICOLE CORPORATE AND INVESTMENT BANK;0.0;0.0;;Swap;27611.963545600298;0.0025;0.37528274811101237;0.0;0.0;0.0;0.0
300203;IRSB100009055;11039.549137629569;0.2712440891960786;0.0;-252.25792293570072;23084.607235995794;BNP PARIBAS;0.0;0.0;;Swap;34124.15637362536;0.0025;0.8426875907775153;0.0;0.0;0.0;0.0
300203;IRSB100009061;3671.773773290217;0.10411538060664689;0.0;-31.455213756843158;7374.006994315768;CREDIT AGRICOLE CORPORATE AND INVESTMENT BANK;0.0;0.0;;Swap;11045.780767605986;0.0025;0.3183115423707558;0.0;0.0;0.0;0.0
300203;IRSB100009080;-593.9993099560961;0.6739944419226751;0.0;-354.0716863612734;13100.29502338314;CREDIT AGRICOLE CORPORATE AND INVESTMENT BANK;0.0;0.0;;Swap;12506.295713427044;0.0025;-14.226894200078789;0.0;0.0;0.0;0.0
300203;IRSB100009088;1036.3131866268814;0.2767235236821273;0.0;-127.49805711342104;11440.571216359554;CREDIT AGRICOLE CORPORATE AND INVESTMENT BANK;0.0;0.0;;Swap;12476.884402986436;0.0025;3.352675717024974;0.0;0.0;0.0;0.0
300203;IRSB100009094;86.0413994602859;0.1178146598462551;0.0;-14.801570232654;3076.841015469155;BNP PARIBAS;0.0;0.0;;Swap;3162.882414929441;0.0025;4.41856108932487;0.0;0.0;0.0;0.0
300203;IRSB100009104;-593.0625277869403;0.030137338041310698;0.0;-1.8150739214920015;1477.8725288893174;CREDIT AGRICOLE CORPORATE AND INVESTMENT BANK;0.0;0.0;;Swap;884.8100011023771;0.0025;-0.04637314656216344;0.0;0.0;0.0;0.0
300203;IRSB100009109;-521.3641251847148;0.030137338011700397;0.0;-1.8757919540422945;1529.533785781812;CREDIT AGRICOLE CORPORATE AND INVESTMENT BANK;0.0;0.0;;Swap;1008.1696605970972;0.0025;-0.05980673898076675;0.0;0.0;0.0;0.0
300203;IRSB100009122;-735.9928523823619;0.21370812268640202;0.0;-45.204721638033085;5237.909045880788;CREDIT AGRICOLE CORPORATE AND INVESTMENT BANK;0.0;0.0;;Swap;4501.916193498426;0.0025;-1.321679080017466;0.0;0.0;0.0;0.0
300203;IRSB100009130;-20376.913495723158;0.8849601354163329;0.0;-1588.8786313608375;44795.22795835928;BNP PARIBAS;0.0;0.0;;Swap;24418.314462636125;0.0025;-1.0624432393190255;0.0;0.0;0.0;0.0
300203;IRSB100009153;-12926.401234123856;0.8192045329255128;0.0;-1636.3981556401307;49830.345561783106;CREDIT AGRICOLE CORPORATE AND INVESTMENT BANK;0.0;0.0;;Swap;36903.94432765925;0.0025;-2.343954803371424;0.0;0.0;0.0;0.0
300203;IRSB100009163;-11383.582183085382;0.7342692201185445;0.0;-1316.8844216561984;44735.064437764675;CREDIT AGRICOLE CORPORATE AND INVESTMENT BANK;0.0;0.0;;Swap;33351.48225467929;0.0025;-2.156452376095804;0.0;0.0;0.0;0.0
300203;IRSB100009181;-55549.11024880782;1.5593630469223334;0.0;-5752.334145438843;91526.89911167965;CREDIT AGRICOLE CORPORATE AND INVESTMENT BANK;0.0;0.0;;Swap;35977.788862871836;0.0025;-1.0234086326102472;0.0;0.0;0.0;0.0
300203;IRSB100009204;-24090.324594262987;0.6657745041875486;0.0;-1300.4885691310221;48710.79433617439;NATIXIS;0.0;0.0;;Swap;24620.4697419114;0.0025;-0.6827137101373132;0.0;0.0;0.0;0.0
300203;IRSB100009211;-12867.92457382381;0.33699877095808334;0.0;-467.5756506077274;34504.15612933517;CREDIT AGRICOLE CORPORATE AND INVESTMENT BANK;0.0;0.0;;Swap;21636.23155551136;0.0025;-0.5711304095857888;0.0;0.0;0.0;0.0
300203;IRSB100009239;3243.813670195639;0.2822026216880778;0.0;-234.03759285817733;20599.731285463276;NATIXIS;0.0;0.0;;Swap;23843.544955658916;0.0025;2.0861242540846456;0.0;0.0;0.0;0.0
300203;IRSB100009258;5189.738688454032;0.8685212726297749;0.0;-1470.9995840585498;42255.47658974966;CREDIT AGRICOLE CORPORATE AND INVESTMENT BANK;0.0;0.0;;Swap;47445.215278203694;0.0025;7.956503681435279;0.0;0.0;0.0;0.0
300203;IRSB100009262;945.2053931392729;0.29042273358216647;0.0;-165.3361573182272;14137.790205166533;NATIXIS;0.0;0.0;;Swap;15082.995598305806;0.0025;4.663655548578794;0.0;0.0;0.0;0.0
300203;IRSB100009266;2968.3355022314936;0.8192045142582658;0.0;-999.4780849850802;30435.62015780523;NATIXIS;0.0;0.0;;Swap;33403.95566003672;0.0025;9.238715112474987;0.0;0.0;0.0;0.0
300203;IRSB100009272;1437.3996367044747;0.6630347920852722;0.0;-874.602973430383;32894.150396477286;CREDIT AGRICOLE CORPORATE AND INVESTMENT BANK;0.0;0.0;;Swap;34331.55003318176;0.0025;15.87568236342002;0.0;0.0;0.0;0.0
300203;IRSB100009319;-769.6176824644208;0.6274173984747976;0.0;-1155.5741876663521;45922.31942490368;CREDIT AGRICOLE CORPORATE AND INVESTMENT BANK;0.0;0.0;;Swap;45152.70174243926;0.0025;-36.90887879753368;0.0;0.0;0.0;0.0
300203;IRSB100009324;-2190.756295612082;0.6739944426259565;0.0;-690.3916356002013;25543.31790588023;BNP PARIBAS;0.0;0.0;;Swap;23352.56161026815;0.0025;-7.203332189086487;0.0;0.0;0.0;0.0
300203;IRSB100009332;-11967.408550892025;0.8849601339417342;0.0;-2442.2100326163377;68852.86225975685;CREDIT AGRICOLE CORPORATE AND INVESTMENT BANK;0.0;0.0;;Swap;56885.45370886482;0.0025;-4.214875785677167;0.0;0.0;0.0;0.0
300203;IRSB100009337;-6845.215392887592;1.1560392654412484;0.0;-1484.7014915036136;31923.169457755193;CREDIT AGRICOLE CORPORATE AND INVESTMENT BANK;0.0;0.0;;Swap;25077.9540648676;0.0025;-4.263025707030275;0.0;0.0;0.0;0.0
300203;IRSB100009346;-7697.837639430538;0.8959186788770576;0.0;-1329.7368160178085;37033.23136309673;CREDIT AGRICOLE CORPORATE AND INVESTMENT BANK;0.0;0.0;;Swap;29335.393723666195;0.0025;-3.420614728702824;0.0;0.0;0.0;0.0
300203;IRSB100009351;-541.787091162987;0.2411055913826671;0.0;-28.445614681134522;2926.8350026334524;JP MORGAN SE;0.0;0.0;;Swap;2385.0479114704654;0.0025;-1.0713317863907885;0.0;0.0;0.0;0.0
300203;IRSB100009357;-585.3466194802895;0.2328867722489552;0.0;-31.847210434877816;3389.642548709106;CREDIT AGRICOLE CORPORATE AND INVESTMENT BANK;0.0;0.0;;Swap;2804.2959292288165;0.0025;-1.1271636096371145;0.0;0.0;0.0;0.0
300203;IRSB100009363;-3266.4450931418687;0.4739887391244767;0.0;-330.27557279720406;17356.868179416073;CREDIT AGRICOLE CORPORATE AND INVESTMENT BANK;0.0;0.0;;Swap;14090.423086274204;0.0025;-2.0532402337097992;0.0;0.0;0.0;0.0
300203;IRSB100009369;-11914.030511584133;0.8959186779626669;0.0;-1563.9813557369241;43556.92392809249;CREDIT AGRICOLE CORPORATE AND INVESTMENT BANK;0.0;0.0;;Swap;31642.893416508356;0.0025;-2.3838804009457357;0.0;0.0;0.0;0.0
300203;IRSB100009384;-1923.706883970648;0.4082340765798687;0.0;-490.39906624491397;29901.518710033684;NATIXIS;0.0;0.0;;Swap;27977.811826063036;0.0025;-5.964449448936025;0.0;0.0;0.0;0.0
300203;IRSB100009392;859.0655593052506;0.663034805250528;0.0;-1290.1468597775604;48522.33033063533;NATIXIS;0.0;0.0;;Swap;49381.39588994058;0.0025;38.209197948046466;0.0;0.0;0.0;0.0
300203;IRSB100009403;-1654.4128920286894;0.7370089089695538;0.0;-1592.1520659917924;53886.75302593124;NATIXIS;0.0;0.0;;Swap;52232.34013390255;0.0025;-23.320803516672658;0.0;0.0;0.0;0.0
300203;IRSB100009450;-6265.958929363638;0.3753559847905763;0.0;-414.4652350737511;27478.011407687405;BNP PARIBAS;0.0;0.0;;Swap;21212.052478323767;0.0025;-1.277930277233444;0.0;0.0;0.0;0.0
300203;IRSB100009452;-19925.214270871133;0.9808528807871396;0.0;-2810.0048868940517;71493.35941215687;BNP PARIBAS;0.0;0.0;;Swap;51568.14514128574;0.0025;-2.5424316105371534;0.0;0.0;0.0;0.0
300203;SECL100006676;0.0;0.0;0.0;0.0;0.0;;0.0;0.0;SECL100006676;Bond;0.0;0.002;;0.0;;;
300203;XS1400169931;23676881.09589041;1.5187191446955954;1.5187191446955954;8994.757925151478;-239916.3747450275;;0.0;0.0;XS1400169931;Bond;23436964.721145384;0.0025;1.514988008484815;0.0;1.5187191446955954;0.0;0.0
300203;XS2063547041;7466164.779684285;0.0239963969356794;0.0239963969356794;17.865618864854547;-1196.631889346659;;0.0;0.0;XS2063547041;Bond;7464968.147794938;0.0025;0.023938014561985882;0.0;0.0239963969356794;0.0;0.0
300203;XS2168647357;12943216.712328767;0.749299772200566;0.749299772200566;1673.998687314386;-64538.77922311881;;0.0;0.0;XS2168647357;Bond;12878677.93310565;0.0025;0.7474700462257693;0.0;0.749299772200566;0.0;0.0
300203;XS2190134184;10061130.1369863;1.1801222401906686;1.1801222401906688;2582.1870863751437;-78383.60673584513;;0.0;0.0;XS2190134184;Bond;9982746.530250454;0.0025;1.1771877163235345;0.0;1.1801222401906688;0.0;0.0
300203;XS2264074647;20121769.86284542;0.5578575491952283;0.5578575491952283;1739.4666407811867;-67146.07039163212;;0.0;0.0;XS2264074647;Bond;20054623.79245379;0.0025;0.5564743868064148;0.0;0.5578575491952283;0.0;0.0
300203;XS2390400633;18922619.15068493;1.1268330759454726;1.1268330759454726;4485.112447284689;-128184.70042315734;;0.0;0.0;XS2390400633;Bond;18794434.45026177;0.0025;1.124081861114192;0.0;1.1268330759454726;0.0;0.0
300203;XS2432293673;38874994.725356;0.6172129818837127;0.6172129818837127;3820.978039407243;-143784.22706638515;;0.0;0.0;XS2432293673;Bond;38731210.498289615;0.0025;0.6157081406087056;0.0;0.6172129818837127;0.0;0.0
300203;XS2575952424;18421505.589041088;0.7782826454319238;0.7782826454319238;2515.420941320528;-95463.77485389379;;0.0;0.0;XS2575952424;Bond;18326041.814187195;0.0025;0.7763832534990711;0.0;0.7782826454319238;0.0;0.0
300203;XS2625195891;16802082.191780828;1.0686069381260868;1.0686069381260868;3727.1136932304207;-119731.30767997964;;0.0;0.0;XS2625195891;Bond;16682350.884100849;0.0025;1.0659161272810591;0.0;1.0686069381260868;0.0;0.0
300203;XS2697483118;12012468.35616438;1.4326081198347889;1.4326081198347893;4187.898372531862;-114609.80094235351;;0.0;0.0;XS2697483118;Bond;11897858.555222027;0.0025;1.4290233025258423;0.0;1.4326081198347893;0.0;0.0
300203;XS2719281227;22163137.33246287;0.1273773163670581;0.6177935328436446;38.750602726622674;-62624.96500413883;;0.0;0.0;XS2719281227;Bond;22100512.36745873;0.0025;0.12737416817205915;0.0;0.6177935328436446;0.0;0.0
300203;XS2745115597;26868028.2489182;0.0264225219317835;0.7585718059322843;4.871823833241251;-84137.94486593531;;0.0;0.0;XS2745115597;Bond;26783890.304052267;0.0025;0.026419734200848487;0.0;0.7585718059322843;0.0;0.0
300203;XS2752456314;8070914.666666667;0.0619888885346359;0.7944073852318717;4.00220301344234;-27143.232299231768;;0.0;0.0;XS2752456314;Bond;8043771.434367435;0.0025;0.06198609809705455;0.0;0.7944073852318717;0.0;0.0
300203;XS2752874821;32796976.875;0.0788068175505777;0.8102326992511912;29.13338459364923;-113054.68436187327;;0.0;0.0;XS2752874821;Bond;32683922.190638125;0.0025;0.07880013646636681;0.0;0.8102326992511912;0.0;0.0
300203;XS2800795291;33735638.06944443;0.0391658643942721;1.0151479442462508;12.39491176363572;-140706.65662128758;;0.0;0.0;XS2800795291;Bond;33594931.41282315;0.0025;0.03916051398177423;0.0;1.0151479442462508;0.0;0.0
300203;XS2802190459;35268989.583333336;0.0421143139448239;1.017695512647042;9.61217772044165;-130048.72878793383;;0.0;0.0;XS2802190459;Bond;35138940.8545454;0.0025;0.04211193450660094;0.0;1.017695512647042;0.0;0.0
300203;XS2815975409;29939920.559399985;0.0813525970926761;0.0813525970926761;257.5946456140211;-15995.300024884924;;0.0;0.0;XS2815975409;Bond;29923925.2593751;0.0025;0.08115404974514126;0.0;0.0813525970926761;0.0;0.0
300203;XS2819077277;29926664.70809997;0.0975822061417951;0.0975822061417951;313.46731876877925;-19185.861758069568;;0.0;0.0;XS2819077277;Bond;29907478.8463419;0.0025;0.09734414896715571;0.0;0.0975822061417951;0.0;0.0
300203;XS2819223194;35119173.0032358;0.115539634452079;1.0928897575269547;53.82085888072652;-164059.09541030138;;0.0;0.0;XS2819223194;Bond;34955113.9078255;0.0025;0.1155346949529103;0.0;1.0928897575269547;0.0;0.0
300203;XS2824777267;26087805.27450668;0.1428277757959462;1.1208089470697862;61.220202240974686;-112126.49599811046;;0.0;0.0;XS2824777267;Bond;25975678.77850857;0.0025;0.1428201077780885;0.0;1.1208089470697862;0.0;0.0
300203;XS2841263358;20568734.16813553;0.0108006201723559;0.1898773381976502;-64.9864162483027;-16334.142691236228;;0.0;0.0;XS2841263358;Bond;20552400.025444295;0.0025;0.01087989869891052;0.0;0.1898773381976502;0.0;0.0
300203;XS2861535420;24834610.314494103;0.2767729108340771;0.2767729108340771;861.6805879922672;-45110.538735642716;;0.0;0.0;XS2861535420;Bond;24789499.77575846;0.0025;0.276096999869795;0.0;0.2767729108340771;0.0;0.0
300203;XS2861705445;34780876.799546964;0.2493517550524927;0.2493517550524928;1062.4683521856246;-56983.46390720298;;0.0;0.0;XS2861705445;Bond;34723893.33563976;0.0025;0.248743508643208;0.0;0.2493517550524928;0.0;0.0
300203;XS2861748171;30755374.593267463;0.0149466862355404;0.2768283658099807;-210.04984418482312;-35527.83783951034;;0.0;0.0;XS2861748171;Bond;30719846.755427953;0.0025;0.015117987132202776;0.0;0.2768283658099807;0.0;0.0
300203;XS2862962623;19858131.920796517;0.284634155280983;0.2846341552809829;712.4855816433328;-34275.679753703575;;0.0;0.0;XS2862962623;Bond;19823856.241042815;0.0025;0.28393972724249195;0.0;0.2846341552809829;0.0;0.0
300203;XS2866213098;25606627.39176016;0.0155745821610802;0.2929586836659781;-196.67112383103813;-31304.053314330624;;0.0;0.0;XS2866213098;Bond;25575323.338445827;0.0025;0.015767200515941996;0.0;0.2929586836659781;0.0;0.0
300203;XS2880647099;29743710.187173355;0.3609636079891133;0.3609636079891133;1436.5384548516863;-70447.77385427771;;0.0;0.0;XS2880647099;Bond;29673262.413319077;0.0025;0.3600819143550018;0.0;0.3609636079891133;0.0;0.0
300203;XS2880859272;35769157.23160632;0.0173133131761497;0.3610741327924325;-423.03995861914245;-53682.97818919864;;0.0;0.0;XS2880859272;Bond;35715474.25341712;0.0025;0.01760973625041277;0.0;0.3610741327924325;0.0;0.0
300203;XS2885066808;24780209.977224328;0.3718267450525668;0.3718267450525668;1242.8595375033697;-60456.923245803475;;0.0;0.0;XS2885066808;Bond;24719753.053978525;0.0025;0.3709184996954144;0.0;0.3718267450525668;0.0;0.0
300203;XS2888423881;29725091.56646199;0.3881222203643156;0.3881222203643156;1575.0420967376797;-75697.18523568884;;0.0;0.0;XS2888423881;Bond;29649394.3812263;0.0025;0.3871741436278299;0.0;0.3881222203643156;0.0;0.0
300203;XS2895045164;30603819.797751658;0.0199375792002893;0.4073328412722975;-460.30192990542673;-51833.06418522812;;0.0;0.0;XS2895045164;Bond;30551986.73356643;0.0025;0.020314589698008246;0.0;0.4073328412722975;0.0;0.0
300203;XS2898793406;25472422.46336383;0.0206746384984082;0.4288127378479748;-426.1231367763685;-45422.25677923344;;0.0;0.0;XS2898793406;Bond;25427000.206584595;0.0025;0.021093927174564906;0.0;0.4288127378479748;0.0;0.0
300203;XS2903381072;29693230.29080293;0.4481694264925588;0.4481694264925588;1897.6549997827335;-87249.28626544151;;0.0;0.0;XS2903381072;Bond;29605981.00453749;0.0025;0.4470738492085151;0.0;0.4481694264925588;0.0;0.0
300203;XS2906220855;29663544.052738994;0.4610772828642333;0.4610772828642333;1966.06297906714;-89803.33199527829;;0.0;0.0;XS2906220855;Bond;29573740.720743716;0.0025;0.4599517944638753;0.0;0.4610772828642333;0.0;0.0
300203;XS2908566982;44488599.88625544;0.4664838888924872;0.4664838888924872;2994.3683532403074;-125786.9454318236;;0.0;0.0;XS2908566982;Bond;44362812.94082362;0.0025;0.46534524645916053;0.0;0.4664838888924872;0.0;0.0
300203;XS2908585263;30522982.73777913;0.026866680355475;0.4887754239928087;-646.1572610305666;-61925.34898397038;;0.0;0.0;XS2908585263;Bond;30461057.38879516;0.0025;0.027397723202763867;0.0;0.4887754239928087;0.0;0.0
300203;XS2908892438;30535951.949834246;0.0269616756746832;0.5596647485810053;-871.0594912031411;-70994.20836075279;;0.0;0.0;XS2908892438;Bond;30464957.741473492;0.0025;0.02767663557552667;0.0;0.5596647485810053;0.0;0.0
300203;XS2909655438;29663424.060497742;0.4777354763022399;0.4777354763022399;2061.8087903376963;-92972.48527454634;;0.0;0.0;XS2909655438;Bond;29570451.575223196;0.0025;0.4765683850182714;0.0;0.4777354763022399;0.0;0.0
300203;XS2909824646;29672420.095670775;0.4780318748257692;0.4780318748257692;2064.9940757024974;-93000.68106697912;;0.0;0.0;XS2909824646;Bond;29579419.414603796;0.0025;0.4768633348767912;0.0;0.4780318748257692;0.0;0.0
300203;XS2918558227;30489840.127013963;0.0283897244441778;0.600428106212006;-1003.7024544828912;-76007.88217225319;;0.0;0.0;XS2918558227;Bond;30413832.24484171;0.0025;0.0292147204589276;0.0;0.600428106212006;0.0;0.0
300203;XS2920487852;32604499.26272141;0.5241884182036612;0.5241884182036612;2566.966535939837;-112061.21732899727;;0.0;0.0;XS2920487852;Bond;32492438.045392413;0.0025;0.522907090976474;0.0;0.5241884182036612;0.0;0.0
300203;XS2922134684;30446931.89666979;0.0244006324998319;0.5346610511449618;-798.3981475945257;-67589.31738599318;;0.0;0.0;XS2922134684;Bond;30379342.579283796;0.0025;0.025057686331090137;0.0;0.5346610511449618;0.0;0.0
300203;XS2923562263;30453286.16098338;0.0245293879572654;0.5405930337783714;-815.3813624289796;-68280.69510619927;;0.0;0.0;XS2923562263;Bond;30385005.46587718;0.0025;0.025200262772338132;0.0;0.5405930337783714;0.0;0.0
300203;XS2924877116;29617682.018811464;0.5428766422643441;0.5428766422643441;2444.0574230533;-105487.63458754768;;0.0;0.0;XS2924877116;Bond;29512194.384223916;0.0025;0.5415504245659504;0.0;0.5428766422643441;0.0;0.0
300203;XS2931921113;31444810.319444448;0.0991896698037431;1.5551953465380757;40.9535472201128;-204322.14888437107;;0.0;0.0;XS2931921113;Bond;31240488.170560077;0.0025;0.09918170641836338;0.0;1.5551953465380757;0.0;0.0
300203;XS2942506978;30371732.473683145;0.0270337928114285;0.6166800882537427;-1063.0864188954092;-77607.54297495326;;0.0;0.0;XS2942506978;Bond;30294124.930708192;0.0025;0.027910682255300173;0.0;0.6166800882537427;0.0;0.0
300203;XS2963900035;24879886.195998702;0.2007954071319312;0.2007954071319312;588.3204479137178;-32786.918521302396;;0.0;0.0;XS2963900035;Bond;24847099.2774774;0.0025;0.20030504341036268;0.0;0.2007954071319312;0.0;0.0
300203;XS2972963883;29102621.111111168;0.0267884092310159;1.7195559298806045;8.705166365530204;-178804.41064553472;;0.0;0.0;XS2972963883;Bond;28923816.700465634;0.0025;0.026782725286487997;0.0;1.7195559298806045;0.0;0.0
300203;XS2974086667;34780635.30164227;0.2660069863994256;0.2660069863994256;1150.172596052333;-60699.35530724967;;0.0;0.0;XS2974086667;Bond;34719935.94633502;0.0025;0.2653571522332592;0.0;0.2660069863994256;0.0;0.0
300203;XS2976509716;16888641.880626675;0.2712828871812507;0.2712828871812507;571.7384032869852;-27762.15103664659;;0.0;0.0;XS2976509716;Bond;16860879.72959003;0.0025;0.27062053752103166;0.0;0.2712828871812507;0.0;0.0
300203;XS2977963219;24834724.45074484;0.274000379286118;0.274000379286118;851.0228910451827;-41232.44662233253;;0.0;0.0;XS2977963219;Bond;24793492.00412251;0.0025;0.2733313833416595;0.0;0.274000379286118;0.0;0.0
300203;XS2978738495;29969827.445503756;0.0378955379071773;0.0378955379071773;114.97516273460651;-6897.165768280315;;0.0;0.0;XS2978738495;Bond;29962930.279735476;0.0025;0.037803218990300425;0.0;0.0378955379071773;0.0;0.0
300203;XS2989318428;24523096.238462918;0.8087396766170237;0.8087396766170236;3541.6238551467727;-130140.37647644567;;0.0;0.0;XS2989318428;Bond;24392955.861986473;0.0025;0.8067643280151027;0.0;0.8087396766170236;0.0;0.0
300203;XS2989343293;24582486.943990868;0.7250148971193632;0.7250148971193632;3034.4218523556765;-116884.6742227292;;0.0;0.0;XS2989343293;Bond;24465602.269768137;0.0025;0.7232430546430597;0.0;0.7250148971193632;0.0;0.0
300203;XS2993382667;29537717.32182007;0.6568708448761305;0.6568708448761305;3170.4290191282057;-127295.42286910408;;0.0;0.0;XS2993382667;Bond;29410421.898950964;0.0025;0.6552661697256427;0.0;0.6568708448761305;0.0;0.0
300203;XS2993406359;12972360.488879995;0.0812319038436766;0.0812319038436766;111.27961663248256;-6397.328460269589;;0.0;0.0;XS2993406359;Bond;12965963.160419727;0.0025;0.0810339451797021;0.0;0.0812319038436766;0.0;0.0
300203;XS2994493786;41658184.45822303;0.3308148632583847;0.3308148632583847;1801.1819369290774;-90506.68568594757;;0.0;0.0;XS2994493786;Bond;41567677.77253708;0.0025;0.330007530232604;0.0;0.3308148632583847;0.0;0.0
300203;XS3003192898;29976567.32700482;0.0297840678568929;0.0297840678568929;89.68735754517027;-5872.122092824231;;0.0;0.0;XS3003192898;Bond;29970695.204911996;0.0025;0.02971148769520184;0.0;0.0297840678568929;0.0;0.0
300203;XS3003206359;19611029.876827408;0.8583557553042049;0.8583557553042049;3090.969124849013;-110359.05580000959;;0.0;0.0;XS3003206359;Bond;19500670.821027398;0.0025;0.8562573465762406;0.0;0.8583557553042049;0.0;0.0
300203;XS3006178597;29562936.88435271;0.6188261307204694;0.6188261307204694;2919.626840163995;-120033.62318523487;;0.0;0.0;XS3006178597;Bond;29442903.261167474;0.0025;0.6173145026179022;0.0;0.6188261307204694;0.0;0.0
300203;XS3007482790;31348548.140861575;0.8741111783098919;0.874111178309892;5073.168444982804;-179760.30481869393;;0.0;0.0;XS3007482790;Bond;31168787.83604288;0.0025;0.8719755779532686;0.0;0.874111178309892;0.0;0.0
300203;XS3007483178;34957765.34424999;0.0460300949605575;0.0460300949605575;164.25544258069382;-10583.104302848285;;0.0;0.0;XS3007483178;Bond;34947182.23994715;0.0025;0.04591792482050458;0.0;0.0460300949605575;0.0;0.0
300203;XS3013234177;19587773.13635565;0.8849665056547343;0.8849665056547343;3228.0871751062546;-113716.41445462365;;0.0;0.0;XS3013234177;Bond;19474056.721901026;0.0025;0.8828043916592593;0.0;0.8849665056547343;0.0;0.0
300203;XS3016270335;14976936.781049998;0.0595915904588932;0.0595915904588932;92.34931153123456;-5416.316863283837;;0.0;0.0;XS3016270335;Bond;14971520.464186715;0.0025;0.0594463158168952;0.0;0.0595915904588932;0.0;0.0
300203;XS3017362073;19995794.035422787;0.0081256448848134;0.0081256448848134;15.974976896889062;-986.0939524318088;;0.0;0.0;XS3017362073;Bond;19994807.941470355;0.0025;0.00810583702868428;0.0;0.0081256448848134;0.0;0.0
300203;XS3017920425;29491363.107662767;0.7275394069409822;0.7275394069409822;3657.907709691901;-140750.56036588643;;0.0;0.0;XS3017920425;Bond;29350612.54729688;0.0025;0.7257618612762047;0.0;0.7275394069409822;0.0;0.0
300203;XS3019213654;44076768.99999999;0.1952913354593438;0.9303418686934808;170.77464775638873;-185815.36712783412;;0.0;0.0;XS3019213654;Bond;43890953.63287216;0.0025;0.19528982017380733;0.0;0.9303418686934808;0.0;0.0
300203;XS3030265170;34810421.69499891;0.2113029293831706;0.2113029293831706;872.7700229190318;-48353.106299628635;;0.0;0.0;XS3030265170;Bond;34762068.58869928;0.0025;0.21078774945506462;0.0;0.2113029293831706;0.0;0.0
300203;XS3030333788;29937975.0396;0.0785122771380801;0.0785122771380801;247.54215344201728;-14271.801799699726;;0.0;0.0;XS3030333788;Bond;29923703.2378003;0.0025;0.07832097507653259;0.0;0.0785122771380801;0.0;0.0
300203;XS3035914517;29317112.162999995;0.9689059347373876;0.9689059347373876;5527.5841570612265;-186384.54458696308;;0.0;0.0;XS3035914517;Bond;29130727.61841303;0.0025;0.9665392656851826;0.0;0.9689059347373876;0.0;0.0
300203;XS3036613100;29544904.308461636;0.6460003836067554;0.6460003836067554;3097.9353747269606;-125221.82730189085;;0.0;0.0;XS3036613100;Bond;29419682.481159747;0.0025;0.6444222960943438;0.0;0.6460003836067554;0.0;0.0
300203;XS3038488436;29324900.0712;0.9719425409912726;0.9719425409912726;5555.960391756541;-186956.28072789698;;0.0;0.0;XS3038488436;Bond;29137943.7904721;0.0025;0.969567666484901;0.0;0.9719425409912726;0.0;0.0
300208;BE6356749489;9988827.583100002;0.0433405193652792;0.0433405193652792;44.0930958411905;-2846.131694910686;;0.0;0.0;BE6356749489;Bond;9985981.451405091;0.0025;0.04323485933286146;0.0;0.0433405193652792;0.0;0.0
300208;CSH_EUR_DB;836777438.79;0.0;0.0;0.0;0.0;;0.0;0.0;;Cash;836777438.79;0.0;0.0;0.0;0.0;0.0;0.0
300208;CSH_USD_DB;0.3425291612664321;0.0;0.0;0.0;-0.00856322903166075;;0.0;0.0034252916126643;;Cash;0.3339659322347714;0.0;0.0;0.0;0.0;0.0;0.0033396593223476933
300208;DE000A3LKBD0;6065576.0;0.0629578993772984;0.792687710060954;3.8600056484483503;-20314.929544978266;;0.0;0.0;DE000A3LKBD0;Bond;6045261.070455022;0.0025;0.06295189914314099;0.0;0.792687710060954;0.0;0.0
300208;DE000A3LNFJ2;34328861.79954959;0.217040159655914;0.4640684832332128;162.230852751577;-82658.01306630627;;0.0;0.0;DE000A3LNFJ2;Bond;34246203.78648328;0.0025;0.2170397810844374;0.0;0.4640684832332128;0.0;0.0
300208;DE000A4BF827;9976986.0666;0.0755075246073708;0.0755075246073708;78.82310359974424;-4592.147011476165;;0.0;0.0;DE000A4BF827;Bond;9972393.919588525;0.0025;0.07532426576053167;0.0;0.0755075246073708;0.0;0.0
300208;DE000A4BF8Z3;14971730.42896856;0.0620300503542358;0.0620300503542358;95.92839854945521;-5660.544655336059;;0.0;0.0;DE000A4BF8Z3;Bond;14966069.884313224;0.0025;0.06187948712172168;0.0;0.0620300503542358;0.0;0.0
300208;DE000CZ450R9;29361998.83494888;0.8843125881083967;0.8843125881083967;4831.742072852853;-170460.48090755253;;0.0;0.0;DE000CZ450R9;Bond;29191538.354041327;0.0025;0.8821536682778484;0.0;0.8843125881083967;0.0;0.0
300208;DE000CZ451J4;19685611.337556683;0.6537861814741701;0.6537861814741701;2098.349427441084;-84486.32920625355;;0.0;0.0;DE000CZ451J4;Bond;19601125.00835043;0.0025;0.6521899460580918;0.0;0.6537861814741701;0.0;0.0
300208;DE000CZ451V9;29340697.876776297;0.9141509709121004;0.9141509709121006;5071.181574352145;-176084.3799974753;;0.0;0.0;DE000CZ451V9;Bond;29164613.49677882;0.0025;0.9119192059889136;0.0;0.9141509709121006;0.0;0.0
300208;DE000CZ451X5;29506570.69665077;0.6836105102974597;0.6836105102974597;3348.7836168622134;-132415.78849620264;;0.0;0.0;DE000CZ451X5;Bond;29374154.908154566;0.0025;0.6819414983761387;0.0;0.6836105102974597;0.0;0.0
300208;DE000CZ452U9;29730829.959577456;0.3688716115964431;0.3688716115964431;1475.3677279819512;-72005.6265322369;;0.0;0.0;DE000CZ452U9;Bond;29658824.33304522;0.0025;0.36797117303810123;0.0;0.3688716115964431;0.0;0.0
300208;FR0013262284;20051150.684931364;0.2043135328780986;0.2043135328780986;480.4686870584843;-27494.797035090818;;0.0;0.0;FR0013262284;Bond;20023655.887896273;0.0025;0.2038188391690708;0.0;0.2043135328780986;0.0;0.0
300208;FR0128563899;29965120.0296;0.0432961957587391;0.0432961957587391;132.00287529713083;-8538.006802954522;;0.0;0.0;FR0128563899;Bond;29956582.022797044;0.0025;0.04319075171919207;0.0;0.0432961957587391;0.0;0.0
300208;FR0128580331;31012651.14406437;0.0058524172716741;0.0678036057316819;-10.820677687206626;-8950.364189788275;;0.0;0.0;FR0128580331;Bond;31003700.77987458;0.0025;0.005861225691833159;0.0;0.0678036057316819;0.0;0.0
300208;FR0128585413;30996146.298250664;0.0064847806774243;0.0813794072976757;-16.149215298355557;-10693.021877953457;;0.0;0.0;FR0128585413;Bond;30985453.276372712;0.0025;0.006497910988298532;0.0;0.0813794072976757;0.0;0.0
300208;FR0128614551;30876118.93461683;0.0108686724153144;0.1791064614925367;-85.83054267319314;-20379.7326962039;;0.0;0.0;FR0128614551;Bond;30855739.201920625;0.0025;0.010938463631947873;0.0;0.1791064614925367;0.0;0.0
300208;FR0128615376;33921498.76197298;0.0125455172791784;0.2171231686563829;-140.38527673676526;-27085.878525155276;;0.0;0.0;FR0128615376;Bond;33894412.883447826;0.0025;0.012649374104762306;0.0;0.2171231686563829;0.0;0.0
300208;FR0128634468;30926875.629369583;0.0090792474617103;0.138402584116998;-50.14069159869905;-17987.139778645287;;0.0;0.0;FR0128634468;Bond;30908888.48959094;0.0025;0.00911998519326725;0.0;0.138402584116998;0.0;0.0
300208;FR0128635648;30917795.902680453;0.0093061437287286;0.1438645582783781;-54.39702022158599;-18677.047141712577;;0.0;0.0;FR0128635648;Bond;30899118.85553874;0.0025;0.009350345441744576;0.0;0.1438645582783781;0.0;0.0
300208;FR0128636869;41195804.46657441;0.0100114010336203;0.1602037812963496;-90.70397766208771;-27667.260679671275;;0.0;0.0;FR0128636869;Bond;41168137.20589474;0.0025;0.010066696030751419;0.0;0.1602037812963496;0.0;0.0
300208;FR0128637131;30887031.00069884;0.0065923049349624;0.0950430935356768;-22.716228897934343;-12356.122201060307;;0.0;0.0;FR0128637131;Bond;30874674.87849778;0.0025;0.006610800124134816;0.0;0.0950430935356768;0.0;0.0
300208;FR0128637529;29887948.79699935;0.1601892534114461;0.1601892534114461;544.6592843403953;-31402.81743465548;;0.0;0.0;FR0128637529;Bond;29856545.979564697;0.0025;0.15979782054090302;0.0;0.1601892534114461;0.0;0.0
300208;FR0128656578;30647126.805750363;0.0182369644544044;0.3638700847363891;-366.22651577999926;-46402.37220788221;;0.0;0.0;FR0128656578;Bond;30600724.43354248;0.0025;0.01853654049730173;0.0;0.3638700847363891;0.0;0.0
300208;FR0128656842;30605310.474169426;0.0196694731655029;0.4019198814058413;-448.009629394619;-51144.27391686625;;0.0;0.0;FR0128656842;Bond;30554166.20025256;0.0025;0.02003639781493915;0.0;0.4019198814058413;0.0;0.0
300208;FR0128661800;30840295.711329777;0.0117435873604358;0.20083409014862;-108.78284939508376;-25915.651679744857;;0.0;0.0;FR0128661800;Bond;30814380.059650034;0.0025;0.011832114538176475;0.0;0.20083409014862;0.0;0.0
300208;FR0128667708;21977948.7935941;0.03789887819059;0.03789887819059;84.33026278099133;-5057.9389004435725;;0.0;0.0;FR0128667708;Bond;21972890.854693655;0.0025;0.03780654300967374;0.0;0.03789887819059;0.0;0.0
300208;FR0128668276;14977309.4343;0.0596158582206553;0.0596158582206553;92.42683285392883;-5416.451631034522;;0.0;0.0;FR0128668276;Bond;14971892.982668966;0.0025;0.05947046524845509;0.0;0.0596158582206553;0.0;0.0
300208;FR0128716844;40987558.73768048;0.0135926557771297;0.2524443823992951;-232.22206380069116;-43166.445950657595;;0.0;0.0;FR0128716844;Bond;40944392.29172982;0.0025;0.013734759477803872;0.0;0.2524443823992951;0.0;0.0
300208;FR0128718600;15371023.37042255;0.0157648238088311;0.2959415833775316;-120.24434781210402;-18966.80694690604;;0.0;0.0;FR0128718600;Bond;15352056.563475644;0.0025;0.0159610149804293;0.0;0.2959415833775316;0.0;0.0
300208;FR0128719285;30723481.38950045;0.0161715088186511;0.3067109861932321;-258.76500941990344;-39288.725195586456;;0.0;0.0;FR0128719285;Bond;30684192.664304864;0.0025;0.016382722254671193;0.0;0.3067109861932321;0.0;0.0
300208;FR0128719442;20486024.752269197;0.0163364006627884;0.3095168757604064;-175.62484799782396;-26430.16918738575;;0.0;0.0;FR0128719442;Bond;20459594.58308181;0.0025;0.016551390609632864;0.0;0.3095168757604064;0.0;0.0
300208;FR0128720309;20440448.299641;0.0178984763770758;0.3528257229075457;-229.51542888449697;-30035.270876031063;;0.0;0.0;FR0128720309;Bond;20410413.028764967;0.0025;0.018179989588558786;0.0;0.3528257229075457;0.0;0.0
300208;FR0128720507;20379377.486365397;0.0206779518192118;0.4288739052807735;-340.9168058965406;-36340.54116684047;;0.0;0.0;FR0128720507;Bond;20343036.945198555;0.0025;0.021097233741393998;0.0;0.4288739052807735;0.0;0.0
300208;FR0128730522;51189556.96664614;0.0164932602905661;0.3148571126785567;-455.01646894763326;-67184.55447836335;;0.0;0.0;FR0128730522;Bond;51122372.41216778;0.0025;0.01671616169536675;0.0;0.3148571126785567;0.0;0.0
300208;FR0128730746;25593019.182574056;0.0164932602905662;0.3147899519599933;-227.49246930686695;-33589.96821671655;;0.0;0.0;FR0128730746;Bond;25559429.21435734;0.0025;0.016716161571309136;0.0;0.3147899519599933;0.0;0.0
300208;FR0128757541;30669215.55169724;0.0176920791273535;0.3474588812533988;-333.5803633319756;-44377.43249124921;;0.0;0.0;FR0128757541;Bond;30624838.11920599;0.0025;0.017964779564419695;0.0;0.3474588812533988;0.0;0.0
300208;FR0128757863;20442590.78998684;0.0177954046496734;0.3501085669501798;-225.9291420614318;-29809.123034244123;;0.0;0.0;FR0128757863;Bond;20412781.6669526;0.0025;0.018072493440729042;0.0;0.3501085669501798;0.0;0.0
300208;FR0128758218;30661202.150409058;0.0178656517555065;0.3529374271602617;-344.3501483957334;-45051.16855269855;;0.0;0.0;FR0128758218;Bond;30616150.98185636;0.0025;0.018147219969621133;0.0;0.3529374271602617;0.0;0.0
300208;FR0128767771;29925458.64059996;0.1003198418630855;0.1003198418630855;323.1493739263878;-13650.92839358875;;0.0;0.0;FR0128767771;Bond;29911807.71220637;0.0025;0.1000750401172023;0.0;0.1003198418630855;0.0;0.0
300208;FR0128768654;20443715.87656573;0.0179284626203528;0.3528952909778204;-229.50850109282328;-30041.60484133101;;0.0;0.0;FR0128768654;Bond;20413674.2717244;0.0025;0.018209925178793333;0.0;0.3528952909778204;0.0;0.0
300208;FR0128768720;20442716.720075335;0.0179120989726979;0.352894805776122;-229.52111322638305;-26398.81650916034;;0.0;0.0;FR0128768720;Bond;20416317.903566174;0.0025;0.018193589206146717;0.0;0.352894805776122;0.0;0.0
300208;FR0128771310;30641623.00703076;0.0183067432305038;0.3666020447993207;-371.8606755853671;-46735.18293137974;;0.0;0.0;FR0128771310;Bond;30594887.82409938;0.0025;0.018610976127366126;0.0;0.3666020447993207;0.0;0.0
300208;FR0128771484;30643396.45817201;0.0183579283494391;0.3665162886350057;-371.76688394424673;-46741.809047332164;;0.0;0.0;FR0128771484;Bond;30596654.649124674;0.0025;0.01866207186073715;0.0;0.3665162886350057;0.0;0.0
300208;FR0128771732;29739529.211371783;0.3663803390396404;0.3663803390396404;1463.7598466585791;-71497.08735062668;;0.0;0.0;FR0128771732;Bond;29668032.124021158;0.0025;0.36548544205037425;0.0;0.3663803390396404;0.0;0.0
300208;FR0128785997;30626087.03937667;0.0193855078769473;0.391015105663474;-423.69308062006905;-49814.73818962453;;0.0;0.0;FR0128785997;Bond;30576272.301187046;0.0025;0.019732306997939493;0.0;0.391015105663474;0.0;0.0
300208;FR0128786854;30602334.13277402;0.0196694731655028;0.4018248130506738;-447.9664639234216;-51139.300178085665;;0.0;0.0;FR0128786854;Bond;30551194.832595937;0.0025;0.020036398144242847;0.0;0.4018248130506738;0.0;0.0
300208;FR0128788207;30451935.066231463;0.0227404298224921;0.5323126417538043;-795.3797620530166;-67140.3131539153;;0.0;0.0;FR0128788207;Bond;30384794.753077548;0.0025;0.023394702295287693;0.0;0.5323126417538043;0.0;0.0
300208;FR0128789924;30608171.484508567;0.0163465082134497;0.333936278311284;-308.572367657689;-42508.9798174617;;0.0;0.0;FR0128789924;Bond;30565662.504691105;0.0025;0.016599210538101237;0.0;0.333936278311284;0.0;0.0
300208;FR0128790138;29711375.6501531;0.4071105643440379;0.407110564344038;1674.2735531204228;-79366.0034490391;;0.0;0.0;FR0128790138;Bond;29632009.646704063;0.0025;0.40611613028982113;0.0;0.407110564344038;0.0;0.0
300208;FR0128805639;30593736.22105795;0.015710954871906;0.3420058429983337;-325.88678422484924;-43446.14354451012;;0.0;0.0;FR0128805639;Bond;30550290.07751344;0.0025;0.015977873841534606;0.0;0.3420058429983337;0.0;0.0
300208;FR0128806710;25487271.567016736;0.0205645545786792;0.4235430263346119;-415.212975113377;-44883.09612641054;;0.0;0.0;FR0128806710;Bond;25442388.470890325;0.0025;0.020972886668130193;0.0;0.4235430263346119;0.0;0.0
300208;FR0128807130;25474170.912482917;0.0206379031479737;0.4289668980815172;-426.2328268112015;-45423.03509575373;;0.0;0.0;FR0128807130;Bond;25428747.877387162;0.0025;0.021057266973323576;0.0;0.4289668980815172;0.0;0.0
300208;FR0128807213;19794667.878365207;0.4286895970760856;0.4286895970760856;1192.6328591278973;-51411.90451695949;;0.0;0.0;FR0128807213;Bond;19743255.97384825;0.0025;0.4276427787999538;0.0;0.4286895970760856;0.0;0.0
300208;FR0128807593;40778070.33690184;0.0207944108188871;0.4290607942505462;-681.7479913934221;-72727.3979576647;;0.0;0.0;FR0128807593;Bond;40705342.938944176;0.0025;0.021213454228848728;0.0;0.4290607942505462;0.0;0.0
300208;FR0128807684;20371037.204902973;0.0206746384984083;0.4284819449895712;-340.78322386221765;-36325.50002306408;;0.0;0.0;FR0128807684;Bond;20334711.70487991;0.0025;0.021093927366003948;0.0;0.4284819449895712;0.0;0.0
300208;FR0128808898;25462367.95868133;0.0212896742997311;0.4452502050207058;-459.5215319369572;-47117.71621526142;;0.0;0.0;FR0128808898;Bond;25415250.24246607;0.0025;0.021741984563158314;0.0;0.4452502050207058;0.0;0.0
300208;FR0128809730;34630063.04826475;0.447829679011791;0.447829679011791;2209.807165010081;-101755.45923086013;;0.0;0.0;FR0128809730;Bond;34528307.58903389;0.0025;0.446735762198721;0.0;0.447829679011791;0.0;0.0
300208;FR0128839547;30465344.982285887;0.0237615912245464;0.5185422277997301;-750.3904164707363;-65578.32040130603;;0.0;0.0;FR0128839547;Bond;30399766.66188458;0.0025;0.024378776530139847;0.0;0.5185422277997301;0.0;0.0
300208;FR0128840974;35535613.666653566;0.0239420098390205;0.5239756481124995;-894.1056783839941;-77287.24188122049;;0.0;0.0;FR0128840974;Bond;35458326.424772345;0.0025;0.0245724637398952;0.0;0.5239756481124995;0.0;0.0
300208;FR0128862788;12963772.92067;0.0972479888491351;0.0972479888491351;134.86067929057768;-21097.208533912282;;0.0;0.0;FR0128862788;Bond;12942675.712136088;0.0025;0.09701155957450443;0.0;0.0972479888491351;0.0;0.0
300208;FR0128866516;30419914.227675542;0.0249200123463881;0.5536987997046287;-856.881499089468;-69902.42189610038;;0.0;0.0;FR0128866516;Bond;30350011.805779442;0.0025;0.025625775839569098;0.0;0.5536987997046287;0.0;0.0
300208;FR0128866896;20264038.526447862;0.0257779488335377;0.5781464911590875;-623.1505977893903;-48607.17590370774;;0.0;0.0;FR0128866896;Bond;20215431.350544155;0.0025;0.026548398844892046;0.0;0.5781464911590875;0.0;0.0
300208;FR0128866938;17199352.935453918;0.0269728923125451;0.6161383667390751;-602.149894390891;-43946.126258056;;0.0;0.0;FR0128866938;Bond;17155406.80919586;0.0025;0.027849961951561322;0.0;0.6161383667390751;0.0;0.0
300208;FR0128867167;30200754.33237444;0.009871680633375;0.2684923758936859;-201.6341760224805;-33511.080409949536;;0.0;0.0;FR0128867167;Bond;30167243.25196449;0.0025;0.010038835798100594;0.0;0.2684923758936859;0.0;0.0
300208;FR0128867266;30181157.30356548;0.010324074558799;0.2874976300743218;-231.78872154971944;-35838.73662913903;;0.0;0.0;FR0128867266;Bond;30145318.56693634;0.0025;0.010516338899140713;0.0;0.2874976300743218;0.0;0.0
300208;FR0128867399;20113988.768896192;0.0111636526606986;0.3418024872142681;-220.52049075682592;-28335.20050723311;;0.0;0.0;FR0128867399;Bond;20085653.568388958;0.0025;0.011438052691672458;0.0;0.3418024872142681;0.0;0.0
300208;FR0128902089;20269619.988281563;0.0264507958998408;0.5920791455849621;-652.8901863589454;-49765.32410327978;;0.0;0.0;FR0128902089;Bond;20219854.664178282;0.0025;0.027257802074304945;0.0;0.5920791455849621;0.0;0.0
300208;FR0128902923;30708418.06647204;0.0310551468181356;0.6654410530833526;-1213.268685518187;-83824.54344434603;;0.0;0.0;FR0128902923;Bond;30624593.523027692;0.0025;0.032045290848613045;0.0;0.6654410530833526;0.0;0.0
300208;FR0128913656;29424705.45006129;0.8197479021611863;0.8197479021611863;4334.348146849536;-146075.52404249608;;0.0;0.0;FR0128913656;Bond;29278629.926018797;0.0025;0.8177452930732663;0.0;0.8197479021611863;0.0;0.0
300208;FR0128913979;30184847.403478462;0.032519169784242;0.7901641363291996;-1749.713174348244;-86682.09443157745;;0.0;0.0;FR0128913979;Bond;30098165.309046883;0.0025;0.03397097868994401;0.0;0.7901641363291996;0.0;0.0
300208;FR0128914183;6992298.811819515;0.037803546654052;0.037803546654052;26.694924049585715;-4425.263083644679;;0.0;0.0;FR0128914183;Bond;6987873.54873587;0.0025;0.03771167540531659;0.0;0.037803546654052;0.0;0.0
300208;FR0128917590;20261831.68819973;0.0266694498888811;0.600219820962723;-671.2067346370532;-50423.42075495403;;0.0;0.0;FR0128917590;Bond;20211408.267444775;0.0025;0.02749939444563681;0.0;0.600219820962723;0.0;0.0
300208;FR0128918275;25300324.709492013;0.0270308401551484;0.6163197312930824;-885.5838284915761;-64648.61254498223;;0.0;0.0;FR0128918275;Bond;25235676.09694703;0.0025;0.027907738424434628;0.0;0.6163197312930824;0.0;0.0
300208;FR0128957471;15492228.065829985;0.0189493165878781;0.0189493165878781;29.1654778109796;-1782.6673390818062;;0.0;0.0;FR0128957471;Bond;15490445.398490904;0.0025;0.01890314958718475;0.0;0.0189493165878781;0.0;0.0
300208;FR0128957760;21984244.625539415;0.0270705272859782;0.0270705272859782;59.608324944785565;-3613.848431595521;;0.0;0.0;FR0128957760;Bond;21980630.77710782;0.0025;0.027004574042049312;0.0;0.0270705272859782;0.0;0.0
300208;FR0128957786;14953328.972549986;0.1163684918386067;0.1163684918386067;189.77774352001097;-29066.813441162245;;0.0;0.0;FR0128957786;Bond;14924262.159108823;0.0025;0.11608506246787693;0.0;0.1163684918386067;0.0;0.0
300208;FR0128957893;9989282.111221548;0.0378311755046053;0.0378311755046053;38.19244920483405;-6321.98402107446;;0.0;0.0;FR0128957893;Bond;9982960.127200473;0.0025;0.037739169930787825;0.0;0.0378311755046053;0.0;0.0
300208;FR0128957950;9990136.8002;0.037914497100363;0.037914497100363;38.364156296210695;-2490.691640597809;;0.0;0.0;FR0128957950;Bond;9987646.108559402;0.0025;0.03782208579061738;0.0;0.037914497100363;0.0;0.0
300208;FR0128958578;30157289.580986872;0.0103106899348407;0.3230991143156949;-295.0591770911616;-20441.56141638896;;0.0;0.0;FR0128958578;Bond;30136848.019570485;0.0025;0.010555555922738418;0.0;0.3230991143156949;0.0;0.0
300208;FR0128958859;3991123.9261926953;0.081141197866361;0.081141197866361;34.160279049898485;-1968.2254978484523;;0.0;0.0;FR0128958859;Bond;3989155.700694847;0.0025;0.08094368103933776;0.0;0.081141197866361;0.0;0.0
300208;FR0128959097;11968765.52208;0.0946505792079893;0.0946505792079893;121.01104118755237;-18936.882435619726;;0.0;0.0;FR0128959097;Bond;11949828.63964438;0.0025;0.09442021178926317;0.0;0.0946505792079893;0.0;0.0
300208;FR0128961622;20154349.78276319;0.0091919236757829;0.2384309634085757;-105.64153996028836;-19899.666738462314;;0.0;0.0;FR0128961622;Bond;20134450.11602473;0.0025;0.009323175524820928;0.0;0.2384309634085757;0.0;0.0
300208;FR0128962307;26151453.380597096;0.0185238796091886;0.2524283148918773;-141.66579020979955;-27864.05403803343;;0.0;0.0;FR0128962307;Bond;26123589.326559063;0.0025;0.018660165663464623;0.0;0.2524283148918773;0.0;0.0
300208;FR0128963453;24984684.309455067;0.0216177794482358;0.0216177794482358;53.709814374244125;-9035.557065337178;;0.0;0.0;FR0128963453;Bond;24975648.75238973;0.0025;0.021565205030546063;0.0;0.0216177794482358;0.0;0.0
300208;FR0128984541;30198637.876117107;0.0120612017945763;0.333746862342656;-313.0954162600119;-41616.6888004852;;0.0;0.0;FR0128984541;Bond;30157021.187316623;0.0025;0.012320762113943194;0.0;0.333746862342656;0.0;0.0
300208;FR0128985233;36887454.06451997;0.1136596794223974;0.1136596794223974;456.108631974284;-70035.63196359543;;0.0;0.0;FR0128985233;Bond;36817418.432556376;0.0025;0.11338285394001611;0.0;0.1136596794223974;0.0;0.0
300208;FR0128985589;15107891.385567034;0.0051221606692157;0.1133461449869133;-17.190249224086074;-24531.65476752461;;0.0;0.0;FR0128985589;Bond;15083359.73079951;0.0025;0.005150672072046184;0.0;0.1133461449869133;0.0;0.0
300208;FR0128985969;15102568.450975113;0.0034052125898202;0.0377788606973905;-1.5487611193520934;-8238.441014244014;;0.0;0.0;FR0128985969;Bond;15094330.00996087;0.0025;0.003407805316459012;0.0;0.0377788606973905;0.0;0.0
300208;FR0129012318;10980784.017298888;0.0593874511760377;0.0593874511760377;67.24552914719033;-10920.615337752044;;0.0;0.0;FR0129012318;Bond;10969863.401961137;0.0025;0.059243170152978454;0.0;0.0593874511760377;0.0;0.0
300208;FR0129012383;25144313.297618385;0.0330390991472081;0.806569150103349;-1519.0810831455792;-83916.43679410034;;0.0;0.0;FR0129012383;Bond;25060396.860824283;0.0025;0.03455219057000281;0.0;0.806569150103349;0.0;0.0
300208;FR0129012847;35187639.315216586;0.0116572510754805;0.3337369038297173;-365.7716352023499;-48456.48757271378;;0.0;0.0;FR0129012847;Bond;35139182.82764387;0.0025;0.011917463050799094;0.0;0.3337369038297173;0.0;0.0
300208;FR0129014009;5027571.482282966;0.0041077286726678;0.0755337027873496;-2.4009239041333785;-5451.1037791166145;;0.0;0.0;FR0129014009;Bond;5022120.37850385;0.0025;0.004119709641772909;0.0;0.0755337027873496;0.0;0.0
300208;FR0129014868;20000243.48111781;0.0383498122584294;0.9799662681625056;-1794.603399218886;-81041.7648791186;;0.0;0.0;FR0129014868;Bond;19919201.716238692;0.0025;0.04059671596853351;0.0;0.9799662681625056;0.0;0.0
300208;FR0129025203;14912695.515149329;0.2275684414899852;0.2275684414899851;408.2102322830981;-20591.776820918523;;0.0;0.0;FR0129025203;Bond;14892103.73832841;0.0025;0.22701357656668425;0.0;0.2275684414899851;0.0;0.0
300208;FR0129026037;6994595.012820728;0.0297927980589063;0.0297927980589063;20.939492363399264;-1264.7760845100497;;0.0;0.0;FR0129026037;Bond;6993330.236736218;0.0025;0.029720175396309896;0.0;0.0297927980589063;0.0;0.0
300208;FR0129030880;15071774.88885165;0.0044470883355949;0.0944327530076796;-11.684253564681056;-20400.905417371378;;0.0;0.0;FR0129030880;Bond;15051373.983434279;0.0025;0.004466518794995589;0.0;0.0944327530076796;0.0;0.0
300208;FR0129053411;19947250.051399983;0.1001704387238003;0.1001704387238003;214.75881073483703;-12132.30003126246;;0.0;0.0;FR0129053411;Bond;19935117.75136872;0.0025;0.09992636559773117;0.0;0.1001704387238003;0.0;0.0
300208;FR0129054377;16943932.4513;0.1134094582907051;0.1134094582907051;208.58810345635428;-32170.26079109836;;0.0;0.0;FR0129054377;Bond;16911762.190508902;0.0025;0.11313385031491344;0.0;0.1134094582907051;0.0;0.0
300208;FR0129054781;9992153.384484673;0.0297805830817407;0.0297805830817407;29.888680420981483;-1806.8003380164068;;0.0;0.0;FR0129054781;Bond;9990346.584146656;0.0025;0.029708019911222277;0.0;0.0297805830817407;0.0;0.0
300208;FR0129060382;4965952.250999956;0.2460364602855335;0.2460364602855335;148.98297040481793;-20428.430972264214;;0.0;0.0;FR0129060382;Bond;4945523.820027692;0.0025;0.2454377729696982;0.0;0.2460364602855335;0.0;0.0
300208;FR0129061463;6991647.044829999;0.0460431987683762;0.0460431987683762;32.870245414428645;-1953.8301330757806;;0.0;0.0;FR0129061463;Bond;6989693.214696923;0.0025;0.04593096472426338;0.0;0.0460431987683762;0.0;0.0
300208;FR0129061919;30046992.90213096;0.036323281126409;0.9231097756796758;-2389.5304401833077;-100689.94233926511;;0.0;0.0;FR0129061919;Bond;29946302.959791698;0.0025;0.03831474062985067;0.0;0.9231097756796758;0.0;0.0
300208;FR0129065076;15057730.048565214;0.0347179144028003;0.8635673972977758;-1045.1186582827177;-53782.090325193;;0.0;0.0;FR0129065076;Bond;15003947.958240021;0.0025;0.03645611400804195;0.0;0.8635673972977758;0.0;0.0
300208;FR0129065183;24974366.278457902;0.0378764268561976;0.0378764268561976;95.71415882842808;-5747.525390110859;;0.0;0.0;FR0129065183;Bond;24968618.75306779;0.0025;0.037784201015512414;0.0;0.0378764268561976;0.0;0.0
300208;FR0129065431;25921666.164939955;0.1164648504867826;0.1164648504867826;329.5256933988064;-18322.711974121947;;0.0;0.0;FR0129065431;Bond;25903343.452965833;0.0025;0.116180951503994;0.0;0.1164648504867826;0.0;0.0
300208;FR0129065985;29908497.241199933;0.1192053276878305;0.1192053276878305;390.22458597766735;-23435.151262967618;;0.0;0.0;FR0129065985;Bond;29885062.089936964;0.0025;0.11891467042300372;0.0;0.1192053276878305;0.0;0.0
300208;FR0129084226;30072824.378721327;0.0132588644301608;0.4097285687579725;-475.2688909093195;-50761.17375298248;;0.0;0.0;FR0129084226;Bond;30022063.204968344;0.0025;0.013654402239986688;0.0;0.4097285687579725;0.0;0.0
300208;FR0129084911;30065471.877161685;0.0362552735696198;0.9151265188756874;-2347.407068725716;-113761.39782569418;;0.0;0.0;FR0129084911;Bond;29951710.47933599;0.0025;0.038210472392737165;0.0;0.9151265188756874;0.0;0.0
300208;FR0129085033;20042219.14240482;0.0364232968189607;0.917759051132108;-1573.9455960783746;-66783.76333900032;;0.0;0.0;FR0129085033;Bond;19975435.37906582;0.0025;0.03838990103954217;0.0;0.917759051132108;0.0;0.0
300208;FR0129100402;30055682.330256306;0.0363301728145916;0.9204991350340735;-2375.486474193167;-114388.73879807765;;0.0;0.0;FR0129100402;Bond;29941293.591458227;0.0025;0.038309377147590196;0.0;0.9204991350340735;0.0;0.0
300208;FR0129100675;25048333.89078744;0.0137416264879655;0.4287057534203283;-433.97130333744366;-44231.87381701183;;0.0;0.0;FR0129100675;Bond;25004102.01697043;0.0025;0.014175232470181681;0.0;0.4287057534203283;0.0;0.0
300208;FR0129101236;24987170.87524975;0.0189378635543252;0.0189378635543252;46.98366695745949;-2875.236100713671;;0.0;0.0;FR0129101236;Bond;24984295.639149036;0.0025;0.01889175237130581;0.0;0.0189378635543252;0.0;0.0
300208;FR0129101509;30048434.012086533;0.02804715945062;0.7654111274085108;-1651.3430622921987;-94968.94281880527;;0.0;0.0;FR0129101509;Bond;29953465.069267727;0.0025;0.02942302715899639;0.0;0.7654111274085108;0.0;0.0
300208;FR0129102085;25041609.94893493;0.0369077295528899;0.934110305771312;-2037.9660181646389;-96714.0115688681;;0.0;0.0;FR0129102085;Bond;24944895.937366065;0.0025;0.03894571467206296;0.0;0.934110305771312;0.0;0.0
300208;FR0129102465;3996911.4358975594;0.0297927980589063;0.0297927980589063;11.965424207656724;-722.7291911485997;;0.0;0.0;FR0129102465;Bond;3996188.7067064107;0.0025;0.029720175396309896;0.0;0.0297927980589063;0.0;0.0
300208;FR0129104669;6961573.455689977;0.1973471920870943;0.1973471920870943;160.81789455664847;-8353.888146827972;;0.0;0.0;FR0129104669;Bond;6953219.567543149;0.0025;0.19686703694996807;0.0;0.1973471920870943;0.0;0.0
300208;FR0129104677;3979620.4096399145;0.1977336539702288;0.1977336539702288;92.2928089508124;-4775.544491567898;;0.0;0.0;FR0129104677;Bond;3974844.8651483464;0.0025;0.19725161646898318;0.0;0.1977336539702288;0.0;0.0
300208;FR0129104735;30036518.574854795;0.0368904955677306;0.9394606219310216;-2474.4172044677275;-116662.05022770181;;0.0;0.0;FR0129104735;Bond;29919856.524627093;0.0025;0.03895340516736111;0.0;0.9394606219310216;0.0;0.0
300208;FR0129106110;18976091.47711;0.045979725187579;0.045979725187579;88.9676043946952;-5302.907755247178;;0.0;0.0;FR0129106110;Bond;18970788.56935475;0.0025;0.04586780039745801;0.0;0.045979725187579;0.0;0.0
300208;FR0129106383;8946463.39307996;0.2135585456503636;0.2135585456503636;226.73716904002572;-11618.146981698366;;0.0;0.0;FR0129106383;Bond;8934845.246098263;0.0025;0.2130389693679632;0.0;0.2135585456503636;0.0;0.0
300208;FR0129106730;30019155.30637397;0.0374876327977414;0.9584358331823442;-2575.2402876833003;-118942.26436961426;;0.0;0.0;FR0129106730;Bond;29900213.042004354;0.0025;0.03963581028735955;0.0;0.9584358331823442;0.0;0.0
300208;FR0129108918;14905992.871649489;0.2382377390514954;0.2382377390514954;430.702457032456;-21562.641743098437;;0.0;0.0;FR0129108918;Bond;14884430.22990639;0.0025;0.23765726751249847;0.0;0.2382377390514954;0.0;0.0
300208;FR0129109403;11916411.339599976;0.2458834466963293;0.2458834466963293;357.0583695376645;-17825.645455949554;;0.0;0.0;FR0129109403;Bond;11898585.694144027;0.0025;0.24528550381717254;0.0;0.2458834466963293;0.0;0.0
300208;FR0129109551;24950326.53378781;0.0813679651755485;0.0813679651755485;214.74669265052464;-12304.270619402208;;0.0;0.0;FR0129109551;Bond;24938022.263168406;0.0025;0.08116934280929498;0.0;0.0813679651755485;0.0;0.0
300208;FR0129109650;29995018.35545753;0.0382798907763573;0.9798639579373;-2691.839018353904;-121535.73836834321;;0.0;0.0;FR0129109650;Bond;29873482.617089186;0.0025;0.040527125889310296;0.0;0.9798639579373;0.0;0.0
300208;FR0129109825;15003737.127809534;0.0385933260003635;0.991460683324532;-1376.874347869261;-61462.55880673142;;0.0;0.0;FR0129109825;Bond;14942274.569002802;0.0025;0.0408912686062015;0.0;0.991460683324532;0.0;0.0
300208;FR0129110039;30001622.81450309;0.0385933260003636;0.9912699971910384;-2753.212324790866;-122901.14728256254;;0.0;0.0;FR0129110039;Bond;29878721.667220525;0.0025;0.0408912691132961;0.0;0.9912699971910384;0.0;0.0
300208;FR0129110351;29996002.648538843;0.0412134258300106;0.9914385087905766;-2768.5596482029955;-123732.05230342892;;0.0;0.0;FR0129110351;Bond;29872270.596235413;0.0025;0.04352511269137254;0.0;0.9914385087905766;0.0;0.0
300208;IRSB100008004;-26015.79236831516;0.043837134282760204;0.0;-5.21055358384568;2862.698823075497;BNP PARIBAS;0.0;0.0;;Swap;-23153.093545239662;0.0025;0.03883483215214592;0.0;0.0;0.0;0.0
300208;IRSB100008106;-61635.140512336046;0.082196614785913;0.0;-19.40625505829458;5719.838758222878;SOCIETE GENERALE;0.0;0.0;;Swap;-55915.30175411317;0.0025;0.07434208064793948;0.0;0.0;0.0;0.0
300208;IRSB100008126;-52674.964411672205;0.08493597357898651;0.0;-20.698036942581712;5924.799140079797;NATIXIS;0.0;0.0;;Swap;-46750.16527159241;0.0025;0.07513053905047101;0.0;0.0;0.0;0.0
300208;IRSB100008153;-61151.967756547034;0.1013756617934716;0.0;-29.77656490379996;7153.534892647382;NATIXIS;0.0;0.0;;Swap;-53998.43286389965;0.0025;0.08922817089295448;0.0;0.0;0.0;0.0
300208;IRSB100008313;-93989.73561834171;0.1643908778229357;0.0;-78.71090757975855;11824.924233925673;BNP PARIBAS;0.0;0.0;;Swap;-82164.81138441604;0.0025;0.14352240058663096;0.0;0.0;0.0;0.0
300208;IRSB100008456;-95848.67967594787;0.30960135671005;0.0;-281.32501087986714;22579.326870416;NOMURA FINANCIAL PRODUCTS EUROPE GMBH;0.0;0.0;;Swap;-73269.35280553187;0.0025;0.23646360627940982;0.0;0.0;0.0;0.0
300208;IRSB100008462;-9014.341059716418;0.0630180924869876;0.0;-1.89542693771449;716.6675833513292;SOCIETE GENERALE;0.0;0.0;;Swap;-8297.67347636509;0.0025;0.057771322151910436;0.0;0.0;0.0;0.0
300208;IRSB100008464;-18458.971351949498;0.06301809229394739;0.0;-3.7965741229053678;1433.491098059478;CITIBANK EUROPE PUBLIC LIMITED COMPANY;0.0;0.0;;Swap;-17025.48025389002;0.0025;0.057886111377509895;0.0;0.0;0.0;0.0
300208;IRSB100008533;-78297.28639762849;0.2548051544106975;0.0;-222.15370309587897;21627.753665295597;NOMURA FINANCIAL PRODUCTS EUROPE GMBH;0.0;0.0;;Swap;-56669.53273233289;0.0025;0.1840347091815561;0.0;0.0;0.0;0.0
300208;IRSB100008539;-37628.65438185632;0.046576115544837295;0.0;-5.832102778568604;3073.0063518356565;CITIBANK EUROPE PUBLIC LIMITED COMPANY;0.0;0.0;;Swap;-34555.64803002067;0.0025;0.04270676387635511;0.0;0.0;0.0;0.0
300208;IRSB100008578;-27729.7852114141;0.36713715558647214;0.0;-395.72575069958043;26812.42963419534;NOMURA FINANCIAL PRODUCTS EUROPE GMBH;0.0;0.0;;Swap;-917.3555772187574;0.0025;0.010704551829052611;0.0;0.0;0.0;0.0
300208;IRSB100008584;-40790.117480847985;0.37261659301467426;0.0;-407.7453905435712;27225.229282077937;NOMURA FINANCIAL PRODUCTS EUROPE GMBH;0.0;0.0;;Swap;-13564.888198770048;0.0025;0.12305917999965518;0.0;0.0;0.0;0.0
300208;IRSB100008658;-47644.89862167463;0.41371318372550714;0.0;-502.6126029976654;30245.702033276102;NATIXIS;0.0;0.0;;Swap;-17399.196588398525;0.0025;0.15041263418747958;0.0;0.0;0.0;0.0
300208;IRSB100008738;-33082.87829609588;0.4356315031181627;0.0;-371.45481550413825;21233.006481547054;BNP PARIBAS;0.0;0.0;;Swap;-11849.871814548824;0.0025;0.15540574517288175;0.0;0.0;0.0;0.0
300208;IRSB100008762;-13445.072915524244;0.4548101300209712;0.0;-708.6728190093006;38808.17698803651;NATIXIS;0.0;0.0;;Swap;25363.104072512266;0.0025;-0.8623911769111099;0.0;0.0;0.0;0.0
300208;IRSB100008770;-10506.14474979043;0.4548101304107009;0.0;-607.5337013866183;33269.52913653065;NATIXIS;0.0;0.0;;Swap;22763.384386740217;0.0025;-0.9903355292893936;0.0;0.0;0.0;0.0
300208;IRSB100008780;-28456.665003679693;0.46850961364054244;0.0;-866.037219462944;46039.24268671639;NATIXIS;0.0;0.0;;Swap;17582.577683036696;0.0025;-0.29178027975890375;0.0;0.0;0.0;0.0
300208;IRSB100008799;-21753.347854513675;0.48494847339964225;0.0;-690.3701727986294;35458.85025645246;BNP PARIBAS;0.0;0.0;;Swap;13705.502401938786;0.0025;-0.30787039867317173;0.0;0.0;0.0;0.0
300208;IRSB100008858;-8824.233963292092;0.5315244901678751;0.0;-829.4435931152011;38887.27590750998;NATIXIS;0.0;0.0;;Swap;30063.04194421789;0.0025;-1.817671756841164;0.0;0.0;0.0;0.0
300208;IRSB100008873;-1896.2501212470233;0.0465761151942005;0.0;-1.9438162784425035;1024.9693872982748;BNP PARIBAS;0.0;0.0;;Swap;-871.2807339487485;0.0025;0.0209544303675918;0.0;0.0;0.0;0.0
300208;IRSB100008885;11490.673523046076;0.068497168807118;0.0;-17.888624176286466;6283.389310760295;NOMURA FINANCIAL PRODUCTS EUROPE GMBH;0.0;0.0;;Swap;17774.062833806373;0.0025;0.10742877583171495;0.0;0.0;0.0;0.0
300208;IRSB100008902;34500.49079392105;0.5698816528038605;0.0;-952.7278639423532;41669.333917599084;NATIXIS;0.0;0.0;;Swap;76169.82471152014;0.0025;1.2610662544722608;0.0;0.0;0.0;0.0
300208;IRSB100009012;15187.296643398702;0.20548798753065892;0.0;-103.08480706167893;12424.666902201596;CREDIT AGRICOLE CORPORATE AND INVESTMENT BANK;0.0;0.0;;Swap;27611.963545600298;0.0025;0.37528274811101237;0.0;0.0;0.0;0.0
300208;IRSB100009055;9462.470689389855;0.2712440891960786;0.0;-216.22107680202922;19786.806202282107;BNP PARIBAS;0.0;0.0;;Swap;29249.27689167196;0.0025;0.8426875907779332;0.0;0.0;0.0;0.0
300208;IRSB100009061;3671.773773290217;0.10411538060664689;0.0;-31.455213756843158;7374.006994315768;CREDIT AGRICOLE CORPORATE AND INVESTMENT BANK;0.0;0.0;;Swap;11045.780767605986;0.0025;0.3183115423707558;0.0;0.0;0.0;0.0
300208;IRSB100009094;117.32918539084494;0.1178146598462551;0.0;-20.1839601493897;4195.692447901981;BNP PARIBAS;0.0;0.0;;Swap;4313.021633292826;0.0025;4.41856108932848;0.0;0.0;0.0;0.0
300208;IRSB100009153;-12926.401234123856;0.8192045329255128;0.0;-1636.3981556401307;49830.345561783106;CREDIT AGRICOLE CORPORATE AND INVESTMENT BANK;0.0;0.0;;Swap;36903.94432765925;0.0025;-2.343954803371424;0.0;0.0;0.0;0.0
300208;IRSB100009163;-11383.582183085382;0.7342692201185445;0.0;-1316.8844216561984;44735.064437764675;CREDIT AGRICOLE CORPORATE AND INVESTMENT BANK;0.0;0.0;;Swap;33351.48225467929;0.0025;-2.156452376095804;0.0;0.0;0.0;0.0
300208;IRSB100009168;-22959.894754137844;0.8301641684610079;0.0;-2017.189885749604;60616.10124866854;CREDIT AGRICOLE CORPORATE AND INVESTMENT BANK;0.0;0.0;;Swap;37656.2064945307;0.0025;-1.3645405268562698;0.0;0.0;0.0;0.0
300208;IRSB100009211;-12255.16602423042;0.33699877095808334;0.0;-445.3101348403943;32861.10044126052;CREDIT AGRICOLE CORPORATE AND INVESTMENT BANK;0.0;0.0;;Swap;20605.934417030097;0.0025;-0.5711304095858281;0.0;0.0;0.0;0.0
300208;IRSB100009213;-8673.461184315383;0.33699877016498153;0.0;-333.9428941759398;24642.948161920678;NATIXIS;0.0;0.0;;Swap;15969.486977605295;0.0025;-0.6252595030007277;0.0;0.0;0.0;0.0
300208;IRSB100009226;-3253.0440403558314;0.7561890685154616;0.0;-1675.6395480003343;55268.976335106825;CREDIT AGRICOLE CORPORATE AND INVESTMENT BANK;0.0;0.0;;Swap;52015.93229475099;0.0025;-12.119854961557706;0.0;0.0;0.0;0.0
300208;IRSB100009239;3243.813670195639;0.2822026216880778;0.0;-234.03759285817733;20599.731285463276;NATIXIS;0.0;0.0;;Swap;23843.544955658916;0.0025;2.0861242540846456;0.0;0.0;0.0;0.0
300208;IRSB100009245;6777.857955720276;0.6054990329445564;0.0;-1076.7574061436146;44333.6334923096;CREDIT AGRICOLE CORPORATE AND INVESTMENT BANK;0.0;0.0;;Swap;51111.491448029876;0.0025;4.5780147936819855;0.0;0.0;0.0;0.0
300208;IRSB100009258;5189.738688454032;0.8685212726297749;0.0;-1470.9995840585498;42255.47658974966;CREDIT AGRICOLE CORPORATE AND INVESTMENT BANK;0.0;0.0;;Swap;47445.215278203694;0.0025;7.956503681435279;0.0;0.0;0.0;0.0
300208;IRSB100009262;1039.7259276770055;0.29042273358216647;0.0;-181.8697722142519;15551.569154214625;NATIXIS;0.0;0.0;;Swap;16591.29508189163;0.0025;4.663655548570573;0.0;0.0;0.0;0.0
300208;IRSB100009319;-769.6176824644208;0.6274173984747976;0.0;-1155.5741876663521;45922.31942490368;CREDIT AGRICOLE CORPORATE AND INVESTMENT BANK;0.0;0.0;;Swap;45152.70174243926;0.0025;-36.90887879753368;0.0;0.0;0.0;0.0
300208;IRSB100009332;-11219.445612311363;0.8849601339417341;0.0;-2289.571925137948;64549.558919977906;CREDIT AGRICOLE CORPORATE AND INVESTMENT BANK;0.0;0.0;;Swap;53330.11330766654;0.0025;-4.214875785676801;0.0;0.0;0.0;0.0
300208;IRSB100009346;-13584.419472906739;0.8959186788770576;0.0;-2346.594400072206;65352.761754366096;CREDIT AGRICOLE CORPORATE AND INVESTMENT BANK;0.0;0.0;;Swap;51768.34228145936;0.0025;-3.420614728702687;0.0;0.0;0.0;0.0
300208;IRSB100009351;-1625.3613828234375;0.24110559138266702;0.0;-85.33684978381132;8780.50559854417;JP MORGAN SE;0.0;0.0;;Swap;7155.144215720733;0.0025;-1.0713317863905738;0.0;0.0;0.0;0.0
300208;IRSB100009363;-3266.4450931418687;0.4739887391244767;0.0;-330.27557279720406;17356.868179416073;CREDIT AGRICOLE CORPORATE AND INVESTMENT BANK;0.0;0.0;;Swap;14090.423086274204;0.0025;-2.0532402337097992;0.0;0.0;0.0;0.0
300208;IRSB100009392;572.7103534191847;0.663034805250528;0.0;-860.0978773179546;32348.219122197894;NATIXIS;0.0;0.0;;Swap;32920.92947561708;0.0025;38.20919794853172;0.0;0.0;0.0;0.0
300208;IRSB100009399;-131.68500278145075;0.2520654361893108;0.0;-31.089996296918684;3059.4865478847832;CREDIT AGRICOLE CORPORATE AND INVESTMENT BANK;0.0;0.0;;Swap;2927.8015451033325;0.0025;-5.6501176054366065;0.0;0.0;0.0;0.0
300208;IRSB100009403;-1654.4128920286894;0.7370089089695538;0.0;-1592.1520659917924;53886.75302593124;NATIXIS;0.0;0.0;;Swap;52232.34013390255;0.0025;-23.320803516672658;0.0;0.0;0.0;0.0
300208;IRSB100009407;8394.626196924597;0.9260567705309318;0.0;-2505.835680855342;67519.1978338815;NATIXIS;0.0;0.0;;Swap;75913.82403080609;0.0025;8.390819135667266;0.0;0.0;0.0;0.0
300208;IRSB100009418;1114.7783897258341;0.5835810671732574;0.0;-1000.5170215536284;42732.188266388584;SOCIETE GENERALE;0.0;0.0;;Swap;43846.96665611442;0.0025;23.0220091088556;0.0;0.0;0.0;0.0
300208;IRSB100009427;1996.094516839832;0.5205659113200413;0.0;-664.0570765559319;31781.10063994327;NATIXIS;0.0;0.0;;Swap;33777.1951567831;0.0025;8.838197702958546;0.0;0.0;0.0;0.0
300208;IRSB100009432;-13044.337872188538;0.6959127333345406;0.0;-1420.951572258491;50922.2498086692;NATIXIS;0.0;0.0;;Swap;37877.91193648066;0.0025;-2.026187568007056;0.0;0.0;0.0;0.0
300208;IRSB100009444;-18058.717312917113;0.7918071325676365;0.0;-1837.0760090882675;57869.7616526702;CREDIT AGRICOLE CORPORATE AND INVESTMENT BANK;0.0;0.0;;Swap;39811.04433975308;0.0025;-1.7498238296154636;0.0;0.0;0.0;0.0
300208;IRSB100009450;-6265.958929363638;0.3753559847905763;0.0;-414.4652350737511;27478.011407687405;BNP PARIBAS;0.0;0.0;;Swap;21212.052478323767;0.0025;-1.277930277233444;0.0;0.0;0.0;0.0
300208;IRSB100009466;402.22122800536454;0.5041270312607116;0.0;-373.783854676319;18471.350831895437;NATIXIS;0.0;0.0;;Swap;18873.572059900802;0.0025;23.73724172436877;0.0;0.0;0.0;0.0
300208;XS2635167880;14818006.769997846;0.2027397260273972;0.2042272625539298;60.90688984272674;-19527.291113339626;;0.0;0.0;XS2635167880;Bond;14798479.478884507;0.0025;0.20273972628204057;0.0;0.2042272625539298;0.0;0.0
300208;XS2648075658;15124272.083314369;0.0304473526749804;0.276854410366394;1.5190515512131242;-17937.098900848363;;0.0;0.0;XS2648075658;Bond;15106334.98441352;0.0025;0.03044715932833863;0.0;0.276854410366394;0.0;0.0
300208;XS2719281227;4537398.661155125;0.1273773163670581;0.6177935328436448;7.933305212759478;-12821.03828993824;;0.0;0.0;XS2719281227;Bond;4524577.622865187;0.0025;0.12737416817205915;0.0;0.6177935328436448;0.0;0.0
300208;XS2745115597;18518737.96675437;0.0264225219317835;0.7585718059322843;3.3578954194979365;-57991.9203448142;;0.0;0.0;XS2745115597;Bond;18460746.046409555;0.0025;0.026419734200848487;0.0;0.7585718059322843;0.0;0.0
300208;XS2752874821;10091377.5;0.0788068175505777;0.8102326992511913;8.964118336507454;-34786.05672673023;;0.0;0.0;XS2752874821;Bond;10056591.44327327;0.0025;0.07880013646636681;0.0;0.8102326992511913;0.0;0.0
300208;XS2813883043;29938048.3458;0.0785146636666247;0.0785146636666247;247.5578408933552;-15461.1564744748;;0.0;0.0;XS2813883043;Bond;29922587.189325526;0.0025;0.0783233499481777;0.0;0.0785146636666247;0.0;0.0
300208;XS2815975409;29939920.559399985;0.0813525970926761;0.0813525970926761;257.5946456140211;-15995.300024884924;;0.0;0.0;XS2815975409;Bond;29923925.2593751;0.0025;0.08115404974514126;0.0;0.0813525970926761;0.0;0.0
300208;XS2819077277;29926664.70809997;0.0975822061417951;0.0975822061417951;313.46731876877925;-19185.861758069568;;0.0;0.0;XS2819077277;Bond;29907478.8463419;0.0025;0.09734414896715571;0.0;0.0975822061417951;0.0;0.0
300208;XS2838363120;29871877.483199235;0.1763259864546563;0.1763259864546563;607.2544800337589;-34577.721196305974;;0.0;0.0;XS2838363120;Bond;29837299.76200293;0.0025;0.17589549772519378;0.0;0.1763259864546563;0.0;0.0
300208;XS2840087667;26743262.746217187;0.0109334303100098;0.1816402051806288;-76.76893787333938;-20367.138083638845;;0.0;0.0;XS2840087667;Bond;26722895.608133547;0.0025;0.011005493905330878;0.0;0.1816402051806288;0.0;0.0
300208;XS2841263358;30853101.2522033;0.0108006201723558;0.1898773381976502;-97.47962437245408;-24501.214036854344;;0.0;0.0;XS2841263358;Bond;30828600.038166445;0.0025;0.01087989869891042;0.0;0.1898773381976502;0.0;0.0
300208;XS2861705445;34780876.799546964;0.2493517550524927;0.2493517550524928;1062.4683521856246;-56983.46390720298;;0.0;0.0;XS2861705445;Bond;34723893.33563976;0.0025;0.248743508643208;0.0;0.2493517550524928;0.0;0.0
300208;XS2861748171;30755374.593267463;0.0149466862355404;0.2768283658099807;-210.04984418482312;-35527.83783951034;;0.0;0.0;XS2861748171;Bond;30719846.755427953;0.0025;0.015117987132202776;0.0;0.2768283658099807;0.0;0.0
300208;XS2862962623;21843945.11287617;0.284634155280983;0.284634155280983;783.7341398076662;-37703.24772907393;;0.0;0.0;XS2862962623;Bond;21806241.865147095;0.0025;0.28393972724249195;0.0;0.284634155280983;0.0;0.0
300208;XS2865535673;30739597.302055635;0.015492969711171;0.2904162717890118;-231.56623285558453;-37235.9551393011;;0.0;0.0;XS2865535673;Bond;30702361.346916333;0.0025;0.015681898732926268;0.0;0.2904162717890118;0.0;0.0
300208;XS2866213098;30727952.87011219;0.0155745821610802;0.2929586836659781;-236.00534859724576;-37564.86397719675;;0.0;0.0;XS2866213098;Bond;30690388.00613499;0.0025;0.015767200515941996;0.0;0.2929586836659781;0.0;0.0
300208;XS2867298510;30736281.90623541;0.0157374827257573;0.2958527613397355;-240.49349178767443;-37924.39956831809;;0.0;0.0;XS2867298510;Bond;30698357.506667092;0.0025;0.015933712325831153;0.0;0.2958527613397355;0.0;0.0
300208;XS2867336542;29791862.30968405;0.30422633094371;0.30422633094371;1162.0243434122683;-59420.48153821913;;0.0;0.0;XS2867336542;Bond;29732441.82814583;0.0025;0.3034825961753088;0.0;0.30422633094371;0.0;0.0
300208;XS2880647099;29743710.187173355;0.3609636079891133;0.3609636079891133;1436.5384548516863;-70447.77385427771;;0.0;0.0;XS2880647099;Bond;29673262.413319077;0.0025;0.3600819143550018;0.0;0.3609636079891133;0.0;0.0
300208;XS2880859272;35769157.23160632;0.0173133131761497;0.3610741327924325;-423.03995861914245;-53682.97818919864;;0.0;0.0;XS2880859272;Bond;35715474.25341712;0.0025;0.01760973625041277;0.0;0.3610741327924325;0.0;0.0
300208;XS2895045164;30603819.797751658;0.0199375792002893;0.4073328412722975;-460.30192990542673;-51833.06418522812;;0.0;0.0;XS2895045164;Bond;30551986.73356643;0.0025;0.020314589698008246;0.0;0.4073328412722975;0.0;0.0
300208;XS2903381072;29693230.29080293;0.4481694264925588;0.4481694264925588;1897.6549997827335;-87249.28626544151;;0.0;0.0;XS2903381072;Bond;29605981.00453749;0.0025;0.4470738492085151;0.0;0.4481694264925588;0.0;0.0
300208;XS2906220855;29663544.052738994;0.4610772828642333;0.4610772828642333;1966.06297906714;-89803.33199527829;;0.0;0.0;XS2906220855;Bond;29573740.720743716;0.0025;0.4599517944638753;0.0;0.4610772828642333;0.0;0.0
300208;XS2908566982;14829533.29541848;0.4664838888924872;0.4664838888924872;998.1227844134355;-41928.981810607875;;0.0;0.0;XS2908566982;Bond;14787604.313607873;0.0025;0.46534524645916053;0.0;0.4664838888924872;0.0;0.0
300208;XS2908585263;30522982.73777913;0.026866680355475;0.4887754239928087;-646.1572610305666;-61925.34898397038;;0.0;0.0;XS2908585263;Bond;30461057.38879516;0.0025;0.027397723202763867;0.0;0.4887754239928087;0.0;0.0
300208;XS2909655438;29663424.060497742;0.4777354763022399;0.4777354763022399;2061.8087903376963;-92972.48527454634;;0.0;0.0;XS2909655438;Bond;29570451.575223196;0.0025;0.4765683850182714;0.0;0.4777354763022399;0.0;0.0
300208;XS2920487852;29640453.87520128;0.5241884182036612;0.5241884182036612;2333.605941763488;-101873.83393545207;;0.0;0.0;XS2920487852;Bond;29538580.04126583;0.0025;0.522907090976474;0.0;0.5241884182036612;0.0;0.0
300208;XS2920578734;30459124.86596008;0.0239420098390203;0.5239765285159823;-766.377095118287;-66246.26700100666;;0.0;0.0;XS2920578734;Bond;30392878.598959073;0.0025;0.024572463829369597;0.0;0.5239765285159823;0.0;0.0
300208;XS2922134684;30446931.89666979;0.0244006324998319;0.5346610511449618;-798.3981475945257;-67589.31738599318;;0.0;0.0;XS2922134684;Bond;30379342.579283796;0.0025;0.025057686331090137;0.0;0.5346610511449618;0.0;0.0
300208;XS2923562263;23347519.390087254;0.0245293879572654;0.5405930337783714;-625.125711195551;-52348.53291475277;;0.0;0.0;XS2923562263;Bond;23295170.8571725;0.0025;0.025200262772338132;0.0;0.5405930337783714;0.0;0.0
300208;XS2928520027;39932822.4504;0.0650068286207254;0.0650068286207254;270.0025980573096;-17067.178910307946;;0.0;0.0;XS2928520027;Bond;39915755.271489695;0.0025;0.06484835783157637;0.0;0.0650068286207254;0.0;0.0
300208;XS2929908049;29604259.54717725;0.5618730352438738;0.561873035243874;2560.01962954382;-109130.22252253971;;0.0;0.0;XS2929908049;Bond;29495129.324654713;0.0025;0.5605004208726218;0.0;0.561873035243874;0.0;0.0
300208;XS2942506978;30371732.473683145;0.0270337928114285;0.6166800882537427;-1063.0864188954092;-77607.54297495326;;0.0;0.0;XS2942506978;Bond;30294124.930708192;0.0025;0.027910682255300173;0.0;0.6166800882537427;0.0;0.0
300208;XS2963900035;24879886.195998702;0.2007954071319312;0.2007954071319312;588.3204479137178;-32786.918521302396;;0.0;0.0;XS2963900035;Bond;24847099.2774774;0.0025;0.20030504341036268;0.0;0.2007954071319312;0.0;0.0
300208;XS2974086667;29811973.11569337;0.2660069863994256;0.2660069863994256;985.8622251877136;-52028.018834785435;;0.0;0.0;XS2974086667;Bond;29759945.096858587;0.0025;0.2653571522332592;0.0;0.2660069863994256;0.0;0.0
300208;XS2978738495;29969827.445503756;0.0378955379071773;0.0378955379071773;114.97516273460651;-6897.165768280315;;0.0;0.0;XS2978738495;Bond;29962930.279735476;0.0025;0.037803218990300425;0.0;0.0378955379071773;0.0;0.0
300208;XS2989318428;24523096.238462918;0.8087396766170237;0.8087396766170236;3541.6238551467727;-130140.37647644567;;0.0;0.0;XS2989318428;Bond;24392955.861986473;0.0025;0.8067643280151027;0.0;0.8087396766170236;0.0;0.0
300208;XS2989343293;24582486.943990868;0.7250148971193632;0.7250148971193632;3034.4218523556765;-116884.6742227292;;0.0;0.0;XS2989343293;Bond;24465602.269768137;0.0025;0.7232430546430597;0.0;0.7250148971193632;0.0;0.0
300208;XS2989577445;29948479.7778;0.0649698179507037;0.0649698179507037;202.2637390908192;-11815.290652063566;;0.0;0.0;XS2989577445;Bond;29936664.48714794;0.0025;0.06481152756681124;0.0;0.0649698179507037;0.0;0.0
300208;XS2993406359;23948973.210239995;0.0812319038436766;0.0812319038436766;205.4392922445832;-11810.452542036166;;0.0;0.0;XS2993406359;Bond;23937162.75769796;0.0025;0.0810339451797021;0.0;0.0812319038436766;0.0;0.0
300208;XS2994493786;39674461.38878384;0.3308148632583847;0.3308148632583847;1715.4113685038833;-86196.84351042626;;0.0;0.0;XS2994493786;Bond;39588264.545273416;0.0025;0.330007530232604;0.0;0.3308148632583847;0.0;0.0
300208;XS2994519333;29758382.59948636;0.33089808489874;0.3308980848987401;1287.3156540716109;-64653.143565459424;;0.0;0.0;XS2994519333;Bond;29693729.455920897;0.0025;0.3300903456192264;0.0;0.3308980848987401;0.0;0.0
300208;XS2997427682;29475231.70709956;0.7464440937159118;0.7464440937159118;3792.213975745967;-144347.88130531632;;0.0;0.0;XS2997427682;Bond;29330883.825794246;0.0025;0.7446205994869548;0.0;0.7464440937159118;0.0;0.0
300208;XS2999676203;29585960.91325391;0.5973705171141447;0.5973705171141447;2783.4188619491247;-115912.12083822765;;0.0;0.0;XS2999676203;Bond;29470048.792415682;0.0025;0.595910669898757;0.0;0.5973705171141447;0.0;0.0
300208;XS3003192898;29976567.32700482;0.0297840678568929;0.0297840678568929;89.68735754517027;-5872.122092824231;;0.0;0.0;XS3003192898;Bond;29970695.204911996;0.0025;0.02971148769520184;0.0;0.0297840678568929;0.0;0.0
300208;XS3003206359;19611029.876827408;0.8583557553042049;0.8583557553042049;3090.969124849013;-110359.05580000959;;0.0;0.0;XS3003206359;Bond;19500670.821027398;0.0025;0.8562573465762406;0.0;0.8583557553042049;0.0;0.0
300208;XS3006178597;29562936.88435271;0.6188261307204694;0.6188261307204694;2919.626840163995;-120033.62318523487;;0.0;0.0;XS3006178597;Bond;29442903.261167474;0.0025;0.6173145026179022;0.0;0.6188261307204694;0.0;0.0
300208;XS3007482790;29389263.88205773;0.8741111783098919;0.874111178309892;4756.095417171377;-168525.28576752558;;0.0;0.0;XS3007482790;Bond;29220738.596290205;0.0025;0.8719755779532686;0.0;0.874111178309892;0.0;0.0
300208;XS3007483178;34957765.34424999;0.0460300949605575;0.0460300949605575;164.25544258069382;-10583.104302848285;;0.0;0.0;XS3007483178;Bond;34947182.23994715;0.0025;0.04591792482050458;0.0;0.0460300949605575;0.0;0.0
300208;XS3016270335;14976936.781049998;0.0595915904588932;0.0595915904588932;92.34931153123456;-5416.316863283837;;0.0;0.0;XS3016270335;Bond;14971520.464186715;0.0025;0.0594463158168952;0.0;0.0595915904588932;0.0;0.0
300208;XS3017362073;19995794.035422787;0.0081256448848134;0.0081256448848134;15.974976896889062;-986.0939524318088;;0.0;0.0;XS3017362073;Bond;19994807.941470355;0.0025;0.00810583702868428;0.0;0.0081256448848134;0.0;0.0
300208;XS3017920425;29491363.107662767;0.7275394069409822;0.7275394069409822;3657.907709691901;-140750.56036588643;;0.0;0.0;XS3017920425;Bond;29350612.54729688;0.0025;0.7257618612762047;0.0;0.7275394069409822;0.0;0.0
300208;XS3020829951;29591983.09926569;0.5753529821204457;0.5753529821204457;2643.0353904677595;-111719.87044051541;;0.0;0.0;XS3020829951;Bond;29480263.228825174;0.0025;0.5739476615905116;0.0;0.5753529821204457;0.0;0.0
300208;XS3020856848;24694349.59764755;0.5128416308962171;0.5128416308962171;1886.5776163177056;-83115.09172797264;;0.0;0.0;XS3020856848;Bond;24611234.50591958;0.0025;0.5115892188101011;0.0;0.5128416308962171;0.0;0.0
300208;XS3022151461;34910085.19669997;0.1002374005713822;0.1002374005713822;376.3564238034895;-23002.398602209156;;0.0;0.0;XS3022151461;Bond;34887082.79809776;0.0025;0.09999300100428679;0.0;0.1002374005713822;0.0;0.0
300208;XS3022659927;49753138.39099901;0.1923343510348631;0.1923343510348631;1117.2570091307573;-62907.050321769995;;0.0;0.0;XS3022659927;Bond;49690231.34067724;0.0025;0.1918654320232985;0.0;0.1923343510348631;0.0;0.0
300208;XS3025191613;21891065.032539457;0.195097205042552;0.195097205042552;499.9427627437193;-25909.424915224787;;0.0;0.0;XS3025191613;Bond;21865155.607624233;0.0025;0.19462141848568587;0.0;0.195097205042552;0.0;0.0
300208;XS3028074857;29441228.459952727;0.7814178519500893;0.7814178519500893;4044.874967775612;-150997.20459460688;;0.0;0.0;XS3028074857;Bond;29290231.25535812;0.0025;0.7795096836501069;0.0;0.7814178519500893;0.0;0.0
300208;XS3030265170;34810421.69499891;0.2113029293831706;0.2113029293831706;872.7700229190318;-48353.106299628635;;0.0;0.0;XS3030265170;Bond;34762068.58869928;0.0025;0.21078774945506462;0.0;0.2113029293831706;0.0;0.0
300208;XS3030330925;24969483.34175;0.0460164710268498;0.0460164710268498;117.25423409991552;-6977.77342700959;;0.0;0.0;XS3030330925;Bond;24962505.56832299;0.0025;0.045904367278543266;0.0;0.0460164710268498;0.0;0.0
300208;XS3030333788;29937975.0396;0.0785122771380801;0.0785122771380801;247.54215344201728;-14271.801799699726;;0.0;0.0;XS3030333788;Bond;29923703.2378003;0.0025;0.07832097507653259;0.0;0.0785122771380801;0.0;0.0
300208;XS3036613100;29544904.308461636;0.6460003836067554;0.6460003836067554;3097.9353747269606;-125221.82730189085;;0.0;0.0;XS3036613100;Bond;29419682.481159747;0.0025;0.6444222960943438;0.0;0.6460003836067554;0.0;0.0
300208;XS3038488436;29324900.0712;0.9719425409912726;0.9719425409912726;5555.960391756541;-186956.28072789698;;0.0;0.0;XS3038488436;Bond;29137943.7904721;0.0025;0.969567666484901;0.0;0.9719425409912726;0.0;0.0
300208;XS3041247092;49794624.83599969;0.1570472801107358;0.1570472801107358;885.0984944962083;-51431.708392251734;;0.0;0.0;XS3041247092;Bond;49743193.127607435;0.0025;0.15666456521417688;0.0;0.1570472801107358;0.0;0.0
300208;XS3042750060;34854276.76701457;0.162546243322436;0.162546243322436;644.6262468261353;-37241.55599763201;;0.0;0.0;XS3042750060;Bond;34817035.21101694;0.0025;0.1621499241090812;0.0;0.162546243322436;0.0;0.0
300406;B52SF78;15205563.261868045;0.0;0.0;0.0;-1976723.2240428461;;152055.63261868045;152055.63261868045;IE00B52SF786;Equity;13228840.037825199;0.0;0.0;0.0;0.0;132288.400378252;132288.400378252
300406;BKSH1N2;7541128.0;0.0;0.0;0.0;-980346.6399999999;;75411.28;0.0;IE00BMWXKN31;Equity;6560781.36;0.0;0.0;0.0;0.0;65607.8136;0.0
300406;CAM25 Index;0.0;0.0;0.0;0.0;327420.925;;-25186.225;0.0;;Equity Index Future;327420.925;0.0;0.0;0.0;0.0;-25186.225;0.0
300406;CSH_CAD_DB;2305831.275591918;0.0;0.0;0.0;0.0;;0.0;23058.312755919174;;Cash;2305831.275591918;0.0;0.0;0.0;0.0;0.0;23058.312755919174
300406;CSH_EUR_DB;-1929548.24;0.0;0.0;0.0;0.0;;0.0;0.0;;Cash;-1929548.24;0.0;0.0;0.0;0.0;0.0;0.0
300406;CSH_GBP_DB;2621.5416890390666;0.0;0.0;0.0;-65.53854222597667;;0.0;26.215416890390667;;Cash;2556.00314681309;0.0;0.0;0.0;0.0;0.0;25.5600314681309
300406;CSH_JPY_DB;1546936.0993165562;0.0;0.0;0.0;-38673.40248291391;;0.0;15469.360993165565;;Cash;1508262.6968336424;0.0;0.0;0.0;0.0;0.0;15082.626968336426
300406;CSH_USD_DB;18699687.92816145;0.0;0.0;0.0;-467492.1982040362;;0.0;186996.8792816145;;Cash;18232195.729957413;0.0;0.0;0.0;0.0;0.0;182321.95729957413
300406;DMM25 Index;0.0;0.0;0.0;0.0;-938915.0157378259;;93891.50157378259;0.0;;Equity Index Future;-938915.0157378259;0.0;0.0;0.0;0.0;93891.50157378259;0.0
300406;ECM25 Curncy;0.0;0.0;0.0;0.0;-772067.2453103237;;0.0;308826.89812412945;;FX Future;-772067.2453103237;0.0;0.0;0.0;0.0;0.0;308826.89812412945
300406;ESM25 Index;0.0;0.0;0.0;0.0;-7693276.7080170335;;769327.6708017034;0.0;;Equity Index Future;-7693276.7080170335;0.0;0.0;0.0;0.0;769327.6708017034;0.0
300406;FR0000989626;2589804.599999998;0.0331709057814942;0.4252720331674877;-9.95588595574546;-4113.4937959715035;;0.0;5.0953534158871847e-08;FR0000989626;Fund Unit;2585691.106204027;0.0025;0.03326976308992022;0.0;0.4252720331674877;0.0;5.0872602552431216e-08
300406;FR0012599645;51705545.42400006;0.2306904035262157;0.5082472453835561;3949.713389183805;-128538.33857529514;;0.0;2.1242371812692397e-08;FR0012599645;Fund Unit;51577007.085424766;0.0025;0.2289137340870885;0.0;0.5082472453835561;0.0;2.1189563953152156e-08
300406;FR0013259199;23132550.700000025;3.2823062217222456;4.689988881160367;35696.20884155192;-1754580.0255642107;;8.940241450694675;-465.7886006518957;FR0013259199;Fund Unit;21377970.674435813;0.0025;3.2706621573409134;0.0;4.689988881160367;8.2621333909073;-430.4590174408527
300406;FR001400IR05;19563330.399999965;0.0002207585577128;0.0019720643744961;1.634801569640477;-2365068.018534079;;193046.81066526996;173839.9647525517;FR001400IR05;Fund Unit;17198262.381465886;0.0;0.0002207585577128;0.0;0.0019720643744961;169708.8191960652;152823.94485343716
300406;FR001400ITZ9;34132966.56;0.0;0.0;0.0;-4773637.234840389;;341108.5946310019;135690.20185494627;FR001400ITZ9;Fund Unit;29359329.325159613;0.0;0.0;0.0;0.0;293403.1399764145;116713.3631779104
300406;FR001400JWC0;157049268.10580012;4.31324828415832;4.212341520459439;475622.4614007177;-4109016.7264929586;;0.0;24.869566934868928;FR001400JWC0;Fund Unit;152940251.37930715;0.0025;4.284046259574078;0.0;4.212341520459439;0.0;24.218882804031907
300406;FR001400K2R1;58377318.4173;0.0;0.0;0.0;-7288533.179705972;;582910.1118956937;583772.824299614;FR001400K2R1;Fund Unit;51088785.23759403;0.0;0.0;0.0;0.0;510132.5365201377;510887.5374335169
300406;FR001400K2W1;87316174.59664881;0.0;0.0;0.0;-10882667.333292753;;869941.594055687;873300.557094353;FR001400K2W1;Fund Unit;76433507.26335606;0.0;0.0;0.0;0.0;761516.2649430004;764456.5830112072
300406;FR001400K3P3;141260718.61200014;6.952436748287683;6.951644832267178;1229339.3732624508;-4518452.526963704;;0.0;1097.7680235551802;FR001400K3P3;Fund Unit;136742266.08503643;0.0025;6.855712009926536;0.0;6.951644832267178;0.0;1062.6541380476524
300406;FR001400LLB1;134425732.81980005;4.6718903404613945;4.629945198298644;683970.7451861261;-2972795.3966171094;;-467.48605192604913;29034.125938455887;FR001400LLB1;Fund Unit;131452937.42318293;0.0025;4.599254392456277;0.0;4.629945198298644;-457.14770112076513;28392.04265481594
300406;FXW1023958;124866.41117310151;0.1315068450413297;0.0;0.05380105286494263;-386543.94016169553;BNP PARIBAS;0.0;154617.5760646782;;Currency Forward;-261677.52898859401;0.0;0.1315068450413297;0.0;0.0;0.0;324025.8518099123
300406;LU1501412909;4269635.6000000015;3.0128083752017143;3.308240559435141;-12752.384944827418;-235457.0927474043;;0.9214970126307284;4.37888409289268;LU1501412909;Fund Unit;4034178.5072525973;0.0025;3.110169958511973;0.0;3.308240559435141;0.8706793251518603;4.137402286344514
300406;LU1717594557;26950682.32559998;0.0003070374783217;0.0027428049852584;3.1323181274101985;-3414256.9113398073;;262635.147026139;112063.46962493198;LU1717594557;Fund Unit;23536425.41426017;0.0;0.0003070374783217;0.0;0.0027428049852584;229363.11869448604;97866.66855499377
300406;LU1891751163;5432360.400000001;0.5360026175322364;0.7416979329101642;125.0949123103644;-7483.303065471911;;-1184.7087937161325;61.782756672756165;LU1891751163;Fund Unit;5424877.096934529;0.0025;0.5361451713719935;0.0;0.7416979329101642;-1183.0768079318852;61.69764834813128
300406;LU2527589415;2842180.2000000016;0.1061970736810449;1.9341651788514824;-5720.900113372432;-78640.97638800075;;15.414005920569377;6.148237683166922e-08;LU2527589415;Fund Unit;2763539.2236120007;0.0025;0.15654667389820037;0.0;1.9341651788514824;14.987512035472294;5.978120596829557e-08
300406;MESM25 Index;0.0;0.0;0.0;0.0;-514164.0436956119;;51416.40436956118;0.0;;Equity Index Future;-514164.0436956119;0.0;0.0;0.0;0.0;51416.40436956118;0.0
300406;NKM25 Index;0.0;0.0;0.0;0.0;-587220.7943897174;;83888.68491281677;0.0;;Equity Index Future;-587220.7943897174;0.0;0.0;0.0;0.0;83888.68491281677;0.0
300406;OEM25 Cmdty;0.0;0.0;0.0;186091.4036126136;-1310285.1861492684;;0.0;0.0;;Bond Future;-1310285.1861492684;0.0025;0.0;0.0;0.0;0.0;0.0
300406;RTYM25 Index;0.0;0.0;0.0;0.0;-769404.7398629882;;76940.47398629882;0.0;;Equity Index Future;-769404.7398629882;0.0;0.0;0.0;0.0;76940.47398629882;0.0
300406;RXM25 Cmdty;0.0;0.0;0.0;208180.0399284634;-914623.5442909235;;0.0;0.0;;Bond Future;-914623.5442909235;0.0025;0.0;0.0;0.0;0.0;0.0
300406;RYM25 Curncy;0.0;0.0;0.0;0.0;261508.60565473593;;0.0;-104603.44226189436;;FX Future;261508.60565473593;0.0;0.0;0.0;0.0;0.0;-104603.44226189436
300406;SXOM25 Index;0.0;0.0;0.0;0.0;-2406950.0;;185150.0;0.0;;Equity Index Future;-2406950.0;0.0;0.0;0.0;0.0;185150.0;0.0
300406;TPM25 Index;0.0;0.0;0.0;0.0;-173035.73456903957;;24719.390652719936;0.0;;Equity Index Future;-173035.73456903957;0.0;0.0;0.0;0.0;24719.390652719936;0.0
300406;T_FR0010853556;2502457.500000007;2.8553707978009646;2.8590913845450947;-3127.0882056609;-120188.00659381723;;0.0;0.0;T_FR0010853556;Fund Unit;2382269.4934061896;0.0025;2.9069938267498836;0.0;2.8590913845450947;0.0;0.0
300406;T_FR0011026707;6754068.100000019;6.091999916969032;6.092017544895478;50056.277431585055;-252902.95030825192;;0.0;1.735316091410539;T_FR0011026707;Fund Unit;6501165.149691767;0.0025;5.999499120325525;0.0;6.092017544895478;0.0;1.6703379844774584
300406;T_IE000KXCEXR3;58616893.83429995;0.0;0.0;0.0;-7327111.729287496;;586168.9383429997;586168.9383429996;T_IE000KXCEXR3;Fund Unit;51289782.105012454;0.0;0.0;0.0;0.0;512897.82105012465;512897.82105012453
300406;T_IE00BFNM3G45;85695403.59180006;0.0;0.0;0.0;-10711925.448975004;;856954.035918;856954.0359180006;T_IE00BFNM3G45;Fund Unit;74983478.14282507;0.0;0.0;0.0;0.0;749834.7814282501;749834.7814282506
300406;T_LU0456627131;7758720.000000003;2.8112531428158896;2.814728418179429;-9860.384083464147;-366821.35487567564;;0.0;0.0;T_LU0456627131;Fund Unit;7391898.645124327;0.0025;2.8627829454308964;0.0;2.814728418179429;0.0;0.0
300406;T_LU1291102447;20449705.828800008;0.0;0.0;0.0;-1942722.0537360008;;204497.0582880001;204497.0582880001;T_LU1291102447;Fund Unit;18506983.775064006;0.0;0.0;0.0;0.0;185069.8377506401;185069.8377506401
300406;T_LU1602144906;13638800.152800012;0.0;0.0;0.0;-954716.0106960009;;136388.0015280001;136388.00152800014;T_LU1602144906;Fund Unit;12684084.142104011;0.0;0.0;0.0;0.0;126840.8414210401;126840.84142104012
300406;T_LU2182388236;36517545.24400006;6.0919999169690575;6.092017544895503;270641.68569075014;-1367382.560182164;;0.0;9.38241707700956;T_LU2182388236;Fund Unit;35150162.6838179;0.0025;5.999499120325551;0.0;6.092017544895503;0.0;9.031096817180044
300406;T_LU2244386053;1176142.0000000007;2.249580875609112;2.4208871142969115;-2363.7050224128907;-46803.6610744263;;0.0;0.0;T_LU2244386053;Fund Unit;1129338.3389255744;0.0025;2.3124751754292845;0.0;2.4208871142969115;0.0;0.0
300406;UBM25 Cmdty;0.0;0.0;0.0;540907.9409804806;-857182.4512478551;;0.0;0.0;;Bond Future;-857182.4512478551;0.0025;0.0;0.0;0.0;0.0;0.0
300406;VGM25 Index;0.0;0.0;0.0;0.0;-1713407.8;;131800.6;0.0;;Equity Index Future;-1713407.8;0.0;0.0;0.0;0.0;131800.6;0.0
300636;BE6356749489;13984358.616340002;0.0433405193652792;0.0433405193652792;61.7303341776667;-3984.58437287496;;0.0;0.0;BE6356749489;Bond;13980374.031967128;0.0025;0.04323485933286146;0.0;0.0433405193652792;0.0;0.0
300636;CSH_EUR_DB;339708461.88;0.0;0.0;0.0;0.0;;0.0;0.0;;Cash;339708461.88;0.0;0.0;0.0;0.0;0.0;0.0
300636;DE000A4BF827;9976986.0666;0.0755075246073708;0.0755075246073708;78.82310359974424;-4592.147011476165;;0.0;0.0;DE000A4BF827;Bond;9972393.919588525;0.0025;0.07532426576053167;0.0;0.0755075246073708;0.0;0.0
300636;DE000A4BF8Z3;14971730.42896856;0.0620300503542358;0.0620300503542358;95.92839854945521;-5660.544655336059;;0.0;0.0;DE000A4BF8Z3;Bond;14966069.884313224;0.0025;0.06187948712172168;0.0;0.0620300503542358;0.0;0.0
300636;DE000CZ451R7;24605360.06743993;0.6564975426549035;0.6564975426549035;2638.0137517501853;-106038.99009885755;;0.0;0.0;DE000CZ451R7;Bond;24499321.077341072;0.0025;0.6548946909423459;0.0;0.6564975426549035;0.0;0.0
300636;DE000CZ451V9;24450581.563980248;0.9141509709121004;0.9141509709121006;4225.9846452934535;-146736.98333122942;;0.0;0.0;DE000CZ451V9;Bond;24303844.58064902;0.0025;0.9119192059889136;0.0;0.9141509709121006;0.0;0.0
300636;DE000CZ451X5;29506570.69665077;0.6836105102974597;0.6836105102974597;3348.7836168622134;-132415.78849620264;;0.0;0.0;DE000CZ451X5;Bond;29374154.908154566;0.0025;0.6819414983761387;0.0;0.6836105102974597;0.0;0.0
300636;DE000CZ452U9;19820553.306384973;0.368871611596443;0.368871611596443;983.578485321301;-48003.75102149126;;0.0;0.0;DE000CZ452U9;Bond;19772549.555363484;0.0025;0.3679711730381011;0.0;0.368871611596443;0.0;0.0
300636;FR0010213355;20995441.62300004;0.0326391382763884;0.3246537903062918;50.87271871335583;-25857.438019365734;;0.0;1.2673739487058734e-05;FR0010213355;Fund Unit;20969584.184980676;0.0025;0.032581225650439555;0.0;0.3246537903062918;0.0;1.2658130840232215e-05
300636;FR001400F6V1;10157376.712328767;0.7028046944430895;0.7028046944430895;1199.1171822663532;-47572.69997185214;;0.0;0.0;FR001400F6V1;Bond;10109804.012356915;0.0025;0.701088184891257;0.0;0.7028046944430895;0.0;0.0
300636;FR0128634468;25772396.357807983;0.0090792474617103;0.138402584116998;-41.78390966558254;-14989.28314887107;;0.0;0.0;FR0128634468;Bond;25757407.074659113;0.0025;0.00911998519326725;0.0;0.138402584116998;0.0;0.0
300636;FR0128637669;30890681.84015279;0.0101278651777475;0.1628432812645785;-70.46390138043535;-21093.82286227788;;0.0;0.0;FR0128637669;Bond;30869588.01729051;0.0025;0.010185148437756846;0.0;0.1628432812645785;0.0;0.0
300636;FR0128656842;30605310.474169426;0.0196694731655029;0.4019198814058413;-448.009629394619;-51144.27391686625;;0.0;0.0;FR0128656842;Bond;30554166.20025256;0.0025;0.02003639781493915;0.0;0.4019198814058413;0.0;0.0
300636;FR0128667708;19979953.448721908;0.03789887819059;0.03789887819059;76.66387525544667;-4598.126273130521;;0.0;0.0;FR0128667708;Bond;19975355.32244878;0.0025;0.03780654300967374;0.0;0.03789887819059;0.0;0.0
300636;FR0128693399;20501376.772500984;0.0148955534820102;0.2769120963154373;-140.0760396563783;-23680.0558461923;;0.0;0.0;FR0128693399;Bond;20477696.716654792;0.0025;0.015066921142663007;0.0;0.2769120963154373;0.0;0.0
300636;FR0128735091;30701635.930165328;0.0135487806724442;0.257867172492094;-182.1745421182186;-33003.271324546164;;0.0;0.0;FR0128735091;Bond;30668632.658840783;0.0025;0.013697582295588753;0.0;0.257867172492094;0.0;0.0
300636;FR0128735398;20457929.339323547;0.0170236945920371;0.3280980171390338;-198.2380481990731;-27998.448647803107;;0.0;0.0;FR0128735398;Bond;20429930.890675742;0.0025;0.017266669978660363;0.0;0.3280980171390338;0.0;0.0
300636;FR0128767771;29925458.64059996;0.1003198418630855;0.1003198418630855;323.1493739263878;-13650.92839358875;;0.0;0.0;FR0128767771;Bond;29911807.71220637;0.0025;0.1000750401172023;0.0;0.1003198418630855;0.0;0.0
300636;FR0128771468;40868240.513691865;0.018443203767528;0.3665273859018946;-495.5584387289492;-62346.955622354006;;0.0;0.0;FR0128771468;Bond;40805893.55806951;0.0025;0.018747198124085655;0.0;0.3665273859018946;0.0;0.0
300636;FR0128771732;19826352.80758119;0.3663803390396404;0.3663803390396404;975.8398977723859;-47664.724900417794;;0.0;0.0;FR0128771732;Bond;19778688.082680773;0.0025;0.36548544205037425;0.0;0.3663803390396404;0.0;0.0
300636;FR0128789635;20397526.13294095;0.019902892930798;0.4071790015213674;-306.8501897018905;-34545.10439125317;;0.0;0.0;FR0128789635;Bond;20362981.028549697;0.0025;0.020279970750187153;0.0;0.4071790015213674;0.0;0.0
300636;FR0128790138;29711375.6501531;0.4071105643440379;0.407110564344038;1674.2735531204228;-79366.0034490391;;0.0;0.0;FR0128790138;Bond;29632009.646704063;0.0025;0.40611613028982113;0.0;0.407110564344038;0.0;0.0
300636;FR0128806710;25487271.567016736;0.0205645545786792;0.4235430263346119;-415.212975113377;-44883.09612641054;;0.0;0.0;FR0128806710;Bond;25442388.470890325;0.0025;0.020972886668130193;0.0;0.4235430263346119;0.0;0.0
300636;FR0128806850;56061089.45555585;0.0207580258220445;0.4289944145673165;-937.4327980538056;-99979.45422868564;;0.0;0.0;FR0128806850;Bond;55961110.001327164;0.0025;0.02117714381237478;0.0;0.4289944145673165;0.0;0.0
300636;FR0128807544;30571766.150227364;0.0206746384984082;0.4289680730873611;-511.42929891057065;-54515.3730183118;;0.0;0.0;FR0128807544;Bond;30517250.77720905;0.0025;0.02109392737595716;0.0;0.4289680730873611;0.0;0.0
300636;FR0128807593;20389035.16845092;0.0207944108188871;0.4290607942505462;-340.87399569671106;-36363.69897883235;;0.0;0.0;FR0128807593;Bond;20352671.469472088;0.0025;0.021213454228848728;0.0;0.4290607942505462;0.0;0.0
300636;FR0128809730;29682911.18422693;0.447829679011791;0.447829679011791;1894.1204271514985;-87218.96505502297;;0.0;0.0;FR0128809730;Bond;29595692.219171908;0.0025;0.446735762198721;0.0;0.447829679011791;0.0;0.0
300636;FR0128810035;25456850.8940734;0.0213388207034106;0.4479625734338097;-465.2793705872682;-47389.61394249754;;0.0;0.0;FR0128810035;Bond;25409461.280130904;0.0025;0.021796888492500055;0.0;0.4479625734338097;0.0;0.0
300636;FR0128814490;22976302.92208285;0.0378715924295941;0.0378715924295941;88.0340955754627;-14541.167054797636;;0.0;0.0;FR0128814490;Bond;22961761.75502805;0.0025;0.03777939014801536;0.0;0.0378715924295941;0.0;0.0
300636;FR0128840321;24693382.361624327;0.5211344724332022;0.521134472433202;1928.048831662798;-84431.071746047;;0.0;0.0;FR0128840321;Bond;24608951.28987828;0.0025;0.5198614358721513;0.0;0.521134472433202;0.0;0.0
300636;FR0128840974;30459097.4285602;0.0239420098390205;0.5239756481124995;-766.3762957577092;-66246.20732676041;;0.0;0.0;FR0128840974;Bond;30392851.221233442;0.0025;0.0245724637398952;0.0;0.5239756481124995;0.0;0.0
300636;FR0128862788;6980493.111130001;0.0972479888491351;0.0972479888491351;72.6172888487726;-11360.035364414305;;0.0;0.0;FR0128862788;Bond;6969133.075765586;0.0025;0.09701155957450443;0.0;0.0972479888491351;0.0;0.0
300636;FR0128865260;5492892.807513616;0.0459467126111579;0.0459467126111579;25.71594604145439;-1535.0001818257228;;0.0;0.0;FR0128865260;Bond;5491357.80733179;0.0025;0.04583494845481172;0.0;0.0459467126111579;0.0;0.0
300636;FR0128867167;20133836.22158296;0.009871680633375;0.2684923758936859;-134.42278401498697;-22340.720273299696;;0.0;0.0;FR0128867167;Bond;20111495.50130966;0.0025;0.010038835798100594;0.0;0.2684923758936859;0.0;0.0
300636;FR0128867316;30180061.304947294;0.0104039198175153;0.2902135022102946;-236.2723350302076;-36174.19991604159;;0.0;0.0;FR0128867316;Bond;30143887.105031252;0.0025;0.010599909320563096;0.0;0.2902135022102946;0.0;0.0
300636;FR0128867431;25137096.40908417;0.0107967851533698;0.3065067791666837;-220.00556931800477;-31807.177866164355;;0.0;0.0;FR0128867431;Bond;25105289.231218006;0.0025;0.011015882250243688;0.0;0.3065067791666837;0.0;0.0
300636;FR0128902089;10134809.99414078;0.0264507958998408;0.5920791455849621;-326.4450931794727;-24882.66205163989;;0.0;0.0;FR0128902089;Bond;10109927.33208914;0.0025;0.027257802074304945;0.0;0.5920791455849621;0.0;0.0
300636;FR0128902923;15354209.03323602;0.0310551468181356;0.6654410530833526;-606.6343427590937;-41912.27172217301;;0.0;0.0;FR0128902923;Bond;15312296.761513846;0.0025;0.032045290848613045;0.0;0.6654410530833526;0.0;0.0
300636;FR0128913979;30184847.403478462;0.032519169784242;0.7901641363291996;-1749.713174348244;-86682.09443157745;;0.0;0.0;FR0128913979;Bond;30098165.309046883;0.0025;0.03397097868994401;0.0;0.7901641363291996;0.0;0.0
300636;FR0128957760;34974934.631539986;0.0270705272859782;0.0270705272859782;94.8314260485225;-5749.304322992875;;0.0;0.0;FR0128957760;Bond;34969185.32721699;0.0025;0.027004574042049312;0.0;0.0270705272859782;0.0;0.0
300636;FR0128957893;9989282.111221548;0.0378311755046053;0.0378311755046053;38.19244920483405;-6321.98402107446;;0.0;0.0;FR0128957893;Bond;9982960.127200473;0.0025;0.037739169930787825;0.0;0.0378311755046053;0.0;0.0
300636;FR0128959089;5998265.305392885;0.0108256836645714;0.0108256836645714;6.3970229114000565;-394.4064858340528;;0.0;0.0;FR0128959089;Bond;5997870.8989070505;0.0025;0.0107993146826115;0.0;0.0108256836645714;0.0;0.0
300636;FR0128959097;24934928.171;0.0946505792079893;0.0946505792079893;252.1063358074008;-39451.83840754109;;0.0;0.0;FR0128959097;Bond;24895476.332592458;0.0025;0.09442021178926317;0.0;0.0946505792079893;0.0;0.0
300636;FR0128961564;9071850.309282465;0.0047680800783279;0.0863476496560871;-5.742206710124265;-11242.902487062045;;0.0;0.0;FR0128961564;Bond;9060607.406795403;0.0025;0.004783961158237841;0.0;0.0863476496560871;0.0;0.0
300636;FR0128963453;9993873.723782029;0.0216177794482358;0.0216177794482358;21.48392574969765;-3614.2228261348705;;0.0;0.0;FR0128963453;Bond;9990259.500955895;0.0025;0.021565205030546063;0.0;0.0216177794482358;0.0;0.0
300636;FR0128963735;11992962.783418313;0.0216432902288243;0.0216432902288243;25.8422883096476;-1577.1567496002167;;0.0;0.0;FR0128963735;Bond;11991385.626668712;0.0025;0.021590591617151714;0.0;0.0216432902288243;0.0;0.0
300636;FR0128984541;20132425.250744738;0.0120612017945763;0.333746862342656;-208.73027750667464;-27744.459200323472;;0.0;0.0;FR0128984541;Bond;20104680.791544415;0.0025;0.012320762113943194;0.0;0.333746862342656;0.0;0.0
300636;FR0128985662;23983303.5291221;0.0270904947144179;0.0270904947144179;65.1244924682585;-3942.4608541022635;;0.0;0.0;FR0128985662;Bond;23979361.068267997;0.0025;0.027024444211859407;0.0;0.0270904947144179;0.0;0.0
300636;FR0128985969;20136757.93463348;0.0034052125898202;0.0377788606973905;-2.065014825802791;-10984.588018992015;;0.0;0.0;FR0128985969;Bond;20125773.346614487;0.0025;0.003407805316459012;0.0;0.0377788606973905;0.0;0.0
300636;FR0129012003;10060481.034863004;0.0039596675323806;0.0593593646953776;-2.7827518067624624;-8588.98261600471;;0.0;0.0;FR0129012003;Bond;10051892.052246999;0.0025;0.00396662178633736;0.0;0.0593593646953776;0.0;0.0
300636;FR0129012383;25144313.297618385;0.0330390991472081;0.806569150103349;-1519.0810831455792;-83916.43679410034;;0.0;0.0;FR0129012383;Bond;25060396.860824283;0.0025;0.03455219057000281;0.0;0.806569150103349;0.0;0.0
300636;FR0129014009;5027571.482282966;0.0041077286726678;0.0755337027873496;-2.4009239041333785;-5451.1037791166145;;0.0;0.0;FR0129014009;Bond;5022120.37850385;0.0025;0.004119709641772909;0.0;0.0755337027873496;0.0;0.0
300636;FR0129025716;4976816.330599955;0.175967342701267;0.1759673427012671;100.76073864160264;-5317.694161462965;;0.0;0.0;FR0129025716;Bond;4971498.636438493;0.0025;0.1755386033867655;0.0;0.1759673427012671;0.0;0.0
300636;FR0129025955;19985959.590819124;0.027084313650225;0.027084313650225;54.24534155418454;-3285.3632204086234;;0.0;0.0;FR0129025955;Bond;19982674.227598716;0.0025;0.02701829323828173;0.0;0.027084313650225;0.0;0.0
300636;FR0129052819;8975478.991409998;0.0973086064694636;0.0973086064694636;93.4873578550782;-5311.516334642629;;0.0;0.0;FR0129052819;Bond;8970167.475075357;0.0025;0.09707188231137232;0.0;0.0973086064694636;0.0;0.0
300636;FR0129053213;29923873.665299986;0.0974912364872175;0.0974912364872175;312.8539094454468;-17708.374552615882;;0.0;0.0;FR0129053213;Bond;29906165.29074737;0.0025;0.09725362299870362;0.0;0.0974912364872175;0.0;0.0
300636;FR0129053411;19947250.051399983;0.1001704387238003;0.1001704387238003;214.75881073483703;-12132.30003126246;;0.0;0.0;FR0129053411;Bond;19935117.75136872;0.0025;0.09992636559773117;0.0;0.1001704387238003;0.0;0.0
300636;FR0129054377;4983509.5445;0.1134094582907051;0.1134094582907051;61.34944219304538;-9461.841409146577;;0.0;0.0;FR0129054377;Bond;4974047.703090853;0.0025;0.11313385031491344;0.0;0.1134094582907051;0.0;0.0
300636;FR0129065183;19979493.02276632;0.0378764268561976;0.0378764268561976;76.57132706274248;-4598.020312088688;;0.0;0.0;FR0129065183;Bond;19974895.00245423;0.0025;0.037784201015512414;0.0;0.0378764268561976;0.0;0.0
300636;FR0129080679;2994768.7019100003;0.064944025734834;0.064944025734834;20.209783846424983;-1279.9559383505757;;0.0;0.0;FR0129080679;Bond;2993488.74597165;0.0025;0.06478586099652554;0.0;0.064944025734834;0.0;0.0
300636;FR0129083459;24760149.145216823;0.4015829106493079;0.4015829106493079;1370.584118412587;-65258.25610328383;;0.0;0.0;FR0129083459;Bond;24694890.889113538;0.0025;0.4006022218071551;0.0;0.4015829106493079;0.0;0.0
300636;FR0129084309;9976222.575493708;0.0809864408712678;0.0809864408712678;85.06172433678334;-13529.397739368182;;0.0;0.0;FR0129084309;Bond;9962693.17775434;0.0025;0.08078967672711562;0.0;0.0809864408712678;0.0;0.0
300636;FR0129100840;9911973.01829667;0.3468229133829653;0.3468229133829653;454.5540499545238;-20855.87747411464;;0.0;0.0;FR0129100840;Bond;9891117.140822556;0.0025;0.34597715149829017;0.0;0.3468229133829653;0.0;0.0
300636;FR0129102382;29767230.388494138;0.3061954963474323;0.3061954963474323;1168.204100119691;-55293.6498723261;;0.0;0.0;FR0129102382;Bond;29711936.738621812;0.0025;0.30544876967019985;0.0;0.3061954963474323;0.0;0.0
300636;FR0129104669;8453339.196194971;0.1973471920870944;0.1973471920870944;195.2788719616445;-10144.007035433966;;0.0;0.0;FR0129104669;Bond;8443195.189159537;0.0025;0.19686703694996815;0.0;0.1973471920870944;0.0;0.0
300636;FR0129104677;9949051.024099786;0.1977336539702288;0.1977336539702288;230.73202237703097;-11938.861228919744;;0.0;0.0;FR0129104677;Bond;9937112.162870865;0.0025;0.19725161646898318;0.0;0.1977336539702288;0.0;0.0
300636;IRSB100008004;-26015.79236831516;0.043837134282760204;0.0;-5.21055358384568;2862.698823075497;BNP PARIBAS;0.0;0.0;;Swap;-23153.093545239662;0.0025;0.03883483215214592;0.0;0.0;0.0;0.0
300636;IRSB100008376;-78196.24906447902;0.1835695769267073;0.0;-81.9778992803414;11044.528979668876;NOMURA FINANCIAL PRODUCTS EUROPE GMBH;0.0;0.0;;Swap;-67151.72008481015;0.0025;0.15744479594829883;0.0;0.0;0.0;0.0
300636;IRSB100008438;-75761.18808629736;0.26302396995300176;0.0;-135.19942112158068;12761.037038992436;BNP PARIBAS;0.0;0.0;;Swap;-63000.15104730493;0.0025;0.2185832423073491;0.0;0.0;0.0;0.0
300636;IRSB100008533;-67111.95976939797;0.2548051544106976;0.0;-190.4174597964677;18538.074570253375;NOMURA FINANCIAL PRODUCTS EUROPE GMBH;0.0;0.0;;Swap;-48573.8851991446;0.0025;0.18403470918155845;0.0;0.0;0.0;0.0
300636;IRSB100008539;-25085.769587896764;0.046576115544837295;0.0;-3.888068519045736;2048.67090122377;CITIBANK EUROPE PUBLIC LIMITED COMPANY;0.0;0.0;;Swap;-23037.098686672995;0.0025;0.042706763876353956;0.0;0.0;0.0;0.0
300636;IRSB100008584;-27193.41118583083;0.37261659301467426;0.0;-271.8302556834571;18150.15254230609;NOMURA FINANCIAL PRODUCTS EUROPE GMBH;0.0;0.0;;Swap;-9043.258643524743;0.0025;0.12305917999968563;0.0;0.0;0.0;0.0
300636;IRSB100008658;-47644.89862167463;0.41371318372550714;0.0;-502.6126029976654;30245.702033276102;NATIXIS;0.0;0.0;;Swap;-17399.196588398525;0.0025;0.15041263418747958;0.0;0.0;0.0;0.0
300636;IRSB100008762;-11524.348382927477;0.4548101300209712;0.0;-607.4338538059626;33264.152193647926;NATIXIS;0.0;0.0;;Swap;21739.80381072045;0.0025;-0.8623911769118475;0.0;0.0;0.0;0.0
300636;IRSB100008770;-8755.120324194431;0.4548101304107009;0.0;-506.27806710442206;27724.606661776204;NATIXIS;0.0;0.0;;Swap;18969.486337581773;0.0025;-0.9903355292894258;0.0;0.0;0.0;0.0
300636;IRSB100008791;-12745.878386059776;0.4739887365979014;0.0;-329.795903201064;17332.134211363722;NATIXIS;0.0;0.0;;Swap;4586.255825303946;0.0025;-0.1723173427730874;0.0;0.0;0.0;0.0
300636;IRSB100008849;-9724.972526546568;0.5287847730589051;0.0;-684.0972418705741;32238.69752996385;NATIXIS;0.0;0.0;;Swap;22513.725003417283;0.0025;-1.2291258966181449;0.0;0.0;0.0;0.0
300636;IRSB100008858;-7353.528353191912;0.5315244901678752;0.0;-691.2029990045411;32406.063478574277;NATIXIS;0.0;0.0;;Swap;25052.535125382365;0.0025;-1.817671756840861;0.0;0.0;0.0;0.0
300636;IRSB100008873;-2654.7502468097955;0.0465761151942005;0.0;-2.721342868822946;1434.957183875899;BNP PARIBAS;0.0;0.0;;Swap;-1219.7930629338964;0.0025;0.020954430367531713;0.0;0.0;0.0;0.0
300636;IRSB100008964;7702.456633571535;0.0904157546244487;0.0;-11.788574054215745;3174.4317111321843;NOMURA FINANCIAL PRODUCTS EUROPE GMBH;0.0;0.0;;Swap;10876.888344703719;0.0025;0.12869857587330266;0.0;0.0;0.0;0.0
300636;IRSB100009008;5312.147141251713;0.0410974051893982;0.0;-3.5079583732960202;2043.3524368220187;CREDIT AGRICOLE CORPORATE AND INVESTMENT BANK;0.0;0.0;;Swap;7355.499578073732;0.0025;0.05761076362950081;0.0;0.0;0.0;0.0
300636;IRSB100009055;9462.470689389855;0.2712440891960786;0.0;-216.22107680202922;19786.806202282107;BNP PARIBAS;0.0;0.0;;Swap;29249.27689167196;0.0025;0.8426875907779332;0.0;0.0;0.0;0.0
300636;IRSB100009061;3671.773773290217;0.10411538060664689;0.0;-31.455213756843158;7374.006994315768;CREDIT AGRICOLE CORPORATE AND INVESTMENT BANK;0.0;0.0;;Swap;11045.780767605986;0.0025;0.3183115423707558;0.0;0.0;0.0;0.0
300636;IRSB100009067;-37.12739484384656;0.0246582281668212;0.0;-0.6017658941518349;574.6323362004385;CREDIT AGRICOLE CORPORATE AND INVESTMENT BANK;0.0;0.0;;Swap;537.504941356592;0.0025;-0.3805436714226972;0.0;0.0;0.0;0.0
300636;IRSB100009088;609.5959775932133;0.2767235236821273;0.0;-74.9988553369073;6729.747613832582;CREDIT AGRICOLE CORPORATE AND INVESTMENT BANK;0.0;0.0;;Swap;7339.343591425795;0.0025;3.3526757170355657;0.0;0.0;0.0;0.0
300636;IRSB100009104;-593.0625277869403;0.030137338041310698;0.0;-1.8150739214920015;1477.8725288893174;CREDIT AGRICOLE CORPORATE AND INVESTMENT BANK;0.0;0.0;;Swap;884.8100011023771;0.0025;-0.04637314656216344;0.0;0.0;0.0;0.0
300636;IRSB100009116;-5924.76090221107;0.7890674074972384;0.0;-1214.9848539521217;38405.85780217112;CREDIT AGRICOLE CORPORATE AND INVESTMENT BANK;0.0;0.0;;Swap;32481.09689996005;0.0025;-4.336101279339044;0.0;0.0;0.0;0.0
300636;IRSB100009128;-24127.60015053302;0.8000259970322121;0.0;-1561.045644107774;48672.34573760149;NATIXIS;0.0;0.0;;Swap;24544.74558706847;0.0025;-0.8158634486724587;0.0;0.0;0.0;0.0
300636;IRSB100009138;-1328.726875839755;0.29316244915808104;0.0;-126.30162445288185;10702.739514349207;CREDIT AGRICOLE CORPORATE AND INVESTMENT BANK;0.0;0.0;;Swap;9374.012638509452;0.0025;-2.082988118530268;0.0;0.0;0.0;0.0
300636;IRSB100009153;-12926.401234123856;0.8192045329255128;0.0;-1636.3981556401307;49830.345561783106;CREDIT AGRICOLE CORPORATE AND INVESTMENT BANK;0.0;0.0;;Swap;36903.94432765925;0.0025;-2.343954803371424;0.0;0.0;0.0;0.0
300636;IRSB100009177;-548.7834741920233;0.0794570767755895;0.0;-6.064141303545005;1842.9612287919674;NATIXIS;0.0;0.0;;Swap;1294.1777545999441;0.0025;-0.19678096237226028;0.0;0.0;0.0;0.0
300636;IRSB100009211;-12255.16602423042;0.33699877095808334;0.0;-445.3101348403943;32861.10044126052;CREDIT AGRICOLE CORPORATE AND INVESTMENT BANK;0.0;0.0;;Swap;20605.934417030097;0.0025;-0.5711304095858281;0.0;0.0;0.0;0.0
300636;IRSB100009232;12945.555846806616;0.8520823511365145;0.0;-2123.3435067388655;62168.065565271274;CREDIT AGRICOLE CORPORATE AND INVESTMENT BANK;0.0;0.0;;Swap;75113.62141207789;0.0025;4.954423410537691;0.0;0.0;0.0;0.0
300636;IRSB100009239;2162.5424467921257;0.28220262168807786;0.0;-156.02506190545154;13733.154190308853;NATIXIS;0.0;0.0;;Swap;15895.696637100978;0.0025;2.0861242540887885;0.0;0.0;0.0;0.0
300636;IRSB100009245;4518.57181706652;0.6054990329445563;0.0;-717.8382463899064;29555.754658043843;CREDIT AGRICOLE CORPORATE AND INVESTMENT BANK;0.0;0.0;;Swap;34074.32647511036;0.0025;4.578014793678665;0.0;0.0;0.0;0.0
300636;IRSB100009319;-641.3480600044131;0.6274173984747976;0.0;-962.9784766393145;38268.59900085098;CREDIT AGRICOLE CORPORATE AND INVESTMENT BANK;0.0;0.0;;Swap;37627.25094084657;0.0025;-36.908878797699664;0.0;0.0;0.0;0.0
300636;IRSB100009332;-11219.445612311363;0.8849601339417341;0.0;-2289.571925137948;64549.558919977906;CREDIT AGRICOLE CORPORATE AND INVESTMENT BANK;0.0;0.0;;Swap;53330.11330766654;0.0025;-4.214875785676801;0.0;0.0;0.0;0.0
300636;IRSB100009363;-3266.4450931418687;0.4739887391244767;0.0;-330.27557279720406;17356.868179416073;CREDIT AGRICOLE CORPORATE AND INVESTMENT BANK;0.0;0.0;;Swap;14090.423086274204;0.0025;-2.0532402337097992;0.0;0.0;0.0;0.0
300636;IRSB100009375;-629.6093797199428;0.4082340765343244;0.0;-245.17634352593376;14949.309515750247;NATIXIS;0.0;0.0;;Swap;14319.700136030304;0.0025;-9.326605439198929;0.0;0.0;0.0;0.0
300636;IRSB100009384;-1603.0891132615507;0.4082340765798688;0.0;-408.66589957134227;24917.932931141622;NATIXIS;0.0;0.0;;Swap;23314.84381788007;0.0025;-5.9644494489246505;0.0;0.0;0.0;0.0
300636;IRSB100009394;956.7581849582493;0.6657745025122059;0.0;-1083.8787601399167;40598.705958212915;CREDIT AGRICOLE CORPORATE AND INVESTMENT BANK;0.0;0.0;;Swap;41555.464143171164;0.0025;28.988531130875607;0.0;0.0;0.0;0.0
300636;IRSB100009407;6995.521878533065;0.9260567705309318;0.0;-2088.196414969103;56265.99857903461;NATIXIS;0.0;0.0;;Swap;63261.520457567676;0.0025;8.390819135663566;0.0;0.0;0.0;0.0
300636;IRSB100009409;908.8748391084373;0.8548217877539145;0.0;-2138.548809811136;62414.49442923262;CREDIT AGRICOLE CORPORATE AND INVESTMENT BANK;0.0;0.0;;Swap;63323.369268341055;0.0025;59.68072198644102;0.0;0.0;0.0;0.0
300636;IRSB100009418;557.3891759831458;0.5835810671732573;0.0;-500.2584938309256;21366.09340943359;SOCIETE GENERALE;0.0;0.0;;Swap;21923.482585416736;0.0025;23.02200910880016;0.0;0.0;0.0;0.0
300636;IRSB100009420;68.681270994246;0.353437969249075;0.0;-122.47323996909489;8618.74863363297;BNP PARIBAS;0.0;0.0;;Swap;8687.429904627215;0.0025;44.93404056715047;0.0;0.0;0.0;0.0
300636;IRSB100009432;-13044.337872188538;0.6959127333345406;0.0;-1420.951572258491;50922.2498086692;NATIXIS;0.0;0.0;;Swap;37877.91193648066;0.0025;-2.026187568007056;0.0;0.0;0.0;0.0
300636;IRSB100009439;-4544.414441332221;0.3123410724292896;0.0;-286.9726299807484;22833.275875583768;NATIXIS;0.0;0.0;;Swap;18288.861434251547;0.0025;-1.2661257452748607;0.0;0.0;0.0;0.0
300636;IRSB100009450;-4177.305952906609;0.3753559847905763;0.0;-276.3101567158341;18318.674271791606;BNP PARIBAS;0.0;0.0;;Swap;14141.368318884997;0.0025;-1.2779302772344274;0.0;0.0;0.0;0.0
300636;SECL100006675;0.0;0.0;0.0;0.0;0.0;;0.0;0.0;SECL100006675;Bond;0.0;0.002;;0.0;;;
300636;XS2264074647;7042619.451995898;0.5578575491952281;0.5578575491952281;608.8133242734154;-23501.12463707124;;0.0;0.0;XS2264074647;Bond;7019118.327358827;0.0025;0.5564743868064146;0.0;0.5578575491952281;0.0;0.0
300636;XS2817908978;14965901.331299996;0.0866419437822822;0.0866419437822822;137.624361906668;-7872.4741249578055;;0.0;0.0;XS2817908978;Bond;14958028.85717504;0.0025;0.08643081430074624;0.0;0.0866419437822822;0.0;0.0
300636;XS2838891062;24891625.07624932;0.1790399835395474;0.1790399835395474;515.0139203989219;-29256.18399372866;;0.0;0.0;XS2838891062;Bond;24862368.892255593;0.0025;0.17860286560425725;0.0;0.1790399835395474;0.0;0.0
300636;XS2857881614;19874392.7171972;0.2576633317790761;0.2576633317790761;631.9560874594832;-31036.722873431245;;0.0;0.0;XS2857881614;Bond;19843355.994323768;0.0025;0.25703437015347;0.0;0.2576633317790761;0.0;0.0
300636;XS2861705445;29812180.11389741;0.2493517550524927;0.2493517550524927;910.6871590162496;-48842.96906331685;;0.0;0.0;XS2861705445;Bond;29763337.144834094;0.0025;0.248743508643208;0.0;0.2493517550524927;0.0;0.0
300636;XS2861748171;20503583.062178303;0.0149466862355404;0.2768283658099806;-140.03322945654872;-23685.22522634023;;0.0;0.0;XS2861748171;Bond;20479897.836951964;0.0025;0.015117987132202776;0.0;0.2768283658099806;0.0;0.0
300636;XS2880859272;30659277.62709113;0.0173133131761497;0.3610741327924325;-362.6056788164078;-46013.9813050274;;0.0;0.0;XS2880859272;Bond;30613263.6457861;0.0025;0.01760973625041277;0.0;0.3610741327924325;0.0;0.0
300636;XS2898793406;20377937.970691063;0.0206746384984082;0.4288127378479748;-340.8985094210948;-36337.805423386744;;0.0;0.0;XS2898793406;Bond;20341600.165267676;0.0025;0.021093927174564906;0.0;0.4288127378479748;0.0;0.0
300636;XS2903381072;24744358.575669102;0.4481694264925589;0.4481694264925589;1581.3791664856114;-72707.73855453456;;0.0;0.0;XS2903381072;Bond;24671650.83711457;0.0025;0.44707384920851523;0.0;0.4481694264925589;0.0;0.0
300636;XS2908566982;29659066.59083696;0.4664838888924872;0.4664838888924872;1996.2455688268717;-83857.96362121575;;0.0;0.0;XS2908566982;Bond;29575208.627215747;0.0025;0.46534524645916053;0.0;0.4664838888924872;0.0;0.0
300636;XS2908892438;15267975.974917123;0.0269616756746832;0.5596647485810053;-435.52974560157054;-35497.104180376395;;0.0;0.0;XS2908892438;Bond;15232478.870736746;0.0025;0.02767663557552667;0.0;0.5596647485810053;0.0;0.0
300636;XS2918558227;25408200.105844967;0.0283897244441777;0.600428106212006;-836.4187120690758;-63339.901810211;;0.0;0.0;XS2918558227;Bond;25344860.204034757;0.0025;0.0292147204589275;0.0;0.600428106212006;0.0;0.0
300636;XS2920487852;24700378.2293344;0.5241884182036611;0.5241884182036611;1944.67161813624;-84894.86161287672;;0.0;0.0;XS2920487852;Bond;24615483.367721524;0.0025;0.5229070909764739;0.0;0.5241884182036611;0.0;0.0
300636;XS2922134684;20297954.597779855;0.0244006324998319;0.5346610511449618;-532.2654317296838;-45059.54492399546;;0.0;0.0;XS2922134684;Bond;20252895.05285586;0.0025;0.025057686331090137;0.0;0.5346610511449618;0.0;0.0
300636;XS2932960730;20276643.52841544;0.0258348503985673;0.5786546615634363;-623.4044391817406;-48640.295845997935;;0.0;0.0;XS2932960730;Bond;20228003.232569445;0.0025;0.02660514280615702;0.0;0.5786546615634363;0.0;0.0
300636;XS2942506978;17210648.401753783;0.0270337928114285;0.6166800882537427;-602.4156373740652;-43977.60768580684;;0.0;0.0;XS2942506978;Bond;17166670.794067975;0.0025;0.027910682255300173;0.0;0.6166800882537427;0.0;0.0
300636;XS2974086667;29811973.11569337;0.2660069863994256;0.2660069863994256;985.8622251877136;-52028.018834785435;;0.0;0.0;XS2974086667;Bond;29759945.096858587;0.0025;0.2653571522332592;0.0;0.2660069863994256;0.0;0.0
300636;XS2976509716;9934495.223898046;0.2712828871812506;0.2712828871812506;336.31670781587366;-16330.677080380345;;0.0;0.0;XS2976509716;Bond;9918164.546817666;0.0025;0.27062053752103155;0.0;0.2712828871812506;0.0;0.0
300636;XS2978738495;29969827.445503756;0.0378955379071773;0.0378955379071773;114.97516273460651;-6897.165768280315;;0.0;0.0;XS2978738495;Bond;29962930.279735476;0.0025;0.037803218990300425;0.0;0.0378955379071773;0.0;0.0
300636;XS2978804388;19633111.382497035;0.7789207872563144;0.7789207872563144;2685.332733857623;-100344.02543574857;;0.0;0.0;XS2978804388;Bond;19532767.357061286;0.0025;0.7770181885074552;0.0;0.7789207872563144;0.0;0.0
300636;XS2980876770;14893178.416797075;0.2873835668401519;0.2873835668401519;540.7434833230211;-71364.84671500845;;0.0;0.0;XS2980876770;Bond;14821813.570082067;0.0025;0.28668233683398653;0.0;0.2873835668401519;0.0;0.0
300636;XS2983844429;24534743.053315923;0.789764314248674;0.7897643142486741;3423.454214426916;-127143.74379547144;;0.0;0.0;XS2983844429;Bond;24407599.30952045;0.0025;0.7878352596082935;0.0;0.7897643142486741;0.0;0.0
300636;XS2985295562;29952768.5724;0.0595556281999167;0.0595556281999167;184.46897342982584;-11734.920290008766;;0.0;0.0;XS2985295562;Bond;29941033.65210999;0.0025;0.059410528835524404;0.0;0.0595556281999167;0.0;0.0
300636;XS2986272214;29950641.9435;0.0650402121062307;0.0650402121062307;202.7169099250096;-12800.822310098627;;0.0;0.0;XS2986272214;Bond;29937841.121189903;0.0025;0.0648815785264395;0.0;0.0650402121062307;0.0;0.0
300636;XS2989318428;24523096.238462918;0.8087396766170237;0.8087396766170236;3541.6238551467727;-130140.37647644567;;0.0;0.0;XS2989318428;Bond;24392955.861986473;0.0025;0.8067643280151027;0.0;0.8087396766170236;0.0;0.0
300636;XS2989577445;19965653.1852;0.0649698179507037;0.0649698179507037;134.8424927272128;-7876.86043470904;;0.0;0.0;XS2989577445;Bond;19957776.32476529;0.0025;0.06481152756681124;0.0;0.0649698179507037;0.0;0.0
300636;XS2993406359;23948973.210239995;0.0812319038436766;0.0812319038436766;205.4392922445832;-11810.452542036166;;0.0;0.0;XS2993406359;Bond;23937162.75769796;0.0025;0.0810339451797021;0.0;0.0812319038436766;0.0;0.0
300636;XS2994493786;39674461.38878384;0.3308148632583847;0.3308148632583847;1715.4113685038833;-86196.84351042626;;0.0;0.0;XS2994493786;Bond;39588264.545273416;0.0025;0.330007530232604;0.0;0.3308148632583847;0.0;0.0
300636;XS2996750928;19951925.378199987;0.0948451399737291;0.0948451399737291;202.55550570168336;-31567.772344960256;;0.0;0.0;XS2996750928;Bond;19920357.605855025;0.0025;0.0946138245153728;0.0;0.0948451399737291;0.0;0.0
300636;XS2998723279;29403699.666020814;0.841266475306235;0.841266475306235;4497.614747074559;-162324.53377269028;;0.0;0.0;XS2998723279;Bond;29241375.132248122;0.0025;0.8392117773873917;0.0;0.841266475306235;0.0;0.0
300636;XS2999516425;7979494.905919987;0.1030200765464776;0.1030200765464776;88.69897705209702;-5399.822580170512;;0.0;0.0;XS2999516425;Bond;7974095.083339816;0.0025;0.10276871279665295;0.0;0.1030200765464776;0.0;0.0
300636;XS2999676203;19723973.94216927;0.5973705171141447;0.5973705171141447;1855.6125746327496;-77274.74722548512;;0.0;0.0;XS2999676203;Bond;19646699.194943786;0.0025;0.595910669898757;0.0;0.5973705171141447;0.0;0.0
300636;XS3003192898;29976567.32700482;0.0297840678568929;0.0297840678568929;89.68735754517027;-5872.122092824231;;0.0;0.0;XS3003192898;Bond;29970695.204911996;0.0025;0.02971148769520184;0.0;0.0297840678568929;0.0;0.0
300636;XS3006178597;24635780.73696059;0.6188261307204695;0.6188261307204695;2433.0223668033286;-100028.01932102905;;0.0;0.0;XS3006178597;Bond;24535752.71763956;0.0025;0.6173145026179023;0.0;0.6188261307204695;0.0;0.0
300636;XS3007482790;29389263.88205773;0.8741111783098919;0.874111178309892;4756.095417171377;-168525.28576752558;;0.0;0.0;XS3007482790;Bond;29220738.596290205;0.0025;0.8719755779532686;0.0;0.874111178309892;0.0;0.0
300636;XS3007483178;29963798.866499998;0.0460300949605575;0.0460300949605575;140.79037935488043;-9071.232259584247;;0.0;0.0;XS3007483178;Bond;29954727.634240415;0.0025;0.04591792482050458;0.0;0.0460300949605575;0.0;0.0
300636;XS3013976660;23905367.163119808;0.1544313886575123;0.1544313886575123;417.0880707476184;-22399.001561060206;;0.0;0.0;XS3013976660;Bond;23882968.161558747;0.0025;0.15405482465252757;0.0;0.1544313886575123;0.0;0.0
300636;XS3015128211;14852864.369984351;0.4013708844786844;0.4013708844786843;821.3039914784365;-36135.18783711261;;0.0;0.0;XS3015128211;Bond;14816729.182147238;0.0025;0.4003912309404387;0.0;0.4013708844786843;0.0;0.0
300636;XS3019732414;29410173.655270923;0.8442586339460314;0.8442586339460312;4522.835006249276;-162884.01655926078;;0.0;0.0;XS3019732414;Bond;29247289.63871166;0.0025;0.8421959478158332;0.0;0.8442586339460312;0.0;0.0
300636;XS3020829951;14795991.549632847;0.5753529821204457;0.5753529821204457;1321.5176952338795;-55859.93522025771;;0.0;0.0;XS3020829951;Bond;14740131.614412589;0.0025;0.5739476615905116;0.0;0.5753529821204457;0.0;0.0
300636;XS3022151461;29922930.16859997;0.1002374005713822;0.1002374005713822;322.591220402991;-19716.341659036418;;0.0;0.0;XS3022151461;Bond;29903213.826940935;0.0025;0.09999300100428679;0.0;0.1002374005713822;0.0;0.0
300636;XS3022659927;24876569.195499506;0.1923343510348631;0.1923343510348631;558.6285045653785;-31453.525160884998;;0.0;0.0;XS3022659927;Bond;24845115.67033862;0.0025;0.1918654320232985;0.0;0.1923343510348631;0.0;0.0
300636;XS3025191613;15920774.569119606;0.195097205042552;0.195097205042552;363.5947365408868;-18843.21812016348;;0.0;0.0;XS3025191613;Bond;15901931.350999443;0.0025;0.19462141848568587;0.0;0.195097205042552;0.0;0.0
300636;XS3030265170;49729173.849998444;0.2113029293831705;0.2113029293831705;1246.8143184557596;-69075.86614232662;;0.0;0.0;XS3030265170;Bond;49660097.98385612;0.0025;0.2107877494550645;0.0;0.2113029293831705;0.0;0.0
300636;XS3030333788;19958650.0264;0.0785122771380801;0.0785122771380801;165.02810229467818;-9514.53453313315;;0.0;0.0;XS3030333788;Bond;19949135.491866868;0.0025;0.07832097507653259;0.0;0.0785122771380801;0.0;0.0
300636;XS3036613100;19696602.872307755;0.6460003836067556;0.6460003836067556;2065.2902498179737;-83481.21820126055;;0.0;0.0;XS3036613100;Bond;19613121.654106494;0.0025;0.644422296094344;0.0;0.6460003836067556;0.0;0.0
300644;BE6359531173;13473849.918554995;0.0758628243814814;0.0758628243814814;107.45420553348174;-6718.467630621944;;0.0;0.0;BE6359531173;Bond;13467131.450924374;0.0025;0.07567783683341345;0.0;0.0758628243814814;0.0;0.0
300644;BE6360390031;7979701.958879992;0.1002684393442874;0.1002684393442874;86.08034285372774;-5257.858414001749;;0.0;0.0;BE6360390031;Bond;7974444.100465991;0.0025;0.10002388841219628;0.0;0.1002684393442874;0.0;0.0
300644;CSH_EUR_DB;103065831.88;0.0;0.0;0.0;0.0;;0.0;0.0;;Cash;103065831.88;0.0;0.0;0.0;0.0;0.0;0.0
300644;DE000CZ450R9;24468332.3624574;0.884312588108397;0.884312588108397;4026.4517273773777;-142050.4007562938;;0.0;0.0;DE000CZ450R9;Bond;24326281.961701106;0.0025;0.8821536682778486;0.0;0.884312588108397;0.0;0.0
300644;DE000CZ451J4;9842805.66877834;0.6537861814741701;0.6537861814741701;1049.1747137205418;-42243.16460312677;;0.0;0.0;DE000CZ451J4;Bond;9800562.504175212;0.0025;0.6521899460580918;0.0;0.6537861814741701;0.0;0.0
300644;DE000CZ452E3;19551433.62925604;0.9331390219041816;0.9331390219041816;3484.059174257184;-119772.61806853836;;0.0;0.0;DE000CZ452E3;Bond;19431661.0111875;0.0025;0.9308609010434092;0.0;0.9331390219041816;0.0;0.0
300644;FR0128580331;15506325.572032187;0.0058524172716741;0.0678036057316819;-5.410338843603313;-4475.182094894138;;0.0;0.0;FR0128580331;Bond;15501850.389937293;0.0025;0.005861225691833159;0.0;0.0678036057316819;0.0;0.0
300644;FR0128584150;20673843.63313972;0.0058454405328914;0.0678529938996562;-7.214850938908057;-5966.1860576649415;;0.0;0.0;FR0128584150;Bond;20667877.447082054;0.0025;0.005854250568275169;0.0;0.0678529938996562;0.0;0.0
300644;FR0128585413;25830121.915208887;0.0064847806774243;0.0813794072976757;-13.457679415296298;-8910.851564961213;;0.0;0.0;FR0128585413;Bond;25821211.063643925;0.0025;0.006497910988298532;0.0;0.0813794072976757;0.0;0.0
300644;FR0128607365;25815729.470769197;0.0068657032828676;0.0949481316579234;-18.855805805628737;-10345.031479066509;;0.0;0.0;FR0128607365;Bond;25805384.43929013;0.0025;0.006884081124666488;0.0;0.0949481316579234;0.0;0.0
300644;FR0128614064;11459359.150304928;0.1409472307357197;0.1409472307357196;180.37125626421607;-9795.397410671609;;0.0;0.0;FR0128614064;Bond;11449563.752894256;0.0025;0.14060339398255936;0.0;0.1409472307357196;0.0;0.0
300644;FR0128614254;9961402.235399898;0.154512934842154;0.154512934842154;173.9848154435822;-9333.697437004837;;0.0;0.0;FR0128614254;Bond;9952068.537962893;0.0025;0.15413597305977317;0.0;0.154512934842154;0.0;0.0
300644;FR0128614551;15438059.467308415;0.0108686724153144;0.1791064614925367;-42.91527133659657;-10189.86634810195;;0.0;0.0;FR0128614551;Bond;15427869.600960312;0.0025;0.010938463631947873;0.0;0.1791064614925367;0.0;0.0
300644;FR0128615376;15418863.073624082;0.0125455172791784;0.2171231686563829;-63.8114894258024;-12311.762965979673;;0.0;0.0;FR0128615376;Bond;15406551.310658103;0.0025;0.012649374104762306;0.0;0.2171231686563829;0.0;0.0
300644;FR0128633858;25770696.49312648;0.0089312289189171;0.1357215370288701;-40.07771892133861;-14696.33955972491;;0.0;0.0;FR0128633858;Bond;25756000.153566755;0.0025;0.008970307493743593;0.0;0.1357215370288701;0.0;0.0
300644;FR0128635192;20611507.9898847;0.0093081671762558;0.143833136623455;-36.262726155200646;-12451.254004915716;;0.0;0.0;FR0128635192;Bond;20599056.735879786;0.0025;0.009352367372999673;0.0;0.143833136623455;0.0;0.0
300644;FR0128635606;10304602.76206564;0.0092930366663784;0.1438327630269514;-18.133849977175487;-6224.541766765692;;0.0;0.0;FR0128635606;Bond;10298378.220298873;0.0025;0.009337247106834081;0.0;0.1438327630269514;0.0;0.0
300644;FR0128656842;30605310.474169426;0.0196694731655029;0.4019198814058413;-448.009629394619;-51144.27391686625;;0.0;0.0;FR0128656842;Bond;30554166.20025256;0.0025;0.02003639781493915;0.0;0.4019198814058413;0.0;0.0
300644;FR0128662154;7959762.7999197375;0.2005745569825251;0.2005745569825251;187.8061528514444;-10489.440840442176;;0.0;0.0;FR0128662154;Bond;7949273.359079296;0.0025;0.20008527134264018;0.0;0.2005745569825251;0.0;0.0
300644;FR0128666064;15406521.91250529;0.0134534795506914;0.2389245699200749;-77.6257724766083;-15375.974793268573;;0.0;0.0;FR0128666064;Bond;15391145.937712021;0.0025;0.013579894560152371;0.0;0.2389245699200749;0.0;0.0
300644;FR0128692607;66671040.54590244;0.0149148134393138;0.2742228326099388;-445.898074019624;-76280.76089200354;;0.0;0.0;FR0128692607;Bond;66594759.785010435;0.0025;0.015082570376478846;0.0;0.2742228326099388;0.0;0.0
300644;FR0128768654;51109289.69141432;0.0179284626203528;0.3528952909778204;-573.7712527320583;-75104.01210332752;;0.0;0.0;FR0128768654;Bond;51034185.67931099;0.0025;0.018209925178793333;0.0;0.3528952909778204;0.0;0.0
300644;FR0128787282;7427322.002240075;0.4042648892144133;0.4042648892144132;414.6635035315071;-18191.851698637332;;0.0;0.0;FR0128787282;Bond;7409130.150541438;0.0025;0.4032777275389019;0.0;0.4042648892144132;0.0;0.0
300644;FR0128789924;25506809.570423804;0.0163465082134497;0.3339362783112839;-257.14363971474086;-35424.14984788475;;0.0;0.0;FR0128789924;Bond;25471385.42057592;0.0025;0.016599210538101237;0.0;0.3339362783112839;0.0;0.0
300644;FR0128806710;12743635.78350837;0.0205645545786792;0.4235430263346119;-207.6064875566885;-22441.54806320528;;0.0;0.0;FR0128806710;Bond;12721194.235445164;0.0025;0.020972886668130193;0.0;0.4235430263346119;0.0;0.0
300644;FR0128813492;15254352.066151349;0.0227474719788382;0.4859518659437828;-329.05811409023045;-27050.649850227874;;0.0;0.0;FR0128813492;Bond;15227301.41630112;0.0025;0.02328805122675639;0.0;0.4859518659437828;0.0;0.0
300644;FR0128816198;10165372.544819938;0.0231210058585052;0.4968119065995341;-229.3688794452464;-18425.724136385223;;0.0;0.0;FR0128816198;Bond;10146946.820683552;0.0025;0.02368643594934554;0.0;0.4968119065995341;0.0;0.0
300644;FR0128816420;4492675.468305;0.0595036313170018;0.0595036313170018;27.62057582650305;-1624.748388537699;;0.0;0.0;FR0128816420;Bond;4491050.719916462;0.0025;0.05935878520898089;0.0;0.0595036313170018;0.0;0.0
300644;FR0128867167;20133836.22158296;0.009871680633375;0.2684923758936859;-134.42278401498697;-22340.720273299696;;0.0;0.0;FR0128867167;Bond;20111495.50130966;0.0025;0.010038835798100594;0.0;0.2684923758936859;0.0;0.0
300644;FR0128867399;30170983.15334429;0.0111636526606986;0.341802487214268;-330.78073613523884;-42502.800760849655;;0.0;0.0;FR0128867399;Bond;30128480.35258344;0.0025;0.011438052691672458;0.0;0.341802487214268;0.0;0.0
300644;FR0128867449;10053109.672538836;0.0109268569928198;0.3119383384799454;-91.21192690031423;-12944.294693333964;;0.0;0.0;FR0128867449;Bond;10040165.377845502;0.0025;0.011153980639602615;0.0;0.3119383384799454;0.0;0.0
300644;FR0128902766;10132810.111288946;0.0263396556744072;0.5920765446027495;-326.5146375497352;-24874.936596086947;;0.0;0.0;FR0128902766;Bond;10107935.17469286;0.0025;0.027146977694367906;0.0;0.5920765446027495;0.0;0.0
300644;FR0128902923;15354209.03323602;0.0310551468181356;0.6654410530833526;-606.6343427590937;-41912.27172217301;;0.0;0.0;FR0128902923;Bond;15312296.761513846;0.0025;0.032045290848613045;0.0;0.6654410530833526;0.0;0.0
300644;FR0128910587;9983881.8235;0.0622959652498786;0.0622959652498786;64.5193898307622;-3774.7279223095898;;0.0;0.0;FR0128910587;Bond;9980107.09557769;0.0025;0.06214410834006661;0.0;0.0622959652498786;0.0;0.0
300644;FR0128913656;9808235.150020432;0.8197479021611863;0.8197479021611863;1444.7827156165115;-48691.84134749869;;0.0;0.0;FR0128913656;Bond;9759543.308672933;0.0025;0.8177452930732663;0.0;0.8197479021611863;0.0;0.0
300644;FR0128913979;30184847.403478462;0.032519169784242;0.7901641363291996;-1749.713174348244;-86682.09443157745;;0.0;0.0;FR0128913979;Bond;30098165.309046883;0.0025;0.03397097868994401;0.0;0.7901641363291996;0.0;0.0
300644;FR0128958545;4980481.424549967;0.1516929660293875;0.1516929660293875;85.13488247706367;-4584.771941503533;;0.0;0.0;FR0128958545;Bond;4975896.652608464;0.0025;0.1513231502829613;0.0;0.1516929660293875;0.0;0.0
300644;FR0128963560;29911684.368299905;0.1193092997053563;0.1193092997053563;390.9472079399292;-16226.064397050359;;0.0;0.0;FR0128963560;Bond;29895458.303902853;0.0025;0.11901813522980081;0.0;0.1193092997053563;0.0;0.0
300644;FR0128984541;20132425.250744738;0.0120612017945763;0.333746862342656;-208.73027750667464;-27744.459200323472;;0.0;0.0;FR0128984541;Bond;20104680.791544415;0.0025;0.012320762113943194;0.0;0.333746862342656;0.0;0.0
300644;FR0128985662;15988869.019414734;0.0270904947144178;0.0270904947144178;43.416328312172325;-2628.3072360681754;;0.0;0.0;FR0128985662;Bond;15986240.712178666;0.0025;0.027024444211859306;0.0;0.0270904947144178;0.0;0.0
300644;FR0129012466;30169571.4570675;0.0107528996916536;0.3068139952879606;-264.13218279230927;-19491.36333438001;;0.0;0.0;FR0129012466;Bond;30150080.09373312;0.0025;0.01097206175233407;0.0;0.3068139952879606;0.0;0.0
300644;FR0129014306;25119791.98602242;0.0113125525596948;0.3282341567754669;-252.84530025260213;-34019.954804771005;;0.0;0.0;FR0129014306;Bond;25085772.03121765;0.0025;0.011564512018625753;0.0;0.3282341567754669;0.0;0.0
300644;FR0129014868;25000304.35139727;0.0383498122584294;0.9799662681625056;-2243.254249023608;-101302.20609889827;;0.0;0.0;FR0129014868;Bond;24899002.14529837;0.0025;0.04059671596853351;0.0;0.9799662681625056;0.0;0.0
300644;FR0129025500;9960293.92339993;0.1544043908928106;0.1544043908928106;173.72113747523795;-9332.658963843223;;0.0;0.0;FR0129025500;Bond;9950961.264436089;0.0025;0.15402795851834725;0.0;0.1544043908928106;0.0;0.0
300644;FR0129026011;4996145.9956251085;0.0297941057917687;0.0297941057917687;14.958123629440234;-903.4127005787868;;0.0;0.0;FR0129026011;Bond;4995242.58292453;0.0025;0.029721476702327495;0.0;0.0297941057917687;0.0;0.0
300644;FR0129026433;2197356.004888;0.0460348660327556;0.0460348660327556;10.326821175965344;-614.0556506810302;;0.0;0.0;FR0129026433;Bond;2196741.9492373187;0.0025;0.045922672611254024;0.0;0.0460348660327556;0.0;0.0
300644;FR0129026458;7458308.057924849;0.2111633318570788;0.2111633318570788;186.7483834238469;-9562.981290709122;;0.0;0.0;FR0129026458;Bond;7448745.07663414;0.0025;0.21064883238258802;0.0;0.2111633318570788;0.0;0.0
300644;FR0129030120;29936735.46209999;0.0812488034778943;0.0812488034778942;256.9104262661774;-15993.598397560268;;0.0;0.0;FR0129030120;Bond;29920741.86370243;0.0025;0.08105076244097441;0.0;0.0812488034778942;0.0;0.0
300644;FR0129030807;11970064.310039992;0.0947562768855394;0.0947562768855394;121.2946010298246;-6886.886315365476;;0.0;0.0;FR0129030807;Bond;11963177.423724625;0.0025;0.0945253947150909;0.0;0.0947562768855394;0.0;0.0
300644;FR0129052264;20089188.133032016;0.0341407376552124;0.844567974080702;-1332.7866810186606;-70183.00552149104;;0.0;0.0;FR0129052264;Bond;20019005.127510525;0.0025;0.03580223866733885;0.0;0.844567974080702;0.0;0.0
300644;FR0129053411;19947250.051399983;0.1001704387238003;0.1001704387238003;214.75881073483703;-12132.30003126246;;0.0;0.0;FR0129053411;Bond;19935117.75136872;0.0025;0.09992636559773117;0.0;0.1001704387238003;0.0;0.0
300644;FR0129053510;9978849.808166362;0.0812427447750592;0.0812427447750592;85.62350828355753;-4921.076617725877;;0.0;0.0;FR0129053510;Bond;9973928.731548637;0.0025;0.0810447332653104;0.0;0.0812427447750592;0.0;0.0
300644;FR0129059954;14992619.20341076;0.0189584469296021;0.0189584469296021;28.252117312674407;-1725.1781001184982;;0.0;0.0;FR0129059954;Bond;14990894.025310641;0.0025;0.01891223544354637;0.0;0.0189584469296021;0.0;0.0
300644;FR0129061463;14982100.81035;0.0460431987683762;0.0460431987683762;70.43624017377569;-4186.778856590958;;0.0;0.0;FR0129061463;Bond;14977914.03149341;0.0025;0.04593096472426338;0.0;0.0460431987683762;0.0;0.0
300644;FR0129061638;9984451.005799998;0.0595746466177445;0.0595746466177446;61.5301365414197;-3610.8151582619175;;0.0;0.0;FR0129061638;Bond;9980840.190641735;0.0025;0.059429454567271396;0.0;0.0595746466177446;0.0;0.0
300644;FR0129065985;24923747.700999945;0.1192053276878305;0.1192053276878305;325.1871549813895;-19529.292719139685;;0.0;0.0;FR0129065985;Bond;24904218.408280805;0.0025;0.11891467042300372;0.0;0.1192053276878305;0.0;0.0
300644;FR0129083459;19808119.316173464;0.4015829106493079;0.4015829106493079;1096.4672947300696;-52206.604882627056;;0.0;0.0;FR0129083459;Bond;19755912.711290836;0.0025;0.4006022218071551;0.0;0.4015829106493079;0.0;0.0
300644;FR0129101939;4975004.985349917;0.1922738199393063;0.1922738199393063;111.6484571461396;-6290.314522572567;;0.0;0.0;FR0129101939;Bond;4968714.670827344;0.0025;0.19180519603275817;0.0;0.1922738199393063;0.0;0.0
300644;FR0129102523;4996415.39678258;0.0243630466230018;0.0243630466230018;12.159214475994988;-821.3285583752186;;0.0;0.0;FR0129102523;Bond;4995594.068224205;0.0025;0.024303690828494286;0.0;0.0243630466230018;0.0;0.0
300644;FR0129104735;25030432.145712327;0.0368904955677306;0.9394606219310216;-2062.01433705644;-97218.37518975149;;0.0;0.0;FR0129104735;Bond;24933213.770522576;0.0025;0.03895340516736111;0.0;0.9394606219310216;0.0;0.0
300644;FR0129105732;5494611.699555;0.0379209669071102;0.0379209669071102;21.10762564733167;-1264.513377431836;;0.0;0.0;FR0129105732;Bond;5493347.1861775685;0.0025;0.03782852406608882;0.0;0.0379209669071102;0.0;0.0
300644;FR0129106086;7490861.58675;0.0460186284786438;0.0460186284786439;35.17965918575732;-2267.78138448185;;0.0;0.0;FR0129106086;Bond;7488593.805365518;0.0025;0.045906514176349764;0.0;0.0460186284786439;0.0;0.0
300644;FR0129106409;13977918.68592;0.0595528407613482;0.0595528407613482;86.0772053634643;-5476.280471470027;;0.0;0.0;FR0129106409;Bond;13972442.40544853;0.0025;0.0594077549992355;0.0;0.0595528407613482;0.0;0.0
300644;FR0129107423;15844247.928628506;0.3903364510502956;0.3903364510502956;844.9244859284634;-37505.28824749324;;0.0;0.0;FR0129107423;Bond;15806742.640381012;0.0025;0.3893841851320646;0.0;0.3903364510502956;0.0;0.0
300644;FR0129108546;15001099.209232192;0.0380877108158283;0.9745379973434584;-1331.245380598034;-60446.4170117963;;0.0;0.0;FR0129108546;Bond;14940652.792220397;0.0025;0.04030991722222547;0.0;0.9745379973434584;0.0;0.0
300644;FR0129108900;8925597.123568153;0.3223575787102802;0.3223575787102802;373.33749092139055;-17459.93519514428;;0.0;0.0;FR0129108900;Bond;8908137.188373009;0.0025;0.32157167141346293;0.0;0.3223575787102802;0.0;0.0
300644;FR0129108918;15899725.729759453;0.2382377390514954;0.2382377390514954;459.41595416795303;-23000.15119263834;;0.0;0.0;FR0129108918;Bond;15876725.578566814;0.0025;0.23765726751249847;0.0;0.2382377390514954;0.0;0.0
300644;FR0129109825;4000996.567415876;0.0385933260003635;0.991460683324532;-367.1664927651364;-16390.015681795045;;0.0;0.0;FR0129109825;Bond;3984606.551734081;0.0025;0.0408912686062015;0.0;0.991460683324532;0.0;0.0
300644;FR0129110146;29575294.55932972;0.5776482352650721;0.5776482352650721;2654.7950973295347;-104040.2142854229;;0.0;0.0;FR0129110146;Bond;29471254.345044296;0.0025;0.5762383303635801;0.0;0.5776482352650721;0.0;0.0
300644;IRSB100008195;-44215.006774395704;0.1232940972538348;0.0;-29.432939935706216;5857.317477331978;SOCIETE GENERALE;0.0;0.0;;Swap;-38357.68929706373;0.0025;0.10669016064642493;0.0;0.0;0.0;0.0
300644;IRSB100008252;-28795.20504404418;0.1452121692723581;0.0;-23.51045688820929;3989.95487782542;NOMURA FINANCIAL PRODUCTS EUROPE GMBH;0.0;0.0;;Swap;-24805.25016621876;0.0025;0.12485310460357124;0.0;0.0;0.0;0.0
300644;IRSB100008289;-30505.05206449516;0.1589117882330932;0.0;-24.5408141816904;3807.5217716484326;NOMURA FINANCIAL PRODUCTS EUROPE GMBH;0.0;0.0;;Swap;-26697.530292846728;0.0025;0.13886283055972878;0.0;0.0;0.0;0.0
300644;IRSB100008398;-56110.787326073274;0.2054879875144754;0.0;-61.75348948844278;7443.842131299317;SOCIETE GENERALE;0.0;0.0;;Swap;-48666.94519477396;0.0025;0.17807946106877978;0.0;0.0;0.0;0.0
300644;IRSB100008403;-26794.40290587675;0.2054879877340395;0.0;-32.93519041525396;3970.0036449477248;BNP PARIBAS;0.0;0.0;;Swap;-22824.39926092902;0.0025;0.1748640078628139;0.0;0.0;0.0;0.0
300644;IRSB100008630;-11902.813443764113;0.4109737900094113;0.0;-124.02941839009523;7512.27557046702;SOCIETE GENERALE;0.0;0.0;;Swap;-4390.537873297093;0.0025;0.15089162308414555;0.0;0.0;0.0;0.0
300644;IRSB100008770;-8755.120324194431;0.4548101304107009;0.0;-506.27806710442206;27724.606661776204;NATIXIS;0.0;0.0;;Swap;18969.486337581773;0.0025;-0.9903355292894258;0.0;0.0;0.0;0.0
300644;IRSB100008780;-17651.114732582122;0.46850961364054233;0.0;-537.1860097256282;28557.245016563866;NATIXIS;0.0;0.0;;Swap;10906.130283981744;0.0025;-0.2917802797588439;0.0;0.0;0.0;0.0
300644;IRSB100008821;-478.79443148709834;0.063018092688234;0.0;-1.707579498588942;644.9189676167787;BNP PARIBAS;0.0;0.0;;Swap;166.12453612968034;0.0025;-0.026132346604190823;0.0;0.0;0.0;0.0
300644;IRSB100008858;-7353.528353191912;0.5315244901678752;0.0;-691.2029990045411;32406.063478574277;NATIXIS;0.0;0.0;;Swap;25052.535125382365;0.0025;-1.817671756840861;0.0;0.0;0.0;0.0
300644;IRSB100009066;1310.298270598054;0.12329409919750939;0.0;-44.225275573993656;8804.201219977904;CREDIT AGRICOLE CORPORATE AND INVESTMENT BANK;0.0;0.0;;Swap;10114.499490575958;0.0025;0.9671337883698228;0.0;0.0;0.0;0.0
300644;IRSB100009071;2502.6375553533435;0.27398381008080075;0.0;-220.62604953665684;19992.414518894024;CREDIT AGRICOLE CORPORATE AND INVESTMENT BANK;0.0;0.0;;Swap;22495.052074247367;0.0025;2.478106772733712;0.0;0.0;0.0;0.0
300644;IRSB100009075;-511.53676760941744;0.0246582281825937;0.0;-1.2539434980120372;1197.4271148805524;CREDIT AGRICOLE CORPORATE AND INVESTMENT BANK;0.0;0.0;;Swap;685.8903472711349;0.0025;-0.036623407592734344;0.0;0.0;0.0;0.0
300644;IRSB100009088;609.5959775932133;0.2767235236821273;0.0;-74.9988553369073;6729.747613832582;CREDIT AGRICOLE CORPORATE AND INVESTMENT BANK;0.0;0.0;;Swap;7339.343591425795;0.0025;3.3526757170355657;0.0;0.0;0.0;0.0
300644;IRSB100009103;1018.7283156588674;0.2794629084517085;0.0;-191.20764849651212;16993.310743572627;BNP PARIBAS;0.0;0.0;;Swap;18012.039059231494;0.0025;4.971970267290645;0.0;0.0;0.0;0.0
300644;IRSB100009104;-395.3750185184181;0.030137338041310698;0.0;-1.2100492809946677;985.2483525928783;CREDIT AGRICOLE CORPORATE AND INVESTMENT BANK;0.0;0.0;;Swap;589.8733340744602;0.0025;-0.04637314656336496;0.0;0.0;0.0;0.0
300644;IRSB100009109;-260.6820625923574;0.030137338011700397;0.0;-0.9378959770211471;764.766892890906;CREDIT AGRICOLE CORPORATE AND INVESTMENT BANK;0.0;0.0;;Swap;504.0848302985486;0.0025;-0.05980673898076675;0.0;0.0;0.0;0.0
300644;IRSB100009143;-611.6845158431679;0.0684971694984354;0.0;-5.815600372627616;2043.9833105113755;BNP PARIBAS;0.0;0.0;;Swap;1432.2987946682076;0.0025;-0.16917900294251506;0.0;0.0;0.0;0.0
300644;IRSB100009162;-308.06369542796165;0.1561720691503869;0.0;-11.883696783954804;1875.1377108514014;BNP PARIBAS;0.0;0.0;;Swap;1567.0740154234397;0.0025;-0.8081532961663596;0.0;0.0;0.0;0.0
300644;IRSB100009163;-9106.865653254092;0.7342692201185446;0.0;-1053.5075265423618;35788.05118392282;CREDIT AGRICOLE CORPORATE AND INVESTMENT BANK;0.0;0.0;;Swap;26681.18553066873;0.0025;-2.1564523760976773;0.0;0.0;0.0;0.0
300644;IRSB100009168;-7653.298513062298;0.8301641684610078;0.0;-672.3966515736254;20205.367773746562;CREDIT AGRICOLE CORPORATE AND INVESTMENT BANK;0.0;0.0;;Swap;12552.069260684264;0.0025;-1.3645405268553281;0.0;0.0;0.0;0.0
300644;IRSB100009187;-614.7466784808785;0.08219661441799059;0.0;-6.496848281416433;1913.163709329622;JP MORGAN SE;0.0;0.0;;Swap;1298.4170308487435;0.0025;-0.1819948472256392;0.0;0.0;0.0;0.0
300644;IRSB100009195;-2793.342286262661;0.0849359741572084;0.0;-20.768193410836407;5944.448508246639;SOCIETE GENERALE;0.0;0.0;;Swap;3151.106221983978;0.0025;-0.10091824752552987;0.0;0.0;0.0;0.0
300644;IRSB100009204;-24090.324594262987;0.6657745041875486;0.0;-1300.4885691310221;48710.79433617439;NATIXIS;0.0;0.0;;Swap;24620.4697419114;0.0025;-0.6827137101373132;0.0;0.0;0.0;0.0
300644;IRSB100009211;-4595.687259083614;0.3369987709580832;0.0;-166.99130056514787;12322.912665472693;CREDIT AGRICOLE CORPORATE AND INVESTMENT BANK;0.0;0.0;;Swap;7727.22540638908;0.0025;-0.5711304095863805;0.0;0.0;0.0;0.0
300644;IRSB100009221;-2752.431399434805;0.3479585345014645;0.0;-237.38260646889827;16964.952345646187;NATIXIS;0.0;0.0;;Swap;14212.520946211382;0.0025;-1.807856151883244;0.0;0.0;0.0;0.0
300644;IRSB100009226;-3795.2180655673146;0.7561890685154616;0.0;-1954.9128155211258;64480.4727049881;CREDIT AGRICOLE CORPORATE AND INVESTMENT BANK;0.0;0.0;;Swap;60685.25463942078;0.0025;-12.119854961550251;0.0;0.0;0.0;0.0
300644;IRSB100009231;9436.909341778606;0.7534496716011811;0.0;-1386.5059579560366;45895.49731354598;NATIXIS;0.0;0.0;;Swap;55332.40665532459;0.0025;4.4279622377327055;0.0;0.0;0.0;0.0
300644;IRSB100009239;3243.813670195639;0.2822026216880778;0.0;-234.03759285817733;20599.731285463276;NATIXIS;0.0;0.0;;Swap;23843.544955658916;0.0025;2.0861242540846456;0.0;0.0;0.0;0.0
300644;IRSB100009245;4518.57181706652;0.6054990329445563;0.0;-717.8382463899064;29555.754658043843;CREDIT AGRICOLE CORPORATE AND INVESTMENT BANK;0.0;0.0;;Swap;34074.32647511036;0.0025;4.578014793678665;0.0;0.0;0.0;0.0
300644;IRSB100009252;3262.206198439002;0.6986524583354128;0.0;-1192.9674610524266;42584.12014568097;SOCIETE GENERALE;0.0;0.0;;Swap;45846.326344119974;0.0025;9.842209163037426;0.0;0.0;0.0;0.0
300644;IRSB100009258;7784.60816558823;0.8685212726297751;0.0;-2206.4994137570807;63383.21596669982;CREDIT AGRICOLE CORPORATE AND INVESTMENT BANK;0.0;0.0;;Swap;71167.82413228805;0.0025;7.95650368142735;0.0;0.0;0.0;0.0
300644;IRSB100009288;-17.872321367263794;0.1205543801691886;0.0;-5.642350797134211;1146.834780271934;CREDIT AGRICOLE CORPORATE AND INVESTMENT BANK;0.0;0.0;;Swap;1128.9624589046703;0.0025;-7.77199173443849;0.0;0.0;0.0;0.0
300644;IRSB100009319;-384.8088150918484;0.6274173984747976;0.0;-577.7870545852388;22961.15815274558;CREDIT AGRICOLE CORPORATE AND INVESTMENT BANK;0.0;0.0;;Swap;22576.34933765373;0.0025;-36.90887879763677;0.0;0.0;0.0;0.0
300644;IRSB100009346;-11320.349715460092;0.8959186788770578;0.0;-1955.4953601179416;54460.63553958188;CREDIT AGRICOLE CORPORATE AND INVESTMENT BANK;0.0;0.0;;Swap;43140.28582412179;0.0025;-3.4206147287038737;0.0;0.0;0.0;0.0
300644;IRSB100009375;-419.7395864780992;0.4082340765343244;0.0;-163.45089568395585;9966.206343833495;NATIXIS;0.0;0.0;;Swap;9546.466757355396;0.0025;-9.32660543924213;0.0;0.0;0.0;0.0
300644;IRSB100009384;-1282.471277628094;0.4082340765798687;0.0;-326.9327163468996;19934.34614307923;NATIXIS;0.0;0.0;;Swap;18651.874865451136;0.0025;-5.964449448905775;0.0;0.0;0.0;0.0
300644;IRSB100009392;286.355176711455;0.663034805250528;0.0;-430.0489386589773;16174.109561098947;NATIXIS;0.0;0.0;;Swap;16460.464737810402;0.0025;38.209197948287496;0.0;0.0;0.0;0.0
300644;IRSB100009413;731.8993145879358;0.6054990372605086;0.0;-538.4754282834061;22170.841056566027;NATIXIS;0.0;0.0;;Swap;22902.740371153963;0.0025;18.999499793502654;0.0;0.0;0.0;0.0
300644;IRSB100009427;998.0472989194095;0.5205659113200413;0.0;-332.0285517517431;15890.550964813;NATIXIS;0.0;0.0;;Swap;16888.59826373241;0.0025;8.838197702970561;0.0;0.0;0.0;0.0
300644;IRSB100009437;-20067.156623482704;0.945235455358265;0.0;-1739.547136862833;45923.801796236556;NOMURA FINANCIAL PRODUCTS EUROPE GMBH;0.0;0.0;;Swap;25856.64517275385;0.0025;-1.219687843309131;0.0;0.0;0.0;0.0
300644;IRSB100009458;-311.59278508648276;0.3287799582053212;0.0;-95.41699627012335;7214.039046493425;BNP PARIBAS;0.0;0.0;;Swap;6902.4462614069425;0.0025;-7.3265343362304085;0.0;0.0;0.0;0.0
300644;IRSB100009466;107.25898689683527;0.5041270312607116;0.0;-99.67568785423597;4925.693222786321;NATIXIS;0.0;0.0;;Swap;5032.952209683156;0.0025;23.737241724388653;0.0;0.0;0.0;0.0
300644;IRSB100009470;2666.694979360223;-3331.6647960251626;0.0;-679.6517659426593;28763.291585646915;BNP PARIBAS;0.0;0.0;;Swap;31429.986565007137;0.0025;24424.68265431437;0.0;0.0;0.0;0.0
300644;SECL100006671;0.0;0.0;0.0;0.0;0.0;;0.0;0.0;SECL100006671;Bond;0.0;0.002;;0.0;;;
300644;SECL100006673;99993295.40594225;0.0027108205149913;0.0027108205149913;26.52653441567044;-2191.633871911063;;0.0;0.0;SECL100006673;Bond;99991103.77207033;0.002;0.002705529549480755;0.0;0.0027108205149913;0.0;0.0
300644;XS2812505829;25842325.27848287;0.0058514742015777;0.067759733642437;-9.016565272190746;-7458.128366582128;;0.0;0.0;XS2812505829;Bond;25834867.150116287;0.0025;0.005860282473134753;0.0;0.067759733642437;0.0;0.0
300644;XS2823899161;19941415.813199934;0.1193236386858184;0.1193236386858184;260.69797431912724;-15625.328555000502;;0.0;0.0;XS2823899161;Bond;19925790.484644935;0.0025;0.11903240419182869;0.0;0.1193236386858184;0.0;0.0
300644;XS2840087667;20571740.574013226;0.0109334303100098;0.1816402051806287;-59.053029133338;-15667.029295106806;;0.0;0.0;XS2840087667;Bond;20556073.54471812;0.0025;0.011005493905330878;0.0;0.1816402051806287;0.0;0.0
300644;XS2841263358;25710917.710169416;0.0108006201723559;0.1898773381976503;-81.23302031037838;-20417.67836404529;;0.0;0.0;XS2841263358;Bond;25690500.03180537;0.0025;0.01087989869891052;0.0;0.1898773381976503;0.0;0.0
300644;XS2843279691;10281353.379870804;0.011511337339768;0.1953214373681039;-34.25331129847109;-8408.290655752484;;0.0;0.0;XS2843279691;Bond;10272945.089215051;0.0025;0.011594958506052763;0.0;0.1953214373681039;0.0;0.0
300644;XS2845159602;14930051.584499007;0.200934163426183;0.200934163426183;353.5305048705456;-19674.94469080554;;0.0;0.0;XS2845159602;Bond;14910376.639808202;0.0025;0.20044312173476728;0.0;0.200934163426183;0.0;0.0
300644;XS2865535673;25616331.08504636;0.015492969711171;0.2904162717890118;-192.97186071298717;-31029.96261608425;;0.0;0.0;XS2865535673;Bond;25585301.122430272;0.0025;0.015681898732926268;0.0;0.2904162717890118;0.0;0.0
300644;XS2895045164;20402546.53183444;0.0199375792002893;0.4073328412722975;-306.86795327028454;-34555.37612348541;;0.0;0.0;XS2895045164;Bond;20367991.155710954;0.0025;0.020314589698008246;0.0;0.4073328412722975;0.0;0.0
300644;XS2903381072;24744358.575669102;0.4481694264925589;0.4481694264925589;1581.3791664856114;-72707.73855453456;;0.0;0.0;XS2903381072;Bond;24671650.83711457;0.0025;0.44707384920851523;0.0;0.4481694264925589;0.0;0.0
300644;XS2906220855;24719620.04394916;0.4610772828642334;0.4610772828642333;1638.385815889283;-74836.10999606526;;0.0;0.0;XS2906220855;Bond;24644783.933953095;0.0025;0.4599517944638754;0.0;0.4610772828642333;0.0;0.0
300644;XS2908892438;12723313.312430937;0.0269616756746832;0.5596647485810053;-362.94145466797545;-29580.92015031366;;0.0;0.0;XS2908892438;Bond;12693732.392280623;0.0025;0.02767663557552667;0.0;0.5596647485810053;0.0;0.0
300644;XS2914666057;20330684.097803988;0.0232592719727158;0.5025370646165653;-469.13744000676166;-42400.56551643891;;0.0;0.0;XS2914666057;Bond;20288283.53228755;0.0025;0.023837507947231527;0.0;0.5025370646165653;0.0;0.0
300644;XS2920487852;24700378.2293344;0.5241884182036611;0.5241884182036611;1944.67161813624;-84894.86161287672;;0.0;0.0;XS2920487852;Bond;24615483.367721524;0.0025;0.5229070909764739;0.0;0.5241884182036611;0.0;0.0
300644;XS2924143154;20293346.22503045;0.0245799087485108;0.5400722546882872;-543.2399419191825;-45503.19572925006;;0.0;0.0;XS2924143154;Bond;20247843.0293012;0.0025;0.02525065324139145;0.0;0.5400722546882872;0.0;0.0
300644;XS2932960730;15207482.64631158;0.0258348503985673;0.5786546615634363;-467.5533293863055;-36480.22188449846;;0.0;0.0;XS2932960730;Bond;15171002.42442708;0.0025;0.02660514280615702;0.0;0.5786546615634363;0.0;0.0
300644;XS2942506978;15185866.236841572;0.0270337928114285;0.6166800882537427;-531.5432094477046;-38803.77148747663;;0.0;0.0;XS2942506978;Bond;15147062.465354096;0.0025;0.027910682255300173;0.0;0.6166800882537427;0.0;0.0
300644;XS2974163672;29810102.88359304;0.2687227307479374;0.2687227307479374;998.0441806320376;-52555.61974134827;;0.0;0.0;XS2974163672;Bond;29757547.263851695;0.0025;0.2680662588893034;0.0;0.2687227307479374;0.0;0.0
300644;XS2976487483;24985596.5301864;0.0216533260784736;0.0216533260784736;53.8885602817091;-3559.5918344375145;;0.0;0.0;XS2976487483;Bond;24982036.938351963;0.0025;0.02160057861932963;0.0;0.0216533260784736;0.0;0.0
300644;XS2976509716;9934495.223898046;0.2712828871812506;0.2712828871812506;336.31670781587366;-16330.677080380345;;0.0;0.0;XS2976509716;Bond;9918164.546817666;0.0025;0.27062053752103155;0.0;0.2712828871812506;0.0;0.0
300644;XS2977963219;37252086.67611726;0.274000379286118;0.274000379286118;1276.5343365677743;-61848.66993349879;;0.0;0.0;XS2977963219;Bond;37190238.00618376;0.0025;0.2733313833416595;0.0;0.274000379286118;0.0;0.0
300644;XS2985295562;12979533.048039995;0.0595556281999167;0.0595556281999167;79.93655515292451;-5085.132125670465;;0.0;0.0;XS2985295562;Bond;12974447.915914325;0.0025;0.059410528835524404;0.0;0.0595556281999167;0.0;0.0
300644;XS2989343293;19665989.55519269;0.7250148971193632;0.7250148971193632;2427.5374818845416;-93507.73937818335;;0.0;0.0;XS2989343293;Bond;19572481.815814506;0.0025;0.7232430546430597;0.0;0.7250148971193632;0.0;0.0
300644;XS2993382667;29537717.32182007;0.6568708448761305;0.6568708448761305;3170.4290191282057;-127295.42286910408;;0.0;0.0;XS2993382667;Bond;29410421.898950964;0.0025;0.6552661697256427;0.0;0.6568708448761305;0.0;0.0
300644;XS2994493786;14877923.02079394;0.3308148632583847;0.3308148632583846;643.2792631889562;-32323.816316409848;;0.0;0.0;XS2994493786;Bond;14845599.204477532;0.0025;0.330007530232604;0.0;0.3308148632583846;0.0;0.0
300644;XS2996733593;7482989.982299998;0.0866470652686798;0.0866470652686798;68.82067415947233;-4264.279222790136;;0.0;0.0;XS2996733593;Bond;7478725.703077208;0.0025;0.08643591083875313;0.0;0.0866470652686798;0.0;0.0
300644;XS2996858960;19831140.792991128;0.3416230722563081;0.3416230722563081;892.7046657423617;-112956.00468117418;;0.0;0.0;XS2996858960;Bond;19718184.788309954;0.0025;0.34078945567396773;0.0;0.3416230722563081;0.0;0.0
300644;XS2997427682;34387770.32494948;0.7464440937159119;0.7464440937159119;4424.2496383702955;-168405.86152286903;;0.0;0.0;XS2997427682;Bond;34219364.46342661;0.0025;0.7446205994869549;0.0;0.7464440937159119;0.0;0.0
300644;XS2998732262;24564296.402262516;0.7437308274170906;0.7437308274170906;3143.94249488443;-119860.30655460147;;0.0;0.0;XS2998732262;Bond;24444436.095707916;0.0025;0.7419139588193051;0.0;0.7437308274170906;0.0;0.0
300644;XS2999542348;29793045.777295485;0.2764948341120557;0.2764948341120557;1031.6461684910494;-54117.23109684084;;0.0;0.0;XS2999542348;Bond;29738928.546198644;0.0025;0.27582028060458236;0.0;0.2764948341120557;0.0;0.0
300644;XS2999676203;19723973.94216927;0.5973705171141447;0.5973705171141447;1855.6125746327496;-77274.74722548512;;0.0;0.0;XS2999676203;Bond;19646699.194943786;0.0025;0.595910669898757;0.0;0.5973705171141447;0.0;0.0
300644;XS3002279886;24596871.171229485;0.68948483102397;0.68948483102397;2826.5973726127527;-111258.72411972574;;0.0;0.0;XS3002279886;Bond;24485612.44710976;0.0025;0.6878003806471154;0.0;0.68948483102397;0.0;0.0
300644;XS3002353103;14955820.734749977;0.1137540113557975;0.1137540113557975;185.2338782359753;-11186.13441256642;;0.0;0.0;XS3002353103;Bond;14944634.60033741;0.0025;0.1134767261997571;0.0;0.1137540113557975;0.0;0.0
300644;XS3003206359;29416544.81524111;0.858355755304205;0.858355755304205;4636.45368727352;-165538.5837000144;;0.0;0.0;XS3003206359;Bond;29251006.231541093;0.0025;0.8562573465762408;0.0;0.858355755304205;0.0;0.0
300644;XS3005193340;3987950.0844399934;0.1164652034671728;0.1164652034671728;50.69658470801648;-2818.879785713749;;0.0;0.0;XS3005193340;Bond;3985131.2046542796;0.0025;0.11618130277270461;0.0;0.1164652034671728;0.0;0.0
300644;XS3006178597;14781468.442176357;0.6188261307204694;0.6188261307204694;1459.8134200819975;-60016.81159261745;;0.0;0.0;XS3006178597;Bond;14721451.630583739;0.0025;0.6173145026179022;0.0;0.6188261307204694;0.0;0.0
300644;XS3010368689;9985063.3805;0.0596344655949803;0.0596344655949803;61.65752353126493;-3911.956338113699;;0.0;0.0;XS3010368689;Bond;9981151.424161887;0.0025;0.059488981876713774;0.0;0.0596344655949803;0.0;0.0
300644;XS3015128211;9901909.579989567;0.4013708844786844;0.4013708844786843;547.5359943189577;-24090.125224741743;;0.0;0.0;XS3015128211;Bond;9877819.454764826;0.0025;0.4003912309404387;0.0;0.4013708844786843;0.0;0.0
300644;XS3020856848;12347174.798823776;0.5128416308962171;0.5128416308962171;943.2888081588528;-41557.54586398631;;0.0;0.0;XS3020856848;Bond;12305617.25295979;0.0025;0.5115892188101011;0.0;0.5128416308962171;0.0;0.0
300644;XS3020942176;14789258.4051032;0.5971245848324906;0.5971245848324905;1390.2138606453282;-57941.47813506186;;0.0;0.0;XS3020942176;Bond;14731316.926968137;0.0025;0.5956659394129563;0.0;0.5971245848324905;0.0;0.0
300644;XS3033735351;24961254.586;0.0595796095949309;0.0595796095949309;153.85170915038407;-9027.083850279452;;0.0;0.0;XS3033735351;Bond;24952227.50214972;0.0025;0.05943439339843774;0.0;0.0595796095949309;0.0;0.0
300644;XS3038488436;9774966.6904;0.9719425409912724;0.9719425409912724;1851.98679725218;-62318.76024263234;;0.0;0.0;XS3038488436;Bond;9712647.930157369;0.0025;0.9695676664849008;0.0;0.9719425409912724;0.0;0.0
300644;XS3041239669;12480474.99025;0.0595677134003724;0.0595677134003724;76.89422709677808;-4513.486845789042;;0.0;0.0;XS3041239669;Bond;12475961.503404211;0.0025;0.05942255513388559;0.0;0.0595677134003724;0.0;0.0
300644;XS3041246524;9989344.699;0.0406140917215728;0.0406140917215728;41.19365959454006;-2463.1260901643836;;0.0;0.0;XS3041246524;Bond;9986881.572909834;0.0025;0.04051512148394358;0.0;0.0406140917215728;0.0;0.0
300644;XS3041382113;9969173.101399982;0.1191734408995059;0.1191734408995059;130.00103216141883;-7210.579996629029;;0.0;0.0;XS3041382113;Bond;9961962.521403354;0.0025;0.11888293911144057;0.0;0.1191734408995059;0.0;0.0
300645;BE6356749489;5993296.549860001;0.0433405193652792;0.0433405193652792;26.455857504714288;-1707.6790169464111;;0.0;0.0;BE6356749489;Bond;5991588.870843054;0.0025;0.04323485933286146;0.0;0.0433405193652792;0.0;0.0
300645;CSH_EUR_DB;88199996.88;0.0;0.0;0.0;0.0;;0.0;0.0;;Cash;88199996.88;0.0;0.0;0.0;0.0;0.0;0.0
300645;DE000A2AAL31;3965976.437960743;0.9165848420785558;0.9165848420785558;687.7563584620061;-22361.587696775907;;0.0;0.0;DE000A2AAL31;Bond;3943614.850263967;0.0025;0.9143498082296616;0.0;0.9165848420785558;0.0;0.0
300645;DE000CZ450R9;9787332.94498296;0.884312588108397;0.884312588108397;1610.5806909509513;-56820.16030251751;;0.0;0.0;DE000CZ450R9;Bond;9730512.784680443;0.0025;0.8821536682778486;0.0;0.884312588108397;0.0;0.0
300645;DE000CZ451J4;9842805.66877834;0.6537861814741701;0.6537861814741701;1049.1747137205418;-42243.16460312677;;0.0;0.0;DE000CZ451J4;Bond;9800562.504175212;0.0025;0.6521899460580918;0.0;0.6537861814741701;0.0;0.0
300645;DE000CZ452E3;9775716.814628018;0.9331390219041816;0.9331390219041816;1742.029587128592;-59886.30903426918;;0.0;0.0;DE000CZ452E3;Bond;9715830.505593749;0.0025;0.9308609010434092;0.0;0.9331390219041816;0.0;0.0
300645;FR0012949923;6636530.547925171;0.4349016639064964;0.4349016639064964;406.6019237833332;-17236.79714913168;;0.0;0.0;FR0012949923;Bond;6619293.750776039;0.0025;0.4338428314971697;0.0;0.4349016639064964;0.0;0.0
300645;FR0013015559;1504461.12328531;0.521928533945809;0.521928533945809;117.30319715486374;-4847.25008488637;;0.0;0.0;FR0013015559;Bond;1499613.8732004238;0.0025;0.5206603013939292;0.0;0.521928533945809;0.0;0.0
300645;FR0013218393;3376098.465630637;0.6148952245907285;0.6148952245907285;329.3452912962372;-13467.395523173172;;0.0;0.0;FR0013218393;Bond;3362631.0701074637;0.0025;0.6134016639431712;0.0;0.6148952245907285;0.0;0.0
300645;FR0013518081;2517973.2876712643;0.2045650699517244;0.2045650699517245;60.48470314242662;-3062.959286920661;;0.0;0.0;FR0013518081;Bond;2514910.3283843435;0.0025;0.20406915748666266;0.0;0.2045650699517245;0.0;0.0
300645;FR001400KI02;1537060.6849297406;0.3388559880860534;0.3388559880860534;68.70733293722083;-3208.8773751135955;;0.0;0.0;FR001400KI02;Bond;1533851.807554627;0.0025;0.33802553482182585;0.0;0.3388559880860534;0.0;0.0
300645;FR0128539220;5177906.666496579;0.0039267105913112;0.0270946612303015;-0.2216005157151812;-618.2721788357612;;0.0;0.0;FR0128539220;Bond;5177288.394317742;0.0025;0.0039278190718894665;0.0;0.0270946612303015;0.0;0.0
300645;FR0128540327;7246266.782239282;0.0040497499125908;0.0298296726269629;-0.3981526219831721;-946.8864916796247;;0.0;0.0;FR0128540327;Bond;7245319.895747602;0.0025;0.00405116456118006;0.0;0.0298296726269629;0.0;0.0
300645;FR0128580331;15506325.572032187;0.0058524172716741;0.0678036057316819;-5.410338843603313;-4475.182094894138;;0.0;0.0;FR0128580331;Bond;15501850.389937293;0.0025;0.005861225691833159;0.0;0.0678036057316819;0.0;0.0
300645;FR0128585413;8265639.0128668435;0.0064847806774243;0.0813794072976757;-4.306457412894815;-2851.4725007875877;;0.0;0.0;FR0128585413;Bond;8262787.540366055;0.0025;0.006497910988298532;0.0;0.0813794072976757;0.0;0.0
300645;FR0128607365;4130516.715323071;0.0068657032828676;0.0949481316579234;-3.0169289289005974;-1655.205036650642;;0.0;0.0;FR0128607365;Bond;4128861.5102864206;0.0025;0.006884081124666488;0.0;0.0949481316579234;0.0;0.0
300645;FR0128614551;6175223.7869233675;0.0108686724153144;0.1791064614925367;-17.166108534638624;-4075.9465392407797;;0.0;0.0;FR0128614551;Bond;6171147.840384127;0.0025;0.010938463631947873;0.0;0.1791064614925367;0.0;0.0
300645;FR0128615376;5139621.024541361;0.0125455172791784;0.2171231686563829;-21.270496475267464;-4103.920988659891;;0.0;0.0;FR0128615376;Bond;5135517.103552701;0.0025;0.012649374104762306;0.0;0.2171231686563829;0.0;0.0
300645;FR0128637131;10295677.000232948;0.0065923049349624;0.0950430935356768;-7.572076299311447;-4118.707400353434;;0.0;0.0;FR0128637131;Bond;10291558.292832594;0.0025;0.006610800124134816;0.0;0.0950430935356768;0.0;0.0
300645;FR0128637602;12354721.236699888;0.0100661950649353;0.1710013812438844;-31.341755857283715;-8840.747520876737;;0.0;0.0;FR0128637602;Bond;12345880.489179011;0.0025;0.010129868990723488;0.0;0.1710013812438844;0.0;0.0
300645;FR0128656842;7141239.110639531;0.0196694731655029;0.4019198814058413;-104.53558019207776;-11933.663913935456;;0.0;0.0;FR0128656842;Bond;7129305.446725596;0.0025;0.02003639781493915;0.0;0.4019198814058413;0.0;0.0
300645;FR0128662154;3979881.3999598688;0.2005745569825251;0.2005745569825251;93.9030764257222;-5244.720420221087;;0.0;0.0;FR0128662154;Bond;3974636.679539648;0.0025;0.20008527134264018;0.0;0.2005745569825251;0.0;0.0
300645;FR0128693506;5125030.221935111;0.0149211223297136;0.2767578050583141;-35.00955081392476;-5919.97891282757;;0.0;0.0;FR0128693506;Bond;5119110.243022284;0.0025;0.015092456219028489;0.0;0.2767578050583141;0.0;0.0
300645;FR0128714401;4964808.152648886;0.2874652339321511;0.287465233932151;180.3653837392873;-9371.925526507075;;0.0;0.0;FR0128714401;Bond;4955436.227122379;0.0025;0.2867636052822485;0.0;0.287465233932151;0.0;0.0
300645;FR0128716844;7172822.779094084;0.0135926557771297;0.252444382399295;-40.63886116512094;-7554.12804136508;;0.0;0.0;FR0128716844;Bond;7165268.651052719;0.0025;0.013734759477803872;0.0;0.252444382399295;0.0;0.0
300645;FR0128719442;10243012.376134597;0.0163364006627884;0.3095168757604064;-87.81242399891198;-13215.084593692874;;0.0;0.0;FR0128719442;Bond;10229797.291540904;0.0025;0.016551390609632864;0.0;0.3095168757604064;0.0;0.0
300645;FR0128730498;3071460.76833974;0.0133892123799539;0.2524394577536028;-17.433388066478983;-3233.1765967637825;;0.0;0.0;FR0128730498;Bond;3068227.591742976;0.0025;0.013531558740304591;0.0;0.2524394577536028;0.0;0.0
300645;FR0128767771;9975152.880199984;0.1003198418630855;0.1003198418630855;107.7164579754626;-4550.309464529583;;0.0;0.0;FR0128767771;Bond;9970602.570735455;0.0025;0.1000750401172023;0.0;0.1003198418630855;0.0;0.0
300645;FR0128768654;10221857.938282864;0.0179284626203528;0.3528952909778204;-114.75425054641164;-15020.802420665505;;0.0;0.0;FR0128768654;Bond;10206837.1358622;0.0025;0.018209925178793333;0.0;0.3528952909778204;0.0;0.0
300645;FR0128789924;7141906.679718666;0.0163465082134497;0.3339362783112839;-72.00021912012744;-9918.76195740773;;0.0;0.0;FR0128789924;Bond;7131987.917761258;0.0025;0.016599210538101237;0.0;0.3339362783112839;0.0;0.0
300645;FR0128805639;8158329.6589487875;0.015710954871906;0.3420058429983337;-86.90314245995978;-11585.638278536035;;0.0;0.0;FR0128805639;Bond;8146744.020670251;0.0025;0.015977873841534606;0.0;0.3420058429983337;0.0;0.0
300645;FR0128807213;3958933.5756730414;0.4286895970760856;0.4286895970760856;238.52657182557945;-10282.380903391899;;0.0;0.0;FR0128807213;Bond;3948651.1947696493;0.0025;0.4276427787999538;0.0;0.4286895970760856;0.0;0.0
300645;FR0128816420;7986978.610320002;0.0595036313170018;0.0595036313170017;49.1032459137832;-2888.441579622576;;0.0;0.0;FR0128816420;Bond;7984090.16874038;0.0025;0.05935878520898089;0.0;0.0595036313170017;0.0;0.0
300645;FR0128931484;10119202.83412134;0.0271220631729434;0.6190341026423155;-357.38443315835866;-22809.761164478346;;0.0;0.0;FR0128931484;Bond;10096393.072956862;0.0025;0.028006838421486772;0.0;0.6190341026423155;0.0;0.0
300645;FR0128958198;1398317.457656;0.0460348660327556;0.0460348660327556;6.571613475614312;-390.7626867970191;;0.0;0.0;FR0128958198;Bond;1397926.694969203;0.0025;0.045922672611254024;0.0;0.0460348660327556;0.0;0.0
300645;FR0128958727;4890454.305001998;0.0758520184635993;0.0758520184635993;38.99034750620551;-2250.9488307954407;;0.0;0.0;FR0128958727;Bond;4888203.356171203;0.0025;0.07566708364810185;0.0;0.0758520184635993;0.0;0.0
300645;FR0128961622;11084892.380519755;0.0091919236757829;0.2384309634085757;-58.1028469781586;-10944.816706154274;;0.0;0.0;FR0128961622;Bond;11073947.5638136;0.0025;0.009323175524820928;0.0;0.2384309634085757;0.0;0.0
300645;FR0129024883;2797144.5817913306;0.0378818447589666;0.0378818447589666;10.723106847797183;-643.7264243026623;;0.0;0.0;FR0129024883;Bond;2796500.855367028;0.0025;0.037789592582302224;0.0;0.0378818447589666;0.0;0.0
300645;FR0129025716;4976816.330599955;0.175967342701267;0.1759673427012671;100.76073864160264;-5317.694161462965;;0.0;0.0;FR0129025716;Bond;4971498.636438493;0.0025;0.1755386033867655;0.0;0.1759673427012671;0.0;0.0
300645;FR0129025963;3097982.4390091347;0.0243573658932969;0.0243573658932969;7.535700286179098;-458.33164851094057;;0.0;0.0;FR0129025963;Bond;3097524.107360624;0.0025;0.024298037742360584;0.0;0.0243573658932969;0.0;0.0
300645;FR0129026458;4972205.371949899;0.2111633318570788;0.2111633318570788;124.49892228256458;-6375.320860472748;;0.0;0.0;FR0129026458;Bond;4965830.0510894265;0.0025;0.21064883238258802;0.0;0.2111633318570788;0.0;0.0
300645;FR0129052918;2999157.0418279697;0.0108336096932207;0.0108336096932207;3.203221021772128;-197.2048465859487;;0.0;0.0;FR0129052918;Bond;2998959.8369813836;0.0025;0.010807202099841552;0.0;0.0108336096932207;0.0;0.0
300645;FR0129066082;5981162.99777998;0.1246717137304576;0.1246717137304576;82.05209844901637;-4522.742431198014;;0.0;0.0;FR0129066082;Bond;5976640.255348782;0.0025;0.12436761085291491;0.0;0.1246717137304576;0.0;0.0
300645;FR0129080679;3493896.818895;0.064944025734834;0.064944025734834;23.578081154162483;-1493.2819280756712;;0.0;0.0;FR0129080679;Bond;3492403.5369669246;0.0025;0.06478586099652554;0.0;0.064944025734834;0.0;0.0
300645;FR0129083459;4952029.829043366;0.4015829106493079;0.4015829106493079;274.1168236825174;-13051.651220656764;;0.0;0.0;FR0129083459;Bond;4938978.177822709;0.0025;0.4006022218071551;0.0;0.4015829106493079;0.0;0.0
300645;FR0129084226;10024274.792907108;0.0132588644301608;0.4097285687579726;-158.42296363643982;-16920.39125099416;;0.0;0.0;FR0129084226;Bond;10007354.401656114;0.0025;0.013654402239986688;0.0;0.4097285687579726;0.0;0.0
300645;FR0129101509;5008072.335347754;0.02804715945062;0.7654111274085108;-275.22384371536646;-15828.157136467544;;0.0;0.0;FR0129101509;Bond;4992244.178211287;0.0025;0.02942302715899639;0.0;0.7654111274085108;0.0;0.0
300645;FR0129102085;5008321.989786987;0.0369077295528899;0.9341103057713116;-407.59320363292767;-19342.802313773616;;0.0;0.0;FR0129102085;Bond;4988979.187473213;0.0025;0.03894571467206296;0.0;0.9341103057713116;0.0;0.0
300645;FR0129102465;1998455.7179487797;0.0297927980589063;0.0297927980589063;5.98271210382836;-361.36459557429987;;0.0;0.0;FR0129102465;Bond;1998094.3533532054;0.0025;0.029720175396309896;0.0;0.0297927980589063;0.0;0.0
300645;FR0129106086;2496953.86225;0.0460186284786438;0.0460186284786439;11.726553061919107;-755.9271281606166;;0.0;0.0;FR0129106086;Bond;2496197.935121839;0.0025;0.045906514176349764;0.0;0.0460186284786439;0.0;0.0
300645;FR0129106409;9984227.6328;0.0595528407613482;0.0595528407613482;61.48371811676021;-3911.628908192876;;0.0;0.0;FR0129106409;Bond;9980316.003891807;0.0025;0.0594077549992355;0.0;0.0595528407613482;0.0;0.0
300645;FR0129107423;5941592.97323569;0.3903364510502956;0.3903364510502956;316.8466822231738;-14064.483092809965;;0.0;0.0;FR0129107423;Bond;5927528.49014288;0.0025;0.3893841851320646;0.0;0.3903364510502956;0.0;0.0
300645;FR0129108918;4968664.290549829;0.2382377390514954;0.2382377390514954;143.5674856774853;-7187.54724769948;;0.0;0.0;FR0129108918;Bond;4961476.743302129;0.0025;0.23765726751249847;0.0;0.2382377390514954;0.0;0.0
300645;FR0129109825;7001743.992977783;0.0385933260003635;0.9914606833245324;-642.5413623389886;-28682.527443141335;;0.0;0.0;FR0129109825;Bond;6973061.465534641;0.0025;0.0408912686062015;0.0;0.9914606833245324;0.0;0.0
300645;FR0129110146;6900902.063843601;0.5776482352650721;0.5776482352650721;619.4521893768914;-24276.04999993201;;0.0;0.0;FR0129110146;Bond;6876626.01384367;0.0025;0.5762383303635801;0.0;0.5776482352650721;0.0;0.0
300645;IRSB100008097;-14389.295848224312;0.0054794519321914;0.0;-0.0009746873721530004;0.09856273691695172;NATIXIS;0.0;0.0;;Swap;-14389.197285487395;0.0025;0.005477833568801806;0.0;0.0;0.0;0.0
300645;IRSB100008106;-20545.04826105386;0.082196614785913;0.0;-6.468752134332144;1906.6130515210045;SOCIETE GENERALE;0.0;0.0;;Swap;-18638.435209532854;0.0025;0.07434208064793844;0.0;0.0;0.0;0.0
300645;IRSB100008394;-17168.564883730374;0.1616515071968179;0.0;-12.87415963039793;1965.036715756153;BNP PARIBAS;0.0;0.0;;Swap;-15203.528167974222;0.0025;0.14297013199128547;0.0;0.0;0.0;0.0
300645;IRSB100008417;-17216.544920102693;0.1616515064491725;0.0;-15.446285110392706;2357.2908666528233;BNP PARIBAS;0.0;0.0;;Swap;-14859.25405344987;0.0025;0.13928741384583018;0.0;0.0;0.0;0.0
300645;IRSB100008419;-6077.287341434974;0.046576115466182094;0.0;-0.5908605071307395;311.1189495928686;SOCIETE GENERALE;0.0;0.0;;Swap;-5766.168391842106;0.0025;0.04415092924789099;0.0;0.0;0.0;0.0
300645;IRSB100008433;-29238.369023058563;0.17535075946021939;0.0;-29.827206019109365;4200.174919076231;NATIXIS;0.0;0.0;;Swap;-25038.194103982332;0.0025;0.149924149494741;0.0;0.0;0.0;0.0
300645;IRSB100008438;-26516.417205357924;0.26302396995300176;0.0;-47.31979984657895;4466.36319527492;BNP PARIBAS;0.0;0.0;;Swap;-22050.054010083004;0.0025;0.21858324230735035;0.0;0.0;0.0;0.0
300645;IRSB100008450;-16214.158973282203;0.2931624487322015;0.0;-42.01780339370538;3560.057861206061;SOCIETE GENERALE;0.0;0.0;;Swap;-12654.101112076143;0.0025;0.22859164346265592;0.0;0.0;0.0;0.0
300645;IRSB100008609;-1158.849047292024;0.1095944646254474;0.0;-1.8521817494554238;414.02654464185514;NATIXIS;0.0;0.0;;Swap;-744.8225026501688;0.0025;0.06966713616172307;0.0;0.0;0.0;0.0
300645;IRSB100008714;-3484.6575009617954;0.1616515061844629;0.0;-11.539484145386401;1760.8769985271383;CITIBANK EUROPE PUBLIC LIMITED COMPANY;0.0;0.0;;Swap;-1723.7805024346571;0.0025;0.07892904127434325;0.0;0.0;0.0;0.0
300645;IRSB100008729;-7236.084830611013;0.4493310106332779;0.0;-72.29976319361434;4006.774594489876;BNP PARIBAS;0.0;0.0;;Swap;-3229.3102361211368;0.0025;0.20004679990769705;0.0;0.0;0.0;0.0
300645;IRSB100008738;-6616.575659219641;0.4356315031181627;0.0;-74.29096310082762;4246.601296309412;BNP PARIBAS;0.0;0.0;;Swap;-2369.9743629102295;0.0025;0.15540574517290157;0.0;0.0;0.0;0.0
300645;IRSB100008770;-1751.024064837955;0.4548101304107009;0.0;-101.25561342088442;5544.921332355239;NATIXIS;0.0;0.0;;Swap;3793.8972675172845;0.0025;-0.9903355292901947;0.0;0.0;0.0;0.0
300645;IRSB100008782;-2782.1391323143616;0.5233056371677427;0.0;-81.08633496524385;3860.784786825615;BNP PARIBAS;0.0;0.0;;Swap;1078.6456545112533;0.0025;-0.20464273788696752;0.0;0.0;0.0;0.0
300645;IRSB100008795;-2349.2816451271065;0.4493310008825904;0.0;-60.213118340604325;3336.856705545008;BNP PARIBAS;0.0;0.0;;Swap;987.5750604179016;0.0025;-0.1909252116601175;0.0;0.0;0.0;0.0
300645;IRSB100008821;-851.1664343001321;0.063018092688234;0.0;-3.0356124831773115;1146.4907316778415;BNP PARIBAS;0.0;0.0;;Swap;295.3242973777094;0.0025;-0.02613234660419464;0.0;0.0;0.0;0.0
300645;IRSB100008858;-2941.41122020036;0.5315244901678754;0.0;-276.48118822132017;12962.424857871432;NATIXIS;0.0;0.0;;Swap;10021.013637671073;0.0025;-1.8176717568426781;0.0;0.0;0.0;0.0
300645;IRSB100008873;-1137.7499956758693;0.0465761151942005;0.0;-1.1662896880620603;614.9815907206508;BNP PARIBAS;0.0;0.0;;Swap;-522.7684049552184;0.0025;0.020954430367543225;0.0;0.0;0.0;0.0
300645;IRSB100009061;1223.9246322680265;0.10411538060664689;0.0;-10.48507160499885;2458.002414125788;CREDIT AGRICOLE CORPORATE AND INVESTMENT BANK;0.0;0.0;;Swap;3681.9270463938146;0.0025;0.3183115423710246;0.0;0.0;0.0;0.0
300645;IRSB100009088;609.5960393827409;0.2767235236821273;0.0;-74.99886293860388;6729.748295942985;CREDIT AGRICOLE CORPORATE AND INVESTMENT BANK;0.0;0.0;;Swap;7339.344335325726;0.0025;3.3526757170234442;0.0;0.0;0.0;0.0
300645;IRSB100009114;-1266.155792159494;0.7890674083897038;0.0;-182.18134680452954;5758.784842625962;CREDIT AGRICOLE CORPORATE AND INVESTMENT BANK;0.0;0.0;;Swap;4492.629050466468;0.0025;-2.806511303299186;0.0;0.0;0.0;0.0
300645;IRSB100009124;-503.0825623772107;0.1616515062962994;0.0;-9.973906258852917;1522.0846180683307;CREDIT AGRICOLE CORPORATE AND INVESTMENT BANK;0.0;0.0;;Swap;1019.00205569112;0.0025;-0.3339227984533435;0.0;0.0;0.0;0.0
300645;IRSB100009191;-259.7681510455441;0.1780904799418252;0.0;-5.5303387403964495;767.3237797442125;CREDIT AGRICOLE CORPORATE AND INVESTMENT BANK;0.0;0.0;;Swap;507.55562869866844;0.0025;-0.35406818075066787;0.0;0.0;0.0;0.0
300645;IRSB100009204;-4818.065082958899;0.6657745041875485;0.0;-260.09772268522886;9742.159199056416;NATIXIS;0.0;0.0;;Swap;4924.094116097516;0.0025;-0.6827137101369698;0.0;0.0;0.0;0.0
300645;IRSB100009217;-5222.8958748634905;0.7370089071754808;0.0;-318.29919338332684;10772.969933188064;CREDIT AGRICOLE CORPORATE AND INVESTMENT BANK;0.0;0.0;;Swap;5550.074058324573;0.0025;-0.7852093345457352;0.0;0.0;0.0;0.0
300645;IRSB100009252;652.4412396857515;0.6986524583354128;0.0;-238.5934922104853;8516.824029136196;SOCIETE GENERALE;0.0;0.0;;Swap;9169.265268821948;0.0025;9.842209163066135;0.0;0.0;0.0;0.0
300645;IRSB100009272;359.3499452089891;0.663034792085272;0.0;-218.650765282668;8223.538423729626;CREDIT AGRICOLE CORPORATE AND INVESTMENT BANK;0.0;0.0;;Swap;8582.888368938615;0.0025;15.875682363450768;0.0;0.0;0.0;0.0
300645;IRSB100009274;2394.748048598878;0.8712609967445204;0.0;-370.08936682384314;10597.90101950292;JP MORGAN SE;0.0;0.0;;Swap;12992.649068101799;0.0025;4.736710969038725;0.0;0.0;0.0;0.0
300645;IRSB100009278;-824.0440351283178;0.9424957469488154;0.0;-350.5099769534489;9279.674882619367;SOCIETE GENERALE;0.0;0.0;;Swap;8455.63084749105;0.0025;-9.68911986849723;0.0;0.0;0.0;0.0
300645;IRSB100009288;-22.34040732961148;0.1205543801691886;0.0;-7.052940271247795;1433.5438360826088;CREDIT AGRICOLE CORPORATE AND INVESTMENT BANK;0.0;0.0;;Swap;1411.2034287529973;0.0025;-7.771991734896882;0.0;0.0;0.0;0.0
300645;IRSB100009297;449.5220742211677;0.6356374303754089;0.0;-135.30244076982635;5307.068429795052;CREDIT AGRICOLE CORPORATE AND INVESTMENT BANK;0.0;0.0;;Swap;5756.59050401622;0.0025;8.161441545047568;0.0;0.0;0.0;0.0
300645;IRSB100009319;-256.5392187740654;0.6274173984747976;0.0;-385.19138280613834;15307.43928839914;CREDIT AGRICOLE CORPORATE AND INVESTMENT BANK;0.0;0.0;;Swap;15050.900069625075;0.0025;-36.90887879767608;0.0;0.0;0.0;0.0
300645;IRSB100009346;-4528.139979010448;0.8959186788770578;0.0;-782.198160081839;21784.25466239883;CREDIT AGRICOLE CORPORATE AND INVESTMENT BANK;0.0;0.0;;Swap;17256.114683388383;0.0025;-3.4206147287021027;0.0;0.0;0.0;0.0
300645;IRSB100009369;-1787.1047294111922;0.8959186779626669;0.0;-234.59722340236752;6533.5391473793625;CREDIT AGRICOLE CORPORATE AND INVESTMENT BANK;0.0;0.0;;Swap;4746.43441796817;0.0025;-2.383880400946136;0.0;0.0;0.0;0.0
300645;IRSB100009384;-320.6178356381133;0.4082340765798687;0.0;-81.73318322444267;4983.586788062386;NATIXIS;0.0;0.0;;Swap;4662.968952424273;0.0025;-5.964449448907594;0.0;0.0;0.0;0.0
300645;IRSB100009392;286.355176711455;0.663034805250528;0.0;-430.0489386589773;16174.109561098947;NATIXIS;0.0;0.0;;Swap;16460.464737810402;0.0025;38.209197948287496;0.0;0.0;0.0;0.0
300645;IRSB100009422;61.98196869506501;0.5397445171518825;0.0;-43.28068604732687;1998.2038373234814;NATIXIS;0.0;0.0;;Swap;2060.1858060185464;0.0025;17.99743932863062;0.0;0.0;0.0;0.0
300645;IRSB100009437;-10033.57831173949;0.945235455358265;0.0;-869.7735684314165;22961.900898118278;NOMURA FINANCIAL PRODUCTS EUROPE GMBH;0.0;0.0;;Swap;12928.322586378788;0.0025;-1.2196878433095333;0.0;0.0;0.0;0.0
300645;IRSB100009444;-1504.8934166557156;0.7918071325676366;0.0;-153.08969867957526;4822.481122304207;CREDIT AGRICOLE CORPORATE AND INVESTMENT BANK;0.0;0.0;;Swap;3317.5877056484915;0.0025;-1.7498238296164021;0.0;0.0;0.0;0.0
300645;IRSB100009466;187.7032270692289;0.5041270312607115;0.0;-174.43245374491295;8619.963139876061;NATIXIS;0.0;0.0;;Swap;8807.66636694529;0.0025;23.73724172441747;0.0;0.0;0.0;0.0
300645;IRSB100009474;993.8121174789228;-3172.873810623961;0.0;-237.868876590291;10066.769576716952;JP MORGAN SE;0.0;0.0;;Swap;11060.581694195875;0.0025;22000.930483383007;0.0;0.0;0.0;0.0
300645;SECL100006674;0.0;0.0;0.0;0.0;0.0;;0.0;0.0;SECL100006674;Bond;0.0;0.002;;0.0;;;
300645;TCN15523;4999330.930553987;0.041154074916073;0.9886220673571698;-458.8519564308058;-20566.468009611635;;0.0;0.0;TCN15523;Bond;4978764.462544375;0.0025;0.04345287588784369;0.0;0.9886220673571698;0.0;0.0
300645;XS1179916017;1792990.8301369627;0.1702665807464851;0.1702665807464851;34.84288269667278;-1856.8507775117043;;0.0;0.0;XS1179916017;Bond;1791133.979359451;0.0025;0.16985323681375264;0.0;0.1702665807464851;0.0;0.0
300645;XS1240964483;9912065.013698231;0.1679184144977473;0.1679184144977473;189.87334016170493;-11120.522255094322;;0.0;0.0;XS1240964483;Bond;9900944.491443137;0.0025;0.16751001147395617;0.0;0.1679184144977473;0.0;0.0
300645;XS2152899584;2194135.945186463;0.5080803089586261;0.5080803089586262;165.45027306798048;-6672.577805909519;;0.0;0.0;XS2152899584;Bond;2187463.367380554;0.0025;0.506840531414026;0.0;0.5080803089586262;0.0;0.0
300645;XS2156787090;3034026.1643835614;0.0427061190083439;0.0427061190083439;13.17662671849384;-797.9904432351285;;0.0;0.0;XS2156787090;Bond;3033228.173940326;0.0025;0.04260210476687397;0.0;0.0427061190083439;0.0;0.0
300645;XS2180510732;19559539.753424466;0.1547275271062522;0.1547275271062522;341.5121385685404;-20202.593115180887;;0.0;0.0;XS2180510732;Bond;19539337.160309285;0.0025;0.15435087533480302;0.0;0.1547275271062522;0.0;0.0
300645;XS2264074647;5030442.465711355;0.5578575491952283;0.5578575491952283;434.86666019529673;-16786.51759790803;;0.0;0.0;XS2264074647;Bond;5013655.948113447;0.0025;0.5564743868064148;0.0;0.5578575491952283;0.0;0.0
300645;XS2635167880;4912600.349999286;0.2027397260273972;0.2042272625539298;20.192405969510215;-6473.8651187661835;;0.0;0.0;XS2635167880;Bond;4906126.48488052;0.0025;0.20273972628204057;0.0;0.2042272625539298;0.0;0.0
300645;XS2812505829;10336930.111393148;0.0058514742015777;0.067759733642437;-3.6066261088762985;-2983.251346632851;;0.0;0.0;XS2812505829;Bond;10333946.860046515;0.0025;0.005860282473134753;0.0;0.067759733642437;0.0;0.0
300645;XS2813883043;9979349.4486;0.0785146636666247;0.0785146636666247;82.51928029778507;-5153.718824824932;;0.0;0.0;XS2813883043;Bond;9974195.729775175;0.0025;0.0783233499481777;0.0;0.0785146636666247;0.0;0.0
300645;XS2840087667;4114348.1148026446;0.0109334303100098;0.1816402051806287;-11.810605826667596;-3133.40585902136;;0.0;0.0;XS2840087667;Bond;4111214.708943623;0.0025;0.011005493905330878;0.0;0.1816402051806287;0.0;0.0
300645;XS2843279691;8225082.703896642;0.011511337339768;0.1953214373681039;-27.40264903877687;-6726.632524601988;;0.0;0.0;XS2843279691;Bond;8218356.07137204;0.0025;0.011594958506052763;0.0;0.1953214373681039;0.0;0.0
300645;XS2857881614;6956037.45101902;0.2576633317790761;0.2576633317790761;221.1846306108191;-10862.853005700936;;0.0;0.0;XS2857881614;Bond;6945174.598013319;0.0025;0.25703437015347;0.0;0.2576633317790761;0.0;0.0
300645;XS2865535673;4098612.9736074177;0.015492969711171;0.2904162717890117;-30.875497714077937;-4964.79401857348;;0.0;0.0;XS2865535673;Bond;4093648.179588844;0.0025;0.015681898732926268;0.0;0.2904162717890117;0.0;0.0
300645;XS2889872540;3062277.255178501;0.0193459568869436;0.3910123642670059;-42.37418416153105;-4980.631912079025;;0.0;0.0;XS2889872540;Bond;3057296.6232664217;0.0025;0.01969282942053162;0.0;0.3910123642670059;0.0;0.0
300645;XS2895045164;7140891.286142053;0.0199375792002893;0.4073328412722975;-107.40378364459956;-12094.381643219893;;0.0;0.0;XS2895045164;Bond;7128796.904498833;0.0025;0.020314589698008246;0.0;0.4073328412722975;0.0;0.0
300645;XS2903381072;4948871.715133822;0.4481694264925589;0.4481694264925589;316.2758332971223;-14541.547710906918;;0.0;0.0;XS2903381072;Bond;4934330.167422915;0.0025;0.44707384920851523;0.0;0.4481694264925589;0.0;0.0
300645;XS2908585263;5087163.789629855;0.026866680355475;0.4887754239928086;-107.69287683842776;-10320.891497328397;;0.0;0.0;XS2908585263;Bond;5076842.898132527;0.0025;0.027397723202763867;0.0;0.4887754239928086;0.0;0.0
300645;XS2908892438;4071460.2599779;0.0269616756746832;0.5596647485810052;-116.14126549375216;-9465.894448100371;;0.0;0.0;XS2908892438;Bond;4061994.3655297994;0.0025;0.02767663557552667;0.0;0.5596647485810052;0.0;0.0
300645;XS2914666057;8132273.639121594;0.0232592719727158;0.5025370646165654;-187.65497600270464;-16960.226206575564;;0.0;0.0;XS2914666057;Bond;8115313.412915018;0.0025;0.023837507947231527;0.0;0.5025370646165654;0.0;0.0
300645;XS2914760405;2964134.4928988046;0.5020013354044954;0.5020013354044954;220.0555970742622;-9765.401993728256;;0.0;0.0;XS2914760405;Bond;2954369.0909050764;0.0025;0.5007753634965747;0.0;0.5020013354044954;0.0;0.0
300645;XS2920487852;9880151.29173376;0.5241884182036612;0.5241884182036612;777.868647254496;-33957.94464515069;;0.0;0.0;XS2920487852;Bond;9846193.347088609;0.0025;0.522907090976474;0.0;0.5241884182036612;0.0;0.0
300645;XS2942506978;4049564.32982442;0.0270337928114285;0.6166800882537427;-141.74485585272123;-10347.672396660435;;0.0;0.0;XS2942506978;Bond;4039216.65742776;0.0025;0.027910682255300173;0.0;0.6166800882537427;0.0;0.0
300645;XS2975114831;9994238.61207456;0.0216533260784736;0.0216533260784736;21.55542411268364;-1423.836733775006;;0.0;0.0;XS2975114831;Bond;9992814.775340784;0.0025;0.02160057861932963;0.0;0.0216533260784736;0.0;0.0
300645;XS2976509716;9934495.223898046;0.2712828871812506;0.2712828871812506;336.31670781587366;-16330.677080380345;;0.0;0.0;XS2976509716;Bond;9918164.546817666;0.0025;0.27062053752103155;0.0;0.2712828871812506;0.0;0.0
300645;XS2978742414;2945428.1573754563;0.7790738843056276;0.7790738843056276;403.02140623214353;-38213.904217127325;;0.0;0.0;XS2978742414;Bond;2907214.253158329;0.0025;0.7771705375724938;0.0;0.7790738843056276;0.0;0.0
300645;XS2993382667;5907543.4643640155;0.6568708448761305;0.6568708448761305;634.0858038256412;-25459.084573820815;;0.0;0.0;XS2993382667;Bond;5882084.379790194;0.0025;0.6552661697256427;0.0;0.6568708448761305;0.0;0.0
300645;XS2993406359;5987243.302559999;0.0812319038436766;0.0812319038436766;51.35982306114578;-2952.6131355090415;;0.0;0.0;XS2993406359;Bond;5984290.68942449;0.0025;0.0810339451797021;0.0;0.0812319038436766;0.0;0.0
300645;XS2994523103;5898272.621532554;0.7275394069409822;0.7275394069409822;731.5815419383802;-28150.11207317728;;0.0;0.0;XS2994523103;Bond;5870122.509459376;0.0025;0.7257618612762047;0.0;0.7275394069409822;0.0;0.0
300645;XS3002279886;4919374.234245896;0.6894848310239698;0.6894848310239698;565.3194745225506;-22251.744823945144;;0.0;0.0;XS3002279886;Bond;4897122.489421952;0.0025;0.6878003806471152;0.0;0.6894848310239698;0.0;0.0
300645;XS3004565456;4902443.513051;0.8610702263023903;0.8610702263023903;776.2813613510974;-27675.30098257969;;0.0;0.0;XS3004565456;Bond;4874768.212068421;0.0025;0.8589651860302188;0.0;0.8610702263023903;0.0;0.0
300645;XS3005193340;4984937.605549992;0.1164652034671728;0.1164652034671728;63.3707308850206;-3523.5997321421864;;0.0;0.0;XS3005193340;Bond;4981414.00581785;0.0025;0.11618130277270461;0.0;0.1164652034671728;0.0;0.0
300645;XS3006178597;9854312.294784237;0.6188261307204695;0.6188261307204695;973.2089467213317;-40011.20772841162;;0.0;0.0;XS3006178597;Bond;9814301.087055825;0.0025;0.6173145026179023;0.0;0.6188261307204695;0.0;0.0
300645;XS3013234177;2938165.970453347;0.8849665056547344;0.8849665056547344;484.21307626593807;-17057.462168193546;;0.0;0.0;XS3013234177;Bond;2921108.5082851537;0.0025;0.8828043916592594;0.0;0.8849665056547344;0.0;0.0
300645;XS3028074857;2453435.7049960606;0.7814178519500892;0.7814178519500892;337.072913981301;-12583.10038288391;;0.0;0.0;XS3028074857;Bond;2440852.6046131765;0.0025;0.7795096836501068;0.0;0.7814178519500892;0.0;0.0
300645;XS3038488436;5864980.01424;0.9719425409912728;0.9719425409912728;1111.192078351308;-37391.2561455794;;0.0;0.0;XS3038488436;Bond;5827588.758094421;0.0025;0.9695676664849011;0.0;0.9719425409912728;0.0;0.0
300647;2I667K.S43.5Y;-607250.973231523;2.5007031065629013;61.4064845399712;0.0;545821.2873533306;;0.0;0.0;;CDS Index;-61429.68587819231;0.0025;2.516336896630835;0.0;61.4064845399712;0.0;0.0
300647;BE0002819002;2408005.136986305;1.6321353221608714;1.6321353221608716;1024.4169956763487;-48584.54373430814;;0.0;0.0;BE0002819002;Bond;2359420.5932519967;0.0025;1.6281594506143435;0.0;1.6321353221608716;0.0;0.0
300647;BE0002990712;2371132.8768438227;4.248782157774905;4.248782157774905;5674.683918642131;-125576.2307362733;;0.0;0.0;BE0002990712;Bond;2245556.6461075493;0.0025;4.23408159694104;0.0;4.248782157774905;0.0;0.0
300647;BE0390161272;2990574.410958643;7.697664051788512;7.697664051788512;11893.46199145247;-141739.2263858873;;0.0;0.0;BE0390161272;Bond;2848835.184572756;0.0025;7.746374569809101;0.0;7.697664051788512;0.0;0.0
300647;BE6340794013;2293760.9589041206;2.670960095376933;2.6709600953769335;2350.9902911112185;-76333.69130376466;;0.0;0.0;BE6340794013;Bond;2217427.267600356;0.0025;2.6631714149951913;0.0;2.6709600953769335;0.0;0.0
300647;BE6342251038;2926311.7808219185;2.568841255822921;2.568841255822921;2788.3044873000526;-129648.28908726592;;0.0;0.0;BE6342251038;Bond;2796663.491734653;0.0025;2.5615176400763593;0.0;2.568841255822921;0.0;0.0
300647;BE6343825251;4369746.479452056;6.58926627907491;6.589266279074908;23922.76801191571;-191649.74683087307;;0.0;0.0;BE6343825251;Bond;4178096.7326211827;0.0025;6.560946473627288;0.0;6.589266279074908;0.0;0.0
300647;BE6350704175;1969525.143835615;12.853443956296816;12.853443956296813;42181.88047973204;-155021.3531912938;;0.0;0.0;BE6350704175;Bond;1814503.7906443211;0.0025;12.731039395809299;0.0;12.853443956296813;0.0;0.0
300647;BE6355215664;500362.6027397261;7.639307928272515;7.639307928272515;3610.723743705944;-25455.728828997853;;0.0;0.0;BE6355215664;Bond;474906.8739107282;0.0025;7.604800136097499;0.0;7.639307928272515;0.0;0.0
300647;CDSO100000060;517079.6106241981;1.7649829791241354;-219.4514614711317;0.0;1586352.6756986463;BNP PARIBAS;0.0;0.0;;CDS Index Option;2103432.286322844;0.0025;1.7727708914156302;0.0;-219.4514614711317;0.0;0.0
300647;CDSO100000064;-271401.19675044145;1.6618254047914456;-237.02645740906317;0.0;-899482.1453235951;;0.0;0.0;;CDS Index Option;-1170883.3420740366;0.0025;1.6687295639814712;0.0;-237.02645740906317;0.0;0.0
300647;CH1414003462;2689217.8082293207;6.7567226905795055;6.7567226905795055;14928.959351013473;-122649.20793941649;;0.0;0.0;CH1414003462;Bond;2566568.600289904;0.0025;6.732070613324965;0.0;6.7567226905795055;0.0;0.0
300647;CSH_EUR_DB;7006490.199999999;0.0;0.0;0.0;0.0;;0.0;0.0;;Cash;7006490.199999999;0.0;0.0;0.0;0.0;0.0;0.0
300647;CSH_GBP_DB;1699.1369908350305;0.0;0.0;0.0;-42.47842477087576;;0.0;16.991369908350304;;Cash;1656.6585660641547;0.0;0.0;0.0;0.0;0.0;16.566585660641547
300647;CSH_USD_DB;90914.44177004257;0.0;0.0;0.0;-2272.8610442510644;;0.0;909.1444177004257;;Cash;88641.5807257915;0.0;0.0;0.0;0.0;0.0;886.415807257915
300647;DE000A289N78;865001.7123287664;1.855040496857007;1.855040496857007;455.76164342531166;-20002.762586602745;;0.0;0.0;DE000A289N78;Bond;844998.9497421636;0.0025;1.850471159211807;0.0;1.855040496857007;0.0;0.0
300647;DE000A2YPFA1;815998.8575345138;4.1939468053560285;4.1939468053560285;1794.969211269984;-42629.9136846265;;0.0;0.0;DE000A2YPFA1;Bond;773368.9438498873;0.0025;4.182926773609946;0.0;4.1939468053560285;0.0;0.0
300647;DE000A30VQB2;978510.82191805;4.683446442137086;4.683446442137087;2752.877323471407;-30547.664443556852;;0.0;0.0;DE000A30VQB2;Bond;947963.1574744931;0.0025;4.667949779850197;0.0;4.683446442137087;0.0;0.0
300647;DE000A3823H4;942194.0958904108;7.631761654129321;7.631761654129321;6918.023300217516;-86344.4497245457;;0.0;0.0;DE000A3823H4;Bond;855849.6461658651;0.0025;7.593809596733545;0.0;7.631761654129321;0.0;0.0
300647;DE000A3823S1;1027021.3698630136;3.660190465877009;3.660190465877009;-4276.838276113424;-63160.296138939826;;0.0;0.0;DE000A3823S1;Bond;963861.0737240738;0.0025;3.797790772460109;0.0;3.660190465877009;0.0;0.0
300647;DE000A3829J7;1154258.1780961496;6.999590773608732;6.999590773608731;7251.429105015088;-53970.85070858033;;0.0;0.0;DE000A3829J7;Bond;1100287.3273875692;0.0025;6.965018237382062;0.0;6.999590773608731;0.0;0.0
300647;DE000A383HC1;977149.8630136991;4.286878356411533;4.286878356411533;-10886.300816052088;-70331.34636678659;;0.0;0.0;DE000A383HC1;Bond;906818.5166469124;0.0025;4.611343452774893;0.0;4.286878356411533;0.0;0.0
300647;DE000A383QR0;3601075.1780813127;10.443233775057635;10.443233775057635;50313.578241128926;-229147.8937174892;;0.0;0.0;DE000A383QR0;Bond;3371927.2843638235;0.0025;10.36659107616653;0.0;10.443233775057635;0.0;0.0
300647;DE000A383QV2;910533.4520547945;4.285873598226887;4.285873598226887;2129.890435065899;-26045.51874518389;;0.0;0.0;DE000A383QV2;Bond;884487.9333096106;0.0025;4.2733161871347125;0.0;4.285873598226887;0.0;0.0
300647;DE000A3E5FR9;1677019.726027542;5.668987154249192;5.668987154249189;6364.530062997203;-61667.18622002892;;0.0;0.0;DE000A3E5FR9;Bond;1615352.5398075131;0.0025;5.654452111839283;0.0;5.668987154249189;0.0;0.0
300647;DE000A3E5MH6;1948236.821917924;4.490347654671193;4.490347654671193;4810.999241032248;-56762.74527030185;;0.0;0.0;DE000A3E5MH6;Bond;1891474.0766476223;0.0025;4.479020411692332;0.0;4.490347654671193;0.0;0.0
300647;DE000A3E5MJ2;2869381.4794608667;7.496414806760611;7.496414806760611;18778.20117403921;-141199.04408326212;;0.0;0.0;DE000A3E5MJ2;Bond;2728182.4353776043;0.0025;7.473296953544722;0.0;7.496414806760611;0.0;0.0
300647;DE000A3KNP96;724587.0684933017;3.807292296096573;3.807292296096573;1324.6935306676712;-17909.328894220638;;0.0;0.0;DE000A3KNP96;Bond;706677.7395990811;0.0025;3.797825863562381;0.0;3.807292296096573;0.0;0.0
300647;DE000A3LQ9S2;3125582.4657534263;1.4869660807367164;1.4869660807367164;1153.7194361689822;-30996.564665721784;;0.0;0.0;DE000A3LQ9S2;Bond;3094585.9010877046;0.0025;1.4832657155652036;0.0;1.4869660807367164;0.0;0.0
300647;DE000A3LT423;1056316.1917808217;7.456606515805332;7.456606515805332;7143.537624632028;-48913.931376937384;;0.0;0.0;DE000A3LT423;Bond;1007402.2604038842;0.0025;7.42654174893076;0.0;7.456606515805332;0.0;0.0
300647;DE000A3MQNN9;2944920.0;0.7780335837996283;0.7780335837996283;401.09971169444015;-14894.033753424657;;0.0;0.0;DE000A3MQNN9;Bond;2930025.966246575;0.0025;0.776141910795397;0.0;0.7780335837996283;0.0;0.0
300647;DE000A4DE9Y3;2778449.589042479;4.395486904036344;4.395486904036344;6770.014714665604;-82290.72173391304;;0.0;0.0;DE000A4DE9Y3;Bond;2696158.8673085663;0.0025;4.38287226692791;0.0;4.395486904036344;0.0;0.0
300647;DE000CZ439B6;2333898.630136994;2.75519833316829;2.75519833316829;2443.2353304962776;-43204.34550410125;;0.0;0.0;DE000CZ439B6;Bond;2290694.284632893;0.0025;2.748004946901383;0.0;2.75519833316829;0.0;0.0
300647;DE000CZ439T8;210560.0000000165;4.23447957345397;4.234479573453972;484.809601356459;-6004.035751264804;;0.0;0.0;DE000CZ439T8;Bond;204555.9642487517;0.0025;4.2217446863467325;0.0;4.234479573453972;0.0;0.0
300647;DE000CZ43ZB3;3523308.219178084;1.8770329562760653;1.8770329562760653;1898.688295032264;-44245.162429015894;;0.0;0.0;DE000CZ43ZB3;Bond;3479063.0567490677;0.0025;1.8723687477549111;0.0;1.8770329562760653;0.0;0.0
300647;DE000CZ45WB5;2058632.8767123288;4.8140819168783775;4.8140819168783775;6543.440857154078;-126193.23178247144;;0.0;0.0;DE000CZ45WB5;Bond;1932439.6449298572;0.0025;4.792556952552296;0.0;4.8140819168783775;0.0;0.0
300647;DE000CZ45Y30;892331.5068831485;7.672355638296569;7.672355638296569;6542.991165118753;-46235.41920116182;;0.0;0.0;DE000CZ45Y30;Bond;846096.0876819866;0.0025;7.636206570441038;0.0;7.672355638296569;0.0;0.0
300647;DE000CZ45Y55;394267.01370491984;5.656040283574527;5.656040283574527;1567.548525675281;-27883.7320597406;;0.0;0.0;DE000CZ45Y55;Bond;366383.28164517926;0.0025;5.636620884760695;0.0;5.656040283574527;0.0;0.0
300647;DE000CZ45ZA0;500038.9726031094;5.096571199501385;5.096571199501385;1619.6849528855976;-17177.899471017066;;0.0;0.0;DE000CZ45ZA0;Bond;482861.0731320923;0.0025;5.080530858677978;0.0;5.096571199501385;0.0;0.0
300647;DE000DL19VU0;1877990.22516632;5.4324256543739775;5.4324256543739775;6654.299472784469;-69151.08341032075;;0.0;0.0;DE000DL19VU0;Bond;1808839.1417559993;0.0025;5.417621053181736;0.0;5.4324256543739775;0.0;0.0
300647;DUM25 Cmdty;0.0;0.0;0.0;-3834.712570785854;54428.555544750736;;0.0;0.0;;Bond Future;54428.555544750736;0.0025;0.0;0.0;0.0;0.0;0.0
300647;ES0213679OP3;3267236.301372232;4.65666319373255;4.656663193732551;9147.219055893343;-102373.69814205532;;0.0;0.0;ES0213679OP3;Bond;3164862.6032301765;0.0025;4.640882451580496;0.0;4.656663193732551;0.0;0.0
300647;ES0265936072;3452773.9726378173;4.407748378828725;4.407748378828723;8446.654977833434;-102547.347044717;;0.0;0.0;ES0265936072;Bond;3350226.6255931;0.0025;4.395160522959968;0.0;4.407748378828723;0.0;0.0
300647;FI4000562202;847593.7534246431;3.0852147772730265;3.0852147772730265;1097.5018139998729;-44196.19073724405;;0.0;0.0;FI4000562202;Bond;803397.562687399;0.0025;3.0766400490541477;0.0;3.0852147772730265;0.0;0.0
300647;FI4000571260;1057912.6027396708;3.4459105677544795;3.4459105677544795;1705.7613442863626;-61485.14096473012;;0.0;0.0;FI4000571260;Bond;996427.4617749406;0.0025;3.4352867170877506;0.0;3.4459105677544795;0.0;0.0
300647;FR0010582452;43714603.95380001;0.0331490112565471;0.296124348818344;548.5318323444027;-49557.042409727095;;0.0;2.029883478828657e-07;FR0010582452;Fund Unit;43665046.91139028;0.0025;0.03283805783735692;0.0;0.296124348818344;0.0;2.0275823022755438e-07
300647;FR0011949403;413746.02739725815;0.1731552942131187;0.1731552942131188;8.10100253545438;-897.7722019140502;;0.0;0.0;FR0011949403;Bond;412848.2551953441;0.0025;0.17274075984504114;0.0;0.1731552942131188;0.0;0.0
300647;FR0013067196;916270.8903295773;1.1201256314110193;1.1201256314110193;216.5174239536259;-12753.023945026402;;0.0;0.0;FR0013067196;Bond;903517.8663845508;0.0025;1.1173547637037275;0.0;1.1201256314110193;0.0;0.0
300647;FR0013312154;389754.794520548;2.6556344395941087;2.6556344395941087;379.1033402755784;-12910.52277907442;;0.0;0.0;FR0013312154;Bond;376844.2717414736;0.0025;2.6489486403737157;0.0;2.6556344395941087;0.0;0.0
300647;FR0013320058;1153152.1643835907;2.779051528053505;2.779051528053505;1210.0613975313477;-20828.994379508265;;0.0;0.0;FR0013320058;Bond;1132323.1700040824;0.0025;2.772125571094039;0.0;2.779051528053505;0.0;0.0
300647;FR0013430741;962758.123288266;4.983198799975513;4.983198799975513;2888.096298696247;-31116.931509563754;;0.0;0.0;FR0013430741;Bond;931641.1917787023;0.0025;4.9702840996608035;0.0;4.983198799975513;0.0;0.0
300647;FR0013430840;1882119.1780821965;3.952675615143265;3.952675615143265;3656.873317999588;-48295.56585730323;;0.0;0.0;FR0013430840;Bond;1833823.6122248932;0.0025;3.943160845457696;0.0;3.952675615143265;0.0;0.0
300647;FR0013447877;484662.6712328767;1.6471281033291325;1.647128103329132;208.94078855970832;-4980.74825106002;;0.0;0.0;FR0013447877;Bond;479681.9229818167;0.0025;1.6431330409619975;0.0;1.647128103329132;0.0;0.0
300647;FR0013456621;670486.3562062187;6.562798970372654;6.562798970372654;3365.547195373544;-28671.819557336486;;0.0;0.0;FR0013456621;Bond;641814.5366488822;0.0025;6.544985770040704;0.0;6.562798970372654;0.0;0.0
300647;FR0013457967;805512.5753428222;4.35363019746843;4.35363019746843;1886.2113776914923;-22755.59218002505;;0.0;0.0;FR0013457967;Bond;782756.9831627972;0.0025;4.3424747193039375;0.0;4.35363019746843;0.0;0.0
300647;FR0013463775;459267.1232883669;4.82324689424852;4.82324689424852;1325.8725156732753;-27684.547381424763;;0.0;0.0;FR0013463775;Bond;431582.57590694213;0.0025;4.8092328946577005;0.0;4.82324689424852;0.0;0.0
300647;FR0013476611;1058542.808219178;1.7235008306079949;1.7235008306079949;491.8857151592348;-22650.321626788827;;0.0;0.0;FR0013476611;Bond;1035892.4865923893;0.0025;1.7193099201396196;0.0;1.7235008306079949;0.0;0.0
300647;FR0013508512;2117592.246575342;0.0586872664351963;0.0586872664351963;12.829757922716324;-829.6320308500657;;0.0;0.0;FR0013508512;Bond;2116762.6145444917;0.0025;0.058544410582891074;0.0;0.0586872664351963;0.0;0.0
300647;FR0013515749;2707374.6575356144;4.806574589356523;4.806574589356521;7686.781684773107;-87625.40272609545;;0.0;0.0;FR0013515749;Bond;2619749.254809519;0.0025;4.793352454717765;0.0;4.806574589356521;0.0;0.0
300647;FR0013518024;1997863.0136985227;0.2077270469104309;0.2077270469104309;48.96220096027656;-2775.113829986715;;0.0;0.0;FR0013518024;Bond;1995087.899868536;0.0025;0.2072222410667826;0.0;0.2077270469104309;0.0;0.0
300647;FR0013523602;834841.97260387;4.807083686169608;4.807083686169607;2396.2954730766564;-49997.34459769808;;0.0;0.0;FR0013523602;Bond;784844.6280061719;0.0025;4.793094865943378;0.0;4.807083686169607;0.0;0.0
300647;FR0013533999;2430298.913042952;2.56076052097918;2.5607605209791804;1799.4037204709143;-75723.53911043906;;0.0;0.0;FR0013533999;Bond;2354575.373932513;0.0025;2.558644150056923;0.0;2.5607605209791804;0.0;0.0
300647;FR00140009W6;2762295.890397784;0.5528703209876851;0.5528703209876851;231.89018305409533;-19071.19354466415;;0.0;0.0;FR00140009W6;Bond;2743224.69685312;0.0025;0.5515357762096244;0.0;0.5528703209876851;0.0;0.0
300647;FR0014000OZ2;1581567.1232953384;0.630868859307809;0.630868859307809;159.47997766823025;-12375.221107209552;;0.0;0.0;FR0014000OZ2;Bond;1569191.9021881288;0.0025;0.6293429311057455;0.0;0.630868859307809;0.0;0.0
300647;FR0014000RR2;1955567.4657534289;2.976890213114389;2.976890213114389;2316.1877239497157;-36347.3883066217;;0.0;0.0;FR0014000RR2;Bond;1919220.0774468072;0.0025;2.9694347273802864;0.0;2.976890213114389;0.0;0.0
300647;FR0014001IM0;999747.4520548416;5.4840014627622615;5.484001462762261;3569.0443085751594;-35518.11188688799;;0.0;0.0;FR0014001IM0;Bond;964229.3401679535;0.0025;5.469938495594351;0.0;5.484001462762261;0.0;0.0
300647;FR0014003Z81;895563.1232876598;0.1995550537092106;0.1995550537092107;20.922472820915885;-1059.9541623569014;;0.0;0.0;FR0014003Z81;Bond;894503.1691253029;0.0025;0.19907055012576869;0.0;0.1995550537092107;0.0;0.0
300647;FR0014006IU2;3346310.273895542;0.6159411117401391;0.615941111740139;327.55095456901984;-13765.711989737416;;0.0;0.0;FR0014006IU2;Bond;3332544.5619058046;0.0025;0.6144424649960085;0.0;0.615941111740139;0.0;0.0
300647;FR0014007YA9;3345867.1232898063;3.6305554328781406;3.6305554328781406;5640.881034934039;-145717.3094638046;;0.0;0.0;FR0014007YA9;Bond;3200149.8138260017;0.0025;3.621359639718024;0.0;3.6305554328781406;0.0;0.0
300647;FR0014008PK4;2298098.630136988;2.78209167693535;2.78209167693535;2415.306626702061;-42930.962070939444;;0.0;0.0;FR0014008PK4;Bond;2255167.6680660485;0.0025;2.7751667081549547;0.0;2.78209167693535;0.0;0.0
300647;FR0014009HA0;3041875.0;1.9088236133035368;1.9088236133035368;1676.2370589340496;-72105.46621332511;;0.0;0.0;FR0014009HA0;Bond;2969769.533786675;0.0025;1.9041562849603835;0.0;1.9088236133035368;0.0;0.0
300647;FR001400CSG4;2791508.1780821914;1.1761195688730943;1.1761195688730943;711.570521132128;-21753.337552802084;;0.0;0.0;FR001400CSG4;Bond;2769754.840529389;0.0025;1.1732050768628053;0.0;1.1761195688730943;0.0;0.0
300647;FR001400E946;3890559.630173773;6.40604258803359;6.40604258803359;19889.035860886503;-167793.60031385196;;0.0;0.0;FR001400E946;Bond;3722766.029859921;0.0025;6.38083286115449;0.0;6.40604258803359;0.0;0.0
300647;FR001400EHG3;2180619.863013737;4.147789175304777;4.147789175304777;4831.48204313024;-60944.55358007153;;0.0;0.0;FR001400EHG3;Bond;2119675.3094336656;0.0025;4.135408408714248;0.0;4.147789175304777;0.0;0.0
300647;FR001400F0H3;2777662.986301468;3.2247654319737773;3.2247654319737773;3878.632485339805;-54965.78212577848;;0.0;0.0;FR001400F0H3;Bond;2722697.2041756897;0.0025;3.2158540772162407;0.0;3.2247654319737773;0.0;0.0
300647;FR001400F0U6;2333646.057534247;0.978094030382391;0.9780940303823908;-251.11131171557375;-14043.502532893828;;0.0;0.0;FR001400F0U6;Bond;2319602.5550013534;0.0025;0.9831758180107583;0.0;0.9780940303823908;0.0;0.0
300647;FR001400F2H9;3065403.845998445;4.232918068718252;4.232918068718251;6792.516122554715;-159994.09549066384;;0.0;0.0;FR001400F2H9;Bond;2905409.7505077813;0.0025;4.222315472697822;0.0;4.232918068718251;0.0;0.0
300647;FR001400GDJ1;1207084.2465713508;4.174554730541209;4.174554730541209;2820.262183780008;-31545.996505416166;;0.0;0.0;FR001400GDJ1;Bond;1175538.2500659346;0.0025;4.159711365812012;0.0;4.174554730541209;0.0;0.0
300647;FR001400I7P8;1111482.8767123616;2.769179012069506;2.769179012069506;1213.536351407716;-38280.44460856296;;0.0;0.0;FR001400I7P8;Bond;1073202.4321037987;0.0025;2.761054457918523;0.0;2.769179012069506;0.0;0.0
300647;FR001400KKC3;3731262.83561698;3.435389537056647;3.435389537056647;5853.967186554047;-220706.62158297937;;0.0;0.0;FR001400KKC3;Bond;3510556.214034001;0.0025;3.425671864447387;0.0;3.435389537056647;0.0;0.0
300647;FR001400KXW4;1453353.7246575346;1.1924075955363322;1.1924075955363322;378.99216862666253;-10657.29425050204;;0.0;0.0;FR001400KXW4;Bond;1442696.4304070326;0.0025;1.1894429159923021;0.0;1.1924075955363322;0.0;0.0
300647;FR001400L5X1;2920387.671232879;3.110030514390523;3.110030514390524;4027.246630622377;-156378.60346337841;;0.0;0.0;FR001400L5X1;Bond;2764009.067769501;0.0025;3.09973596468152;0.0;3.110030514390524;0.0;0.0
300647;FR001400LCK1;3271802.465758594;4.170222021519512;4.170222021519512;-13012.563650565677;-83652.70360812503;;0.0;0.0;FR001400LCK1;Bond;3188149.7621504692;0.0025;4.313128525491804;0.0;4.170222021519512;0.0;0.0
300647;FR001400LWN3;1721518.904112792;5.551906976717948;5.551906976717948;6713.728275554997;-64371.41208035125;;0.0;0.0;FR001400LWN3;Bond;1657147.4920324408;0.0025;5.531468992756848;0.0;5.551906976717948;0.0;0.0
300647;FR001400LZO4;636542.219226909;6.870174090313289;6.870174090313287;3766.076408542856;-26932.703734378396;;0.0;0.0;FR001400LZO4;Bond;609609.5154925305;0.0025;6.840260827061119;0.0;6.870174090313287;0.0;0.0
300647;FR001400M1X9;1626531.5068493146;6.311294750451732;6.311294750451732;8696.622803653343;-128481.79284894365;;0.0;0.0;FR001400M1X9;Bond;1498049.7140003708;0.0025;6.277207634759123;0.0;6.311294750451732;0.0;0.0
300647;FR001400M998;2241512.0958907832;3.9474581279166614;3.9474581279166614;4552.996989777598;-54266.50292614303;;0.0;0.0;FR001400M998;Bond;2187245.5929646404;0.0025;3.9356337725062254;0.0;3.9474581279166614;0.0;0.0
300647;FR001400MF86;2140590.6987647465;7.085598744287158;7.085598744287159;8387.54392441073;-93227.61386679568;;0.0;0.0;FR001400MF86;Bond;2047363.0848979508;0.0025;7.1131547311571905;0.0;7.085598744287159;0.0;0.0
300647;FR001400N2U2;2578532.6086087166;4.237879767061016;4.237879767061016;5350.160098102174;-133044.10733917475;;0.0;0.0;FR001400N2U2;Bond;2445488.5012695417;0.0025;4.230906690142927;0.0;4.237879767061016;0.0;0.0
300647;FR001400N3F1;3009121.8164394456;3.313873607814883;3.313873607814883;4385.874987494113;-60406.060365051526;;0.0;0.0;FR001400N3F1;Bond;2948715.756074394;0.0025;3.304889839388777;0.0;3.313873607814883;0.0;0.0
300647;FR001400N8H6;1179948.0000025132;8.547496728141558;8.547496728141558;10625.401927954848;-62266.828595996885;;0.0;0.0;FR001400N8H6;Bond;1117681.1714065163;0.0025;8.505021610574975;0.0;8.547496728141558;0.0;0.0
300647;FR001400O671;1754242.808232076;5.045635092420353;5.045635092420353;5635.267944991932;-110648.52507350386;;0.0;0.0;FR001400O671;Bond;1643594.2831585722;0.0025;5.028972054750169;0.0;5.045635092420353;0.0;0.0
300647;FR001400O9D2;1416967.2328767122;8.63215613868138;8.63215613868138;13073.485004788654;-82357.42489680526;;0.0;0.0;FR001400O9D2;Bond;1334609.807979907;0.0025;8.587781816536115;0.0;8.63215613868138;0.0;0.0
300647;FR001400OF19;2041799.726032532;6.153557069375748;6.153557069375748;9653.238727150563;-77000.68129860144;;0.0;0.0;FR001400OF19;Bond;1964799.0447339306;0.0025;6.130027510712434;0.0;6.153557069375748;0.0;0.0
300647;FR001400OL29;909655.8904117958;4.267671538808736;4.267671538808737;2110.348377322553;-65251.92574409347;;0.0;0.0;FR001400OL29;Bond;844403.9646677023;0.0025;4.255205554238364;0.0;4.267671538808737;0.0;0.0
300647;FR001400OP33;1108500.1369953572;4.3497905393297005;4.3497905393297005;2652.347474273818;-29352.548458569123;;0.0;0.0;FR001400OP33;Bond;1079147.588536788;0.0025;4.337273849671606;0.0;4.3497905393297005;0.0;0.0
300647;FR001400ORA4;1536523.5616438095;3.5724119090617137;3.572411909061713;2565.968897361163;-34330.131059622596;;0.0;0.0;FR001400ORA4;Bond;1502193.430584187;0.0025;3.562567640275346;0.0;3.572411909061713;0.0;0.0
300647;FR001400Q6S4;806906.958904106;8.696440063857752;8.696440063857752;7646.881967037715;-42960.169242826734;;0.0;0.0;FR001400Q6S4;Bond;763946.7896612793;0.0025;8.648590669009494;0.0;8.696440063857752;0.0;0.0
300647;FR001400QOK5;3587815.06849725;4.189669457239935;4.189669457239935;8304.695336312903;-94035.15287628825;;0.0;0.0;FR001400QOK5;Bond;3493779.9156209617;0.0025;4.175685423415524;0.0;4.189669457239935;0.0;0.0
300647;FR001400SCF6;517506.849316644;4.378319637074558;4.378319637074558;1291.6797020907;-39059.381255089385;;0.0;0.0;FR001400SCF6;Bond;478447.46806155465;0.0025;4.363844684454787;0.0;4.378319637074558;0.0;0.0
300647;FR001400SMS8;1018352.7397263612;3.8538800703327407;3.8538800703327407;1980.102430910415;-67971.6489700831;;0.0;0.0;FR001400SMS8;Bond;950381.0907562781;0.0025;3.8424006230525967;0.0;3.8538800703327407;0.0;0.0
300647;FR001400U3P1;797286.4438356048;5.605496225958524;5.605496225958524;3123.121838601391;-27375.96595558203;;0.0;0.0;FR001400U3P1;Bond;769910.4778800228;0.0025;5.586120466073074;0.0;5.605496225958524;0.0;0.0
300647;FR001400WJH9;3502517.1232876726;4.245616017802237;4.245616017802238;8061.03634509863;-185830.7041354786;;0.0;0.0;FR001400WJH9;Bond;3316686.419152194;0.0025;4.2331417048662905;0.0;4.245616017802238;0.0;0.0
300647;FR001400WKP0;3126710.9589108224;4.610589329962094;4.610589329962094;8445.151276535536;-180209.11101451394;;0.0;0.0;FR001400WKP0;Bond;2946501.8478963086;0.0025;4.5962089246578754;0.0;4.610589329962094;0.0;0.0
300647;FR001400WL86;2214428.0821918654;4.679295592087708;4.679295592087708;6116.6465399988765;-69886.66540585249;;0.0;0.0;FR001400WL86;Bond;2144541.416786013;0.0025;4.66498063750465;0.0;4.679295592087708;0.0;0.0
300647;FR001400WP90;2810979.4520605826;6.5427767818606295;6.54277678186063;14869.600629938222;-124179.2769192066;;0.0;0.0;FR001400WP90;Bond;2686800.175141376;0.0025;6.51755087685019;0.0;6.54277678186063;0.0;0.0
300647;FR001400WRF6;3657802.684931856;4.1967251205977565;4.1967251205977565;8219.947972588832;-93268.53791068916;;0.0;0.0;FR001400WRF6;Bond;3564534.147021167;0.0025;4.184575460602413;0.0;4.1967251205977565;0.0;0.0
300647;FR001400XFK9;1472722.602739726;4.539696253312976;4.539696253312976;3830.7275851420686;-83586.44006649384;;0.0;0.0;FR001400XFK9;Bond;1389136.1626732321;0.0025;4.526190369210319;0.0;4.539696253312976;0.0;0.0
300647;FXW1023856;-4688.053695964161;0.054794519829177;0.0;-0.0001562422826675014;67498.57772618112;MORGAN STANLEY EUROPE SE;0.0;-26999.431090472448;;Currency Forward;62810.524030216955;0.0;0.054794519829177;0.0;0.0;0.0;-361738.2660890219
300647;IT0005549479;2713794.5205479464;1.9834631558910305;1.9834631558910305;1651.2788277856007;-36093.22971426011;;0.0;0.0;IT0005549479;Bond;2677701.2908336865;0.0025;1.9780865711815314;0.0;1.9834631558910305;0.0;0.0
300647;IT0005572166;1695950.2465753765;2.467866457480988;2.4678664574809885;1471.32292838151;-27986.80298310938;;0.0;0.0;IT0005572166;Bond;1667963.443592267;0.0025;2.4614036005660327;0.0;2.4678664574809885;0.0;0.0
300647;IT0005611253;3821365.068493352;3.947861636944;3.947861636944;7752.9474831430525;-101612.52012131742;;0.0;0.0;IT0005611253;Bond;3719752.5483720344;0.0025;3.9361046056638878;0.0;3.947861636944;0.0;0.0
300647;IT0005630147;3672625.000011871;4.299689193733963;4.299689193733963;8624.678138860305;-106467.92083789651;;0.0;0.0;IT0005630147;Bond;3566157.0791739747;0.0025;4.28719829045132;0.0;4.299689193733963;0.0;0.0
300647;OATM25 Cmdty;0.0;0.0;0.0;-89702.97735983695;422606.34630515124;;0.0;0.0;;Bond Future;422606.34630515124;0.0025;0.0;0.0;0.0;0.0;0.0
300647;OEM25 Cmdty;0.0;0.0;0.0;107261.01736004808;-755233.8225721479;;0.0;0.0;;Bond Future;-755233.8225721479;0.0025;0.0;0.0;0.0;0.0;0.0
300647;PTEDP4OM0025;2881281.2493151017;2.4435506542958625;2.4435506542958625;2535.223665667306;-120925.05593350064;;0.0;0.0;PTEDP4OM0025;Bond;2760356.193381601;0.0025;2.4364806400688894;0.0;2.4435506542958625;0.0;0.0
300647;RXM25 Cmdty;0.0;0.0;0.0;-96450.38547144404;423747.60538249195;;0.0;0.0;;Bond Future;423747.60538249195;0.0025;0.0;0.0;0.0;0.0;0.0
300647;UBM25 Cmdty;0.0;0.0;0.0;98346.89836008739;-155851.35477233728;;0.0;0.0;;Bond Future;-155851.35477233728;0.0025;0.0;0.0;0.0;0.0;0.0
300647;USX10001AD18;1279414.9231612354;6.895212418872753;6.895212418872753;7447.61141933795;-86349.319664521;;0.0;12794.149231612357;USX10001AD18;Bond;1193065.6034967145;0.00125;6.881878521765726;0.0;6.895212418872753;0.0;11930.656034967147
300647;USX60003AC87;1339508.8872555844;5.532954513758843;5.532954513758843;4995.728415946309;-79440.91504040296;;0.0;13395.088872555843;USX60003AC87;Bond;1260067.9722151814;0.00125;5.5246024656743655;0.0;5.532954513758843;0.0;12600.679722151814
300647;XS1069439740;3569029.109571272;0.5051229997587413;0.5051229997587413;265.08540251609406;-22411.54717571878;;0.0;0.0;XS1069439740;Bond;3546617.562395553;0.0025;0.5039040275330642;0.0;0.5051229997587413;0.0;0.0
300647;XS1223842847;1197639.616438356;1.9455089289789087;1.9455089289789087;690.2837806130657;-13972.117959568091;;0.0;0.0;XS1223842847;Bond;1183667.498478788;0.0025;1.9405621865576375;0.0;1.9455089289789087;0.0;0.0
300647;XS1311440082;964895.5479452064;2.344566570865472;2.344566570865472;769.5280472841441;-28091.99578511665;;0.0;0.0;XS1311440082;Bond;936803.5521600897;0.0025;2.3383709339930445;0.0;2.344566570865472;0.0;0.0
300647;XS1401197253;246511.72602739724;9.279151227882137;9.279151227882137;2550.3195555387483;-15445.41385723587;;0.0;0.0;XS1401197253;Bond;231066.31217016137;0.0025;9.235767051284018;0.0;9.279151227882137;0.0;0.0
300647;XS1729882024;2923952.0547945206;2.5259606643439074;2.5259606643439074;2608.2769977176117;-91854.92567248615;;0.0;0.0;XS1729882024;Bond;2832097.1291220346;0.0025;2.519610901941025;0.0;2.5259606643439074;0.0;0.0
300647;XS1851313863;1008187.2602740424;0.25397784966382;0.25397784966382;31.22932284297282;-1524.710596359648;;0.0;0.0;XS1851313863;Bond;1006662.5496776827;0.0025;0.2533647186193925;0.0;0.25397784966382;0.0;0.0
300647;XS1963116964;1648162.3424657686;4.540862886869629;4.54086288686963;4311.341908303727;-93143.80486679314;;0.0;0.0;XS1963116964;Bond;1555018.5375989755;0.0025;4.527015280190267;0.0;4.54086288686963;0.0;0.0
300647;XS2021462440;3481570.4109590547;4.053934741596965;4.053934741596965;7178.181098353894;-91590.514111358;;0.0;0.0;XS2021462440;Bond;3389979.8968476965;0.0025;4.0434765760646405;0.0;4.053934741596965;0.0;0.0
300647;XS2050933972;6829999.999999967;1.6555660711454026;1.6555660711454026;2458.4411206788304;-139289.63564358835;;0.0;0.0;XS2050933972;Bond;6690710.364356379;0.0025;1.6534196322991355;0.0;1.6555660711454026;0.0;0.0
300647;XS2063495811;2343112.876712441;2.868266203196696;2.868266203196696;2614.691884244368;-43683.020295435155;;0.0;0.0;XS2063495811;Bond;2299429.856417006;0.0025;2.860935950290949;0.0;2.868266203196696;0.0;0.0
300647;XS2079079799;1683052.3972254118;0.6022654780377488;0.6022654780377488;159.20966744550566;-12560.643096005539;;0.0;0.0;XS2079079799;Bond;1670491.7541294063;0.0025;0.6008073926075226;0.0;0.6022654780377488;0.0;0.0
300647;XS2108490090;251514.65753422232;6.387169489136735;6.387169489136735;1200.9305309373135;-9631.599431246697;;0.0;0.0;XS2108490090;Bond;241883.05810297563;0.0025;6.3697894889326605;0.0;6.387169489136735;0.0;0.0
300647;XS2112475921;229404.6164383562;8.984882283751633;8.984882283751633;2115.909774683289;-13578.48453545219;;0.0;0.0;XS2112475921;Bond;215826.13190290402;0.0025;8.95611546165031;0.0;8.984882283751633;0.0;0.0
300647;XS2117454871;1569477.5342465758;9.112054066108882;9.112054066108882;14807.931196647754;-86630.78768806552;;0.0;0.0;XS2117454871;Bond;1482846.7465585102;0.0025;9.083754312436724;0.0;9.112054066108882;0.0;0.0
300647;XS2123970167;531397.7260273884;2.772778459642089;2.772778459642089;550.1423111756726;-24317.73214595055;;0.0;0.0;XS2123970167;Bond;507079.9938814378;0.0025;2.7661173577021634;0.0;2.772778459642089;0.0;0.0
300647;XS2187689034;2152543.150685709;0.2042262176636068;0.2042262176636068;50.98987965192655;-2759.973135673731;;0.0;0.0;XS2187689034;Bond;2149783.177550035;0.0025;0.2037382834523784;0.0;0.2042262176636068;0.0;0.0
300647;XS2197675288;1625753.5287670882;12.261823413908347;12.261823413908347;27878.84901049792;-120533.63156558239;;0.0;0.0;XS2197675288;Bond;1505219.8972015057;0.0025;12.208997623630623;0.0;12.261823413908347;0.0;0.0
300647;XS2199343513;954297.6438350654;0.2606996136853632;0.2606996136853632;30.642177225332407;-1614.4624522415147;;0.0;0.0;XS2199343513;Bond;952683.1813828239;0.0025;0.26006678279302803;0.0;0.2606996136853632;0.0;0.0
300647;XS2200513070;1587431.5726914064;6.7744134427608715;6.7744134427608715;8507.320567108112;-64592.14365917751;;0.0;0.0;XS2200513070;Bond;1522839.429032229;0.0025;6.755165809236268;0.0;6.7744134427608715;0.0;0.0
300647;XS2221845683;1220565.0685171993;5.655587062305996;5.655587062305994;4700.779068267895;-86006.97670117558;;0.0;0.0;XS2221845683;Bond;1134558.0918160237;0.0025;5.639268380344042;0.0;5.655587062305994;0.0;0.0
300647;XS2226645278;273169.52054869884;6.461070118869775;6.461070118869775;1387.5622075705005;-22052.988314435162;;0.0;0.0;XS2226645278;Bond;251116.53223426366;0.0025;6.438446403658656;0.0;6.461070118869775;0.0;0.0
300647;XS2227906208;466138.6369863023;6.3386466742139564;6.3386466742139564;2199.3770336711286;-19185.53749510211;;0.0;0.0;XS2227906208;Bond;446953.09949120024;0.0025;6.321135541013593;0.0;6.3386466742139564;0.0;0.0
300647;XS2232115423;1574862.1095909455;6.314075669403664;6.314075669403664;7375.885308734164;-64790.20328305677;;0.0;0.0;XS2232115423;Bond;1510071.9063078887;0.0025;6.296656752743987;0.0;6.314075669403664;0.0;0.0
300647;XS2244941147;1334583.5616439695;3.479974265145485;3.479974265145485;2128.251186617424;-29069.828479577234;;0.0;0.0;XS2244941147;Bond;1305513.7331643922;0.0025;3.4703824900575433;0.0;3.479974265145485;0.0;0.0
300647;XS2258971071;2664674.38351762;0.6189265797516004;0.6189265797516004;262.6689605730854;-11009.120466697455;;0.0;0.0;XS2258971071;Bond;2653665.2630509227;0.0025;0.6174198923834705;0.0;0.6189265797516004;0.0;0.0
300647;XS2265360359;1628732.5753473062;5.384342509386276;5.384342509386276;5625.5695904798495;-52475.66489141631;;0.0;0.0;XS2265360359;Bond;1576256.91045589;0.0025;5.370471486310789;0.0;5.384342509386276;0.0;0.0
300647;XS2282094494;2327515.964283254;0.7659832483497426;0.7659832483497426;310.2393800547264;-10980.773946563735;;0.0;0.0;XS2282094494;Bond;2316535.1903366903;0.0025;0.7641177728796726;0.0;0.7659832483497426;0.0;0.0
300647;XS2289133758;2291649.575364102;5.47691854403417;5.47691854403417;8191.994384198679;-84487.5071736028;;0.0;0.0;XS2289133758;Bond;2207162.068190499;0.0025;5.462542257907464;0.0;5.47691854403417;0.0;0.0
300647;XS2292263121;5939922.772605985;4.646952564907592;4.646952564907592;15585.401454503084;-185569.62426405758;;0.0;0.0;XS2292263121;Bond;5754353.148341928;0.0025;4.63534200846273;0.0;4.646952564907592;0.0;0.0
300647;XS2298459426;1034467.1260273972;9.736682775406129;9.736682775406129;11243.595471924194;-66530.34310114758;;0.0;0.0;XS2298459426;Bond;967936.7829262497;0.0025;9.701965924009444;0.0;9.736682775406129;0.0;0.0
300647;XS2304664167;1966278.630136987;0.8811706171447496;0.8811706171447496;321.5406940704214;-11555.253867517362;;0.0;0.0;XS2304664167;Bond;1954723.3762694695;0.0025;0.8790235829547732;0.0;0.8811706171447496;0.0;0.0
300647;XS2305244241;1420284.5341465506;0.8784627602218132;0.8784627602218132;231.19883744741512;-8321.310893896982;;0.0;0.0;XS2305244241;Bond;1411963.2232526536;0.0025;0.8763224156549562;0.0;0.8784627602218132;0.0;0.0
300647;XS2319954710;3510593.952054796;1.419323654290122;1.419323654290122;1192.194594856755;-61928.56257548604;;0.0;0.0;XS2319954710;Bond;3448665.38947931;0.0025;1.4158698755354204;0.0;1.419323654290122;0.0;0.0
300647;XS2331216577;1658914.4931506847;1.0104626938870591;1.0104626938870591;332.90765177884646;-11182.739417566183;;0.0;0.0;XS2331216577;Bond;1647731.7537331185;0.0025;1.0079983308889282;0.0;1.0104626938870591;0.0;0.0
300647;XS2342206591;2004915.5575342465;1.0731939897093563;1.0731939897093563;440.396268475001;-26705.719954423676;;0.0;0.0;XS2342206591;Bond;1978209.8375798229;0.0025;1.0705818964876492;0.0;1.0731939897093563;0.0;0.0
300647;XS2369906644;1617772.8767123297;7.683322265773264;7.683322265773264;11047.440218730148;-81433.71883454427;;0.0;0.0;XS2369906644;Bond;1536339.1578777854;0.0025;7.6601859796639;0.0;7.683322265773264;0.0;0.0
300647;XS2381261424;1991317.808232513;6.130201162109487;6.130201162109487;8880.159410788363;-152564.39452727663;;0.0;0.0;XS2381261424;Bond;1838753.4137052363;0.0025;6.112663613935499;0.0;6.130201162109487;0.0;0.0
300647;XS2384274440;587058.7191780824;3.488662514848469;3.488662514848469;915.8337478601906;-12292.217639585266;;0.0;0.0;XS2384274440;Bond;574766.5015384972;0.0025;3.480088487115845;0.0;3.488662514848469;0.0;0.0
300647;XS2384715244;938938.767123288;2.371023815831532;2.371023815831532;745.680540656637;-13353.11731118929;;0.0;0.0;XS2384715244;Bond;925585.6498120987;0.0025;2.365223856415075;0.0;2.371023815831532;0.0;0.0
300647;XS2385390724;267376.84931506595;3.285889393216305;3.2858893932163045;375.32468743381463;-5701.3619676552535;;0.0;0.0;XS2385390724;Bond;261675.4873474107;0.0025;3.2777888362910117;0.0;3.2858893932163045;0.0;0.0
300647;XS2387735470;668857.1917808217;10.399520421399531;10.399520421399531;8210.425324128946;-45887.27941860467;;0.0;0.0;XS2387735470;Bond;622969.912362217;0.0025;10.363012885291443;0.0;10.399520421399531;0.0;0.0
300647;XS2389353264;1665776.2109718649;6.570182923318413;6.570182923318412;8361.561516622633;-71144.5553711431;;0.0;0.0;XS2389353264;Bond;1594631.6556007217;0.0025;6.552610713462093;0.0;6.570182923318412;0.0;0.0
300647;XS2390506546;5816406.849315073;2.41301021317456;2.41301021317456;4759.099179185815;-94021.95113493803;;0.0;0.0;XS2390506546;Bond;5722384.8981801355;0.0025;2.407111264196697;0.0;2.41301021317456;0.0;0.0
300647;XS2404247384;289662.3287671234;1.5377233737773408;1.5377233737773408;111.86094850401676;-5515.990631986895;;0.0;0.0;XS2404247384;Bond;284146.3381351365;0.0025;1.5339804300414168;0.0;1.5377233737773408;0.0;0.0
300647;XS2407357768;2169389.2602341496;0.6041037167824151;0.6041037167824151;207.03299163075548;-8731.048830914975;;0.0;0.0;XS2407357768;Bond;2160658.211403235;0.0025;0.602630225830904;0.0;0.6041037167824151;0.0;0.0
300647;XS2407529309;1610662.671232886;2.5172462036755308;2.5172462036755308;1420.8446769137572;-50242.249323818716;;0.0;0.0;XS2407529309;Bond;1560420.4219090673;0.0025;2.5110337965074545;0.0;2.5172462036755308;0.0;0.0
300647;XS2413697140;809257.1917818241;4.426972901040467;4.426972901040467;1953.3229964130896;-24068.387891767707;;0.0;0.0;XS2413697140;Bond;785188.8038900564;0.0025;4.415625039448532;0.0;4.426972901040467;0.0;0.0
300647;XS2415386726;1322467.191782587;4.4502294199539705;4.450229419953971;3212.491634656069;-35258.90853526255;;0.0;0.0;XS2415386726;Bond;1287208.2832473244;0.0025;4.43901163798303;0.0;4.450229419953971;0.0;0.0
300647;XS2430287529;1035234.7561748094;0.7797399998745222;0.7797399998745222;141.08353293866583;-4832.986368553083;;0.0;0.0;XS2430287529;Bond;1030401.7698062563;0.0025;0.7778529440147116;0.0;0.7797399998745222;0.0;0.0
300647;XS2430951660;2902019.095890413;1.7713835762840149;1.7713835762840149;1412.9822711872494;-34355.069243144004;;0.0;0.0;XS2430951660;Bond;2867664.0266472693;0.0025;1.767055668987674;0.0;1.7713835762840149;0.0;0.0
300647;XS2464732770;1410261.9863017483;5.96986198329935;5.969861983299351;6258.131351013169;-51123.9555935354;;0.0;0.0;XS2464732770;Bond;1359138.0307082129;0.0025;5.948020950970864;0.0;5.969861983299351;0.0;0.0
300647;XS2486589596;4441384.326849315;1.1462044821586503;1.1462044821586506;1090.356901944922;-34038.06270249372;;0.0;0.0;XS2486589596;Bond;4407346.264146822;0.0025;1.1433514605528043;0.0;1.1462044821586506;0.0;0.0
300647;XS2526881532;516335.6164383546;2.2829252924187253;2.2829252924187253;389.6877898146293;-7338.756964054661;;0.0;0.0;XS2526881532;Bond;508996.85947429994;0.0025;2.2770867118528293;0.0;2.2829252924187253;0.0;0.0
300647;XS2535309798;1744718.116484683;7.7960597254016655;7.7960597254016655;13013.502179688208;-83542.07846126192;;0.0;0.0;XS2535309798;Bond;1661176.038023421;0.0025;7.761536112242543;0.0;7.7960597254016655;0.0;0.0
300647;XS2536941656;2092949.315069229;4.369461326416287;4.369461326416287;5079.72352202117;-61399.13238505145;;0.0;0.0;XS2536941656;Bond;2031550.1826841778;0.0025;4.356515188184222;0.0;4.369461326416287;0.0;0.0
300647;XS2554489513;3961242.8082222687;4.380287552829357;4.380287552829357;9947.827675061491;-107880.77493168248;;0.0;0.0;XS2554489513;Bond;3853362.0332905864;0.0025;4.365472611656682;0.0;4.380287552829357;0.0;0.0
300647;XS2555187801;3868111.301370488;4.02829127107908;4.02829127107908;8213.888195272444;-104677.32755263837;;0.0;0.0;XS2555187801;Bond;3763433.9738178495;0.0025;4.015771895783495;0.0;4.02829127107908;0.0;0.0
300647;XS2555918270;2074980.3082191776;1.542467124360174;1.542467124360174;816.110328964938;-21302.225620357814;;0.0;0.0;XS2555918270;Bond;2053678.0825988199;0.0025;1.5385823885557377;0.0;1.542467124360174;0.0;0.0
300647;XS2555925218;4667843.80136987;2.64540964215928;2.64540964215928;4566.890143653879;-82755.47243694469;;0.0;0.0;XS2555925218;Bond;4585088.328932925;0.0025;2.6384458093781515;0.0;2.64540964215928;0.0;0.0
300647;XS2557084733;2469067.01369863;7.679819442870582;7.679819442870583;18245.81553799827;-127488.5569690208;;0.0;0.0;XS2557084733;Bond;2341578.456729609;0.0025;7.6425244803686585;0.0;7.679819442870583;0.0;0.0
300647;XS2558978883;2254695.205479456;2.6356876485377527;2.6356876485377527;2191.8225134864983;-73969.30547753623;;0.0;0.0;XS2558978883;Bond;2180725.90000192;0.0025;2.6287519027128696;0.0;2.6356876485377527;0.0;0.0
300647;XS2560328648;1450999.3150684931;2.6942309605763533;2.6942309605763537;1458.1357268284394;-48520.130192075405;;0.0;0.0;XS2560328648;Bond;1402479.1848764177;0.0025;2.6872552049063474;0.0;2.6942309605763537;0.0;0.0
300647;XS2560422581;4238847.7068682555;7.004123535179808;7.004123535179808;26215.26367197535;-200670.56904246885;;0.0;0.0;XS2560422581;Bond;4038177.1378257866;0.0025;6.972154752488596;0.0;7.004123535179808;0.0;0.0
300647;XS2573569576;3627816.780823072;4.27475089310184;4.2747508931018405;8469.45173341118;-103993.16654360661;;0.0;0.0;XS2573569576;Bond;3523823.6142794653;0.0025;4.262069970992213;0.0;4.2747508931018405;0.0;0.0
300647;XS2574873183;730044.5917808219;7.865621813760088;7.865621813760088;5562.651943487205;-35316.333265771245;;0.0;0.0;XS2574873183;Bond;694728.2585150506;0.0025;7.829801687186422;0.0;7.865621813760088;0.0;0.0
300647;XS2576067081;1804332.465753424;7.747273988276224;7.747273988276224;13451.645601160708;-86145.12465392369;;0.0;0.0;XS2576067081;Bond;1718187.3410995002;0.0025;7.7109448150719215;0.0;7.747273988276224;0.0;0.0
300647;XS2576362839;1289926.6849315069;2.0963922134953266;2.0963922134953266;854.406233763433;-18105.8327714735;;0.0;0.0;XS2576362839;Bond;1271820.8521600333;0.0025;2.090820162817588;0.0;2.0963922134953266;0.0;0.0
300647;XS2576550086;5544058.219178212;2.6446864324533608;2.6446864324533608;5563.568583610978;-252349.854088145;;0.0;0.0;XS2576550086;Bond;5291708.365090067;0.0025;2.637084369554665;0.0;2.6446864324533608;0.0;0.0
300647;XS2580221658;1168207.5342466135;2.7308528132583447;2.7308528132583447;1226.7397440091547;-19892.82265395762;;0.0;0.0;XS2580221658;Bond;1148314.7115926559;0.0025;2.7232440987128568;0.0;2.7308528132583447;0.0;0.0
300647;XS2589260723;4266605.967127979;5.0485200975775415;5.0485200975775415;13589.873122402949;-131706.4139768862;;0.0;0.0;XS2589260723;Bond;4134899.5531510925;0.0025;5.03260968984753;0.0;5.0485200975775415;0.0;0.0
300647;XS2590758822;2782920.0068560014;7.597203084865401;7.597203084865403;20061.771737403466;-130355.13056946779;;0.0;0.0;XS2590758822;Bond;2652564.8762865337;0.0025;7.561274504009719;0.0;7.597203084865403;0.0;0.0
300647;XS2592650373;3490367.294520548;1.8367958490587468;1.8367958490587468;1815.2363154833067;-42888.32595352251;;0.0;0.0;XS2592650373;Bond;3447478.9685670254;0.0025;1.8322286393981706;0.0;1.8367958490587468;0.0;0.0
300647;XS2595028536;3200149.3273972725;2.710860801589715;2.7108608015897158;3253.7248214619767;-58127.17923756012;;0.0;0.0;XS2595028536;Bond;3142022.1481597126;0.0025;2.703814178287368;0.0;2.7108608015897158;0.0;0.0
300647;XS2596599063;2650721.367123288;1.8589662588046356;1.858966258804635;1406.364077527482;-32946.5373953239;;0.0;0.0;XS2596599063;Bond;2617774.829727964;0.0025;1.8543416726858257;0.0;1.858966258804635;0.0;0.0
300647;XS2597113989;4271385.392876712;1.8439501433609036;1.843950143360904;2234.770418407807;-52691.679565514656;;0.0;0.0;XS2597113989;Bond;4218693.713311197;0.0025;1.8393706314943572;0.0;1.843950143360904;0.0;0.0
300647;XS2598331242;1209378.4246575614;2.8342457292397967;2.8342457292397967;1367.3207008851978;-22972.4596731684;;0.0;0.0;XS2598331242;Bond;1186405.964984393;0.0025;2.8260631540050984;0.0;2.8342457292397967;0.0;0.0
300647;XS2602037629;4153165.7608493953;4.90664726573581;4.90664726573581;12063.463241609015;-250731.06974316871;;0.0;0.0;XS2602037629;Bond;3902434.6911062268;0.0025;4.894219162904548;0.0;4.90664726573581;0.0;0.0
300647;XS2608828641;1581210.4109589036;1.7615926566607427;1.7615926566607427;785.646499640304;-18680.353811834313;;0.0;0.0;XS2608828641;Bond;1562530.0571470694;0.0025;1.7569290788549135;0.0;1.7615926566607427;0.0;0.0
300647;XS2610457967;1287574.657578813;6.413362459401478;6.413362459401478;6884.067276108251;-103037.8580625235;;0.0;0.0;XS2610457967;Bond;1184536.7995162895;0.0025;6.3825270459178025;0.0;6.413362459401478;0.0;0.0
300647;XS2622275886;3235017.1780821914;1.8244454964493493;1.8244454964493493;1697.9338770905704;-39041.79947003453;;0.0;0.0;XS2622275886;Bond;3195975.378612157;0.0025;1.8196454785362906;0.0;1.8244454964493493;0.0;0.0
300647;XS2624976077;2262153.0821917965;2.8113099700200435;2.8113099700200435;2513.608674537488;-42685.84047007894;;0.0;0.0;XS2624976077;Bond;2219467.2417217176;0.0025;2.80328968845065;0.0;2.8113099700200435;0.0;0.0
300647;XS2625194225;4535837.808352304;4.254032537976937;4.254032537976937;10810.68303701241;-118404.44644619357;;0.0;0.0;XS2625194225;Bond;4417433.36190611;0.0025;4.239689700819558;0.0;4.254032537976937;0.0;0.0
300647;XS2626699982;4482970.89041096;2.77636091068423;2.77636091068423;4863.960532564056;-155019.68635011045;;0.0;0.0;XS2626699982;Bond;4327951.204060849;0.0025;2.768506711130183;0.0;2.77636091068423;0.0;0.0
300647;XS2629064267;3123367.054795065;3.757637207859561;3.757637207859561;5812.351866338395;-71683.46483161808;;0.0;0.0;XS2629064267;Bond;3051683.589963447;0.0025;3.7464136760850115;0.0;3.757637207859561;0.0;0.0
300647;XS2629470845;2937636.4931506845;7.893452753345534;7.89345275334554;23157.637887675315;-142807.3302937786;;0.0;0.0;XS2629470845;Bond;2794829.1628569057;0.0025;7.852142121710653;0.0;7.89345275334554;0.0;0.0
300647;XS2636745882;5053081.327397261;6.307115680747434;6.307115680747434;26034.531644337894;-196836.53854876265;;0.0;0.0;XS2636745882;Bond;4856244.788848498;0.0025;6.277759723544282;0.0;6.307115680747434;0.0;0.0
300647;XS2637069357;1681762.5000000002;7.946991333995715;7.946991333995715;11910.260185099542;-166425.37397260274;;0.0;0.0;XS2637069357;Bond;1515337.1260273976;0.0025;7.927827742195859;0.0;7.946991333995715;0.0;0.0
300647;XS2637421848;2516956.1643835823;3.686689163525144;3.686689163525144;4577.1491310749725;-62309.51650613709;;0.0;0.0;XS2637421848;Bond;2454646.6478774454;0.0025;3.6752052168696983;0.0;3.686689163525144;0.0;0.0
300647;XS2643673952;636302.7945517326;5.768093068675128;5.768093068675128;2637.2385771625745;-24517.122972268946;;0.0;0.0;XS2643673952;Bond;611785.6715794636;0.0025;5.747654605002923;0.0;5.768093068675128;0.0;0.0
300647;XS2675884576;3240253.424655229;2.907029704274876;2.907029704274876;3856.679320344244;-59396.933590227374;;0.0;0.0;XS2675884576;Bond;3180856.4910650016;0.0025;2.8984007578792106;0.0;2.907029704274876;0.0;0.0
300647;XS2676395317;4166763.7398617407;6.025650582784142;6.025650582784142;19131.16443990849;-154719.348965505;;0.0;0.0;XS2676395317;Bond;4012044.3908962356;0.0025;6.001637432704396;0.0;6.025650582784142;0.0;0.0
300647;XS2676816940;4463977.910945388;0.4234425224264329;0.4234425224264328;263.78198543085017;-12798.775024121504;;0.0;0.0;XS2676816940;Bond;4451179.135921266;0.0025;0.42241350037702513;0.0;0.4234425224264328;0.0;0.0
300647;XS2676818482;3403941.3698630314;3.4181909403760447;3.4181909403760447;5245.648541741253;-71029.60399617723;;0.0;0.0;XS2676818482;Bond;3332911.765866854;0.0025;3.4088747291655768;0.0;3.4181909403760447;0.0;0.0
300647;XS2678749990;3180017.246575343;6.392249121781437;6.392249121781437;16665.266705653932;-250536.15737425262;;0.0;0.0;XS2678749990;Bond;2929481.0892010904;0.0025;6.3633857067391615;0.0;6.392249121781437;0.0;0.0
300647;XS2699159351;4167075.287674924;5.637905884418235;5.637905884418235;17067.066617129258;-144496.0084603101;;0.0;0.0;XS2699159351;Bond;4022579.2792146136;0.0025;5.614978483139827;0.0;5.637905884418235;0.0;0.0
300647;XS2715918020;846005.4794520554;2.5097512668513855;2.5097512668513855;763.5550081933904;-13674.522720761386;;0.0;0.0;XS2715918020;Bond;832330.956731294;0.0025;2.502934859271447;0.0;2.5097512668513855;0.0;0.0
300647;XS2717301365;2023663.9726027648;3.2669231461436934;3.2669231461436934;2900.243098128316;-44368.849525055804;;0.0;0.0;XS2717301365;Bond;1979295.123077709;0.0025;3.2577760040533272;0.0;3.2669231461436934;0.0;0.0
300647;XS2717378231;1487335.2602740107;4.761213123086569;4.761213123086569;4288.07397195588;-43404.89926237698;;0.0;0.0;XS2717378231;Bond;1443930.3610116336;0.0025;4.745809546554735;0.0;4.761213123086569;0.0;0.0
300647;XS2718201515;1190635.9589041278;5.107735443116132;5.107735443116132;3976.108876079512;-37201.80821856596;;0.0;0.0;XS2718201515;Bond;1153434.1506855618;0.0025;5.08947076453449;0.0;5.107735443116132;0.0;0.0
300647;XS2721465271;3030903.378358376;6.812536261304328;6.812536261304328;17727.377491735726;-127294.10509151735;;0.0;0.0;XS2721465271;Bond;2903609.273266859;0.0025;6.782340991506592;0.0;6.812536261304328;0.0;0.0
300647;XS2722162315;1758035.2055441765;6.959302466245951;6.9593024662459495;10604.480285532927;-75298.65961951841;;0.0;0.0;XS2722162315;Bond;1682736.5459246582;0.0025;6.92958202369936;0.0;6.9593024662459495;0.0;0.0
300647;XS2723593187;1480616.4109594666;3.9765941186569513;3.9765941186569496;3039.255936516862;-36053.11366356366;;0.0;0.0;XS2723593187;Bond;1444563.2972959029;0.0025;3.9648099612943732;0.0;3.9765941186569496;0.0;0.0
300647;XS2728561098;2335211.8150715167;4.157094700150868;4.157094700150868;-3326.07909178145;-59248.63544389102;;0.0;0.0;XS2728561098;Bond;2275963.1796276257;0.0025;4.235906186093309;0.0;4.157094700150868;0.0;0.0
300647;XS2730661100;2466310.0000001127;3.440672557961978;3.440672557961978;3479.3927581879225;-140103.08014615512;;0.0;0.0;XS2730661100;Bond;2326206.9198539574;0.0025;3.434998911559395;0.0;3.440672557961978;0.0;0.0
300647;XS2743047156;743330.479452095;3.2828060198795814;3.2828060198795814;1097.4860182867797;-30426.120513230846;;0.0;0.0;XS2743047156;Bond;712904.3589388642;0.0025;3.2728369518364997;0.0;3.2828060198795814;0.0;0.0
300647;XS2745719000;1450006.849315204;3.4618865163008747;3.4618865163008747;2288.264663979349;-33690.191061350626;;0.0;0.0;XS2745719000;Bond;1416316.6582538534;0.0025;3.452395509257253;0.0;3.4618865163008747;0.0;0.0
300647;XS2746663074;2196293.328874608;8.483503884396438;8.483503884396434;20070.799096594703;-114905.8704233666;;0.0;0.0;XS2746663074;Bond;2081387.4584512415;0.0025;8.434966292693764;0.0;8.483503884396434;0.0;0.0
300647;XS2747600109;1536569.9931506854;8.553407735067674;8.553407735067672;-1043.472841296238;-80923.29554884046;;0.0;0.0;XS2747600109;Bond;1455646.697601845;0.0025;8.753287002119492;0.0;8.553407735067672;0.0;0.0
300647;XS2747610751;1119593.5616454217;5.845777905630916;5.845777905630916;4737.6102030383645;-44066.96320327632;;0.0;0.0;XS2747610751;Bond;1075526.5984421454;0.0025;5.825422086411181;0.0;5.845777905630916;0.0;0.0
300647;XS2748213290;1819552.1041136796;4.936488593378027;4.936488593378027;5819.51149226998;-56250.05191141978;;0.0;0.0;XS2748213290;Bond;1763302.05220226;0.0025;4.917452870384727;0.0;4.936488593378027;0.0;0.0
300647;XS2751689048;1018068.5411191692;6.241072190398246;6.241072190398246;4964.052251607984;-39090.276961196156;;0.0;0.0;XS2751689048;Bond;978978.264157973;0.0025;6.216550872320065;0.0;6.241072190398246;0.0;0.0
300647;XS2752472436;1767563.8219208452;6.0134674561171115;6.0134674561171115;8039.429659567901;-65268.744700519565;;0.0;0.0;XS2752472436;Bond;1702295.0772203256;0.0025;5.990164162685102;0.0;6.0134674561171115;0.0;0.0
300647;XS2753315626;923938.7917808224;7.530257228766962;7.530257228766962;6554.8682062210855;-46824.155128676015;;0.0;0.0;XS2753315626;Bond;877114.6366521465;0.0025;7.494657084404389;0.0;7.530257228766962;0.0;0.0
300647;XS2754488851;979332.5342465752;4.239398329250985;4.239398329250985;2342.8262649899325;-51955.85678388644;;0.0;0.0;XS2754488851;Bond;927376.6774626888;0.0025;4.224522864985786;0.0;4.239398329250985;0.0;0.0
300647;XS2756298639;2505049.315068455;2.625681959288153;2.625681959288153;2410.265778962751;-44156.47757584921;;0.0;0.0;XS2756298639;Bond;2460892.8374926057;0.0025;2.618863398518495;0.0;2.625681959288153;0.0;0.0
300647;XS2756342122;909504.9863015031;7.216815416767479;7.216815416767479;5826.147660273646;-40444.487985111715;;0.0;0.0;XS2756342122;Bond;869060.4983163914;0.0025;7.18687536215212;0.0;7.216815416767479;0.0;0.0
300647;XS2757511113;612806.7945205488;1.8712743784775103;1.8712743784775103;328.1004707922372;-7672.966669414736;;0.0;0.0;XS2757511113;Bond;605133.827851134;0.0025;1.866643396500986;0.0;1.8712743784775103;0.0;0.0
300647;XS2758880798;1191730.8219178517;3.499022171427776;3.499022171427776;1917.5424427220044;-28038.421839550843;;0.0;0.0;XS2758880798;Bond;1163692.4000783009;0.0025;3.489404064314014;0.0;3.499022171427776;0.0;0.0
300647;XS2759982577;2537289.4726032238;3.7630357747658816;3.7630357747658816;4714.8826173320185;-57859.077027547726;;0.0;0.0;XS2759982577;Bond;2479430.395575676;0.0025;3.751980970598712;0.0;3.7630357747658816;0.0;0.0
300647;XS2759989234;1198492.5068493271;4.119685589557877;4.119685589557877;2620.300431512271;-32860.38876556488;;0.0;0.0;XS2759989234;Bond;1165632.1180837622;0.0025;4.107456856504048;0.0;4.119685589557877;0.0;0.0
300647;XS2762369549;1965192.12328866;4.998679158260054;4.998679158260054;6211.4107426461915;-122857.845939606;;0.0;0.0;XS2762369549;Bond;1842334.277349054;0.0025;4.982128285397063;0.0;4.998679158260054;0.0;0.0
300647;XS2763026395;2327064.005483492;5.082663550544555;5.082663550544555;7475.5586261479375;-72101.18465842691;;0.0;0.0;XS2763026395;Bond;2254962.820825065;0.0025;5.066936167326787;0.0;5.082663550544555;0.0;0.0
300647;XS2764397829;1584592.5413911135;4.422891523378384;4.422891523378383;3778.5569738643608;-86508.05223788568;;0.0;0.0;XS2764397829;Bond;1498084.4891532278;0.0025;4.412182431432841;0.0;4.422891523378383;0.0;0.0
300647;XS2764455619;898915.5616438355;8.598706247205772;8.598706247205772;8186.485504151067;-47617.882623126905;;0.0;0.0;XS2764455619;Bond;851297.6790207087;0.0025;8.555873910063601;0.0;8.598706247205772;0.0;0.0
300647;XS2764459363;1133715.753425456;5.120971028889166;5.120971028889166;3718.899891900329;-39102.69749063366;;0.0;0.0;XS2764459363;Bond;1094613.0559348222;0.0025;5.104525004688591;0.0;5.120971028889166;0.0;0.0
300647;XS2770514946;4014871.571542989;8.666106609179804;8.666106609179806;37003.97285106323;-214445.2293576686;;0.0;0.0;XS2770514946;Bond;3800426.3421853203;0.0025;8.623441958303687;0.0;8.666106609179806;0.0;0.0
300647;XS2771494940;3568458.575344907;5.91908020396176;5.91908020396176;15338.347875471756;-129075.26134486706;;0.0;0.0;XS2771494940;Bond;3439383.3140000403;0.0025;5.899211183199709;0.0;5.91908020396176;0.0;0.0
300647;XS2774448521;2038310.958904276;4.100179261198883;4.100179261198883;4433.723143301748;-104107.54339454079;;0.0;0.0;XS2774448521;Bond;1934203.4155097352;0.0025;4.0878280692649405;0.0;4.100179261198883;0.0;0.0
300647;XS2774944008;2088362.7717382289;5.1953193224959735;5.1953193224959735;6862.987102818315;-133463.66254053504;;0.0;0.0;XS2774944008;Bond;1954899.1091976939;0.0025;5.1806401733552665;0.0;5.1953193224959735;0.0;0.0
300647;XS2775027472;1915329.3561643832;8.307397528301781;8.307397528301781;16583.80753251089;-98083.04685059251;;0.0;0.0;XS2775027472;Bond;1817246.3093137906;0.0025;8.263468098377027;0.0;8.307397528301781;0.0;0.0
300647;XS2777442281;476223.8356380759;12.704741950758685;12.704741950758685;10021.88010835923;-37279.90550581766;;0.0;0.0;XS2777442281;Bond;438943.9301322582;0.0025;12.582156271839628;0.0;12.704741950758685;0.0;0.0
300647;XS2778764188;1396750.120547945;8.619162659664502;8.619162659664502;12787.576825561213;-73906.2996583676;;0.0;0.0;XS2778764188;Bond;1322843.8208895773;0.0025;8.576006674932076;0.0;8.619162659664502;0.0;0.0
300647;XS2782109016;1169488.356165215;3.9442749938096986;3.9442749938096986;2377.025940114403;-30963.39598378419;;0.0;0.0;XS2782109016;Bond;1138524.9601814307;0.0025;3.932354883498839;0.0;3.9442749938096986;0.0;0.0
300647;XS2783118131;1409128.1917818033;5.151349884600789;5.15134988460079;4642.834505419844;-44371.75149793895;;0.0;0.0;XS2783118131;Bond;1364756.4402838643;0.0025;5.135320207847349;0.0;5.15134988460079;0.0;0.0
300647;XS2787827604;841025.5890410958;8.638371807793169;8.638371807793169;7723.3602758858915;-44880.91603550498;;0.0;0.0;XS2787827604;Bond;796144.6730055908;0.0025;8.595343868759985;0.0;8.638371807793169;0.0;0.0
300647;XS2788380306;969876.4399226819;1.8820450605993773;1.8820450605993773;523.740086966207;-12320.162313661513;;0.0;0.0;XS2788380306;Bond;957556.2776090204;0.0025;1.8774001191021301;0.0;1.8820450605993773;0.0;0.0
300647;XS2790191303;2399724.5879120883;5.3116122498349965;5.3116122498349965;8356.09716807508;-157534.15937703627;;0.0;0.0;XS2790191303;Bond;2242190.428535052;0.0025;5.295092643000204;0.0;5.3116122498349965;0.0;0.0
300647;XS2791960664;3316965.479452036;12.726851608400064;12.726851608400064;59923.877742151904;-258929.43429786243;;0.0;0.0;XS2791960664;Bond;3058036.0451541734;0.0025;12.680136658194376;0.0;12.726851608400064;0.0;0.0
300647;XS2791972248;3051739.75354025;6.772622868118055;6.772622868118054;17104.668998606023;-139199.32990935587;;0.0;0.0;XS2791972248;Bond;2912540.423630894;0.0025;6.747171641783888;0.0;6.772622868118054;0.0;0.0
300647;XS2791973642;4099796.575343008;3.4427336657906227;3.4427336657906227;6592.186662325366;-176251.7343023039;;0.0;0.0;XS2791973642;Bond;3923544.8410407044;0.0025;3.432166448921058;0.0;3.4427336657906227;0.0;0.0
300647;XS2801962155;941811.7808219178;3.649685041854958;3.649685041854958;1666.49920368642;-20938.77981200574;;0.0;0.0;XS2801962155;Bond;920873.0010099121;0.0025;3.638749019430525;0.0;3.649685041854958;0.0;0.0
300647;XS2806377268;854390.027398;4.238854984902789;4.238854984902789;2016.6432679809052;-24028.28041575471;;0.0;0.0;XS2806377268;Bond;830361.7469822452;0.0025;4.224766438853864;0.0;4.238854984902789;0.0;0.0
300647;XS2809670099;625163.7534246574;8.351992735313633;8.351992735313635;5585.681734669915;-32063.451800624243;;0.0;0.0;XS2809670099;Bond;593100.3016240331;0.0025;8.303013446388938;0.0;8.351992735313635;0.0;0.0
300647;XS2809859536;1125297.9451420717;7.205694559189867;7.205694559189865;7554.4894768053955;-101842.2634637262;;0.0;0.0;XS2809859536;Bond;1023455.6816783455;0.0025;7.167666549399777;0.0;7.205694559189865;0.0;0.0
300647;XS2810794680;992374.945205479;7.16422846715834;7.164228467158339;6459.598655570434;-47408.30470723132;;0.0;0.0;XS2810794680;Bond;944966.6404982477;0.0025;7.129813093344438;0.0;7.164228467158339;0.0;0.0
300647;XS2813211617;1579980.4053564528;12.907044353893475;12.907044353893475;34679.868475049974;-122432.0824544508;;0.0;0.0;XS2813211617;Bond;1457548.322902002;0.0025;12.77478493737221;0.0;12.907044353893475;0.0;0.0
300647;XS2815984732;2142440.8274084404;4.322197682853964;4.322197682853963;5215.230390815058;-56572.57720743689;;0.0;0.0;XS2815984732;Bond;2085868.2502010036;0.0025;4.308044987147388;0.0;4.322197682853963;0.0;0.0
300647;XS2817890077;1766402.0903510735;7.199925448891029;7.199925448891029;11688.732398873466;-158714.39106501837;;0.0;0.0;XS2817890077;Bond;1607687.6992860553;0.0025;7.164091399484042;0.0;7.199925448891029;0.0;0.0
300647;XS2818300407;1882941.7808219255;3.829073511922676;3.829073511922677;3637.6088061743535;-89926.81512624091;;0.0;0.0;XS2818300407;Bond;1793014.9656956845;0.0025;3.817431138147368;0.0;3.829073511922677;0.0;0.0
300647;XS2821714735;3094875.205494196;5.842564409194607;5.842564409194607;13418.595981532657;-120421.51206173589;;0.0;0.0;XS2821714735;Bond;2974453.69343246;0.0025;5.819509630624767;0.0;5.842564409194607;0.0;0.0
300647;XS2823235085;2805460.6164404014;4.33687595955108;4.33687595955108;6940.73845364936;-152105.29076061863;;0.0;0.0;XS2823235085;Bond;2653355.325679783;0.0025;4.322046934840746;0.0;4.33687595955108;0.0;0.0
300647;XS2823261834;616942.5698759558;8.56253411012533;8.56253411012533;5720.319568784762;-32558.03155637526;;0.0;0.0;XS2823261834;Bond;584384.5383195806;0.0025;8.51402544899788;0.0;8.56253411012533;0.0;0.0
300647;XS2823931824;1439971.0275118004;5.046578154554327;5.046578154554327;4725.370657345751;-44652.02962934868;;0.0;0.0;XS2823931824;Bond;1395318.9978824516;0.0025;5.0282086965923565;0.0;5.046578154554327;0.0;0.0
300647;XS2827708145;991676.3013698624;12.611097727285763;12.611097727285763;21067.912849089025;-76960.28087556228;;0.0;0.0;XS2827708145;Bond;914716.0204943002;0.0025;12.477578498837671;0.0;12.611097727285763;0.0;0.0
300647;XS2829201404;1238106.0;1.5791438601812882;1.5791438601812884;-506.0441805257926;-32340.697030789423;;0.0;0.0;XS2829201404;Bond;1205765.3029692105;0.0025;1.5955962094892726;0.0;1.5791438601812884;0.0;0.0
300647;XS2830327446;2287349.3424657527;3.621907978365952;3.621907978365952;3998.9981104326903;-143117.32147886377;;0.0;0.0;XS2830327446;Bond;2144232.020986889;0.0025;3.610995745846223;0.0;3.621907978365952;0.0;0.0
300647;XS2831094706;3056057.7397263087;4.622898570422876;4.622898570422878;9484.25614200564;-139070.66853013902;;0.0;0.0;XS2831094706;Bond;2916987.0711961696;0.0025;4.598740840363151;0.0;4.622898570422878;0.0;0.0
300647;XS2831524728;2511609.534247076;4.361066010129385;4.361066010129385;6202.212054975558;-66772.98173392116;;0.0;0.0;XS2831524728;Bond;2444836.552513155;0.0025;4.346877819289478;0.0;4.361066010129385;0.0;0.0
300647;XS2831594697;3793318.7671242007;3.9263220015942473;3.9263220015942473;7640.352660167276;-100145.93923756182;;0.0;0.0;XS2831594697;Bond;3693172.8278866387;0.0025;3.9145080013287856;0.0;3.9263220015942473;0.0;0.0
300647;XS2832954270;3926453.089041113;3.563056201162349;3.563056201162349;6655.903046868237;-85119.75365929454;;0.0;0.0;XS2832954270;Bond;3841333.3353818185;0.0025;3.552416027111611;0.0;3.563056201162349;0.0;0.0
300647;XS2838924848;2369009.010958905;8.488452166925862;8.488452166925862;21718.693617234472;-134613.73417960678;;0.0;0.0;XS2838924848;Bond;2234395.276779298;0.0025;8.439390738019606;0.0;8.488452166925862;0.0;0.0
300647;XS2839008948;2938748.369864275;7.199749225708737;7.199749225708737;18738.525073722176;-130159.72218503202;;0.0;0.0;XS2839008948;Bond;2808588.6476792432;0.0025;7.169931134035209;0.0;7.199749225708737;0.0;0.0
300647;XS2839195877;1821395.589041095;8.34431417317136;8.34431417317136;16293.517996449698;-93895.55388106959;;0.0;0.0;XS2839195877;Bond;1727500.0351600253;0.0025;8.294742549524516;0.0;8.34431417317136;0.0;0.0
300647;XS2843262887;4188511.2410959066;3.645335151762656;3.645335151762656;7370.693863437192;-92627.12305854476;;0.0;0.0;XS2843262887;Bond;4095884.1180373617;0.0025;3.634562804228917;0.0;3.645335151762656;0.0;0.0
300647;XS2844410287;746328.6849315389;3.6052026255030984;3.6052026255030984;1295.11632560447;-16450.72469477944;;0.0;0.0;XS2844410287;Bond;729877.9602367594;0.0025;3.5943134331486624;0.0;3.6052026255030984;0.0;0.0
300647;XS2845167613;745545.5479451356;2.939324447757502;2.9393244477575022;892.5388461644455;-14754.360115905514;;0.0;0.0;XS2845167613;Bond;730791.1878292301;0.0025;2.930994466707946;0.0;2.9393244477575022;0.0;0.0
300647;XS2858130771;2138566.4999797046;5.170496458883616;5.170496458883616;6759.372301846681;-182081.66566657106;;0.0;0.0;XS2858130771;Bond;1956484.8343131335;0.0025;5.158313982578488;0.0;5.170496458883616;0.0;0.0
300647;XS2859406139;3211537.499999984;1.7419617862892731;1.7419617862892731;1529.1459773845927;-36148.937849421585;;0.0;0.0;XS2859406139;Bond;3175388.5621505626;0.0025;1.7376443283270917;0.0;1.7419617862892731;0.0;0.0
300647;XS2859413341;2076849.315068493;6.39434981510172;6.39434981510172;11516.937584508863;-136008.42782720158;;0.0;0.0;XS2859413341;Bond;1940840.8872412913;0.0025;6.357934361130684;0.0;6.39434981510172;0.0;0.0
300647;XS2861000235;1641303.4520547946;7.487310165757747;7.487310165757747;11455.433542421655;-75465.41444433067;;0.0;0.0;XS2861000235;Bond;1565838.037610464;0.0025;7.452972868247455;0.0;7.487310165757747;0.0;0.0
300647;XS2865533462;3122028.082204306;5.379079548610118;5.379079548610118;11438.31652066367;-113048.26235906233;;0.0;0.0;XS2865533462;Bond;3008979.819845244;0.0025;5.3598221516154965;0.0;5.379079548610118;0.0;0.0
300647;XS2886143770;812954.61369863;7.677022292139816;7.677022292139817;5904.763193847472;-38287.2807976199;;0.0;0.0;XS2886143770;Bond;774667.33290101;0.0025;7.642780549357989;0.0;7.677022292139817;0.0;0.0
300647;XS2886191589;618910.273972604;4.637766815033768;4.637766815033768;1710.7076022448234;-35860.94711729245;;0.0;0.0;XS2886191589;Bond;583049.3268553115;0.0025;4.622437417823334;0.0;4.637766815033768;0.0;0.0
300647;XS2886269013;925178.0547946995;3.956945996637267;3.956945996637267;1878.7433429214257;-24592.788660516035;;0.0;0.0;XS2886269013;Bond;900585.2661341835;0.0025;3.945322475821061;0.0;3.956945996637267;0.0;0.0
300647;XS2889406497;1843921.2328812403;5.356563731348403;5.356563731348403;6738.154230600276;-123453.30576021959;;0.0;0.0;XS2889406497;Bond;1720467.9271210206;0.0025;5.336939350192143;0.0;5.356563731348403;0.0;0.0
300647;XS2892321501;3001829.9999999995;6.880626421056101;6.880626421056101;17665.2913323437;-126909.86636380295;;0.0;0.0;XS2892321501;Bond;2874920.1336361966;0.0025;6.851862953639117;0.0;6.880626421056101;0.0;0.0
300647;XS2892988192;2701362.8467911417;6.070530136225057;6.070530136225057;12519.127279256223;-100781.65310888442;;0.0;0.0;XS2892988192;Bond;2600581.193682257;0.0025;6.046799112332971;0.0;6.070530136225057;0.0;0.0
300647;XS2893176862;803247.2826306851;7.0251423490724045;7.0251423490724045;4947.469811746913;-68856.91807069852;;0.0;0.0;XS2893176862;Bond;734390.3645599866;0.0025;6.994540514530676;0.0;7.0251423490724045;0.0;0.0
300647;XS2894910665;6140091.808812828;5.431877113821551;5.431877113821552;22731.395017114857;-203653.71603409952;;0.0;0.0;XS2894910665;Bond;5936438.092778728;0.0025;5.413087180206774;0.0;5.431877113821552;0.0;0.0
300647;XS2895051212;2592595.342465661;7.049976171978964;7.049976171978964;15826.201514307108;-111906.62354437142;;0.0;0.0;XS2895051212;Bond;2480688.71892129;0.0025;7.021621943593861;0.0;7.049976171978964;0.0;0.0
300647;XS2895631567;1975985.813699996;4.3857829665379375;4.3857829665379375;4781.411461232199;-52388.42567647159;;0.0;0.0;XS2895631567;Bond;1923597.3880235245;0.0025;4.373376696749099;0.0;4.3857829665379375;0.0;0.0
300647;XS2895710783;1088537.236986335;4.824344283782;4.824344283781998;3205.918537883821;-34879.688070450364;;0.0;0.0;XS2895710783;Bond;1053657.5489158845;0.0025;4.808900977469903;0.0;4.824344283781998;0.0;0.0
300647;XS2896350175;2340100.3424657774;3.883547311707829;3.88354731170783;4593.784455941901;-156754.5050463957;;0.0;0.0;XS2896350175;Bond;2183345.837419382;0.0025;3.872175371734666;0.0;3.88354731170783;0.0;0.0
300647;XS2898168443;3237849.3043209966;4.17630320936363;4.176303209363631;6808.601113949652;-167405.49634645905;;0.0;0.0;XS2898168443;Bond;3070443.8079745374;0.0025;4.167336582216897;0.0;4.176303209363631;0.0;0.0
300647;XS2898290916;2398312.1096036644;6.828030564898256;6.828030564898256;13967.904538573468;-109325.47390107127;;0.0;0.0;XS2898290916;Bond;2288986.6357025933;0.0025;6.798984163103715;0.0;6.828030564898256;0.0;0.0
300647;XS2904504979;1242723.2876717967;3.974203547503292;3.974203547503292;2552.599915447752;-33256.675319316746;;0.0;0.0;XS2904504979;Bond;1209466.61235248;0.0025;3.9623383510242522;0.0;3.974203547503292;0.0;0.0
300647;XS2904540775;5770073.946576236;4.02699467832384;4.026994678323841;12074.38521315825;-156263.2656571673;;0.0;0.0;XS2904540775;Bond;5613810.680919069;0.0025;4.0152217035789395;0.0;4.026994678323841;0.0;0.0
300647;XS2905579095;2783892.712333686;6.256555520570393;6.256555520570393;13514.274553848298;-115481.46739563154;;0.0;0.0;XS2905579095;Bond;2668411.2449380546;0.0025;6.233055428967211;0.0;6.256555520570393;0.0;0.0
300647;XS2906211946;4846875.452054937;6.943981300380244;6.943981300380244;6990.640046340578;-206946.7580589559;;0.0;0.0;XS2906211946;Bond;4639928.6939959815;0.0025;7.028471034550862;0.0;6.943981300380244;0.0;0.0
300647;XS2911633274;1004463.8375926344;7.543799633846814;7.543799633846814;7170.720668083374;-92810.39384456485;;0.0;0.0;XS2911633274;Bond;911653.4437480695;0.0025;7.507600566553273;0.0;7.543799633846814;0.0;0.0
300647;XS2915529783;2262676.777776804;3.259023576965632;3.259023576965632;-7535.524725260768;-120677.17755620403;;0.0;0.0;XS2915529783;Bond;2141999.6002205997;0.0025;3.36883562489012;0.0;3.259023576965632;0.0;0.0
300647;XS2919680236;1391751.8136997842;8.317427464384354;8.317427464384354;11958.018395889325;-71467.09866351538;;0.0;0.0;XS2919680236;Bond;1320284.7150362688;0.0025;8.275574904035562;0.0;8.317427464384354;0.0;0.0
300647;XS2919892179;3137476.383561644;6.294359187073898;6.294359187073898;15457.944796640546;-131776.4660114171;;0.0;0.0;XS2919892179;Bond;3005699.9175502267;0.0025;6.270234779007187;0.0;6.294359187073898;0.0;0.0
300647;XS2931344217;3404760.2054794333;9.228252461147743;9.228252461147743;35761.83265477168;-192475.30602802627;;0.0;0.0;XS2931344217;Bond;3212284.899451407;0.0025;9.178567055680459;0.0;9.228252461147743;0.0;0.0
300647;XS2933692753;2909980.2739726026;9.281818476771516;9.281818476771516;30706.74561540223;-165876.91686085952;;0.0;0.0;XS2933692753;Bond;2744103.357111743;0.0025;9.233393417612238;0.0;9.281818476771516;0.0;0.0
300647;XS2939329996;3412004.9808219858;5.564917294191123;5.5649172941911225;13299.58977303494;-237888.0508944657;;0.0;0.0;XS2939329996;Bond;3174116.92992752;0.0025;5.544891027588033;0.0;5.5649172941911225;0.0;0.0
300647;XS2940309649;2121330.8220870364;4.976196459560073;4.976196459560073;6583.2049389505055;-71144.66958725837;;0.0;0.0;XS2940309649;Bond;2050186.1524997782;0.0025;4.9605193565656105;0.0;4.976196459560073;0.0;0.0
300647;XS2941605409;3270503.4246582966;5.678235329881889;5.678235329881889;13136.293065186344;-231948.73729508373;;0.0;0.0;XS2941605409;Bond;3038554.687363213;0.0025;5.658426305046423;0.0;5.678235329881889;0.0;0.0
300647;XS2948768556;959319.8520547944;8.31117192849632;8.31117192849632;8085.235521573664;-48917.49939331344;;0.0;0.0;XS2948768556;Bond;910402.352661481;0.0025;8.273158587259113;0.0;8.31117192849632;0.0;0.0
300647;XS2950722616;2200060.2739731497;4.24394166528579;4.24394166528579;5028.420055174534;-62670.019990806206;;0.0;0.0;XS2950722616;Bond;2137390.2539823437;0.0025;4.23182969590877;0.0;4.24394166528579;0.0;0.0
300647;XS2957380228;1147204.991780822;7.298061808553204;7.298061808553204;7431.549610777933;-51208.00940717556;;0.0;0.0;XS2957380228;Bond;1095996.9823736465;0.0025;7.269267039912783;0.0;7.298061808553204;0.0;0.0
300647;XS2958382645;1008963.0136986343;2.546978548484305;2.546978548484305;916.8079473377632;-17160.651924158065;;0.0;0.0;XS2958382645;Bond;991802.3617744762;0.0025;2.5404797082205492;0.0;2.546978548484305;0.0;0.0
300647;XS2969693113;1906144.8082207125;5.803058311083186;5.803058311083186;-620.085100684766;-67652.93979167484;;0.0;0.0;XS2969693113;Bond;1838491.8684290377;0.0025;5.895379737887296;0.0;5.803058311083186;0.0;0.0
300647;XS2970154436;986477.123322804;6.648835271523587;6.648835271523586;5314.563204151231;-44098.09940701681;;0.0;0.0;XS2970154436;Bond;942379.0239157872;0.0025;6.6246673833409435;0.0;6.648835271523586;0.0;0.0
300647;XS2971648725;2569012.131507167;7.980745653352217;7.980745653352217;20353.19804025837;-251517.17320246625;;0.0;0.0;XS2971648725;Bond;2317494.958304701;0.0025;7.941911965600078;0.0;7.980745653352217;0.0;0.0
300647;XS2974156031;2795079.6712435614;5.753308565947425;5.753308565947424;11454.458819879836;-106715.01574412979;;0.0;0.0;XS2974156031;Bond;2688364.655499432;0.0025;5.733607976026916;0.0;5.753308565947424;0.0;0.0
300647;XS2975137618;3011363.424660693;4.166932870341092;4.166932870341092;6719.126845251942;-216659.92874116002;;0.0;0.0;XS2975137618;Bond;2794703.495919533;0.0025;4.154559759870992;0.0;4.166932870341092;0.0;0.0
300647;XS2975316899;3820665.390421547;4.346356470389054;4.346356470389054;9115.634671891677;-111387.02362289547;;0.0;0.0;XS2975316899;Bond;3709278.3667986514;0.0025;4.333936601489485;0.0;4.346356470389054;0.0;0.0
300647;XS2979680332;786041.3808271833;7.841553864145394;7.841553864145394;5999.712748499846;-77110.32033402308;;0.0;0.0;XS2979680332;Bond;708931.0604931602;0.0025;7.8044582696944635;0.0;7.841553864145394;0.0;0.0
300647;XS2983840518;974046.1643867672;5.920302103425744;5.920302103425744;4198.9932955704335;-38832.87494231902;;0.0;0.0;XS2983840518;Bond;935213.2894444482;0.0025;5.900155118641875;0.0;5.920302103425744;0.0;0.0
300647;XS2986639701;2161585.589041096;7.974443903397536;7.974443903397537;16828.843530103444;-105953.96386292348;;0.0;0.0;XS2986639701;Bond;2055631.6251781727;0.0025;7.938787886537987;0.0;7.974443903397537;0.0;0.0
300647;XS2986720907;2391192.0854823;4.718324043955462;4.718324043955462;6697.741923787351;-140687.9296463141;;0.0;0.0;XS2986720907;Bond;2250504.1558359857;0.0025;4.703955363624881;0.0;4.718324043955462;0.0;0.0
300647;XS2994509706;3933889.947945496;5.952595616120761;5.952595616120761;17021.250578787432;-142609.0444917189;;0.0;0.0;XS2994509706;Bond;3791280.903453777;0.0025;5.9330084953072015;0.0;5.952595616120761;0.0;0.0
300647;XS2997384776;770212.7123287668;9.433877464618984;9.433877464618984;6328.265379413979;-44612.17590229111;;0.0;0.0;XS2997384776;Bond;725600.5364264757;0.0025;9.450966156470662;0.0;9.433877464618984;0.0;0.0
300647;XS2997534768;1567987.9452057653;5.948753795914044;5.948753795914044;6778.407950996822;-56807.02896489715;;0.0;0.0;XS2997534768;Bond;1511180.9162408682;0.0025;5.929148037982669;0.0;5.948753795914044;0.0;0.0
300647;XS2999533438;889161.6575348078;6.634714547850801;6.634714547850801;4781.440060958236;-36188.87040503061;;0.0;0.0;XS2999533438;Bond;852972.7871297773;0.0025;6.61032639286088;0.0;6.634714547850801;0.0;0.0
300647;XS3002420902;2546914.7672880087;8.10022591176314;8.10022591176314;20340.65889143037;-126895.13151815155;;0.0;0.0;XS3002420902;Bond;2420019.635769857;0.0025;8.06460026947132;0.0;8.10022591176314;0.0;0.0
300647;XS3004194885;1717638.1643835611;9.378201113006922;9.378201113006922;18509.03173911863;-99325.28660779877;;0.0;0.0;XS3004194885;Bond;1618312.8777757622;0.0025;9.328681204551737;0.0;9.378201113006922;0.0;0.0
300647;XS3005215093;1338602.712384034;13.725927714112483;13.725927714112483;32530.34230851546;-113029.47938963969;;0.0;0.0;XS3005215093;Bond;1225573.2329943944;0.0025;13.589387555185086;0.0;13.725927714112483;0.0;0.0
300647;XS3025207807;1294192.7397260757;5.816173219673464;5.816173219673464;5394.297283090018;-93938.48406670056;;0.0;0.0;XS3025207807;Bond;1200254.255659375;0.0025;5.796540927719827;0.0;5.816173219673464;0.0;0.0
300647;XS3040316898;2900733.3272638954;2.802019433099987;2.802019433099987;-11332.028275795736;-49756.808853527786;;0.0;0.0;XS3040316898;Bond;2850976.5184103674;0.0025;2.919312917544661;0.0;2.802019433099987;0.0;0.0
300661;AT0000A1ZGE4;9586013.698630227;2.8065145947626227;2.8065145947626227;10215.479762116303;-110163.61262215053;;0.0;0.0;AT0000A1ZGE4;Bond;9475850.086008076;0.0025;2.7995642789530755;0.0;2.8065145947626227;0.0;0.0
300661;AT0000A2WSC8;4401808.21925077;6.5076232560161245;6.5076232560161245;21775.432091168608;-117858.64669652627;;0.0;0.0;AT0000A2WSC8;Bond;4283949.572554244;0.0025;6.48982293576274;0.0;6.5076232560161245;0.0;0.0
300661;AT0000A2Y8G4;11245705.479400972;17.757605166652827;17.757605166652827;444381.02166233433;-820397.8161803375;;0.0;0.0;AT0000A2Y8G4;Bond;10425307.663220635;0.0025;17.55804602577771;0.0;17.757605166652827;0.0;0.0
300661;AT0000A33SH3;20841780.82192189;3.781629032420545;3.781629032420545;38978.07268448711;-323175.4565728531;;0.0;0.0;AT0000A33SH3;Bond;20518605.365349036;0.0025;3.770626098628237;0.0;3.781629032420545;0.0;0.0
300661;AT0000A3D3Q8;1510524.2083988313;10.983407858428128;10.983407858428128;22806.115612672413;-68212.40558762637;;0.0;0.0;AT0000A3D3Q8;Bond;1442311.802811205;0.0025;10.907542319327794;0.0;10.983407858428128;0.0;0.0
300661;AT0000A3HU25;5447154.197544726;8.41510779333806;8.41510779333806;46312.53081410032;-188701.3849030693;;0.0;0.0;AT0000A3HU25;Bond;5258452.812641656;0.0025;8.379589101097409;0.0;8.41510779333806;0.0;0.0
300661;AT000B122155;2073424.3835616435;1.8576746857900204;1.85767468579002;1098.182562664364;-25766.000979541295;;0.0;0.0;AT000B122155;Bond;2047658.3825821022;0.0025;1.8530609042127113;0.0;1.85767468579002;0.0;0.0
300661;BE0000291972;10924820.547945306;2.7816968795539343;2.7816968795539343;11658.042731199512;-124453.93613514805;;0.0;0.0;BE0000291972;Bond;10800366.611810157;0.0025;2.7743635918514022;0.0;2.7816968795539343;0.0;0.0
300661;BE0000326356;5342643.835664177;6.085706132114593;6.085706132114593;24295.30754377071;-133854.22683339604;;0.0;0.0;BE0000326356;Bond;5208789.608830782;0.0025;6.064609889285333;0.0;6.085706132114593;0.0;0.0
300661;BE0000346552;13335698.631343484;7.367802948964433;7.367802948964433;85085.8145517151;-404712.22706430673;;0.0;0.0;BE0000346552;Bond;12930986.404279178;0.0025;7.344006643643631;0.0;7.367802948964433;0.0;0.0
300661;BE0000347568;9447534.2465779;4.0353626348463765;4.0353626348463765;19349.111490823645;-156350.13888321174;;0.0;0.0;BE0000347568;Bond;9291184.107694687;0.0025;4.024871528382521;0.0;4.0353626348463765;0.0;0.0
300661;BE0000356650;14088636.986301342;11.013738128831047;11.013738128831047;211711.2143595888;-638247.1603317834;;0.0;0.0;BE0000356650;Bond;13450389.825969558;0.0025;10.941316950615706;0.0;11.013738128831047;0.0;0.0
300661;BE0000361700;3292593.835614682;17.347027105199363;17.347027105199363;141652.17252164474;-233211.42405742645;;0.0;0.0;BE0000361700;Bond;3059382.411557256;0.0025;17.023789141714605;0.0;17.347027105199363;0.0;0.0
300661;BE0390130939;2191164.3835616126;4.20575821885076;4.20575821885076;5183.31694454612;-115385.80350451989;;0.0;0.0;BE0390130939;Bond;2075778.5800570927;0.0025;4.19084038264138;0.0;4.20575821885076;0.0;0.0
300661;BE0974365976;1948417.8082191776;1.1739954115275564;1.1739954115275564;491.71036131667734;-15287.983898826682;;0.0;0.0;BE0974365976;Bond;1933129.824320351;0.0025;1.1711319765235182;0.0;1.1739954115275564;0.0;0.0
300661;CSH_EUR_DB;628260.57;0.0;0.0;0.0;0.0;;0.0;0.0;;Cash;628260.57;0.0;0.0;0.0;0.0;0.0;0.0
300661;DE0001030708;13282050.000054384;5.255071777029817;5.255071777029817;43503.059421646154;-285727.8263025398;;0.0;0.0;DE0001030708;Bond;12996322.173751844;0.0025;5.242228045889386;0.0;5.255071777029817;0.0;0.0
300661;DE0001030724;7044149.999308745;24.630643039359008;24.630643039359008;444187.47648811;-715454.0514366406;;0.0;0.0;DE0001030724;Bond;6328695.947872105;0.0025;24.570873474565236;0.0;24.630643039359008;0.0;0.0
300661;DE0001030732;12887250.000207186;6.225324101704248;6.225324101704248;57778.04799693188;-328783.7589093954;;0.0;0.0;DE0001030732;Bond;12558466.24129779;0.0025;6.210127010457481;0.0;6.225324101704248;0.0;0.0
300661;DE0001030740;19764158.90410965;2.454074184396112;2.454074184396112;16777.294198365234;-197933.56211258553;;0.0;0.0;DE0001030740;Bond;19566225.341997065;0.0025;2.447908517483962;0.0;2.454074184396112;0.0;0.0
300661;DE0001030757;11598807.53380558;20.48566996265486;20.485669962654857;613006.2866245185;-973270.5780623251;;0.0;0.0;DE0001030757;Bond;10625536.955743255;0.0025;20.213556583796972;0.0;20.485669962654857;0.0;0.0
300661;DE000BU3Z005;14751339.041868407;7.087781503541633;7.087781503541633;88113.53034332789;-428921.1435846536;;0.0;0.0;DE000BU3Z005;Bond;14322417.898283754;0.0025;7.064041710141556;0.0;7.087781503541633;0.0;0.0
300661;DE000CZ45Y55;1971335.0685245993;5.656040283574528;5.656040283574528;7837.742628376404;-139418.660298703;;0.0;0.0;DE000CZ45Y55;Bond;1831916.4082258963;0.0025;5.636620884760696;0.0;5.656040283574528;0.0;0.0
300661;ES0000012F43;4587260.9589065695;4.409293421762556;4.409293421762556;10971.207592419882;-83045.89957501306;;0.0;0.0;ES0000012F43;Bond;4504215.059331557;0.0025;4.398106380156868;0.0;4.409293421762556;0.0;0.0
300661;ES0000012I08;9376400.000000063;2.774691841239094;2.774691841239094;9762.117336732927;-106454.25095890483;;0.0;0.0;ES0000012I08;Bond;9269945.749041159;0.0025;2.767910702287351;0.0;2.774691841239094;0.0;0.0
300661;ES0000012I32;4300692.465826027;6.289477964116632;6.289477964116632;19840.45500702707;-111356.1181497474;;0.0;0.0;ES0000012I32;Bond;4189336.3476762795;0.0025;6.273038887216567;0.0;6.289477964116632;0.0;0.0
300661;ES0000012J07;9779773.97260198;14.84373301994437;14.84373301994437;247477.34138628503;-600263.9820892246;;0.0;0.0;ES0000012J07;Bond;9179509.990512755;0.0025;14.761948633274613;0.0;14.84373301994437;0.0;0.0
300661;ES0000012L60;5230606.16438356;10.61358816220832;10.61358816220832;75198.0580015929;-228327.60594850976;;0.0;0.0;ES0000012L60;Bond;5002278.558435051;0.0025;10.535795108778672;0.0;10.61358816220832;0.0;0.0
300661;ES0000012M93;4975339.726022106;16.744043035980404;16.744043035980404;199357.72268532173;-337193.3124376722;;0.0;0.0;ES0000012M93;Bond;4638146.4135844335;0.0025;16.443221282242174;0.0;16.744043035980404;0.0;0.0
300661;ES0000012N35;10248926.027397262;7.956635269934285;7.956635269934288;79495.56193318975;-336069.0273688427;;0.0;0.0;ES0000012N35;Bond;9912857.000028418;0.0025;7.920993449841463;0.0;7.956635269934288;0.0;0.0
300661;ES0000012N43;5166366.438386716;5.575186490007742;5.575186490007742;19963.353970038697;-118469.58681141317;;0.0;0.0;ES0000012N43;Bond;5047896.851575303;0.0025;5.556290763510178;0.0;5.575186490007742;0.0;0.0
300661;ES0000012O00;10067843.835622456;4.464568092660175;4.464568092660175;25123.49690510343;-184594.42027256615;;0.0;0.0;ES0000012O00;Bond;9883249.41534989;0.0025;4.452013518160132;0.0;4.464568092660175;0.0;0.0
300661;ES0213679JR9;1900851.85726028;2.43008547055148;2.430085470551479;1577.5097272908504;-30870.50937258051;;0.0;0.0;ES0213679JR9;Bond;1869981.3478876995;0.0025;2.4241013541133882;0.0;2.430085470551479;0.0;0.0
300661;FI4000369467;9197386.301374653;4.300818568156293;4.300818568156293;21008.57985355403;-162449.4137392438;;0.0;0.0;FI4000369467;Bond;9034936.88763541;0.0025;4.289956413507668;0.0;4.300818568156293;0.0;0.0
300661;FI4000507231;4231473.287732363;6.2578026319721545;6.2578026319721545;19198.371431771997;-108891.81801724731;;0.0;0.0;FI4000507231;Bond;4122581.4697151156;0.0025;6.242276819948417;0.0;6.2578026319721545;0.0;0.0
300661;FI4000571104;5045858.904109589;7.994434371085787;7.994434371085785;39206.67379637556;-166053.87094021335;;0.0;0.0;FI4000571104;Bond;4879805.033169376;0.0025;7.959960088722367;0.0;7.994434371085785;0.0;0.0
300661;FR0000571218;11631328.767124625;3.517812021028829;3.517812021028829;19688.52938545692;-188916.1697952807;;0.0;0.0;FR0000571218;Bond;11442412.597329345;0.0025;3.5064316394405073;0.0;3.517812021028829;0.0;0.0
300661;FR0010171975;3588760.958902784;16.604967165956474;16.604967165956474;144605.21950638012;-274100.13299681304;;0.0;0.0;FR0010171975;Bond;3314660.825905971;0.0025;16.286931693779394;0.0;16.604967165956474;0.0;0.0
300661;FR0013234333;12046150.68493144;11.845821393183645;11.845821393183645;200575.3162752168;-662634.0530801197;;0.0;0.0;FR0013234333;Bond;11383516.631851321;0.0025;11.78036576915689;0.0;11.845821393183645;0.0;0.0
300661;FR0013313582;8487164.383561647;8.269323222031849;8.269323222031849;67662.57195643857;-326135.8372750756;;0.0;0.0;FR0013313582;Bond;8161028.546286571;0.0025;8.240968953488162;0.0;8.269323222031849;0.0;0.0
300661;FR0013384567;1912713.698630371;3.4813449913429544;3.481344991342955;3001.3629715081606;-41119.25414488736;;0.0;0.0;FR0013384567;Bond;1871594.4444854835;0.0025;3.472415279196608;0.0;3.481344991342955;0.0;0.0
300661;FR0013407236;9231465.75342678;3.994786739728948;3.994786739728948;18463.892172420736;-170344.71376989834;;0.0;0.0;FR0013407236;Bond;9061121.039656883;0.0025;3.9846799408624642;0.0;3.994786739728948;0.0;0.0
300661;FR0013451507;8851000.000007117;4.534326260862276;4.534326260862275;22107.22298558564;-185616.38219193008;;0.0;0.0;FR0013451507;Bond;8665383.617815187;0.0025;4.523283820692373;0.0;4.534326260862275;0.0;0.0
300661;FR0013463775;1837068.4931534675;4.82324689424852;4.82324689424852;5303.490062693101;-110738.18952569905;;0.0;0.0;FR0013463775;Bond;1726330.3036277685;0.0025;4.8092328946577005;0.0;4.82324689424852;0.0;0.0
300661;FR0013536661;1906609.5890410976;2.379962450172111;2.379962450172111;1528.2206411449145;-30394.50607880606;;0.0;0.0;FR0013536661;Bond;1876215.0829622915;0.0025;2.3740845454080928;0.0;2.379962450172111;0.0;0.0
300661;FR0014002JM6;8334328.76708654;17.203900056343674;17.20390005634367;273606.63729538035;-668233.0482409657;;0.0;0.0;FR0014002JM6;Bond;7666095.718845574;0.0025;17.12311362423995;0.0;17.20390005634367;0.0;0.0
300661;FR0014002WK3;11839680.000203716;6.461874670193612;6.461874670193612;56866.4239067665;-354703.83781432244;;0.0;0.0;FR0014002WK3;Bond;11484976.162389394;0.0025;6.446188299919522;0.0;6.461874670193612;0.0;0.0
300661;FR0014007LL3;1922082.191780822;1.7376894565490986;1.7376894565490986;906.1436689883357;-22322.009889097862;;0.0;0.0;FR0014007LL3;Bond;1899760.181891724;0.0025;1.7334524040597314;0.0;1.7376894565490986;0.0;0.0
300661;FR001400AIN5;19135972.60273992;2.818349611462019;2.818349611462019;20539.183043265155;-248341.58105803706;;0.0;0.0;FR001400AIN5;Bond;18887631.021681882;0.0025;2.8113741375486248;0.0;2.818349611462019;0.0;0.0
300661;FR001400KZQ1;2137890.410958912;3.133992608559859;3.133992608559859;2855.6573816739647;-45038.77385987053;;0.0;0.0;FR001400KZQ1;Bond;2092851.6370990416;0.0025;3.125153980447642;0.0;3.133992608559859;0.0;0.0
300661;FR001400NBC6;10181767.123287693;2.3589377648680045;2.3589377648680045;8126.703221479903;-110538.53565772617;;0.0;0.0;FR001400NBC6;Bond;10071228.587629966;0.0025;2.3528951744484026;0.0;2.3589377648680045;0.0;0.0
300661;FR001400NEF3;17562630.13695833;15.876020561798798;15.876020561798798;592663.8073629489;-1282774.4787828554;;0.0;0.0;FR001400NEF3;Bond;16279855.658175476;0.0025;15.662497337488613;0.0;15.876020561798798;0.0;0.0
300661;FR001400OHF4;3098209.5890392554;17.451911136370192;17.451911136370196;134621.74051784803;-249085.61582846346;;0.0;0.0;FR001400OHF4;Bond;2849123.973210792;0.0025;17.12704755751933;0.0;17.451911136370196;0.0;0.0
300661;FR001400OR98;1500212.5865002973;7.553545322863355;7.553545322863355;10633.950164058777;-70298.41857816585;;0.0;0.0;FR001400OR98;Bond;1429914.1679221315;0.0025;7.5189780520894;0.0;7.553545322863355;0.0;0.0
300661;FR001400PM68;10041616.438363988;4.523752463031563;4.523752463031563;25657.446522962004;-209990.28792975974;;0.0;0.0;FR001400PM68;Bond;9831626.150434228;0.0025;4.511035524159452;0.0;4.523752463031563;0.0;0.0
300661;FR001400PNN3;1512051.4046710078;7.5393306981925665;7.5393306981925665;10682.19155797565;-52994.04386968106;;0.0;0.0;FR001400PNN3;Bond;1459057.3608013268;0.0025;7.5048169335766595;0.0;7.5393306981925665;0.0;0.0
300661;FR001400QMF9;9787561.643835615;8.140880852764038;8.14088085276404;78529.97317979502;-369968.37805980974;;0.0;0.0;FR001400QMF9;Bond;9417593.265775805;0.0025;8.105979553217665;0.0;8.14088085276404;0.0;0.0
300661;FR001400SVC3;1965491.232876712;7.760649213460176;7.760649213460176;14624.124868856105;-102808.81870214797;;0.0;0.0;FR001400SVC3;Bond;1862682.414174564;0.0025;7.725207336835932;0.0;7.760649213460176;0.0;0.0
300661;IE000GVLBXU6;14548191.78082169;13.734680215462827;13.734680215462827;344669.5365949774;-820272.1225493507;;0.0;0.0;IE000GVLBXU6;Bond;13727919.658272339;0.0025;13.613994510915266;0.0;13.734680215462827;0.0;0.0
300661;IE00BFZRQ242;9311808.2192559;5.612312591747369;5.6123125917473695;35057.81872610729;-214547.18938135583;;0.0;0.0;IE00BFZRQ242;Bond;9097261.029874545;0.0025;5.5969357818503775;0.0;5.6123125917473695;0.0;0.0
300661;IT0005083057;4256088.282607757;14.650417893191268;14.650417893191266;117356.93111712448;-374566.1499068025;;0.0;0.0;IT0005083057;Bond;3881522.132700954;0.0025;14.497657381055912;0.0;14.650417893191266;0.0;0.0
300661;IT0005323032;9940473.19889513;2.734256966647448;2.734256966647448;8901.316184142011;-165045.1037295729;;0.0;0.0;IT0005323032;Bond;9775428.095165558;0.0025;2.7305608191127333;0.0;2.734256966647448;0.0;0.0
300661;IT0005383309;10296750.332981486;4.7445210440122745;4.7445210440122745;26223.940289319515;-297404.54116331565;;0.0;0.0;IT0005383309;Bond;9999345.79181817;0.0025;4.737126815221471;0.0;4.7445210440122745;0.0;0.0
300661;IT0005433690;9394039.956521863;2.9120258535879016;2.9120258535879016;9334.0134177426;-166227.3615200477;;0.0;0.0;IT0005433690;Bond;9227812.595001815;0.0025;2.9083853363544714;0.0;2.9120258535879016;0.0;0.0
300661;IT0005542359;10651173.96714725;5.691131640385722;5.691131640385722;40602.5648218481;-369003.5066643525;;0.0;0.0;IT0005542359;Bond;10282170.460482897;0.0025;5.676803408880266;0.0;5.691131640385722;0.0;0.0
300661;IT0005580136;2114500.000000024;3.416847732226664;3.4168477322266635;3275.079558663986;-48640.66574647935;;0.0;0.0;IT0005580136;Bond;2065859.334253545;0.0025;3.4073131748945444;0.0;3.4168477322266635;0.0;0.0
300661;IT0005582421;10204347.890109891;10.599366515612608;10.599366515612608;143864.59621373145;-654734.4743629971;;0.0;0.0;IT0005582421;Bond;9549613.415746894;0.0025;10.527773878015383;0.0;10.599366515612608;0.0;0.0
300661;IT0005596470;10252974.879120871;9.63915140724145;9.63915140724145;116627.68324426954;-599805.9858795716;;0.0;0.0;IT0005596470;Bond;9653168.8932413;0.0025;9.587059277682963;0.0;9.63915140724145;0.0;0.0
300661;IT0005607970;20270396.165745854;8.089143369386933;8.089143369386933;156578.21776926547;-997740.1801839424;;0.0;0.0;IT0005607970;Bond;19272655.98556191;0.0025;8.059617034652419;0.0;8.089143369386933;0.0;0.0
300661;IT0005611055;10218976.8241783;4.126237530251761;4.126237530251761;20388.65012448596;-256692.06344740873;;0.0;0.0;IT0005611055;Bond;9962284.760730892;0.0025;4.118922738206461;0.0;4.126237530251761;0.0;0.0
300661;IT0005611741;4916435.340658265;16.004733836597318;16.004733836597318;183439.3984987001;-468278.52435684775;;0.0;0.0;IT0005611741;Bond;4448156.816301418;0.0025;15.712326008307514;0.0;16.004733836597318;0.0;0.0
300661;IT0005619546;10032038.541496662;5.865126115417572;5.8651261154175724;39943.59847349728;-358583.4120532286;;0.0;0.0;IT0005619546;Bond;9673455.129443433;0.0025;5.851585292020263;0.0;5.8651261154175724;0.0;0.0
300661;IT0005631608;9768778.02197726;13.76883731090252;13.76883731090252;244309.26972535937;-806286.151051383;;0.0;0.0;IT0005631608;Bond;8962491.870925877;0.0025;13.617559650263097;0.0;13.76883731090252;0.0;0.0
300661;LU1717592346;15209051.670399986;1.074222439931247;1.035547902975288;-33765.51713617373;2929.11621441257;;0.0;5772.145821952426;LU1717592346;Fund Unit;15211980.7866144;0.0025;1.13260966268456;0.0;1.035547902975288;0.0;5773.25748139612
300661;NL0000102317;11002013.698630191;2.5915848558433026;2.5915848558433017;10414.875739616522;-116755.318374998;;0.0;0.0;NL0000102317;Bond;10885258.380255193;0.0025;2.5847097962221426;0.0;2.5915848558433017;0.0;0.0
300661;NL0013552060;10384910.95890403;13.71320926350402;13.71320926350402;215044.3087767252;-587278.0512681466;;0.0;0.0;NL0013552060;Bond;9797632.907635882;0.0025;13.66565500709995;0.0;13.71320926350402;0.0;0.0
300661;NL0015001DQ7;5043184.931510393;4.449302560568837;4.449302560568837;12492.620493640325;-91960.83714767109;;0.0;0.0;NL0015001DQ7;Bond;4951224.094362722;0.0025;4.436865064556667;0.0;4.449302560568837;0.0;0.0
300661;NL0015001RG8;15234274.38287618;13.844482010765056;13.844482010765056;366581.52017275215;-864580.6750737258;;0.0;0.0;NL0015001RG8;Bond;14369693.707802454;0.0025;13.722082568841353;0.0;13.844482010765056;0.0;0.0
300661;NL0015001XZ6;9870397.26027397;8.009685126366934;8.00968512636693;76314.89843365944;-325195.29727868544;;0.0;0.0;NL0015001XZ6;Bond;9545201.962995285;0.0025;7.976780397793841;0.0;8.00968512636693;0.0;0.0
300661;UBM25 Cmdty;0.0;0.0;0.0;-799068.5491757101;1266292.2575252403;;0.0;0.0;;Bond Future;1266292.2575252403;0.0025;0.0;0.0;0.0;0.0;0.0
300661;XS1909186451;1930890.1370041673;5.091656629325096;5.091656629325096;6177.712139678308;-66045.71565961603;;0.0;0.0;XS1909186451;Bond;1864844.4213445513;0.0025;5.076483759512618;0.0;5.091656629325096;0.0;0.0
300661;XS2001183164;1969841.6438356163;2.043480042914792;2.0434800429147915;-158.08407710954444;-26211.75634430941;;0.0;0.0;XS2001183164;Bond;1943629.887491307;0.0025;2.055925874014247;0.0;2.0434800429147915;0.0;0.0
300661;XS2201857534;1891904.931508028;5.5164116207348215;5.516411620734821;-6912.654246868817;-125006.09232539701;;0.0;0.0;XS2201857534;Bond;1766898.8391826309;0.0025;5.683833772335965;0.0;5.516411620734821;0.0;0.0
300661;XS2297549391;931934.931506852;2.763381200063032;2.763381200063032;963.833691747371;-17248.626124049733;;0.0;0.0;XS2297549391;Bond;914686.3053828023;0.0025;2.756616176022804;0.0;2.763381200063032;0.0;0.0
300661;XS2311407352;1953798.082100756;1.0753457357773704;1.0753457357773704;430.9570589077387;-14077.769864144619;;0.0;0.0;XS2311407352;Bond;1939720.3122366113;0.0025;1.0727223068964555;0.0;1.0753457357773704;0.0;0.0
300661;XS2314312179;1740684.9315667478;5.988371259814142;5.988371259814142;7450.198733750433;-129796.37681981042;;0.0;0.0;XS2314312179;Bond;1610888.5547469375;0.0025;5.971021770157559;0.0;5.988371259814142;0.0;0.0
300661;XS2325328313;1763698.6301369856;5.413793084154758;5.413793084154758;6295.30905627572;-119553.7608251251;;0.0;0.0;XS2325328313;Bond;1644144.8693118605;0.0025;5.397831495164789;0.0;5.413793084154758;0.0;0.0
300661;XS2340236327;1972479.4520547965;1.3102321367712348;1.3102321367712348;591.8585510578117;-31968.52371365722;;0.0;0.0;XS2340236327;Bond;1940510.9283411393;0.0025;1.307022453452041;0.0;1.3102321367712348;0.0;0.0
300661;XS2353366268;1926308.2191780831;2.1216070752612057;2.1216070752612057;1272.088938630853;-27347.325874760892;;0.0;0.0;XS2353366268;Bond;1898960.8933033221;0.0025;2.116350700855274;0.0;2.1216070752612057;0.0;0.0
300661;XS2356569736;1942856.164383562;1.424075170690268;1.4240751706902677;663.4910088010314;-34319.91772219425;;0.0;0.0;XS2356569736;Bond;1908536.2466613678;0.0025;1.4206075734920103;0.0;1.4240751706902677;0.0;0.0
300661;XS2357417257;1859589.041095905;3.0976555210647727;3.0976555210647727;2358.957675864415;-38698.96783365257;;0.0;0.0;XS2357417257;Bond;1820890.0732622524;0.0025;3.08993076806448;0.0;3.0976555210647727;0.0;0.0
300661;XS2360310044;1869291.78082195;3.1155725533743155;3.1155725533743155;2399.380185648304;-39071.72787072225;;0.0;0.0;XS2360310044;Bond;1830220.0529512276;0.0025;3.107750105875889;0.0;3.1155725533743155;0.0;0.0
300661;XS2498154207;4925910.273975579;4.323652803496552;4.323652803496552;11544.702532846652;-87372.775970218;;0.0;0.0;XS2498154207;Bond;4838537.498005361;0.0025;4.311796015825385;0.0;4.323652803496552;0.0;0.0
300661;XS2524746687;2082000.0;6.8448677867577405;6.8448677867577405;12250.748593345414;-177438.25852852254;;0.0;0.0;XS2524746687;Bond;1904561.7414714776;0.0025;6.8148951951804415;0.0;6.8448677867577405;0.0;0.0
300661;XS2528858033;2099566.9589041104;2.256388573123972;2.256388573123973;1564.4787909608108;-31690.682195578665;;0.0;0.0;XS2528858033;Bond;2067876.2767085317;0.0025;2.2504882076926744;0.0;2.256388573123973;0.0;0.0
300661;XS2532312548;2028469.3150692647;3.952100507124943;3.952100507124943;4082.057199175355;-48195.64815247462;;0.0;0.0;XS2532312548;Bond;1980273.6669167902;0.0025;3.940838677758011;0.0;3.952100507124943;0.0;0.0
300661;XS2536941656;2092949.315069229;4.369461326416287;4.369461326416287;5079.72352202117;-61399.13238505145;;0.0;0.0;XS2536941656;Bond;2031550.1826841778;0.0025;4.356515188184222;0.0;4.369461326416287;0.0;0.0
300661;XS2555420103;2136094.5205479446;1.5294314164698997;1.5294314164698997;827.4717355760688;-21888.297810157284;;0.0;0.0;XS2555420103;Bond;2114206.2227377873;0.0025;1.5255949177945318;0.0;1.5294314164698997;0.0;0.0
300661;XS2555925218;2156047.9452054827;2.64540964215928;2.64540964215928;2109.4180802096434;-38224.23669142942;;0.0;0.0;XS2555925218;Bond;2117823.7085140534;0.0025;2.6384458093781515;0.0;2.64540964215928;0.0;0.0
300661;XS2573569576;2103082.191781491;4.27475089310184;4.2747508931018405;4909.827091832568;-60285.89364846761;;0.0;0.0;XS2573569576;Bond;2042796.2981330235;0.0025;4.262069970992213;0.0;4.2747508931018405;0.0;0.0
300661;XS2575971994;2078259.1780822007;2.6115091769419387;2.6115091769419387;1979.5169370343576;-36308.37108531625;;0.0;0.0;XS2575971994;Bond;2041950.8069968845;0.0025;2.6047469272865498;0.0;2.6115091769419387;0.0;0.0
300661;XS2592650373;1041900.6849315068;1.8367958490587464;1.8367958490587464;541.8615867114348;-12802.485359260452;;0.0;0.0;XS2592650373;Bond;1029098.1995722463;0.0025;1.8322286393981702;0.0;1.8367958490587464;0.0;0.0
300661;XS2609970848;2262863.2876713104;5.993920148474639;5.993920148474639;10670.974568885442;-167129.65237465745;;0.0;0.0;XS2609970848;Bond;2095733.635296653;0.0025;5.9658454540166845;0.0;5.993920148474639;0.0;0.0
300661;XS2616652637;2251157.5342465746;6.603164862149565;6.603164862149565;12680.694831988476;-184737.4793455508;;0.0;0.0;XS2616652637;Bond;2066420.0549010239;0.0025;6.571345166747722;0.0;6.603164862149565;0.0;0.0
300661;XS2637421848;2188657.534246593;3.686689163525144;3.686689163525145;3980.129679195628;-54182.188266206176;;0.0;0.0;XS2637421848;Bond;2134475.3459803867;0.0025;3.6752052168696983;0.0;3.686689163525145;0.0;0.0
300661;XS2643234011;2211232.6027401933;4.459901350056891;4.459901350056891;5758.487153954539;-66339.9699767576;;0.0;0.0;XS2643234011;Bond;2144892.6327634356;0.0025;4.444523204343953;0.0;4.459901350056891;0.0;0.0
300661;XS2675722750;2152849.3150684936;2.227802306814771;2.227802306814771;1577.226300675267;-32132.068699045885;;0.0;0.0;XS2675722750;Bond;2120717.2463694476;0.0025;2.2218944968459;0.0;2.227802306814771;0.0;0.0
300661;XS2723860990;2089616.4383561905;3.5055132924472003;3.505513292447201;3381.0938093744358;-91218.46385434199;;0.0;0.0;XS2723860990;Bond;1998397.9745018485;0.0025;3.4957837215172063;0.0;3.505513292447201;0.0;0.0
300661;XS2768793676;1473377.054794514;8.839711252187389;8.839711252187389;13986.261351123834;-53322.63459015227;;0.0;0.0;XS2768793676;Bond;1420054.420204362;0.0025;8.797746092938121;0.0;8.839711252187389;0.0;0.0
300661;XS2788435050;20368578.082191776;7.609136244287844;7.609136244287842;142890.470922186;-638909.7297473087;;0.0;0.0;XS2788435050;Bond;19729668.352444466;0.0025;7.578502621390332;0.0;7.609136244287842;0.0;0.0
300661;XS2804565435;2092399.726027648;3.6086693827442007;3.6086693827442007;3629.2398375671337;-50648.537249125075;;0.0;0.0;XS2804565435;Bond;2041751.188778523;0.0025;3.5978634479465934;0.0;3.6086693827442007;0.0;0.0
300661;XS2930111096;1994198.6301369816;5.67355435034574;5.67355435034574;7988.736901450535;-140998.40389938134;;0.0;0.0;XS2930111096;Bond;1853200.2262376002;0.0025;5.653877683727031;0.0;5.67355435034574;0.0;0.0
300661;XS2941605409;1982123.2876716952;5.678235329881888;5.678235329881888;7961.389736476573;-140574.99230005074;;0.0;0.0;XS2941605409;Bond;1841548.2953716444;0.0025;5.658426305046422;0.0;5.678235329881888;0.0;0.0
300661;XS2958382645;2017926.0273972687;2.546978548484305;2.546978548484305;1833.6158946755263;-34321.30384831613;;0.0;0.0;XS2958382645;Bond;1983604.7235489525;0.0025;2.5404797082205492;0.0;2.546978548484305;0.0;0.0
300661;XS2980741099;2030199.8862204356;4.411960758889621;4.411960758889621;4982.583750038466;-60008.63042505814;;0.0;0.0;XS2980741099;Bond;1970191.2557953775;0.0025;4.399268425861902;0.0;4.411960758889621;0.0;0.0
309101;2000019;73560800.46287723;0.0;0.0;0.0;-9195100.057859655;;735608.0046287725;735608.0046287721;US0231351067;Equity;64365700.40501757;0.0;0.0;0.0;0.0;643657.0040501759;643657.0040501755
309101;2008154;5739102.869838918;0.0;0.0;0.0;-717387.8587298648;;57391.02869838918;57391.02869838918;US00724F1012;Equity;5021715.011109053;0.0;0.0;0.0;0.0;50217.15011109053;50217.15011109053
309101;2009834;75118535.48416959;0.0;0.0;0.0;-9389816.935521198;;751185.354841696;751185.3548416959;CA0084741085;Equity;65728718.54864839;0.0;0.0;0.0;0.0;657287.185486484;657287.1854864839
309101;2020459;19259801.425661918;0.0;0.0;0.0;-2407475.1782077397;;192598.01425661915;192598.01425661915;US4385161066;Equity;16852326.247454178;0.0;0.0;0.0;0.0;168523.26247454176;168523.26247454176
309101;2041364;5202105.49898167;0.0;0.0;0.0;-650263.1873727087;;52021.0549898167;52021.05498981669;US91913Y1001;Equity;4551842.311608961;0.0;0.0;0.0;0.0;45518.423116089616;45518.4231160896
309101;2046251;101576047.28753936;0.0;0.0;0.0;-12697005.910942417;;1015760.4728753932;1015760.4728753936;US0378331005;Equity;88879041.37659694;0.0;0.0;0.0;0.0;888790.4137659691;888790.4137659693
309101;2113434;47752512.719866686;0.0;0.0;0.0;-5969064.089983337;;477525.12719866686;477525.12719866686;US1011371077;Equity;41783448.62988335;0.0;0.0;0.0;0.0;417834.4862988335;417834.4862988335
309101;2124533;24577670.486946862;0.0;0.0;0.0;-3072208.8108683582;;245776.70486946864;245776.70486946864;CA8787422044;Equity;21505461.676078506;0.0;0.0;0.0;0.0;215054.61676078508;215054.61676078508
309101;2134781;16712386.780225884;0.0;0.0;0.0;-2089048.3475282358;;167123.86780225884;167123.86780225884;US9113631090;Equity;14623338.432697648;0.0;0.0;0.0;0.0;146233.3843269765;146233.3843269765
309101;2138158;17278870.727643028;0.0;0.0;0.0;-2159858.8409553785;;172788.70727643027;172788.70727643027;US8168511090;Equity;15119011.88668765;0.0;0.0;0.0;0.0;151190.1188668765;151190.1188668765
309101;2190385;97183036.6598778;0.0;0.0;0.0;-12147879.582484726;;971830.366598778;971830.366598778;US46625H1005;Equity;85035157.07739308;0.0;0.0;0.0;0.0;850351.5707739308;850351.5707739308
309101;2206657;13622718.070727644;0.0;0.0;0.0;-1702839.7588409553;;136227.18070727642;136227.18070727642;US1912161007;Equity;11919878.311886689;0.0;0.0;0.0;0.0;119198.78311886686;119198.78311886686
309101;2262314;15526981.910757266;0.0;0.0;0.0;-1940872.7388446582;;155269.81910757266;155269.81910757266;US6174464486;Equity;13586109.171912607;0.0;0.0;0.0;0.0;135861.09171912607;135861.09171912607
309101;2270726;14872067.024625069;0.0;0.0;0.0;-1859008.3780781333;;148720.67024625067;148720.67024625067;US2546871060;Equity;13013058.646546936;0.0;0.0;0.0;0.0;130130.58646546933;130130.58646546933
309101;2297907;16927783.030920196;0.0;0.0;0.0;-2115972.878865025;;169277.830309202;169277.83030920196;US1729674242;Equity;14811810.15205517;0.0;0.0;0.0;0.0;148118.10152055172;148118.1015205517
309101;2317087;19117327.300499905;0.0;0.0;0.0;-2389665.912562488;;191173.27300499904;191173.27300499904;US29364G1031;Equity;16727661.387937417;0.0;0.0;0.0;0.0;167276.61387937417;167276.61387937417
309101;2328915;20582972.532864284;0.0;0.0;0.0;-2572871.5666080355;;205829.72532864285;205829.72532864285;US65339F1012;Equity;18010100.96625625;0.0;0.0;0.0;0.0;180101.00966256252;180101.00966256252
309101;2379504;94755544.38067023;0.0;0.0;0.0;-11844443.047583781;;947555.4438067025;947555.4438067025;US67066G1040;Equity;82911101.33308646;0.0;0.0;0.0;0.0;829111.0133308648;829111.0133308648
309101;2405302;17398836.187743008;0.0;0.0;0.0;-2174854.5234678765;;173988.3618774301;173988.36187743008;US4062161017;Equity;15223981.664275132;0.0;0.0;0.0;0.0;152239.81664275134;152239.81664275134
309101;2471950;2598963.8492871686;0.0;0.0;0.0;-324870.4811608961;;25989.638492871683;25989.638492871687;US45337C1027;Equity;2274093.3681262727;0.0;0.0;0.0;0.0;22740.933681262726;22740.93368126273
309101;2516152;31429996.6395112;0.0;0.0;0.0;-3928749.5799389;;314299.966395112;314299.96639511205;US5324571083;Equity;27501247.0595723;0.0;0.0;0.0;0.0;275012.470595723;275012.470595723
309101;2573209;27822543.908535454;0.0;0.0;0.0;-3477817.9885669327;;278225.43908535456;278225.43908535456;US59156R1086;Equity;24344725.919968523;0.0;0.0;0.0;0.0;243447.25919968524;243447.25919968524
309101;2588173;147056825.7544899;0.0;0.0;0.0;-18382103.219311237;;1470568.257544899;1470568.2575448991;US5949181045;Equity;128674722.53517866;0.0;0.0;0.0;0.0;1286747.2253517865;1286747.2253517867
309101;2588184;54805131.4849102;0.0;0.0;0.0;-6850641.435613774;;548051.3148491019;548051.3148491019;US5951121038;Equity;47954490.049296424;0.0;0.0;0.0;0.0;479544.9004929642;479544.9004929642
309101;2671501;48319066.79318645;0.0;0.0;0.0;-6039883.349148306;;483190.6679318645;483190.6679318645;US7010941042;Equity;42279183.444038145;0.0;0.0;0.0;0.0;422791.8344403815;422791.8344403815
309101;2692665;42639927.46713571;0.0;0.0;0.0;-5329990.933391964;;426399.2746713571;426399.2746713571;US6934751057;Equity;37309936.53374375;0.0;0.0;0.0;0.0;373099.3653374375;373099.3653374375
309101;2704407;26226568.33919644;0.0;0.0;0.0;-3278321.0423995554;;262265.6833919644;262265.6833919644;US7427181091;Equity;22948247.296796884;0.0;0.0;0.0;0.0;229482.47296796885;229482.47296796885
309101;2730190;19242967.98740974;0.0;0.0;0.0;-2405370.998426217;;192429.67987409735;192429.6798740974;US75886F1075;Equity;16837596.988983523;0.0;0.0;0.0;0.0;168375.96988983516;168375.96988983522
309101;2778844;39561873.72708758;0.0;0.0;0.0;-4945234.215885947;;395618.7372708758;395618.73727087583;US58933Y1055;Equity;34616639.511201635;0.0;0.0;0.0;0.0;346166.39511201635;346166.3951120164
309101;2779201;13673073.3197556;0.0;0.0;0.0;-1709134.1649694499;;136730.733197556;136730.733197556;AN8068571086;Equity;11963939.15478615;0.0;0.0;0.0;0.0;119639.3915478615;119639.3915478615
309101;2886907;40881787.81707092;0.0;0.0;0.0;-5110223.477133865;;408817.8781707091;408817.8781707092;US8835561023;Equity;35771564.33993705;0.0;0.0;0.0;0.0;357715.6433993705;357715.64339937054
309101;2917766;24517143.815960005;0.0;0.0;0.0;-3064642.976995001;;245171.43815960005;245171.43815960005;US91324P1021;Equity;21452500.838965002;0.0;0.0;0.0;0.0;214525.00838965;214525.00838965
309101;2936921;37487191.48305869;0.0;0.0;0.0;-4685898.935382336;;374871.9148305869;374871.9148305869;US9311421039;Equity;32801292.547676355;0.0;0.0;0.0;0.0;328012.9254767635;328012.9254767635
309101;2965839;19851315.21940381;0.0;0.0;0.0;-2481414.4024254763;;198513.15219403812;198513.15219403812;US12572Q1058;Equity;17369900.816978335;0.0;0.0;0.0;0.0;173699.00816978337;173699.00816978337
309101;2989301;29486379.55934086;0.0;0.0;0.0;-3685797.4449176076;;294863.7955934086;294863.79559340863;US8725401090;Equity;25800582.114423253;0.0;0.0;0.0;0.0;258005.8211442325;258005.82114423256
309101;4057808;30745416.6;0.0;0.0;0.0;-3996904.1580000003;;307454.166;0.0;FR0000120321;Equity;26748512.442;0.0;0.0;0.0;0.0;267485.12442;0.0
309101;4061412;7348060.1;0.0;0.0;0.0;-955247.8130000001;;73480.60100000001;0.0;FR0000121014;Equity;6392812.287;0.0;0.0;0.0;0.0;63928.12287000001;0.0
309101;4162791;6226451.2;0.0;0.0;0.0;-809438.6560000001;;62264.512;0.0;FR0000121329;Equity;5417012.544;0.0;0.0;0.0;0.0;54170.125439999996;0.0
309101;4163437;5136564.4;0.0;0.0;0.0;-667753.3720000001;;51365.644;0.0;FR0000125338;Equity;4468811.028;0.0;0.0;0.0;0.0;44688.11027999999;0.0
309101;4834108;24199790.25;0.0;0.0;0.0;-3145972.7325;;241997.9025;0.0;FR0000121972;Equity;21053817.5175;0.0;0.0;0.0;0.0;210538.17517499998;0.0
309101;4846288;15728850.8;0.0;0.0;0.0;-2044750.604;;157288.508;0.0;DE0007164600;Equity;13684100.196;0.0;0.0;0.0;0.0;136841.00196;0.0
309101;5231485;16773339.8;0.0;0.0;0.0;-2180534.1740000006;;167733.39800000002;0.0;DE0008404005;Equity;14592805.626;0.0;0.0;0.0;0.0;145928.05626;0.0
309101;5334588;11930355.0;0.0;0.0;0.0;-1550946.1500000001;;119303.55;0.0;DE0007030009;Equity;10379408.85;0.0;0.0;0.0;0.0;103794.0885;0.0
309101;5633962;9136633.2;0.0;0.0;0.0;-1187762.316;;91366.33200000001;0.0;DE0006452907;Equity;7948870.884;0.0;0.0;0.0;0.0;79488.70884;0.0
309101;5671735;4695964.0;0.0;0.0;0.0;-610475.3200000001;;46959.64000000001;0.0;FR0000120578;Equity;4085488.6799999997;0.0;0.0;0.0;0.0;40854.8868;0.0
309101;5727973;19088799.6;0.0;0.0;0.0;-2481543.948;;190887.996;0.0;DE0007236101;Equity;16607255.652000003;0.0;0.0;0.0;0.0;166072.55652000004;0.0
309101;6248990;408.9935544359117;0.0;0.0;0.0;-38.85438767141161;;4.0899355443591165;4.0899355443591165;JP3496400007;Equity;370.1391667645001;0.0;0.0;0.0;0.0;3.7013916676450007;3.7013916676450007
309101;6335171;21840449.073758923;0.0;0.0;0.0;-2074842.6620070976;;218404.4907375892;218404.4907375892;JP3902900004;Equity;19765606.411751825;0.0;0.0;0.0;0.0;197656.06411751822;197656.06411751822
309101;6563024;2883608.8512579105;0.0;0.0;0.0;-273942.8408695015;;28836.088512579103;28836.088512579103;JP3890350006;Equity;2609666.010388409;0.0;0.0;0.0;0.0;26096.660103884085;26096.660103884085
309101;6597067;38245027.76235817;0.0;0.0;0.0;-3633277.637424026;;382450.2776235817;382450.2776235816;JP3900000005;Equity;34611750.12493414;0.0;0.0;0.0;0.0;346117.5012493414;346117.5012493413
309101;6610403;7002145.343479678;0.0;0.0;0.0;-665203.8076305696;;70021.45343479679;70021.45343479679;JP3914400001;Equity;6336941.535849108;0.0;0.0;0.0;0.0;63369.41535849108;63369.41535849108
309101;6635677;9841952.957408583;0.0;0.0;0.0;-934985.5309538153;;98419.52957408583;98419.52957408583;JP3164720009;Equity;8906967.426454768;0.0;0.0;0.0;0.0;89069.67426454768;89069.67426454768
309101;6641373;11756727.171992503;0.0;0.0;0.0;-1116889.081339288;;117567.27171992503;117567.27171992503;JP3735400008;Equity;10639838.090653215;0.0;0.0;0.0;0.0;106398.38090653214;106398.38090653214
309101;6804369;1962.7555237778247;0.0;0.0;0.0;-186.4617747588934;;19.62755523777825;19.62755523777825;JP3357200009;Equity;1776.2937490189313;0.0;0.0;0.0;0.0;17.762937490189316;17.762937490189316
309101;6821506;8703175.574384414;0.0;0.0;0.0;-826801.6795665196;;87031.75574384416;87031.75574384416;JP3435000009;Equity;7876373.894817894;0.0;0.0;0.0;0.0;78763.73894817897;78763.73894817897
309101;6895675;8951161.888125127;0.0;0.0;0.0;-850360.3793718871;;89511.61888125127;89511.61888125127;JP3571400005;Equity;8100801.50875324;0.0;0.0;0.0;0.0;81008.0150875324;81008.0150875324
309101;6900643;5289229.00437228;0.0;0.0;0.0;-502476.7554153666;;52892.2900437228;52892.2900437228;JP3633400001;Equity;4786752.248956913;0.0;0.0;0.0;0.0;47867.52248956913;47867.52248956913
309101;7103065;3145762.9558935403;0.0;0.0;0.0;-408949.18426616024;;31457.6295589354;31457.629558935405;CH0012005267;Equity;2736813.77162738;0.0;0.0;0.0;0.0;27368.1377162738;27368.137716273803
309101;7110388;19086170.190558936;0.0;0.0;0.0;-2481202.124772661;;190861.70190558932;190861.70190558935;CH0012032048;Equity;16604968.065786276;0.0;0.0;0.0;0.0;166049.68065786271;166049.68065786274
309101;7123870;6341532.747041339;0.0;0.0;0.0;-824399.257115374;;63415.32747041339;63415.3274704134;CH0038863350;Equity;5517133.489925965;0.0;0.0;0.0;0.0;55171.334899259644;55171.33489925966
309101;7144569;8081481.114;0.0;0.0;0.0;-1050592.54482;;80814.81113999999;0.0;IT0003128367;Equity;7030888.569180001;0.0;0.0;0.0;0.0;70308.8856918;0.0
309101;7309681;8182531.81;0.0;0.0;0.0;-1063729.1353;;81825.3181;0.0;FR0000131104;Equity;7118802.674699999;0.0;0.0;0.0;0.0;71188.026747;0.0
309101;798059;8705519.742848316;0.0;0.0;0.0;-1349355.5601414891;;87055.19742848317;87055.19742848317;GB0007980591;Equity;7356164.182706827;0.0;0.0;0.0;0.0;73561.64182706828;73561.64182706828
309101;989529;35952165.97551379;0.0;0.0;0.0;-5572585.726204637;;359521.6597551379;359521.6597551379;GB0009895292;Equity;30379580.249309156;0.0;0.0;0.0;0.0;303795.80249309156;303795.80249309156
309101;B15C557;6917278.699999999;0.0;0.0;0.0;-899246.2309999999;;69172.787;0.0;FR0000120271;Equity;6018032.469;0.0;0.0;0.0;0.0;60180.324689999994;0.0
309101;B1WGG93;16360035.887569929;0.0;0.0;0.0;-2126804.665384091;;163600.35887569928;163600.35887569928;CH0030170408;Equity;14233231.222185837;0.0;0.0;0.0;0.0;142332.3122218584;142332.3122218584
309101;B1XH026;7666263.3999999985;0.0;0.0;0.0;-996614.2420000002;;76662.634;0.0;FR0000125486;Equity;6669649.157999998;0.0;0.0;0.0;0.0;66696.49158;0.0
309101;B29VF02;22743659.100166637;0.0;0.0;0.0;-2842957.3875208297;;227436.59100166635;227436.59100166635;CA3518581051;Equity;19900701.712645806;0.0;0.0;0.0;0.0;199007.01712645803;199007.01712645803
309101;B5BKPQ4;74350692.13108684;0.0;0.0;0.0;-9293836.516385853;;743506.9213108683;743506.9213108685;US6200763075;Equity;65056855.61470099;0.0;0.0;0.0;0.0;650568.5561470098;650568.55614701
309101;B616C79;17691112.83095723;0.0;0.0;0.0;-2211389.103869654;;176911.1283095723;176911.12830957232;US88160R1014;Equity;15479723.727087576;0.0;0.0;0.0;0.0;154797.23727087575;154797.23727087578
309101;B6Z1355;18306626.27291242;0.0;0.0;0.0;-2288328.284114053;;183066.26272912425;183066.2627291242;US9837931008;Equity;16018297.988798367;0.0;0.0;0.0;0.0;160182.97988798373;160182.97988798367
309101;B7FBFL2;11434978.707646728;0.0;0.0;0.0;-1429372.3384558414;;114349.78707646731;114349.7870764673;US03027X1000;Equity;10005606.369190887;0.0;0.0;0.0;0.0;100056.0636919089;100056.06369190889
309101;B7TL820;48920702.61062766;0.0;0.0;0.0;-6115087.826328458;;489207.02610627667;489207.02610627667;US30303M1027;Equity;42805614.7842992;0.0;0.0;0.0;0.0;428056.1478429921;428056.1478429921
309101;B86S2N0;23870905.2;0.0;0.0;0.0;-3103217.676;;238709.052;0.0;BE0974264930;Equity;20767687.524;0.0;0.0;0.0;0.0;207676.87524;0.0
309101;B87ZMX0;13683426.032216256;0.0;0.0;0.0;-1710428.2540270323;;136834.26032216256;136834.26032216256;US6974351057;Equity;11972997.778189223;0.0;0.0;0.0;0.0;119729.97778189223;119729.97778189223
309101;B929F46;20856096.0;0.0;0.0;0.0;-2711292.48;;208560.96;0.0;NL0010273215;Equity;18144803.52;0.0;0.0;0.0;0.0;181448.03519999998;0.0
309101;B92SR70;6892901.536752453;0.0;0.0;0.0;-861612.6920940569;;68929.01536752454;68929.01536752454;US00287Y1091;Equity;6031288.844658396;0.0;0.0;0.0;0.0;60312.88844658397;60312.88844658397
309101;B94Q9V0;34687361.38678022;0.0;0.0;0.0;-4335920.173347527;;346873.6138678022;346873.6138678022;US8725901040;Equity;30351441.213432692;0.0;0.0;0.0;0.0;303514.41213432694;303514.41213432694
309101;BDHLTQ5;15756982.318089245;0.0;0.0;0.0;-1969622.7897611554;;157569.82318089242;157569.82318089245;US05722G1004;Equity;13787359.528328089;0.0;0.0;0.0;0.0;137873.59528328085;137873.59528328088
309101;BDJ0LS6;4869430.179596371;0.0;0.0;0.0;-608678.7724495464;;48694.30179596371;48694.30179596372;US4622221004;Equity;4260751.4071468245;0.0;0.0;0.0;0.0;42607.51407146824;42607.51407146826
309101;BDZ78H9;83779014.6176634;0.0;0.0;0.0;-10472376.827207925;;837790.146176634;837790.146176634;US11135F1012;Equity;73306637.79045548;0.0;0.0;0.0;0.0;733066.3779045547;733066.3779045547
309101;BJT1GR5;4309958.3193362765;0.0;0.0;0.0;-560294.581513716;;43099.58319336277;43099.58319336278;CH0432492467;Equity;3749663.7378225606;0.0;0.0;0.0;0.0;37496.63737822561;37496.63737822562
309101;BJYRDP5;12757479.000000002;0.0;0.0;0.0;-1658472.2699999998;;127574.79;0.0;FR0011726835;Equity;11099006.730000002;0.0;0.0;0.0;0.0;110990.06730000001;0.0
309101;BK6H543;5744822.144047398;0.0;0.0;0.0;-890447.432327347;;57448.22144047399;57448.22144047398;US09075V1026;Equity;4854374.711720051;0.0;0.0;0.0;0.0;48543.747117200524;48543.74711720051
309101;BLPLD38;102046.26010096504;0.0;0.0;0.0;-13266.013813125453;;1020.4626010096504;1020.4626010096504;CH1243598427;Equity;88780.24628783959;0.0;0.0;0.0;0.0;887.8024628783959;887.8024628783959
309101;BM5M5Y3;61343008.3503055;0.0;0.0;0.0;-7667876.043788187;;613430.0835030549;613430.083503055;US75513E1010;Equity;53675132.30651731;0.0;0.0;0.0;0.0;536751.3230651731;536751.3230651731
309101;BN320L4;5590788.245937896;0.0;0.0;0.0;-559078.8245937898;;55907.88245937897;55907.88245937896;CA7397211086;Equity;5031709.421344106;0.0;0.0;0.0;0.0;50317.094213441065;50317.09421344106
309101;BNG7113;8963441.556099633;0.0;0.0;0.0;-1165247.4022929524;;89634.41556099633;89634.41556099635;NO0010161896;Equity;7798194.153806681;0.0;0.0;0.0;0.0;77981.9415380668;77981.94153806682
309101;BP6H4Y1;14707814.997222736;0.0;0.0;0.0;-1838476.874652842;;147078.14997222734;147078.14997222734;US36828A1016;Equity;12869338.122569894;0.0;0.0;0.0;0.0;128693.38122569892;128693.38122569892
309101;BP6KMJ1;9357943.882965589;0.0;0.0;0.0;-1216532.7047855265;;93579.43882965588;93579.43882965588;DK0062498333;Equity;8141411.178180062;0.0;0.0;0.0;0.0;81414.11178180062;81414.11178180062
309101;BP6MXD8;17980628.45433716;0.0;0.0;0.0;-2786997.41042226;;179806.28454337158;179806.2845433716;GB00BP6MXD84;Equity;15193631.043914901;0.0;0.0;0.0;0.0;151936.31043914898;151936.310439149
309101;BPBPJ01;16922395.349999998;0.0;0.0;0.0;-2199911.3954999996;;169223.95349999997;0.0;FR001400AJ45;Equity;14722483.954499997;0.0;0.0;0.0;0.0;147224.83954499997;0.0
309101;BQT3XY6;14215900.75911868;0.0;0.0;0.0;-1776987.594889835;;142159.0075911868;142159.0075911868;IL0011334468;Equity;12438913.164228845;0.0;0.0;0.0;0.0;124389.13164228844;124389.13164228844
309101;BR4T3B3;11040779.522310684;0.0;0.0;0.0;-1380097.4402888352;;110407.79522310682;110407.79522310683;US4435731009;Equity;9660682.082021847;0.0;0.0;0.0;0.0;96606.82082021846;96606.82082021846
309101;BSMR1R8;17286774.332577303;0.0;0.0;0.0;-2679450.021549482;;172867.74332577302;172867.74332577304;IE00028FXN24;Equity;14607324.311027821;0.0;0.0;0.0;0.0;146073.24311027818;146073.2431102782
309101;BVLZX12;17917018.098500278;0.0;0.0;0.0;-2239627.2623125347;;179170.18098500278;179170.18098500278;US29444U7000;Equity;15677390.836187743;0.0;0.0;0.0;0.0;156773.90836187743;156773.90836187743
309101;BXDZ9Q1;7761097.395202368;0.0;0.0;0.0;-1008942.6613763077;;77610.97395202366;77610.97395202369;SE0007100599;Equity;6752154.73382606;0.0;0.0;0.0;0.0;67521.54733826059;67521.54733826061
309101;BYVY8G0;61790003.851138666;0.0;0.0;0.0;-7723750.481392333;;617900.0385113866;617900.0385113867;US02079K3059;Equity;54066253.369746335;0.0;0.0;0.0;0.0;540662.5336974633;540662.5336974633
309101;CSH_AUD_DB;32437.593859470464;0.0;0.0;0.0;0.0;;0.0;324.3759385947046;;Cash;32437.593859470464;0.0;0.0;0.0;0.0;0.0;324.3759385947046
309101;CSH_CAD_DB;162740.9627016941;0.0;0.0;0.0;0.0;;0.0;1627.4096270169412;;Cash;162740.9627016941;0.0;0.0;0.0;0.0;0.0;1627.4096270169412
309101;CSH_CHF_DB;666770.9385183397;0.0;0.0;0.0;0.0;;0.0;6667.709385183397;;Cash;666770.9385183397;0.0;0.0;0.0;0.0;0.0;6667.709385183397
309101;CSH_DKK_DB;251361.84775829825;0.0;0.0;0.0;0.0;;0.0;2513.6184775829825;;Cash;251361.84775829825;0.0;0.0;0.0;0.0;0.0;2513.6184775829825
309101;CSH_EUR_DB;2822226.5100000007;0.0;0.0;0.0;0.0;;0.0;0.0;;Cash;2822226.5100000007;0.0;0.0;0.0;0.0;0.0;0.0
309101;CSH_GBP_DB;2598299.6812256984;0.0;0.0;0.0;-64957.49203064247;;0.0;25982.996812256984;;Cash;2533342.189195056;0.0;0.0;0.0;0.0;0.0;25333.42189195056
309101;CSH_JPY_DB;293171.0445390551;0.0;0.0;0.0;-7329.276113476378;;0.0;2931.710445390551;;Cash;285841.7684255787;0.0;0.0;0.0;0.0;0.0;2858.417684255787
309101;CSH_NOK_DB;250833.88755003587;0.0;0.0;0.0;0.0;;0.0;2508.338875500359;;Cash;250833.88755003587;0.0;0.0;0.0;0.0;0.0;2508.338875500359
309101;CSH_SEK_DB;244769.10466880832;0.0;0.0;0.0;0.0;;0.0;2447.691046688083;;Cash;244769.10466880832;0.0;0.0;0.0;0.0;0.0;2447.691046688083
309101;CSH_USD_DB;8799657.211627476;0.0;0.0;0.0;-219991.43029068687;;0.0;87996.57211627475;;Cash;8579665.78133679;0.0;0.0;0.0;0.0;0.0;85796.65781336788
309101;FR0010298331;8021357.782800002;0.0;0.0;0.0;-562012.828067638;;80287.54686680542;80160.77925814793;FR0010298331;Fund Unit;7459344.954732364;0.0;0.0;0.0;0.0;74662.23597866854;74544.35028553933
309101;FR0010582452;15985293.985000003;0.0331490112565469;0.2961243488183438;200.583827990824;-18121.721811407104;;0.0;7.422756065378916e-08;FR0010582452;Fund Unit;15967172.263188597;0.0025;0.032838057837356716;0.0;0.2961243488183438;0.0;7.414341261083358e-08
309101;LU1897556350;21856690.44000004;0.0008831477377797;0.0078892714698627;7.306720090060737;-2601500.608635249;;210655.5457312231;197978.0605292073;LU1897556350;Fund Unit;19255189.831364788;0.0;0.0008831477377797;0.0;0.0078892714698627;185582.19201664458;174413.64914784912
309101;T_LU1602144906;51830879.33220001;0.0;0.0;0.0;-3628161.553253999;;518308.79332199984;518308.79332200025;T_LU1602144906;Fund Unit;48202717.77894601;0.0;0.0;0.0;0.0;482027.1777894599;482027.1777894602
389037;BE6317283610;3929370.4106463394;0.8526781821135764;0.8526781821135764;612.5741957642261;-22322.053551986814;;0.0;0.0;BE6317283610;Bond;3907048.3570943526;0.0025;0.8505984255355121;0.0;0.8526781821135764;0.0;0.0
389037;BE6353250416;3001042.916666667;0.2388047634062592;1.2179383736730405;18.053478711976823;-16464.774756647254;;0.0;0.0;BE6353250416;Bond;2984578.14191002;0.0025;0.23879693932047505;0.0;1.2179383736730405;0.0;0.0
389037;BE6355572353;13032913.111111112;0.2111253430771097;1.4268931922736838;58.999267693593545;-81709.92962973962;;0.0;0.0;BE6355572353;Bond;12951203.181481373;0.0025;0.21112360425355822;0.0;1.4268931922736838;0.0;0.0
389037;BE6356749489;1997765.5166200004;0.0433405193652792;0.0433405193652792;8.818619168238099;-569.2263389821371;;0.0;0.0;BE6356749489;Bond;1997196.2902810182;0.0025;0.04323485933286146;0.0;0.0433405193652792;0.0;0.0
389037;BE6359531173;1996125.9138599995;0.0758628243814814;0.0758628243814814;15.919141560515811;-995.3285378699173;;0.0;0.0;BE6359531173;Bond;1995130.5853221295;0.0025;0.07567783683341345;0.0;0.0758628243814814;0.0;0.0
389037;CH1174335732;9598089.451982547;0.5222358895181863;0.5222358895181862;749.246996434746;-33501.276607741835;;0.0;0.0;CH1174335732;Bond;9564588.175374804;0.0025;0.520966162886697;0.0;0.5222358895181862;0.0;0.0
389037;CSH_EUR_DB;117218050.03;0.0;0.0;0.0;0.0;;0.0;0.0;;Cash;117218050.03;0.0;0.0;0.0;0.0;0.0;0.0
389037;DE000A2YNZW8;7746393.424657536;1.5652059922115291;1.5652059922115291;3083.4148923020184;-74697.9598381496;;0.0;0.0;DE000A2YNZW8;Bond;7671695.464819387;0.0025;1.5613795361505833;0.0;1.5652059922115291;0.0;0.0
389037;DE000A3LRS64;6017109.999866908;0.1730073551228198;0.665760530817072;18.53775799531832;-16631.272622711676;;0.0;0.0;DE000A3LRS64;Bond;6000478.727244196;0.0025;0.17300516296509624;0.0;0.665760530817072;0.0;0.0
389037;DE000A4BF827;2993095.81998;0.0755075246073708;0.0755075246073708;23.646931079923277;-1377.6441034428494;;0.0;0.0;DE000A4BF827;Bond;2991718.1758765574;0.0025;0.07532426576053167;0.0;0.0755075246073708;0.0;0.0
389037;DE000A4BF8S8;9993416.089264892;0.021573278327073;0.021573278327073;21.394586102654603;-1314.2026637937392;;0.0;0.0;DE000A4BF8S8;Bond;9992101.886601098;0.0025;0.021520920139449003;0.0;0.021573278327073;0.0;0.0
389037;DE000A4BF8Z3;7984922.895449897;0.0620300503542358;0.0620300503542358;51.161812559709446;-3018.9571495125647;;0.0;0.0;DE000A4BF8Z3;Bond;7981903.938300385;0.0025;0.06187948712172168;0.0;0.0620300503542358;0.0;0.0
389037;DE000CZ450R9;9787332.94498296;0.884312588108397;0.884312588108397;1610.5806909509513;-56820.16030251751;;0.0;0.0;DE000CZ450R9;Bond;9730512.784680443;0.0025;0.8821536682778486;0.0;0.884312588108397;0.0;0.0
389037;DE000CZ451X5;9835523.565550257;0.6836105102974598;0.6836105102974598;1116.261205620738;-44138.596165400886;;0.0;0.0;DE000CZ451X5;Bond;9791384.969384857;0.0025;0.6819414983761388;0.0;0.6836105102974598;0.0;0.0
389037;FR0000989626;54032388.272099964;0.0331709057814941;0.4252720331674875;-207.71462663769515;-85821.87781225145;;0.0;1.0630690599236224e-06;FR0000989626;Fund Unit;53946566.39428771;0.0025;0.033269763089920114;0.0;0.4252720331674875;0.0;1.0613805433526484e-06
389037;FR0010213355;48743.81590000004;0.0326391382763885;0.3246537903062921;0.1181080388697237;-60.03161167521701;;0.0;2.942383567893153e-08;FR0010213355;Fund Unit;48683.78428832482;0.0025;0.03258122565043965;0.0;0.3246537903062921;0.0;2.938759805073482e-08
389037;FR0010582452;54032593.71160001;0.0331490112565468;0.2961243488183435;678.0021995914299;-61254.02716454323;;0.0;2.508998352343619e-07;FR0010582452;Fund Unit;53971339.68443547;0.0025;0.03283805783735661;0.0;0.2961243488183435;0.0;2.5061540274153997e-07
389037;FR0012949923;6033209.589022881;0.4349016639064965;0.4349016639064965;369.63811253030286;-15669.815590119704;;0.0;0.0;FR0012949923;Bond;6017539.773432761;0.0025;0.43384283149716973;0.0;0.4349016639064965;0.0;0.0
389037;FR0013218393;9929701.369501876;0.6148952245907285;0.6148952245907285;968.6626214595212;-39609.986832862276;;0.0;0.0;FR0013218393;Bond;9890091.382669013;0.0025;0.6134016639431712;0.0;0.6148952245907285;0.0;0.0
389037;FR0013262284;8020460.273972548;0.2043135328780986;0.2043135328780986;192.18747482339373;-10997.91881403633;;0.0;0.0;FR0013262284;Bond;8009462.355158512;0.0025;0.2038188391690708;0.0;0.2043135328780986;0.0;0.0
389037;FR0013398070;6992304.794216704;0.794608229501861;0.794608229501861;982.2538337252344;-37107.10790793905;;0.0;0.0;FR0013398070;Bond;6955197.686308765;0.0025;0.792674824995833;0.0;0.794608229501861;0.0;0.0
389037;FR0013412707;1800534.8597260276;0.9781872692987372;0.9781872692987372;346.71930585435774;-10591.671206989151;;0.0;0.0;FR0013412707;Bond;1789943.1885190385;0.0025;0.9757652797055602;0.0;0.9781872692987372;0.0;0.0
389037;FR0013444676;1930320.0000000005;1.3951116379296962;1.3951116379296962;638.4109816124883;-16214.688000000002;;0.0;0.0;FR0013444676;Bond;1914105.3120000004;0.0025;1.391709277728231;0.0;1.3951116379296962;0.0;0.0
389037;FR0013465358;4500313.150684776;0.1732315238735996;0.1732315238735997;89.34118445045904;-5209.266592231008;;0.0;0.0;FR0013465358;Bond;4495103.884092545;0.0025;0.17281024139956008;0.0;0.1732315238735997;0.0;0.0
389037;FR0013476199;2459734.246442393;0.7760053974686332;0.7760053974686332;334.5499571324012;-12703.01110833948;;0.0;0.0;FR0013476199;Bond;2447031.2353340536;0.0025;0.774110593142225;0.0;0.7760053974686332;0.0;0.0
389037;FR0013507852;6033733.150684931;0.9932708859585064;0.9932708859585062;-9107.974653900648;-36325.153182250055;;0.0;0.0;FR0013507852;Bond;5997407.997502681;0.0025;1.0334750792509573;0.0;0.9932708859585062;0.0;0.0
389037;FR0013512944;10238095.890410962;0.901486537973515;0.9014865379735152;-22341.798995614063;-55401.32942804776;;0.0;0.0;FR0013512944;Bond;10182694.560982915;0.0025;0.9580737851298653;0.0;0.9014865379735152;0.0;0.0
389037;FR0014002G44;6154982.629738065;0.9346784672383092;0.9346784672383092;1098.4726901002782;-34703.98425205737;;0.0;0.0;FR0014002G44;Bond;6120278.645486008;0.0025;0.9324008055063665;0.0;0.9346784672383092;0.0;0.0
389037;FR001400A5N5;3533324.794520545;0.0929890186185941;0.0929890186185941;34.91707275419781;-2032.871799587163;;0.0;0.0;FR001400A5N5;Bond;3531291.9227209575;0.0025;0.09276358065545481;0.0;0.0929890186185941;0.0;0.0
389037;FR001400BDD5;8091456.438151013;0.5142488436432546;0.5142488436432546;623.0447759318225;-27233.847217174025;;0.0;0.0;FR001400BDD5;Bond;8064222.590933839;0.0025;0.5129849651997709;0.0;0.5142488436432546;0.0;0.0
389037;FR001400E904;9838287.36296958;0.4112178937430306;0.4112178937430306;561.9830179342241;-24905.691844887377;;0.0;0.0;FR001400E904;Bond;9813381.671124691;0.0025;0.41021259320031134;0.0;0.4112178937430306;0.0;0.0
389037;FR001400KI02;3586474.931502728;0.3388559880860534;0.3388559880860534;160.3171101868486;-7487.380541931722;;0.0;0.0;FR001400KI02;Bond;3578987.550960796;0.0025;0.33802553482182585;0.0;0.3388559880860534;0.0;0.0
389037;FR001400KZP3;8361877.260273972;1.4188918725365294;1.4188918725365294;2870.495574569533;-79129.70336880408;;0.0;0.0;FR001400KZP3;Bond;8282747.556905167;0.0025;1.4153429171662095;0.0;1.4188918725365294;0.0;0.0
389037;FR001400L248;8091990.561602682;0.45671862085944;0.4567186208594399;531.111795368835;-22746.252921107814;;0.0;0.0;FR001400L248;Bond;8069244.308681574;0.0025;0.4555992441587734;0.0;0.4567186208594399;0.0;0.0
389037;FR001400N9V5;6151348.444444444;0.0615233983101723;0.7949797696165622;4.055506153122224;-20489.8291753755;;0.0;0.0;FR001400N9V5;Bond;6130858.615269069;0.0025;0.06151637894802231;0.0;0.7949797696165622;0.0;0.0
389037;FR001400PZU2;8041856.666666666;0.1162673555792103;1.0928097525502372;12.846541608269035;-37570.94336931642;;0.0;0.0;FR001400PZU2;Bond;8004285.723297349;0.0025;0.11626121433266934;0.0;1.0928097525502372;0.0;0.0
389037;FR001400SMX8;5009892.916666667;0.2120934509815176;1.4258479745823442;24.406077159255805;-27726.758937638235;;0.0;0.0;FR001400SMX8;Bond;4982166.157729029;0.0025;0.21208412064610171;0.0;1.4258479745823442;0.0;0.0
389037;FR0128451731;6246146.539860766;0.0606807921475315;0.847272769413934;-386.2303010748747;-22235.789226035977;;0.0;0.0;FR0128451731;Bond;6223910.750634731;0.0025;0.062235871862580915;0.0;0.847272769413934;0.0;0.0
389037;FR0128514819;5181948.68825801;0.0028723011806883;0.005426636539596;0.0045297099404706;-150.7872508897359;;0.0;0.0;FR0128514819;Bond;5181797.9010071205;0.0025;0.0028722999526601192;0.0;0.005426636539596;0.0;0.0
389037;FR0128539220;6213487.999795895;0.0039267105913112;0.0270946612303015;-0.2659206188582174;-741.9266146029134;;0.0;0.0;FR0128539220;Bond;6212746.073181292;0.0025;0.0039278190718894665;0.0;0.0270946612303015;0.0;0.0
389037;FR0128540327;10351809.68891326;0.0040497499125908;0.0298296726269629;-0.5687894599759602;-1352.6949881137493;;0.0;0.0;FR0128540327;Bond;10350456.993925147;0.0025;0.00405116456118006;0.0;0.0298296726269629;0.0;0.0
389037;FR0128563899;4994186.6716;0.0432961957587391;0.0432961957587391;22.00047921618848;-1423.0011338257534;;0.0;0.0;FR0128563899;Bond;4992763.670466174;0.0025;0.04319075171919207;0.0;0.0432961957587391;0.0;0.0
389037;FR0128580331;10337550.381354792;0.0058524172716741;0.0678036057316819;-3.606892562402209;-2983.4547299294245;;0.0;0.0;FR0128580331;Bond;10334566.926624862;0.0025;0.005861225691833159;0.0;0.0678036057316819;0.0;0.0
389037;FR0128585413;7232434.136258488;0.0064847806774243;0.0813794072976757;-3.7681502362829633;-2495.0384381891395;;0.0;0.0;FR0128585413;Bond;7229939.097820299;0.0025;0.006497910988298532;0.0;0.0813794072976757;0.0;0.0
389037;FR0128614064;2989398.039209981;0.1409472307357197;0.1409472307357196;47.053371199360704;-2555.3210636534636;;0.0;0.0;FR0128614064;Bond;2986842.7181463274;0.0025;0.14060339398255936;0.0;0.1409472307357196;0.0;0.0
389037;FR0128614551;7204427.751410593;0.0108686724153144;0.1791064614925367;-20.027126623745065;-4755.270962447576;;0.0;0.0;FR0128614551;Bond;7199672.480448145;0.0025;0.010938463631947873;0.0;0.1791064614925367;0.0;0.0
389037;FR0128637529;9962649.598999783;0.1601892534114461;0.1601892534114461;181.55309478013172;-10467.605811551828;;0.0;0.0;FR0128637529;Bond;9952181.993188232;0.0025;0.15979782054090302;0.0;0.1601892534114461;0.0;0.0
389037;FR0128637602;5147800.515291619;0.0100661950649353;0.1710013812438845;-13.05906494053488;-3683.6448003653068;;0.0;0.0;FR0128637602;Bond;5144116.870491254;0.0025;0.010129868990723488;0.0;0.1710013812438845;0.0;0.0
389037;FR0128637701;10287622.070978211;0.0336849805956105;0.591211715103674;-319.35503130853255;-25331.156717354323;;0.0;0.0;FR0128637701;Bond;10262290.914260857;0.0025;0.03446388349186805;0.0;0.591211715103674;0.0;0.0
389037;FR0128668276;11981847.54744;0.0596158582206553;0.0596158582206553;73.94146628314307;-4333.161304827618;;0.0;0.0;FR0128668276;Bond;11977514.386135172;0.0025;0.05947046524845509;0.0;0.0596158582206553;0.0;0.0
389037;FR0128692623;8191156.801932367;0.0794912894741947;1.2685756973513085;-1158.2533687715113;-43369.05144280526;;0.0;0.0;FR0128692623;Bond;8147787.750489561;0.0025;0.08304215926704052;0.0;1.2685756973513085;0.0;0.0
389037;FR0128716844;6148133.810652072;0.0135926557771297;0.2524443823992951;-34.833309570103665;-6474.966892598641;;0.0;0.0;FR0128716844;Bond;6141658.843759473;0.0025;0.013734759477803872;0.0;0.2524443823992951;0.0;0.0
389037;FR0128718600;8197879.130892025;0.0157648238088311;0.2959415833775315;-64.13031883312215;-10115.630371683223;;0.0;0.0;FR0128718600;Bond;8187763.500520342;0.0025;0.0159610149804293;0.0;0.2959415833775315;0.0;0.0
389037;FR0128720218;4960497.372547832;0.3254950621709748;0.3254950621709748;210.22000806729324;-10600.514933115914;;0.0;0.0;FR0128720218;Bond;4949896.8576147165;0.0025;0.32470045934637554;0.0;0.3254950621709748;0.0;0.0
389037;FR0128756287;9895814.29177646;0.4424247540986314;0.4424247540986314;621.5047698650004;-26515.35993796542;;0.0;0.0;FR0128756287;Bond;9869298.931838494;0.0025;0.44134398292166166;0.0;0.4424247540986314;0.0;0.0
389037;FR0128787282;4951548.001493384;0.4042648892144133;0.4042648892144132;276.4423356876714;-12127.901132424888;;0.0;0.0;FR0128787282;Bond;4939420.100360959;0.0025;0.4032777275389019;0.0;0.4042648892144132;0.0;0.0
389037;FR0128789924;10202723.828169525;0.0163465082134497;0.3339362783112838;-102.85745588589634;-14169.659939153898;;0.0;0.0;FR0128789924;Bond;10188554.168230372;0.0025;0.016599210538101237;0.0;0.3339362783112838;0.0;0.0
389037;FR0128790138;9903791.883384366;0.407110564344038;0.407110564344038;558.0911843734743;-26455.334483013037;;0.0;0.0;FR0128790138;Bond;9877336.548901353;0.0025;0.4061161302898212;0.0;0.407110564344038;0.0;0.0
389037;FR0128813286;2965135.3224515887;0.4828919278151356;0.4828919278151355;208.98094587899672;-9399.072789250653;;0.0;0.0;FR0128813286;Bond;2955736.249662338;0.0025;0.48171290445595777;0.0;0.4828919278151355;0.0;0.0
389037;FR0128862788;2991639.9047700004;0.0972479888491351;0.0972479888491351;31.12169522090254;-4868.586584748988;;0.0;0.0;FR0128862788;Bond;2986771.318185251;0.0025;0.09701155957450443;0.0;0.0972479888491351;0.0;0.0
389037;FR0128866219;5033927.335164835;0.0316656642878677;1.5153766072782415;-153.80976492451737;-31064.25305354966;;0.0;0.0;FR0128866219;Bond;5002863.082111285;0.0025;0.03243203671311277;0.0;1.5153766072782415;0.0;0.0
389037;FR0128953223;4976364.47599999;0.1703252596762459;0.1703252596762459;96.93265634601161;-5153.60485459725;;0.0;0.0;FR0128953223;Bond;4971210.871145392;0.0025;0.16991082119410894;0.0;0.1703252596762459;0.0;0.0
389037;FR0128957471;12493732.311153213;0.0189493165878781;0.0189493165878781;23.52054662175773;-1437.6349508724243;;0.0;0.0;FR0128957471;Bond;12492294.67620234;0.0025;0.01890314958718475;0.0;0.0189493165878781;0.0;0.0
389037;FR0128957760;12990690.006000564;0.0270705272859782;0.0270705272859782;35.22310110373692;-2135.4558913973533;;0.0;0.0;FR0128957760;Bond;12988554.550109167;0.0025;0.027004574042049312;0.0;0.0270705272859782;0.0;0.0
389037;FR0128958057;4993876.30311036;0.0432356957507622;0.0432356957507622;21.93767390104888;-3612.0091617017406;;0.0;0.0;FR0128958057;Bond;4990264.293948659;0.0025;0.04313054619032632;0.0;0.0432356957507622;0.0;0.0
389037;FR0128958487;8984330.66223;0.0621698833535502;0.0621698833535502;57.825164656576426;-9341.242428263793;;0.0;0.0;FR0128958487;Bond;8974989.419801736;0.0025;0.0620186404894728;0.0;0.0621698833535502;0.0;0.0
389037;FR0128958859;8980028.833933564;0.0811411978663609;0.0811411978663609;76.86062786227157;-4428.507370159018;;0.0;0.0;FR0128958859;Bond;8975600.326563405;0.0025;0.08094368103933766;0.0;0.0811411978663609;0.0;0.0
389037;FR0128959006;5998710.277325856;0.0081211056655831;0.0081211056655831;4.787117369180694;-295.82680819689153;;0.0;0.0;FR0128959006;Bond;5998414.450517659;0.0025;0.008101319935645402;0.0;0.0081211056655831;0.0;0.0
389037;FR0128959097;4986985.634199999;0.0946505792079893;0.0946505792079893;50.42126716148015;-7890.367681508219;;0.0;0.0;FR0128959097;Bond;4979095.266518491;0.0025;0.09442021178926317;0.0;0.0946505792079893;0.0;0.0
389037;FR0128961564;4031933.4707922055;0.0047680800783279;0.0863476496560871;-2.55209187116634;-4996.845549805352;;0.0;0.0;FR0128961564;Bond;4026936.6252424;0.0025;0.004783961158237841;0.0;0.0863476496560871;0.0;0.0
389037;FR0128963453;9993873.723782029;0.0216177794482358;0.0216177794482358;21.48392574969765;-3614.2228261348705;;0.0;0.0;FR0128963453;Bond;9990259.500955895;0.0025;0.021565205030546063;0.0;0.0216177794482358;0.0;0.0
389037;FR0128985233;1993916.4359199984;0.1136596794223974;0.1136596794223974;24.6545206472586;-3785.709835870024;;0.0;0.0;FR0128985233;Bond;1990130.7260841285;0.0025;0.11338285394001611;0.0;0.1136596794223974;0.0;0.0
389037;FR0128985589;5035963.79518901;0.0051221606692157;0.1133461449869133;-5.730083074695358;-8177.218255841537;;0.0;0.0;FR0128985589;Bond;5027786.576933169;0.0025;0.005150672072046184;0.0;0.1133461449869133;0.0;0.0
389037;FR0129007342;4026368.319158356;0.0056513966955056;0.1241533249701413;-5.535092384434392;-7160.944586980974;;0.0;0.0;FR0129007342;Bond;4019207.374571375;0.0025;0.005685844313522611;0.0;0.1241533249701413;0.0;0.0
389037;FR0129008381;5962209.369059961;0.2270997556523354;0.2270997556523355;162.53400625381977;-22640.06078223865;;0.0;0.0;FR0129008381;Bond;5939569.308277722;0.0025;0.22654717387762743;0.0;0.2270997556523355;0.0;0.0
389037;FR0129012318;15972049.47970747;0.0593874511760377;0.0593874511760377;97.81167875954957;-15884.53140036661;;0.0;0.0;FR0129012318;Bond;15956164.948307104;0.0025;0.059243170152978454;0.0;0.0593874511760377;0.0;0.0
389037;FR0129014009;5027571.482282966;0.0041077286726678;0.0755337027873496;-2.4009239041333785;-5451.1037791166145;;0.0;0.0;FR0129014009;Bond;5022120.37850385;0.0025;0.004119709641772909;0.0;0.0755337027873496;0.0;0.0
389037;FR0129025203;9941797.010099553;0.2275684414899852;0.2275684414899851;272.14015485539875;-13727.851213945687;;0.0;0.0;FR0129025203;Bond;9928069.158885607;0.0025;0.22701357656668425;0.0;0.2275684414899851;0.0;0.0
389037;FR0129051647;6028987.438232055;0.0067609320433658;0.1727540924409482;-16.51851988526687;-14901.829263724925;;0.0;0.0;FR0129051647;Bond;6014085.60896833;0.0025;0.006829542563283975;0.0;0.1727540924409482;0.0;0.0
389037;FR0129052819;4986377.21745;0.0973086064694636;0.0973086064694636;51.937421030599005;-2950.842408134794;;0.0;0.0;FR0129052819;Bond;4983426.375041866;0.0025;0.09707188231137232;0.0;0.0973086064694636;0.0;0.0
389037;FR0129054377;4983509.5445;0.1134094582907051;0.1134094582907051;61.34944219304538;-9461.841409146577;;0.0;0.0;FR0129054377;Bond;4974047.703090853;0.0025;0.11313385031491344;0.0;0.1134094582907051;0.0;0.0
389037;FR0129060382;6952333.151399939;0.2460364602855334;0.2460364602855334;208.5761585667451;-28599.80336116989;;0.0;0.0;FR0129060382;Bond;6923733.348038769;0.0025;0.2454377729696981;0.0;0.2460364602855334;0.0;0.0
389037;FR0129062230;9876172.943111284;0.4960949402623785;0.4960949402623785;721.2187629601757;-29872.040901903725;;0.0;0.0;FR0129062230;Bond;9846300.90220938;0.0025;0.49488456230016764;0.0;0.4960949402623785;0.0;0.0
389037;FR0129083459;9904059.658086732;0.4015829106493079;0.4015829106493079;548.2336473650348;-26103.302441313528;;0.0;0.0;FR0129083459;Bond;9877956.355645418;0.0025;0.4006022218071551;0.0;0.4015829106493079;0.0;0.0
389037;FR0129084309;4988111.287746854;0.0809864408712678;0.0809864408712678;42.53086216839167;-6764.698869684091;;0.0;0.0;FR0129084309;Bond;4981346.58887717;0.0025;0.08078967672711562;0.0;0.0809864408712678;0.0;0.0
389037;FR0129101947;5008513.273965755;0.006728725711901;0.1916445210336963;-17.102452787298716;-13723.874730309477;;0.0;0.0;FR0129101947;Bond;4994789.399235445;0.0025;0.0068142058148272225;0.0;0.1916445210336963;0.0;0.0
389037;FR0129102770;9940200.34629963;0.2301887357589243;0.2301887357589243;275.74290628592325;-38194.87941283625;;0.0;0.0;FR0129102770;Bond;9902005.466886794;0.0025;0.2296276984961012;0.0;0.2301887357589243;0.0;0.0
389037;FR0129104677;11938861.228919744;0.1977336539702288;0.1977336539702288;276.87842685243714;-14326.633474703693;;0.0;0.0;FR0129104677;Bond;11924534.59544504;0.0025;0.19725161646898318;0.0;0.1977336539702288;0.0;0.0
389037;FR0129107795;4990471.588589054;0.0647861970444555;0.0647861970444555;33.51402488987253;-5414.319860496617;;0.0;0.0;FR0129107795;Bond;4985057.268728557;0.0025;0.06462880010319388;0.0;0.0647861970444555;0.0;0.0
389037;FR0129108900;3966932.05491918;0.3223575787102802;0.3223575787102802;165.92777374284023;-7759.971197841902;;0.0;0.0;FR0129108900;Bond;3959172.0837213383;0.0025;0.32157167141346293;0.0;0.3223575787102802;0.0;0.0
389037;FR0129108918;4968664.290549829;0.2382377390514954;0.2382377390514954;143.5674856774853;-7187.54724769948;;0.0;0.0;FR0129108918;Bond;4961476.743302129;0.0025;0.23765726751249847;0.0;0.2382377390514954;0.0;0.0
389037;FR0129109403;6951239.948099986;0.2458834466963293;0.2458834466963293;208.28404889697097;-10398.29318263724;;0.0;0.0;FR0129109403;Bond;6940841.654917348;0.0025;0.24528550381717254;0.0;0.2458834466963293;0.0;0.0
389037;IRSB100007429;-22683.056569749024;0.4712490182319931;0.0;-78.10411708438693;4128.611385491184;SOCIETE GENERALE;0.0;0.0;;Swap;-18554.445184257842;0.0025;0.3857222050557482;0.0;0.0;0.0;0.0
389037;IRSB100007660;2424.0724284527823;0.16165150553955782;0.0;-15.375123744467665;2346.657937907151;CITIBANK EUROPE PUBLIC LIMITED COMPANY;0.0;0.0;;Swap;4770.730366359933;0.0025;0.32028391641877896;0.0;0.0;0.0;0.0
389037;IRSB100007859;-26002.508182553574;0.558923100862773;0.0;-128.91383894432974;5748.406639954088;BNP PARIBAS;0.0;0.0;;Swap;-20254.101542599485;0.0025;0.4357604307410694;0.0;0.0;0.0;0.0
389037;IRSB100007876;-12749.800861470634;0.7698887945423991;0.0;-90.47698344817435;2931.123497752294;NOMURA FINANCIAL PRODUCTS EUROPE GMBH;0.0;0.0;;Swap;-9818.67736371834;0.0025;0.5939619956404452;0.0;0.0;0.0;0.0
389037;IRSB100007880;-8534.34764385363;0.3671371554259352;0.0;-26.788000520801724;1815.0928667406208;NOMURA FINANCIAL PRODUCTS EUROPE GMBH;0.0;0.0;;Swap;-6719.25477711301;0.0025;0.28900298681164904;0.0;0.0;0.0;0.0
389037;IRSB100007887;-12577.953761441167;0.6739944402271165;0.0;-76.71196315552253;2838.3124771589682;CITIBANK EUROPE PUBLIC LIMITED COMPANY;0.0;0.0;;Swap;-9739.6412842822;0.0025;0.5226570530536033;0.0;0.0;0.0;0.0
389037;IRSB100007916;-8636.415018983651;0.44933101105126605;0.0;-38.17541698756188;2115.699077360442;BNP PARIBAS;0.0;0.0;;Swap;-6520.715941623209;0.0025;0.3393286283978835;0.0;0.0;0.0;0.0
389037;IRSB100007926;-33456.516186926514;0.6356374324729502;0.0;-195.66162429160107;7674.996189475276;NATIXIS;0.0;0.0;;Swap;-25781.519997451236;0.0025;0.4904416034778307;0.0;0.0;0.0;0.0
389037;IRSB100007935;-16045.082879975904;0.4438515654298845;0.0;-57.909475013509535;3248.7087037577844;BNP PARIBAS;0.0;0.0;;Swap;-12796.37417621812;0.0025;0.35411475859443164;0.0;0.0;0.0;0.0
389037;IRSB100007937;-60260.390933657996;0.6739944413298515;0.0;-373.411130835363;13816.102834402494;CITIBANK EUROPE PUBLIC LIMITED COMPANY;0.0;0.0;;Swap;-46444.2880992555;0.0025;0.5202144519742733;0.0;0.0;0.0;0.0
389037;IRSB100008097;-16218.203495139256;0.0054794519321914;0.0;-0.0010985720435841007;0.11109025356194069;NATIXIS;0.0;0.0;;Swap;-16218.092404885694;0.0025;0.005477833568801806;0.0;0.0;0.0;0.0
389037;IRSB100008106;-20545.04826105386;0.082196614785913;0.0;-6.468752134332144;1906.6130515210045;SOCIETE GENERALE;0.0;0.0;;Swap;-18638.435209532854;0.0025;0.07434208064793844;0.0;0.0;0.0;0.0
389037;IRSB100008107;-66820.22715989687;0.9616743432712698;0.0;-549.621481741164;14262.712228357583;CITIBANK EUROPE PUBLIC LIMITED COMPANY;0.0;0.0;;Swap;-52557.514931539285;0.0025;0.7583519912634087;0.0;0.0;0.0;0.0
389037;IRSB100008121;-46106.21229342092;0.6356374327710734;0.0;-225.96156490168804;8863.603475194737;SOCIETE GENERALE;0.0;0.0;;Swap;-37242.60881822618;0.0025;0.5141252212623656;0.0;0.0;0.0;0.0
389037;IRSB100008130;-3046.663423318416;0.0273979570056786;0.0;-0.13598380770322469;117.85505113925434;BNP PARIBAS;0.0;0.0;;Swap;-2928.8083721791613;0.0025;0.02628399156508382;0.0;0.0;0.0;0.0
389037;IRSB100008210;-19759.65964520909;0.1287731796961685;0.0;-16.033223130593573;3063.8130201747936;NATIXIS;0.0;0.0;;Swap;-16695.846625034297;0.0025;0.10852933833019039;0.0;0.0;0.0;0.0
389037;IRSB100008252;-7511.79555889871;0.1452121692723581;0.0;-6.133165065864483;1040.8582014127896;NOMURA FINANCIAL PRODUCTS EUROPE GMBH;0.0;0.0;;Swap;-6470.93735748592;0.0025;0.12485310460357052;0.0;0.0;0.0;0.0
389037;IRSB100008256;-7717.932758780662;0.0986359420176801;0.0;-3.326830529920259;820.8097821542045;SOCIETE GENERALE;0.0;0.0;;Swap;-6897.122976626458;0.0025;0.08788396406250665;0.0;0.0;0.0;0.0
389037;IRSB100008297;-17427.88917933521;0.7972862750001571;0.0;-103.42142643130992;3235.8740493276377;CITIBANK EUROPE PUBLIC LIMITED COMPANY;0.0;0.0;;Swap;-14192.01513000757;0.0025;0.650519224274226;0.0;0.0;0.0;0.0
389037;IRSB100008309;-8512.772989512188;0.7972862749165245;0.0;-48.678037320556555;1523.051722581339;NATIXIS;0.0;0.0;;Swap;-6989.721266930849;0.0025;0.6559195608870219;0.0;0.0;0.0;0.0
389037;IRSB100008313;-31329.911872781813;0.16439087782293582;0.0;-26.236969193252847;3941.641411308557;BNP PARIBAS;0.0;0.0;;Swap;-27388.270461473257;0.0025;0.1435224005866319;0.0;0.0;0.0;0.0
389037;IRSB100008380;-40817.33135995595;0.876740140330344;0.0;-294.31070034513954;8375.809047171408;CITIBANK EUROPE PUBLIC LIMITED COMPANY;0.0;0.0;;Swap;-32441.52231278454;0.0025;0.6984009572726062;0.0;0.0;0.0;0.0
389037;IRSB100008392;-7957.334194948431;0.0657578118950686;0.0;-1.5451372962224088;561.4290453815621;NATIXIS;0.0;0.0;;Swap;-7395.905149566869;0.0025;0.06091417822432779;0.0;0.0;0.0;0.0
389037;IRSB100008403;-13397.201452939305;0.2054879877340395;0.0;-16.46759520762698;1985.001822473862;BNP PARIBAS;0.0;0.0;;Swap;-11412.199630465444;0.0025;0.17486400786281603;0.0;0.0;0.0;0.0
389037;IRSB100008462;-21634.42187924683;0.0630180924869876;0.0;-4.549025351953498;1720.0024652596348;SOCIETE GENERALE;0.0;0.0;;Swap;-19914.419413987198;0.0025;0.05777132215191029;0.0;0.0;0.0;0.0
389037;IRSB100008477;-20015.173129929695;0.44933101117149093;0.0;-83.5132120897378;4628.368026303984;CITIBANK EUROPE PUBLIC LIMITED COMPANY;0.0;0.0;;Swap;-15386.805103625711;0.0025;0.3455233792164386;0.0;0.0;0.0;0.0
389037;IRSB100008478;-24541.334812331945;0.5233056374579669;0.0;-119.5197238565611;5690.96681898311;CITIBANK EUROPE PUBLIC LIMITED COMPANY;0.0;0.0;;Swap;-18850.367993348835;0.0025;0.40223677213281445;0.0;0.0;0.0;0.0
389037;IRSB100008512;-12991.026099949144;0.3315196726525522;0.0;-53.764495390082004;4031.8429292485425;JP MORGAN SE;0.0;0.0;;Swap;-8959.183170700602;0.0025;0.22832975384998483;0.0;0.0;0.0;0.0
389037;IRSB100008539;-6271.442396975122;0.046576115544837295;0.0;-0.972017129761434;512.1677253059426;CITIBANK EUROPE PUBLIC LIMITED COMPANY;0.0;0.0;;Swap;-5759.27467166918;0.0025;0.04270676387635453;0.0;0.0;0.0;0.0
389037;IRSB100008589;-14843.67426029034;0.37809570257223374;0.0;-209.86675976819734;13811.84066584122;BNP PARIBAS;0.0;0.0;;Swap;-1031.8335944491191;0.0025;0.024991484022240107;0.0;0.0;0.0;0.0
389037;IRSB100008609;-2703.981110348366;0.1095944646254474;0.0;-4.321757415395987;966.0619374976617;NATIXIS;0.0;0.0;;Swap;-1737.9191728507044;0.0025;0.06966713616172768;0.0;0.0;0.0;0.0
389037;IRSB100008618;-61191.749469986185;0.7698887947900336;0.0;-791.8161340448986;25651.411149677915;NOMURA FINANCIAL PRODUCTS EUROPE GMBH;0.0;0.0;;Swap;-35540.33832030827;0.0025;0.44787270196884593;0.0;0.0;0.0;0.0
389037;IRSB100008630;-7935.208416385576;0.4109737900094113;0.0;-82.68627323602323;5008.183368967108;SOCIETE GENERALE;0.0;0.0;;Swap;-2927.0250474184677;0.0025;0.150891623084146;0.0;0.0;0.0;0.0
389037;IRSB100008635;-28721.050308668986;0.635637433092126;0.0;-319.1761452983507;12519.654417722166;NATIXIS;0.0;0.0;;Swap;-16201.39589094682;0.0025;0.35882329234993415;0.0;0.0;0.0;0.0
389037;IRSB100008636;-46287.25067522563;0.7698887951257428;0.0;-581.4549544354412;18836.665795261746;JP MORGAN SE;0.0;0.0;;Swap;-27450.584879963884;0.0025;0.457323581412334;0.0;0.0;0.0;0.0
389037;IRSB100008658;-15881.634513443336;0.41371318372550714;0.0;-167.53755162838587;10081.901718569336;NATIXIS;0.0;0.0;;Swap;-5799.732794874;0.0025;0.15041263418752226;0.0;0.0;0.0;0.0
389037;IRSB100008679;-4364.241744329222;0.4137131819870501;0.0;-50.856013821487885;3060.3259816162085;BNP PARIBAS;0.0;0.0;;Swap;-1303.915762713013;0.0025;0.12281891531345879;0.0;0.0;0.0;0.0
389037;IRSB100008683;-9338.332983738277;0.5233056373611333;0.0;-102.6049468881914;4885.420130437166;CITIBANK EUROPE PUBLIC LIMITED COMPANY;0.0;0.0;;Swap;-4452.912853301111;0.0025;0.24930272391953545;0.0;0.0;0.0;0.0
389037;IRSB100008689;-12697.582855246961;0.6356374336259952;0.0;-165.59904300561962;6495.579696986789;NATIXIS;0.0;0.0;;Swap;-6202.003158260172;0.0025;0.3106030980245282;0.0;0.0;0.0;0.0
389037;IRSB100008699;-5789.733713020803;0.6356374331888944;0.0;-75.38814495304119;2957.087066216919;NATIXIS;0.0;0.0;;Swap;-2832.6466468038843;0.0025;0.31112242436844906;0.0;0.0;0.0;0.0
389037;IRSB100008709;-3556.037766361609;0.1808302020320624;0.0;-14.359669390754412;1962.2980938375772;BNP PARIBAS;0.0;0.0;;Swap;-1593.739672524032;0.0025;0.0799592169236496;0.0;0.0;0.0;0.0
389037;IRSB100008714;-1006.6788336110767;0.1616515061844629;0.0;-3.3336287531116273;508.6977995745065;CITIBANK EUROPE PUBLIC LIMITED COMPANY;0.0;0.0;;Swap;-497.9810340365702;0.0025;0.07892904127433431;0.0;0.0;0.0;0.0
389037;IRSB100008721;-7715.738254163414;0.6356374329352545;0.0;-98.58540452919489;3866.982387277239;BNP PARIBAS;0.0;0.0;;Swap;-3848.755866886175;0.0025;0.3172179295028879;0.0;0.0;0.0;0.0
389037;IRSB100008722;-11191.73921999894;1.1194045660036942;0.0;-530.0446394008026;11656.973128365109;NOMURA FINANCIAL PRODUCTS EUROPE GMBH;0.0;0.0;;Swap;465.2339083661682;0.0025;-0.061471412178971674;0.0;0.0;0.0;0.0
389037;IRSB100008733;-11312.354634079617;0.635637433719895;0.0;-124.19802077588118;4871.659866266507;NATIXIS;0.0;0.0;;Swap;-6440.694767813109;0.0025;0.36217322994035817;0.0;0.0;0.0;0.0
389037;IRSB100008744;-5128.65355911199;0.4548101301372905;0.0;-77.04304971827753;4218.945876389662;NATIXIS;0.0;0.0;;Swap;-909.7076827223282;0.0025;0.07977523317845636;0.0;0.0;0.0;0.0
389037;IRSB100008751;-9674.930901741609;0.4493310107717318;0.0;-197.62550590371364;10952.103866862331;BNP PARIBAS;0.0;0.0;;Swap;1277.1729651207224;0.0025;-0.06082811243871261;0.0;0.0;0.0;0.0
389037;IRSB100008756;-9805.013304287568;0.6356374324944176;0.0;-163.27597700182017;6404.414816152949;BNP PARIBAS;0.0;0.0;;Swap;-3400.5984881346185;0.0025;0.22034013726049195;0.0;0.0;0.0;0.0
389037;IRSB100008757;-7958.952875365503;0.621938269533234;0.0;-137.16668301805214;5498.448305814757;NATIXIS;0.0;0.0;;Swap;-2460.504569550746;0.0025;0.19204872525301503;0.0;0.0;0.0;0.0
389037;IRSB100008786;-5225.1292147208005;0.5589231003173211;0.0;-123.72273675427584;5516.699023516222;BNP PARIBAS;0.0;0.0;;Swap;291.5698087954215;0.0025;-0.03225608988007744;0.0;0.0;0.0;0.0
389037;IRSB100008791;-4248.625836753286;0.4739887365979015;0.0;-109.93196017998991;5777.3776734766;NATIXIS;0.0;0.0;;Swap;1528.7518367233133;0.0025;-0.172317342773037;0.0;0.0;0.0;0.0
389037;IRSB100008793;-4063.595240999013;1.3895271483159233;0.0;-569.2930360511418;10119.341683862976;NATIXIS;0.0;0.0;;Swap;6055.746442863963;0.0025;-2.1080434091471854;0.0;0.0;0.0;0.0
389037;IRSB100008807;-616.4645888959058;0.49042758965445576;0.0;-70.64227796928225;3588.475797463313;NOMURA FINANCIAL PRODUCTS EUROPE GMBH;0.0;0.0;;Swap;2972.0112085674073;0.0025;-2.3737860279324856;0.0;0.0;0.0;0.0
389037;IRSB100008836;-3692.3404062753543;0.81098569533926;0.0;-318.7055523908597;9802.805373776842;BNP PARIBAS;0.0;0.0;;Swap;6110.464967501488;0.0025;-1.3452531188971606;0.0;0.0;0.0;0.0
389037;IRSB100008840;23552.680708795786;1.4784299708326414;0.0;-1830.6463510026201;30640.71646937187;NATIXIS;0.0;0.0;;Swap;54193.39717816765;0.0025;3.4270344769219294;0.0;0.0;0.0;0.0
389037;IRSB100008846;-7453.247208118439;0.8082459817247474;0.0;-317.1068376024767;9786.617050567425;BNP PARIBAS;0.0;0.0;;Swap;2333.3698424489867;0.0025;-0.2537741578413222;0.0;0.0;0.0;0.0
389037;IRSB100008864;-19211.09957608115;0.7698887951860909;0.0;-476.4870255150866;15435.884050691306;SOCIETE GENERALE;0.0;0.0;;Swap;-3775.2155253898436;0.0025;0.15130326535288763;0.0;0.0;0.0;0.0
389037;IRSB100008873;-379.25006278418005;0.0465761151942005;0.0;-0.3887632951902213;204.99389828881203;BNP PARIBAS;0.0;0.0;;Swap;-174.256164495368;0.0025;0.020954430367570293;0.0;0.0;0.0;0.0
389037;IRSB100008877;-4601.902445873246;1.2711204155295353;0.0;-1194.693032867864;23229.08563673609;BNP PARIBAS;0.0;0.0;;Swap;18627.183190862845;0.0025;-5.215052943493094;0.0;0.0;0.0;0.0
389037;IRSB100008899;3243.9043413954787;1.0333409204752475;0.0;-427.7513884042879;10230.371010315794;NATIXIS;0.0;0.0;;Swap;13474.275351711272;0.0025;4.332588719837879;0.0;0.0;0.0;0.0
389037;IRSB100008904;10522.995032333769;1.272543488765851;0.0;-1195.5855331839523;23240.400495779846;BNP PARIBAS;0.0;0.0;;Swap;33763.395528113615;0.0025;4.1170036175644995;0.0;0.0;0.0;0.0
389037;IRSB100008906;2543.8410953069106;1.0201871996959373;0.0;-185.47109120377854;4494.2772948273805;BNP PARIBAS;0.0;0.0;;Swap;7038.118390134291;0.0025;2.8455355865211875;0.0;0.0;0.0;0.0
389037;IRSB100008933;-8579.767280558124;1.5919635276540387;0.0;-1964.6931096383937;30563.20485540225;NATIXIS;0.0;0.0;;Swap;21983.437574844127;0.0025;-4.126486151596968;0.0;0.0;0.0;0.0
389037;IRSB100008976;6895.192125432193;0.5397445187909223;0.0;-131.41347988467717;6067.084637571184;BNP PARIBAS;0.0;0.0;;Swap;12962.276763003378;0.0025;1.0169406254616709;0.0;0.0;0.0;0.0
389037;IRSB100008988;7766.14265242964;0.5397445203192133;0.0;-145.00375898863757;6694.281346483622;BNP PARIBAS;0.0;0.0;;Swap;14460.423998913262;0.0025;1.007254621462343;0.0;0.0;0.0;0.0
389037;IRSB100009094;15.643892964813858;0.1178146598462551;0.0;-2.6911949583678507;559.4257162164135;BNP PARIBAS;0.0;0.0;;Swap;575.0696091812274;0.0025;4.418561089466427;0.0;0.0;0.0;0.0
389037;IRSB100009114;-3798.4673764761537;0.7890674083897038;0.0;-546.5440404135886;17276.354527877884;CREDIT AGRICOLE CORPORATE AND INVESTMENT BANK;0.0;0.0;;Swap;13477.88715140173;0.0025;-2.8065113033013915;0.0;0.0;0.0;0.0
389037;IRSB100009120;-1826.4321644273587;1.038358911307477;0.0;-214.3223530998092;5124.9877343107755;CREDIT AGRICOLE CORPORATE AND INVESTMENT BANK;0.0;0.0;;Swap;3298.555569883417;0.0025;-1.8925661090898969;0.0;0.0;0.0;0.0
389037;IRSB100009126;-206.0365195851773;0.046576115093184205;0.0;-0.9731496014781692;512.7496710052096;NOMURA FINANCIAL PRODUCTS EUROPE GMBH;0.0;0.0;;Swap;306.7131514200323;0.0025;-0.07149820823847614;0.0;0.0;0.0;0.0
389037;IRSB100009134;-862.3162975329906;0.5452239561046115;0.0;-80.53704036578026;3681.2265084099095;CREDIT AGRICOLE CORPORATE AND INVESTMENT BANK;0.0;0.0;;Swap;2818.910210876919;0.0025;-1.7889371455634984;0.0;0.0;0.0;0.0
389037;IRSB100009139;-404.55933720991015;0.0657578124473586;0.0;-3.720931234449256;1352.9529652242586;NOMURA FINANCIAL PRODUCTS EUROPE GMBH;0.0;0.0;;Swap;948.3936280143485;0.0025;-0.16416867528467394;0.0;0.0;0.0;0.0
389037;IRSB100009144;-323.9709715442732;0.1753507592801272;0.0;-14.973474005166965;2109.331325080051;CREDIT AGRICOLE CORPORATE AND INVESTMENT BANK;0.0;0.0;;Swap;1785.360353535778;0.0025;-0.9800365422007368;0.0;0.0;0.0;0.0
389037;IRSB100009177;-164.63502013124526;0.0794570767755895;0.0;-1.819242146548034;552.8882943265703;NATIXIS;0.0;0.0;;Swap;388.25327419532505;0.0025;-0.19678096236986298;0.0;0.0;0.0;0.0
389037;IRSB100009181;-13887.277562202886;1.5593630469223334;0.0;-1438.0835363597105;22881.724777919917;CREDIT AGRICOLE CORPORATE AND INVESTMENT BANK;0.0;0.0;;Swap;8994.447215717031;0.0025;-1.0234086326100735;0.0;0.0;0.0;0.0
389037;IRSB100009183;-17057.524522369727;1.1195479838674676;0.0;-1259.0029136387434;27924.069561985765;CREDIT AGRICOLE CORPORATE AND INVESTMENT BANK;0.0;0.0;;Swap;10866.545039616038;0.0025;-0.7225495357165361;0.0;0.0;0.0;0.0
389037;IRSB100009204;-4015.053825536743;0.6657745041875486;0.0;-216.7480800901297;8118.465169659835;NATIXIS;0.0;0.0;;Swap;4103.411344123092;0.0025;-0.6827137101368533;0.0;0.0;0.0;0.0
389037;IRSB100009217;-3481.9311770386994;0.7370089071754808;0.0;-212.19949844334388;7181.981180249755;CREDIT AGRICOLE CORPORATE AND INVESTMENT BANK;0.0;0.0;;Swap;3700.050003211056;0.0025;-0.7852093345459641;0.0;0.0;0.0;0.0
389037;IRSB100009252;782.9294343506917;0.6986524583354128;0.0;-286.3121711707001;10220.188139538923;SOCIETE GENERALE;0.0;0.0;;Swap;11003.117573889615;0.0025;9.8422091630475;0.0;0.0;0.0;0.0
389037;IRSB100009266;1385.2232609111816;0.8192045142582658;0.0;-466.42311526134176;14203.289679059168;NATIXIS;0.0;0.0;;Swap;15588.51293997035;0.0025;9.238715112471077;0.0;0.0;0.0;0.0
389037;IRSB100009272;359.3499452089891;0.663034792085272;0.0;-218.650765282668;8223.538423729626;CREDIT AGRICOLE CORPORATE AND INVESTMENT BANK;0.0;0.0;;Swap;8582.888368938615;0.0025;15.875682363450768;0.0;0.0;0.0;0.0
389037;IRSB100009282;269.51529554324225;1.4217709684286781;0.0;-391.0669800899031;6830.599243437149;NATIXIS;0.0;0.0;;Swap;7100.114538980391;0.0025;37.70185110305934;0.0;0.0;0.0;0.0
389037;IRSB100009319;-128.2696224572137;0.6274173984747976;0.0;-192.59571102703774;7653.720424052706;CREDIT AGRICOLE CORPORATE AND INVESTMENT BANK;0.0;0.0;;Swap;7525.4508015954925;0.0025;-36.908878797521446;0.0;0.0;0.0;0.0
389037;IRSB100009320;-16.97057744837366;0.2438453124078963;0.0;-7.015166994233799;713.8318626077605;BNP PARIBAS;0.0;0.0;;Swap;696.8612851593869;0.0025;-10.090314069632303;0.0;0.0;0.0;0.0
389037;IRSB100009332;-1869.9075381513685;0.8849601339417341;0.0;-381.5953078162373;10758.259452359085;CREDIT AGRICOLE CORPORATE AND INVESTMENT BANK;0.0;0.0;;Swap;8888.351914207717;0.0025;-4.21487578567954;0.0;0.0;0.0;0.0
389037;IRSB100009337;-3002.287453021854;1.1560392654412484;0.0;-651.1848646945674;14001.390113050522;CREDIT AGRICOLE CORPORATE AND INVESTMENT BANK;0.0;0.0;;Swap;10999.102660028668;0.0025;-4.263025707028505;0.0;0.0;0.0;0.0
389037;IRSB100009346;-4528.140443131328;0.8959186788770576;0.0;-782.1982402551497;21784.256895229217;CREDIT AGRICOLE CORPORATE AND INVESTMENT BANK;0.0;0.0;;Swap;17256.11645209789;0.0025;-3.4206147287039013;0.0;0.0;0.0;0.0
389037;IRSB100009351;-1733.2716241367161;0.2411055913826671;0.0;-91.00249445238585;9363.456865878363;JP MORGAN SE;0.0;0.0;;Swap;7630.185241741647;0.0025;-1.0713317863907017;0.0;0.0;0.0;0.0
389037;IRSB100009363;-1088.8149573830888;0.4739887391244766;0.0;-110.09185015073005;5785.622335041864;CREDIT AGRICOLE CORPORATE AND INVESTMENT BANK;0.0;0.0;;Swap;4696.807377658775;0.0025;-2.05324023370909;0.0;0.0;0.0;0.0
389037;IRSB100009369;-2978.5074752233922;0.8959186779626669;0.0;-390.99531889240205;10889.230423857634;CREDIT AGRICOLE CORPORATE AND INVESTMENT BANK;0.0;0.0;;Swap;7910.722948634242;0.0025;-2.3838804009444696;0.0;0.0;0.0;0.0
389037;IRSB100009384;-641.2356063518673;0.4082340765798688;0.0;-163.46634989801427;9967.172566954456;NATIXIS;0.0;0.0;;Swap;9325.936960602588;0.0025;-5.964449448903958;0.0;0.0;0.0;0.0
389037;IRSB100009399;-184.35901453066617;0.2520654361893108;0.0;-43.525997326655215;4283.2814141367;CREDIT AGRICOLE CORPORATE AND INVESTMENT BANK;0.0;0.0;;Swap;4098.922399606034;0.0025;-5.650117605399556;0.0;0.0;0.0;0.0
389037;IRSB100009418;297.2742422949523;0.5835810671732574;0.0;-266.8045435998712;11395.250397373145;SOCIETE GENERALE;0.0;0.0;;Swap;11692.524639668098;0.0025;23.022009108873945;0.0;0.0;0.0;0.0
389037;IRSB100009432;-4348.112624060363;0.6959127333345408;0.0;-473.65052408616367;16974.083269556406;NATIXIS;0.0;0.0;;Swap;12625.970645496043;0.0025;-2.0261875680086114;0.0;0.0;0.0;0.0
389037;IRSB100009458;-138.48569389944896;0.3287799582053213;0.0;-42.4075574619814;3206.2398456881538;BNP PARIBAS;0.0;0.0;;Swap;3067.754151788705;0.0025;-7.326534336244704;0.0;0.0;0.0;0.0
389037;IRSB100009472;1399.7668013010427;-2749.5503379829443;0.0;-251.8173909544568;12377.772284528146;CREDIT AGRICOLE CORPORATE AND INVESTMENT BANK;0.0;0.0;;Swap;13777.539085829188;0.0025;16155.014803045417;0.0;0.0;0.0;0.0
389037;TCN15523;9998661.861107972;0.041154074916073;0.9886220673571698;-917.7039128616116;-41132.93601922328;;0.0;0.0;TCN15523;Bond;9957528.925088748;0.0025;0.04345287588784369;0.0;0.9886220673571698;0.0;0.0
389037;XS0970852348;3765153.60683162;0.440710154858963;0.440710154858963;234.89877995825108;-10212.334440447412;;0.0;0.0;XS0970852348;Bond;3754941.2723911726;0.0025;0.43963602923866324;0.0;0.440710154858963;0.0;0.0
389037;XS1400169931;5919220.273972603;1.5187191446955954;1.5187191446955954;2248.689481287869;-59979.09368625687;;0.0;0.0;XS1400169931;Bond;5859241.180286346;0.0025;1.514988008484815;0.0;1.5187191446955954;0.0;0.0
389037;XS1485532896;3519305.6165693845;0.0239384129235007;0.0239384129235007;8.380598621630973;-520.6643925883474;;0.0;0.0;XS1485532896;Bond;3518784.9521767963;0.0025;0.023880312501540185;0.0;0.0239384129235007;0.0;0.0
389037;XS1614416193;7996854.7942583375;0.6177778992932234;0.6177778992932234;787.4413565171069;-32896.650612544916;;0.0;0.0;XS1614416193;Bond;7963958.143645792;0.0025;0.6162703010584478;0.0;0.6177778992932234;0.0;0.0
389037;XS1639488771;1209640.273972602;0.2343061817077161;0.2343061817077161;34.185286601474594;-1749.8357935822849;;0.0;0.0;XS1639488771;Bond;1207890.4381790198;0.0025;0.23373691255665505;0.0;0.2343061817077161;0.0;0.0
389037;XS1676952481;2994145.0684862575;0.4250804529047744;0.4250804529047743;178.2991198026055;-7628.917571759506;;0.0;0.0;XS1676952481;Bond;2986516.150914498;0.0025;0.42404345491142015;0.0;0.4250804529047743;0.0;0.0
389037;XS1957442541;3005739.041092116;0.4005808587362461;0.4005808587362461;165.59510118976405;-7263.1831075157415;;0.0;0.0;XS1957442541;Bond;2998475.8579846;0.0025;0.3996046969609504;0.0;0.4005808587362461;0.0;0.0
389037;XS2010447238;14737995.205479452;1.2452559564176522;1.2452559564176522;4085.040822277008;-112955.93298453484;;0.0;0.0;XS2010447238;Bond;14625039.272494918;0.0025;1.2422031746451576;0.0;1.2452559564176522;0.0;0.0
389037;XS2056430874;746907.2119177766;0.2346428166877993;0.2346428166877993;21.16882095511591;-1043.6237755563452;;0.0;0.0;XS2056430874;Bond;745863.5881422203;0.0025;0.23407191059440094;0.0;0.2346428166877993;0.0;0.0
389037;XS2063547041;2692599.915837176;0.0239963969356794;0.0239963969356794;6.443062170658467;-431.5536851410268;;0.0;0.0;XS2063547041;Bond;2692168.3621520353;0.0025;0.023938014561985882;0.0;0.0239963969356794;0.0;0.0
389037;XS2106861771;3734784.054794519;0.0612100075666785;0.0612100075666785;23.605559951178325;-1529.7266197035087;;0.0;0.0;XS2106861771;Bond;3733254.3281748155;0.0025;0.06106136268423357;0.0;0.0612100075666785;0.0;0.0
389037;XS2133390521;2729991.691076127;0.5293841229708371;0.5293841229708371;217.54357823370952;-8661.17911853741;;0.0;0.0;XS2133390521;Bond;2721330.5119575895;0.0025;0.5280925784718662;0.0;0.5293841229708371;0.0;0.0
389037;XS2148623106;6209424.657534244;0.0026486231379359;0.0026486231379359;1.5943246722827091;-110.57879527115774;;0.0;0.0;XS2148623106;Bond;6209314.078738973;0.0025;0.0026422217049466255;0.0;0.0026486231379359;0.0;0.0
389037;XS2152899584;5188134.175845446;0.5080803089586261;0.5080803089586262;391.2146911361974;-15777.613521064233;;0.0;0.0;XS2152899584;Bond;5172356.562324381;0.0025;0.506840531414026;0.0;0.5080803089586262;0.0;0.0
389037;XS2168647357;9956320.547945203;0.749299772200566;0.749299772200566;1287.6912979341432;-49645.21478701447;;0.0;0.0;XS2168647357;Bond;9906675.33315819;0.0025;0.7474700462257693;0.0;0.749299772200566;0.0;0.0
389037;XS2178586157;2941222.1095890403;1.2008454718613557;1.2008454718613557;777.5425083853945;-21165.95723015195;;0.0;0.0;XS2178586157;Bond;2920056.152358888;0.0025;1.197841537712014;0.0;1.2008454718613557;0.0;0.0
389037;XS2178833773;14918500.397030516;0.5037150520071483;0.5037150520071483;1114.3914847373476;-46349.53274036331;;0.0;0.0;XS2178833773;Bond;14872150.864290152;0.0025;0.5024819084860019;0.0;0.5037150520071483;0.0;0.0
389037;XS2180510732;7360032.999999926;0.1547275271062522;0.1547275271062522;128.50714492527553;-7602.006687671159;;0.0;0.0;XS2180510732;Bond;7352430.9933122555;0.0025;0.15435087533480302;0.0;0.1547275271062522;0.0;0.0
389037;XS2264074647;5030442.465711355;0.5578575491952283;0.5578575491952283;434.86666019529673;-16786.51759790803;;0.0;0.0;XS2264074647;Bond;5013655.948113447;0.0025;0.5564743868064148;0.0;0.5578575491952283;0.0;0.0
389037;XS2289133915;4919110.9585415125;0.7861600853499819;0.7861600853499819;681.4699081702134;-25754.578196637885;;0.0;0.0;XS2289133915;Bond;4893356.380344874;0.0025;0.7842418251201759;0.0;0.7861600853499819;0.0;0.0
389037;XS2390400633;4876963.698630137;1.1268330759454726;1.1268330759454726;1155.9568163104868;-33037.29392349415;;0.0;0.0;XS2390400633;Bond;4843926.404706643;0.0025;1.124081861114192;0.0;1.1268330759454726;0.0;0.0
389037;XS2407357768;3599213.9999339296;0.6041037167824151;0.6041037167824153;343.4865542964806;-14485.603742199844;;0.0;0.0;XS2407357768;Bond;3584728.3961917297;0.0025;0.602630225830904;0.0;0.6041037167824153;0.0;0.0
389037;XS2432293673;12364820.205265902;0.6172129818837127;0.6172129818837127;1215.323803882711;-45732.896649613605;;0.0;0.0;XS2432293673;Bond;12319087.308616288;0.0025;0.6157081406087056;0.0;0.6172129818837127;0.0;0.0
389037;XS2434710799;4921381.506470388;0.7885228913916766;0.7885228913916766;684.6002323644384;-23218.134120937008;;0.0;0.0;XS2434710799;Bond;4898163.37234945;0.0025;0.7865996290625704;0.0;0.7885228913916766;0.0;0.0
389037;XS2480958904;3479782.7814834868;0.4562176618734002;0.4562176618734002;227.0204772679919;-9609.920667768096;;0.0;0.0;XS2480958904;Bond;3470172.860815719;0.0025;0.45510700222233863;0.0;0.4562176618734002;0.0;0.0
389037;XS2485554088;8047795.555540473;0.1567598819351098;0.4035610404197976;19.896972958122205;-16226.09297879972;;0.0;0.0;XS2485554088;Bond;8031569.4625616735;0.0025;0.15675950731912364;0.0;0.4035610404197976;0.0;0.0
389037;XS2517103250;2012866.5753410575;0.3520662449191943;0.3520662449191943;93.9390512576643;-4235.291862635431;;0.0;0.0;XS2517103250;Bond;2008631.283478422;0.0025;0.351209389304487;0.0;0.3520662449191943;0.0;0.0
389037;XS2583352443;4070197.260197573;0.5349579665842435;0.5349579665842435;329.7955425316918;-13381.470444485172;;0.0;0.0;XS2583352443;Bond;4056815.789753088;0.0025;0.533647743681548;0.0;0.5349579665842435;0.0;0.0
389037;XS2625195891;4200520.547945207;1.0686069381260868;1.0686069381260868;931.7784233076053;-29932.82691999491;;0.0;0.0;XS2625195891;Bond;4170587.721025212;0.0025;1.0659161272810591;0.0;1.0686069381260868;0.0;0.0
389037;XS2719281227;4029661.3331750664;0.1273773163670581;0.6177935328436448;7.0455641321132125;-11386.357273479785;;0.0;0.0;XS2719281227;Bond;4018274.9759015865;0.0025;0.12737416817205915;0.0;0.6177935328436448;0.0;0.0
389037;XS2745115597;11783549.532025551;0.0264225219317835;0.7585718059322842;2.1366427382929487;-36900.49867691734;;0.0;0.0;XS2745115597;Bond;11746649.033348635;0.0025;0.026419734200848487;0.0;0.7585718059322842;0.0;0.0
389037;XS2752874821;10293205.05;0.0788068175505777;0.8102326992511912;9.143400703237605;-35481.77786126484;;0.0;0.0;XS2752874821;Bond;10257723.272138735;0.0025;0.07880013646636681;0.0;0.8102326992511912;0.0;0.0
389037;XS2813883043;9979349.4486;0.0785146636666247;0.0785146636666247;82.51928029778507;-5153.718824824932;;0.0;0.0;XS2813883043;Bond;9974195.729775175;0.0025;0.0783233499481777;0.0;0.0785146636666247;0.0;0.0
389037;XS2819223194;8027239.543596755;0.1155396344520789;1.0928897575269545;12.30191060130892;-37499.22180806889;;0.0;0.0;XS2819223194;Bond;7989740.321788686;0.0025;0.1155346949529102;0.0;1.0928897575269545;0.0;0.0
389037;XS2824777267;8027017.007540516;0.1428277757959461;1.120808947069786;18.836985304915288;-34500.46030711092;;0.0;0.0;XS2824777267;Bond;7992516.547233405;0.0025;0.14282010777808843;0.0;1.120808947069786;0.0;0.0
389037;XS2825596682;9967866.469199974;0.1245994475940499;0.12459944759405;136.58487674204872;-7537.345604107377;;0.0;0.0;XS2825596682;Bond;9960329.123595867;0.0025;0.12429569718227952;0.0;0.12459944759405;0.0;0.0
389037;XS2841263358;5142183.542033884;0.0108006201723559;0.1898773381976502;-16.246604062075676;-4083.535672809058;;0.0;0.0;XS2841263358;Bond;5138100.006361075;0.0025;0.01087989869891052;0.0;0.1898773381976502;0.0;0.0
389037;XS2843279691;4112541.351948321;0.011511337339768;0.1953214373681039;-13.701324519388436;-3363.316262300994;;0.0;0.0;XS2843279691;Bond;4109178.03568602;0.0025;0.011594958506052763;0.0;0.1953214373681039;0.0;0.0
389037;XS2885066808;14868125.986334596;0.3718267450525667;0.3718267450525667;745.7157225020219;-36274.15394748208;;0.0;0.0;XS2885066808;Bond;14831851.832387114;0.0025;0.3709184996954143;0.0;0.3718267450525667;0.0;0.0
389037;XS2889872540;7145313.595416502;0.0193459568869436;0.3910123642670058;-98.87309637690576;-11621.47446151773;;0.0;0.0;XS2889872540;Bond;7133692.120954985;0.0025;0.01969282942053162;0.0;0.3910123642670058;0.0;0.0
389037;XS2898793406;5094484.4926727675;0.0206746384984082;0.4288127378479748;-85.2246273552737;-9084.451355846686;;0.0;0.0;XS2898793406;Bond;5085400.041316921;0.0025;0.021093927174564906;0.0;0.4288127378479748;0.0;0.0
389037;XS2908566982;9886355.530278988;0.4664838888924871;0.4664838888924871;665.4151896089572;-27952.654540405245;;0.0;0.0;XS2908566982;Bond;9858402.875738584;0.0025;0.4653452464591604;0.0;0.4664838888924871;0.0;0.0
389037;XS2908585263;10174327.57925971;0.026866680355475;0.4887754239928086;-215.38575367685556;-20641.782994656794;;0.0;0.0;XS2908585263;Bond;10153685.796265054;0.0025;0.027397723202763867;0.0;0.4887754239928086;0.0;0.0
389037;XS2914760405;3952179.3238650737;0.5020013354044954;0.5020013354044954;293.4074627656829;-13020.535991637673;;0.0;0.0;XS2914760405;Bond;3939158.787873436;0.0025;0.5007753634965747;0.0;0.5020013354044954;0.0;0.0
389037;XS2918558227;12195936.050805584;0.0283897244441777;0.600428106212006;-401.4809817931565;-30403.152868901278;;0.0;0.0;XS2918558227;Bond;12165532.897936683;0.0025;0.0292147204589275;0.0;0.600428106212006;0.0;0.0
389037;XS2922134684;5074488.649444965;0.0244006324998319;0.5346610511449618;-133.06635793242094;-11264.886230998865;;0.0;0.0;XS2922134684;Bond;5063223.763213966;0.0025;0.025057686331090137;0.0;0.5346610511449618;0.0;0.0
389037;XS2923562263;9643540.617644737;0.0245293879572654;0.5405930337783714;-258.2040981025102;-21622.2201169631;;0.0;0.0;XS2923562263;Bond;9621918.397527773;0.0025;0.025200262772338132;0.0;0.5405930337783714;0.0;0.0
389037;XS2924143154;10146673.112515226;0.0245799087485108;0.5400722546882872;-271.6199709595912;-22751.597864625026;;0.0;0.0;XS2924143154;Bond;10123921.514650602;0.0025;0.02525065324139145;0.0;0.5400722546882872;0.0;0.0
389037;XS2931921113;9041638.750000002;0.0991896698037431;1.5551953465380757;11.775780350831155;-58750.777634483704;;0.0;0.0;XS2931921113;Bond;8982887.972365519;0.0025;0.09918170641836338;0.0;1.5551953465380757;0.0;0.0
389037;XS2936812366;10138414.127381532;0.1084739357964221;1.6068184530625036;-2285.3479997309023;-68301.87007254131;;0.0;0.0;XS2936812366;Bond;10070112.25730899;0.0025;0.11413872082075857;0.0;1.6068184530625036;0.0;0.0
389037;XS2942506978;6074346.49473663;0.0270337928114285;0.6166800882537425;-212.61728377908184;-15521.508594990653;;0.0;0.0;XS2942506978;Bond;6058824.986141639;0.0025;0.027910682255300173;0.0;0.6166800882537425;0.0;0.0
389037;XS2978738495;4994971.240917292;0.0378955379071773;0.0378955379071773;19.162527122434415;-1149.5276280467192;;0.0;0.0;XS2978738495;Bond;4993821.713289246;0.0025;0.037803218990300425;0.0;0.0378955379071773;0.0;0.0
389037;XS2978742414;8836284.472126368;0.7790738843056276;0.7790738843056276;1209.0642186964303;-114641.71265138198;;0.0;0.0;XS2978742414;Bond;8721642.759474987;0.0025;0.7771705375724938;0.0;0.7790738843056276;0.0;0.0
389037;XS2993382667;4922952.886970012;0.6568708448761305;0.6568708448761305;528.4048365213677;-21215.903811517346;;0.0;0.0;XS2993382667;Bond;4901736.983158495;0.0025;0.6552661697256427;0.0;0.6568708448761305;0.0;0.0
389037;XS2994523103;3932181.747688369;0.7275394069409821;0.7275394069409821;487.72102795892016;-18766.741382118187;;0.0;0.0;XS2994523103;Bond;3913415.0063062506;0.0025;0.7257618612762046;0.0;0.7275394069409821;0.0;0.0
389037;XS3002279886;5903249.081095076;0.68948483102397;0.68948483102397;678.3833694270608;-26702.09378873417;;0.0;0.0;XS3002279886;Bond;5876546.9873063415;0.0025;0.6878003806471154;0.0;0.68948483102397;0.0;0.0
389037;XS3003192898;19984378.218003213;0.0297840678568929;0.0297840678568929;59.791571696780174;-3914.7480618828204;;0.0;0.0;XS3003192898;Bond;19980463.46994133;0.0025;0.02971148769520184;0.0;0.0297840678568929;0.0;0.0
389037;XS3006178597;4927156.147392118;0.6188261307204695;0.6188261307204695;486.60447336066574;-20005.60386420581;;0.0;0.0;XS3006178597;Bond;4907150.543527912;0.0025;0.6173145026179023;0.0;0.6188261307204695;0.0;0.0
389037;XS3007482790;4898210.64700962;0.8741111783098919;0.8741111783098919;792.682569528563;-28087.54762792093;;0.0;0.0;XS3007482790;Bond;4870123.099381699;0.0025;0.8719755779532686;0.0;0.8741111783098919;0.0;0.0
389037;XS3013234177;4896943.284088912;0.8849665056547343;0.8849665056547343;807.0217937765635;-28429.103613655912;;0.0;0.0;XS3013234177;Bond;4868514.180475256;0.0025;0.8828043916592593;0.0;0.8849665056547343;0.0;0.0
389037;XS3019213654;17630707.599999998;0.1952913354593438;0.9303418686934808;68.30985910255549;-74326.14685113364;;0.0;0.0;XS3019213654;Bond;17556381.453148864;0.0025;0.19528982017380733;0.0;0.9303418686934808;0.0;0.0
389037;XS3020829951;7891195.49313752;0.5753529821204456;0.5753529821204456;704.809437458069;-29791.965450804113;;0.0;0.0;XS3020829951;Bond;7861403.527686716;0.0025;0.5739476615905115;0.0;0.5753529821204456;0.0;0.0
389037;XS3022659927;7960502.142559841;0.1923343510348631;0.1923343510348631;178.76112146092112;-10065.128051483198;;0.0;0.0;XS3022659927;Bond;7950437.014508358;0.0025;0.1918654320232985;0.0;0.1923343510348631;0.0;0.0
389037;XS3037605048;16998800.64014069;0.0027081131655029;0.0027081131655029;4.500493311354784;-279.43233928998393;;0.0;0.0;XS3037605048;Bond;16998521.2078014;0.0025;0.0027015126607155306;0.0;0.0027081131655029;0.0;0.0
389038;BE0002251206;37513595.00000001;1.049312805528598;1.049312805528598;8051.45734306123;-487132.5180715894;;0.0;0.0;BE0002251206;Bond;37026462.481928416;0.0025;1.0466997559520703;0.0;1.049312805528598;0.0;0.0
389038;BE0002276450;5913397.80821918;1.9233090189260775;1.9233090189260773;3331.4512558343963;-68185.34478199956;;0.0;0.0;BE0002276450;Bond;5845212.463437181;0.0025;1.9184724769218218;0.0;1.9233090189260773;0.0;0.0
389038;BE0002832138;14665582.190560777;0.893103130189731;0.893103130189731;2444.3070732092438;-87752.41507995818;;0.0;0.0;BE0002832138;Bond;14577829.775480818;0.0025;0.8909304725861955;0.0;0.893103130189731;0.0;0.0
389038;BE6360428419;16944584.32055;0.1134468617717482;0.1134468617717482;208.73373363093967;-11698.726708982467;;0.0;0.0;BE6360428419;Bond;16932885.593841016;0.0025;0.11317107198639315;0.0;0.1134468617717482;0.0;0.0
389038;BTSM25 Cmdty;0.0;0.0;0.0;-123059.54773962183;2730685.2218872635;;0.0;0.0;;Bond Future;2730685.2218872635;0.0025;0.0;0.0;0.0;0.0;0.0
389038;CH0336602930;19733520.547945205;1.3718001304298308;1.3718001304298308;6371.489807845323;-180780.66370821884;;0.0;0.0;CH0336602930;Bond;19552739.884236988;0.0025;1.368432807227681;0.0;1.3718001304298308;0.0;0.0
389038;CH0483180946;19703424.657534245;1.1885434837895947;1.1885434837895947;5078.201747998888;-156606.50988271172;;0.0;0.0;CH0483180946;Bond;19546818.147651535;0.0025;1.1856317744659186;0.0;1.1885434837895947;0.0;0.0
389038;CH1142231682;37899935.30079132;0.5786116463224998;0.5786116463224998;3403.110474437871;-146459.88696374287;;0.0;0.0;CH1142231682;Bond;37753475.41382758;0.0025;0.5772038252560798;0.0;0.5786116463224998;0.0;0.0
389038;CH1194000340;25540349.31506849;1.1497389947706846;1.1497389947706846;6296.835108887676;-196150.2805137636;;0.0;0.0;CH1194000340;Bond;25344199.034554727;0.0025;1.1468801292557325;0.0;1.1497389947706846;0.0;0.0
389038;CSH_EUR_DB;-59169583.03;0.0;0.0;0.0;0.0;;0.0;0.0;;Cash;-59169583.03;0.0;0.0;0.0;0.0;0.0;0.0
389038;DE000A3LKBD0;25273233.33333333;0.0629578993772984;0.7926877100609538;16.083356868534793;-84645.53977074278;;0.0;0.0;DE000A3LKBD0;Bond;25188587.793562587;0.0025;0.06295189914314099;0.0;0.7926877100609538;0.0;0.0
389038;DE000CZ40LD5;20725462.481859867;0.949636267274954;0.949636267274954;3779.9651172445847;-243254.46923914438;;0.0;0.0;DE000CZ40LD5;Bond;20482208.01262072;0.0025;0.9473312232063016;0.0;0.949636267274954;0.0;0.0
389038;DE000HCB0B02;10071651.111019136;0.1831466284648056;0.6703683357116295;34.862157605175526;-31791.567948940494;;0.0;0.0;DE000HCB0B02;Bond;10039859.543070195;0.0025;0.183143949825046;0.0;0.6703683357116295;0.0;0.0
389038;DE000HCB0B28;27977261.751741447;0.8138722562635583;0.8138722562635583;4070.920911815548;-151958.68882966414;;0.0;0.0;DE000HCB0B28;Bond;27825303.062911782;0.0025;0.8118905214647396;0.0;0.8138722562635583;0.0;0.0
389038;DE000LB1B2E5;18400439.34246575;1.4236210590124951;1.4236210590124951;6316.867886546616;-324125.57789874653;;0.0;0.0;DE000LB1B2E5;Bond;18076313.764567003;0.0025;1.4201053053057469;0.0;1.4236210590124951;0.0;0.0
389038;DE000LB2CLH7;25312745.20547945;1.2911277870492823;1.2911277870492823;7413.583666959765;-217997.7071442024;;0.0;0.0;DE000LB2CLH7;Bond;25094747.49833525;0.0025;1.2879733274418734;0.0;1.2911277870492823;0.0;0.0
389038;DUK25P 106.1;-20000.047113139044;-1182.2869570423504;-1182.2869570423504;0.0;-94583.17936838724;;0.0;0.0;;Bond Future Option;-114583.22648152628;0.0025;2312.219164938801;0.0;-1182.2869570423504;0.0;0.0
389038;DUK25P 106.4;80000.00057886029;-1011.147281409132;-1011.147281409132;0.0;323567.1323921742;;0.0;0.0;;Bond Future Option;403567.1329710345;0.0025;1544.8997803435636;0.0;-1011.147281409132;0.0;0.0
389038;DUM25 Cmdty;0.0;0.0;0.0;-92962.72898874797;1319480.1344181995;;0.0;0.0;;Bond Future;1319480.1344181995;0.0025;0.0;0.0;0.0;0.0;0.0
389038;FR0000989626;33000153.48139997;0.0331709057814941;0.4252720331674878;-126.86121747676076;-52415.509112867534;;0.0;6.492669167637312e-07;FR0000989626;Fund Unit;32947737.9722871;0.0025;0.033269763089920114;0.0;0.4252720331674878;0.0;6.482356592572625e-07
389038;FR0010582452;33001006.92039997;0.0331490112565468;0.2961243488183437;414.09737611688473;-37411.577633103436;;0.0;1.5323986190799524e-07;FR0010582452;Fund Unit;32963595.342766866;0.0025;0.03283805783735661;0.0;0.2961243488183437;0.0;1.5306614160291227e-07
389038;FR0011952647;7558055.3599999985;1.194522514787001;1.194522514787001;1951.2475326166607;-112066.289337863;;0.0;0.0;FR0011952647;Bond;7445989.070662135;0.0025;1.1916355265484866;0.0;1.194522514787001;0.0;0.0
389038;FR0012401669;1356098.489231557;1.817042835893948;1.817042835893948;686.1745771580273;-30673.83322491981;;0.0;0.0;FR0012401669;Bond;1325424.656006637;0.0025;1.8126471551138021;0.0;1.817042835893948;0.0;0.0
389038;FR0012891992;5823928.222217604;0.5350865252299305;0.5350865252299305;245.28741127106943;-37737.260121351916;;0.0;0.0;FR0012891992;Bond;5786190.962096252;0.0025;0.5347493897979513;0.0;0.5350865252299305;0.0;0.0
389038;FR0013155009;18699901.643835615;1.0039371017800296;1.0039371017800296;3758.4675363078186;-231657.18366453517;;0.0;0.0;FR0013155009;Bond;18468244.46017108;0.0025;1.0014321103927566;0.0;1.0039371017800296;0.0;0.0
389038;FR0013166477;8606077.333151223;1.272356166463196;1.2723561664631955;1684.4499016912464;-132293.7140956912;;0.0;0.0;FR0013166477;Bond;8473783.619055532;0.0025;1.2715101931684787;0.0;1.2723561664631955;0.0;0.0
389038;FR0013192762;9420833.333333332;1.5247706969236392;1.5247706969236392;2576.025853739948;-174371.0953100684;;0.0;0.0;FR0013192762;Bond;9246462.238023264;0.0025;1.523747029198548;0.0;1.5247706969236392;0.0;0.0
389038;FR0013334695;20002736.986301377;1.1056127510118436;1.1056127510118436;4625.726086337274;-132606.55629629502;;0.0;0.0;FR0013334695;Bond;19870130.43000508;0.0025;1.1028873334679583;0.0;1.1056127510118436;0.0;0.0
389038;FR0013455540;45068744.246575356;1.8478185178369917;1.8478185178369917;23513.356495197288;-556310.1921737092;;0.0;0.0;FR0013455540;Bond;44512434.05440164;0.0025;1.8433115504087598;0.0;1.8478185178369917;0.0;0.0
389038;FR0014002X43;9756709.588540616;1.003860836141456;1.003860836141456;1937.3288972063135;-65515.498083560204;;0.0;0.0;FR0014002X43;Bond;9691194.090457056;0.0025;1.0014160836998467;0.0;1.003860836141456;0.0;0.0
389038;FR0014007PV3;11358123.28767128;2.546563346646318;2.546563346646318;10212.29175890522;-193358.6467219436;;0.0;0.0;FR0014007PV3;Bond;11164764.640949335;0.0025;2.54029786178152;0.0;2.546563346646318;0.0;0.0
389038;FR001400CMY0;10253220.547945231;2.304360785271105;2.304360785271105;7881.277941379835;-157821.1138228272;;0.0;0.0;FR001400CMY0;Bond;10095399.434122404;0.0025;2.2984193905666532;0.0;2.304360785271105;0.0;0.0
389038;FR001400F0U6;15137163.61643836;0.9780940303823912;0.978094030382391;-1628.830130046965;-91092.98940255455;;0.0;0.0;FR001400F0U6;Bond;15046070.627035806;0.0025;0.9831758180107585;0.0;0.978094030382391;0.0;0.0
389038;FR001400F2Q0;33453180.276042636;0.9885873151981928;0.9885873151981928;6633.718957648987;-564475.1387271151;;0.0;0.0;FR001400F2Q0;Bond;32888705.137315523;0.0025;0.9860731122904833;0.0;0.9885873151981928;0.0;0.0
389038;FR001400H2O3;26459920.010821927;1.6290664254109122;1.6290664254109124;11584.27740665782;-264455.50334672956;;0.0;0.0;FR001400H2O3;Bond;26195464.507475197;0.0025;1.6247559513961665;0.0;1.6290664254109124;0.0;0.0
389038;FR001400KXW4;26012940.514931515;1.1924075955363322;1.192407595536332;6783.414505944416;-190750.23284765484;;0.0;0.0;FR001400KXW4;Bond;25822190.28208386;0.0025;1.1894429159923021;0.0;1.192407595536332;0.0;0.0
389038;FR0128664192;37288489.54012367;0.2194142586421739;0.2194142586421739;977.3678116826458;-53787.36915856195;;0.0;0.0;FR0128664192;Bond;37234702.17096511;0.0025;0.21887934071249351;0.0;0.2194142586421739;0.0;0.0
389038;FR0128718899;14976752.660550002;0.059579603667972;0.059579603667972;92.31102549023045;-5867.604467010002;;0.0;0.0;FR0128718899;Bond;14970885.056082992;0.0025;0.05943438746877643;0.0;0.059579603667972;0.0;0.0
389038;FR0128735398;25572411.674154434;0.0170236945920371;0.3280980171390338;-247.79756024884136;-34998.06080975388;;0.0;0.0;FR0128735398;Bond;25537413.61334468;0.0025;0.017266669978660363;0.0;0.3280980171390338;0.0;0.0
389038;FR0128756279;19921140.72579979;0.1572084001790317;0.1572084001790317;354.824791770551;-18993.306774187204;;0.0;0.0;FR0128756279;Bond;19902147.419025604;0.0025;0.15682489964258256;0.0;0.1572084001790317;0.0;0.0
389038;FR0128764620;16848715.135424454;0.3717207798828572;0.3717207798828572;844.5712507095561;-37944.22970224356;;0.0;0.0;FR0128764620;Bond;16810770.905722212;0.0025;0.37081305209809856;0.0;0.3717207798828572;0.0;0.0
389038;FR0128765262;40821544.01130892;0.1790227331794622;0.1790227331794622;844.445213754311;-33216.43444207877;;0.0;0.0;FR0128765262;Bond;40788327.57686684;0.0025;0.1785856994407607;0.0;0.1790227331794622;0.0;0.0
389038;FR0128767334;9978771.08849999;0.0867889439632146;0.0867889439632146;92.07505868857328;-5249.106983539723;;0.0;0.0;FR0128767334;Bond;9973521.981516449;0.0025;0.08657709741557476;0.0;0.0867889439632146;0.0;0.0
389038;FR0128771187;19754360.639540058;0.504455275465704;0.504455275465704;1475.6657895420713;-65432.93702247653;;0.0;0.0;FR0128771187;Bond;19688927.70251758;0.0025;0.5032239442319324;0.0;0.504455275465704;0.0;0.0
389038;FR0128910736;12961691.94384998;0.1137525550538754;0.1137525550538754;160.53168350181662;-8948.894163973138;;0.0;0.0;FR0128910736;Bond;12952743.049686007;0.0025;0.11347527698618762;0.0;0.1137525550538754;0.0;0.0
389038;FR0128913326;24874157.602498524;0.2089015474972064;0.2089015474972064;616.0591481393283;-31484.550170833754;;0.0;0.0;FR0128913326;Bond;24842673.05232769;0.0025;0.20839147124728852;0.0;0.2089015474972064;0.0;0.0
389038;FR0128913615;14751113.705198407;0.708459975876673;0.7084599758766732;1761.5969348372969;-63288.33989682386;;0.0;0.0;FR0128913615;Bond;14687825.365301583;0.0025;0.7067292326274535;0.0;0.7084599758766732;0.0;0.0
389038;FR0128914480;14879051.113644851;0.3253349160460829;0.3253349160460829;629.9362031989003;-29350.456991299434;;0.0;0.0;FR0128914480;Bond;14849700.656653551;0.0025;0.3245410950134729;0.0;0.3253349160460829;0.0;0.0
389038;FR0128961093;25218574.50530816;0.0302007028446847;0.7258170402298701;-1228.7313388981147;-75694.28660938452;;0.0;0.0;FR0128961093;Bond;25142880.218698774;0.0025;0.0314210647257328;0.0;0.7258170402298701;0.0;0.0
389038;FR0128984533;19986915.352256548;0.0243540452514366;0.0243540452514366;48.60396529804384;-3203.382323580845;;0.0;0.0;FR0128984533;Bond;19983711.969932966;0.0025;0.024294733319732652;0.0;0.0243540452514366;0.0;0.0
389038;FR0129007870;43449116.257365;0.0460661820622018;0.0460661820622018;204.47382620413995;-12141.94481712666;;0.0;0.0;FR0129007870;Bond;43436974.31254788;0.0025;0.04595383598021416;0.0;0.0460661820622018;0.0;0.0
389038;FR0129010304;17870098.709513012;0.3039518662049525;0.3039518662049525;695.7617482136023;-32900.565295322594;;0.0;0.0;FR0129010304;Bond;17837198.14421769;0.0025;0.30320947279973076;0.0;0.3039518662049525;0.0;0.0
389038;FR0129024677;14985409.3632;0.0379277822678946;0.0379277822678946;57.58733490068763;-3448.696949339178;;0.0;0.0;FR0129024677;Bond;14981960.666250661;0.0025;0.03783530621761967;0.0;0.0379277822678946;0.0;0.0
389038;FR0129060366;69675632.14919713;0.1926318899884134;0.1926318899884133;1569.4814670112837;-81320.05286454243;;0.0;0.0;FR0129060366;Bond;69594312.0963326;0.0025;0.1921615190192037;0.0;0.1926318899884133;0.0;0.0
389038;FR0129084481;39830021.96999973;0.1624621056867005;0.1624621056867005;735.8897491370477;-39284.405230684664;;0.0;0.0;FR0129084481;Bond;39790737.564769045;0.0025;0.16206619663761915;0.0;0.1624621056867005;0.0;0.0
389038;FR0129106110;19974833.133800004;0.045979725187579;0.045979725187579;93.65010988915283;-5582.008163418084;;0.0;0.0;FR0129106110;Bond;19969251.125636585;0.0025;0.04586780039745801;0.0;0.045979725187579;0.0;0.0
389038;IRSB100005612;2362461.7656769156;0.10137566123317769;0.0;-100.45296253190428;24119.63930255647;BNP PARIBAS;0.0;0.0;;Swap;2386581.404979472;0.0025;0.10246436531101956;0.0;0.0;0.0;0.0
389038;IRSB100007802;-389456.7770773098;1.809536614471584;0.0;-10050.090664064417;137648.23118207013;NOMURA FINANCIAL PRODUCTS EUROPE GMBH;0.0;0.0;;Swap;-251808.54589523966;0.0025;1.1725874949137394;0.0;0.0;0.0;0.0
389038;IRSB100008596;-39483.40008180402;2.294227158160062;0.0;-6581.775076165565;70227.77283442726;NATIXIS;0.0;0.0;;Swap;30744.37275262324;0.0025;-1.8600459419292559;0.0;0.0;0.0;0.0
389038;IRSB100008726;-228160.59930196404;0.4301523764784671;0.0;-2542.963959411866;147180.93640625864;SOCIETE GENERALE;0.0;0.0;;Swap;-80979.6628957054;0.0025;0.15197745415779512;0.0;0.0;0.0;0.0
389038;IRSB100008727;-56869.401491358876;0.4301523774232823;0.0;-635.7334403363991;36795.05174004211;NATIXIS;0.0;0.0;;Swap;-20074.349751316768;0.0025;0.1511441748204682;0.0;0.0;0.0;0.0
389038;IRSB100008823;-5058.081828508526;0.6739944406268924;0.0;-911.9593734733663;33740.67060324501;SOCIETE GENERALE;0.0;0.0;;Swap;28682.588774736483;0.0025;-3.8323067208485013;0.0;0.0;0.0;0.0
389038;IRSB100008971;787.3016423679655;0.3972743083509213;0.0;-15.77826689538705;988.5673277833196;JP MORGAN SE;0.0;0.0;;Swap;1775.868970151285;0.0025;0.8986924364704003;0.0;0.0;0.0;0.0
389038;IRSB100009041;-43696.830251306295;1.0027709698811775;0.0;-20037.837709394913;498692.68573226227;BNP PARIBAS;0.0;0.0;;Swap;454995.855480956;0.0025;-10.4588405824231;0.0;0.0;0.0;0.0
389038;IRSB100009049;62413.05147180706;1.7366120535660958;0.0;-15222.595255438686;217534.1237519262;NATIXIS;0.0;0.0;;Swap;279947.1752237333;0.0025;7.841672436691149;0.0;0.0;0.0;0.0
389038;XS1204154410;22731421.10780822;1.8809971019639584;1.8809971019639584;12250.661116782763;-528085.8204419927;;0.0;0.0;XS1204154410;Bond;22203335.28736623;0.0025;1.8763692092381636;0.0;1.8809971019639584;0.0;0.0
389038;XS1385945131;49319101.23287672;0.9540602252412564;0.9540602252412564;9066.131340662589;-580479.0654696942;;0.0;0.0;XS1385945131;Bond;48738622.16740702;0.0025;0.9517401534181781;0.0;0.9540602252412564;0.0;0.0
389038;XS1405136364;12348148.630136987;1.0115886392454767;1.0115886392454767;2528.2538871992533;-155057.14943804604;;0.0;0.0;XS1405136364;Bond;12193091.480698941;0.0025;1.0090282279994005;0.0;1.0115886392454767;0.0;0.0
389038;XS1512677003;22832591.50684932;1.5351838290681568;1.5351838290681568;8829.15629607517;-432544.43856825016;;0.0;0.0;XS1512677003;Bond;22400047.06828107;0.0025;1.5314085290148365;0.0;1.5351838290681568;0.0;0.0
389038;XS1586555945;14703020.547945213;1.922675281318468;1.922675281318468;8207.47513285981;-174550.84559839946;;0.0;0.0;XS1586555945;Bond;14528469.702346813;0.0025;1.9179615584224439;0.0;1.922675281318468;0.0;0.0
389038;XS1587911451;49669500.000000015;1.9173855453927768;1.9173855453927768;27626.30413322148;-1176752.4451741413;;0.0;0.0;XS1587911451;Bond;48492747.55482587;0.0025;1.912671399173738;0.0;1.9173855453927768;0.0;0.0
389038;XS1602547264;30167869.315068487;1.0466129688788472;1.0466129688788472;6426.528109670926;-210913.40677838615;;0.0;0.0;XS1602547264;Bond;29956955.9082901;0.0025;1.0440258259370232;0.0;1.0466129688788472;0.0;0.0
389038;XS1706111793;24963149.314778466;0.5497702173410467;0.5497702173410467;2091.369105624403;-91577.14228079005;;0.0;0.0;XS1706111793;Bond;24871572.172497675;0.0025;0.5484313791789822;0.0;0.5497702173410467;0.0;0.0
389038;XS1734066811;13060713.571428573;2.453138269434961;2.453138269434961;9673.434760155924;-192124.93593398004;;0.0;0.0;XS1734066811;Bond;12868588.635494594;0.0025;2.4496667048318512;0.0;2.453138269434961;0.0;0.0
389038;XS1843449122;15034255.47945206;1.4886549894181436;1.4886549894181438;5557.993751711294;-134204.79910965444;;0.0;0.0;XS1843449122;Bond;14900050.680342406;0.0025;1.4849530071295438;0.0;1.4886549894181438;0.0;0.0
389038;XS1960248919;49241863.0089859;0.9194431870792404;0.9194431870792404;8566.896580199376;-302533.91177438595;;0.0;0.0;XS1960248919;Bond;48939329.09721151;0.0025;0.9172072294487171;0.0;0.9194431870792404;0.0;0.0
389038;XS2013574038;20898282.328767125;1.1738823274673975;1.1738823274673975;5295.619226464156;-163746.30909985598;;0.0;0.0;XS2013574038;Bond;20734536.019667268;0.0025;1.1709923333624526;0.0;1.1738823274673975;0.0;0.0
389038;XS2052337503;6878381.520384572;0.6361666521426776;0.6361666521426776;703.5048382466777;-74314.78774147006;;0.0;0.0;XS2052337503;Bond;6804066.732643102;0.0025;0.6346214804051266;0.0;0.6361666521426776;0.0;0.0
389038;XS2105735935;19265378.082191788;1.7910601556586496;1.7910601556586492;9549.974122613505;-230443.09196903266;;0.0;0.0;XS2105735935;Bond;19034934.990222756;0.0025;1.7866872330869061;0.0;1.7910601556586492;0.0;0.0
389038;XS2113885011;30540566.205479454;1.8006448277565157;1.8006448277565157;15263.006832717105;-329675.86660446227;;0.0;0.0;XS2113885011;Bond;30210890.338874992;0.0025;1.7962565884795614;0.0;1.8006448277565157;0.0;0.0
389038;XS2194370727;19503619.178082224;2.1385006986906188;2.138500698690619;13084.262073803877;-278399.09895092266;;0.0;0.0;XS2194370727;Bond;19225220.0791313;0.0025;2.133162079606756;0.0;2.138500698690619;0.0;0.0
389038;XS2311407352;6838293.287352646;1.0753457357773706;1.0753457357773706;1508.3497061770856;-49272.19452450617;;0.0;0.0;XS2311407352;Bond;6789021.09282814;0.0025;1.0727223068964558;0.0;1.0753457357773706;0.0;0.0
389038;XS2324321285;16642420.1369863;0.9549239501653508;0.9549239501653508;3064.8507232111647;-106101.12783223871;;0.0;0.0;XS2324321285;Bond;16536319.00915406;0.0025;0.9525996756336318;0.0;0.9549239501653508;0.0;0.0
389038;XS2338643740;19324437.260273974;1.5348039473827504;1.53480394738275;7446.791827625534;-198045.7151232144;;0.0;0.0;XS2338643740;Bond;19126391.54515076;0.0025;1.531059100122519;0.0;1.53480394738275;0.0;0.0
389038;XS2382849888;20769791.095860105;0.4132897274306232;0.4132897274306232;1190.1809504559617;-57330.3137782988;;0.0;0.0;XS2382849888;Bond;20712460.782081805;0.0025;0.41228416185878924;0.0;0.4132897274306232;0.0;0.0
389038;XS2416413339;19249657.53424657;1.622318993430151;1.622318993430151;8111.758842410668;-208630.83407723467;;0.0;0.0;XS2416413339;Bond;19041026.700169336;0.0025;1.6183638515567864;0.0;1.622318993430151;0.0;0.0
389038;XS2438616240;14152415.753424874;2.7286764744840117;2.7286764744840117;14344.386362054867;-238732.18309504268;;0.0;0.0;XS2438616240;Bond;13913683.57032983;0.0025;2.7219515499482965;0.0;2.7286764744840117;0.0;0.0
389038;XS2442768227;11497058.630136993;2.2717122055397767;2.2717122055397767;8514.658444980423;-174564.05230854388;;0.0;0.0;XS2442768227;Bond;11322494.577828448;0.0025;2.2660990337771247;0.0;2.2717122055397767;0.0;0.0
389038;XS2486589596;10257238.630136987;1.1462044821586503;1.1462044821586506;2518.145270080652;-78609.84457850744;;0.0;0.0;XS2486589596;Bond;10178628.785558479;0.0025;1.1433514605528043;0.0;1.1462044821586506;0.0;0.0
389038;XS2487667276;8552474.10958904;0.8163625784976347;0.8163625784976347;1249.853288550226;-46909.734705197974;;0.0;0.0;XS2487667276;Bond;8505564.374883842;0.0025;0.8143752135743358;0.0;0.8163625784976347;0.0;0.0
389038;XS2535283548;22886832.465526607;0.4652154691629902;0.4652154691629902;1528.4446552663658;-71325.4025466754;;0.0;0.0;XS2535283548;Bond;22815507.062979933;0.0025;0.4640869650386613;0.0;0.4652154691629902;0.0;0.0
389038;XS2537060746;10711451.089041092;1.3268970138151073;1.3268970138151073;3306.7529171376214;-87641.59063892672;;0.0;0.0;XS2537060746;Bond;10623809.498402165;0.0025;1.323580854362051;0.0;1.3268970138151073;0.0;0.0
389038;XS2617442525;15712379.506572375;0.7513599642500719;0.7513599642500719;2035.1350621371669;-72836.56472635742;;0.0;0.0;XS2617442525;Bond;15639542.941846017;0.0025;0.7495332110723603;0.0;0.7513599642500719;0.0;0.0
389038;XS2623501181;10604212.328767125;1.0531828733848705;1.0531828733848705;2304.446233836188;-74980.21477713488;;0.0;0.0;XS2623501181;Bond;10529232.11398999;0.0025;1.0505230030542663;0.0;1.0531828733848705;0.0;0.0
389038;XS2625985945;3895930.205479456;2.4481857816650523;2.4481857816650527;3331.74682420903;-58960.723742308175;;0.0;0.0;XS2625985945;Bond;3836969.481737148;0.0025;2.441790153812226;0.0;2.4481857816650527;0.0;0.0
389038;XS2633552026;13587820.93150685;1.0393626621716725;1.0393626621716725;2889.864222926609;-94188.05750532256;;0.0;0.0;XS2633552026;Bond;13493632.874001527;0.0025;1.0367463371315477;0.0;1.0393626621716725;0.0;0.0
389038;XS2710354544;20957863.013698623;1.5078511748509444;1.5078511748509444;7926.3916319405325;-211094.65381867552;;0.0;0.0;XS2710354544;Bond;20746768.35987995;0.0025;1.5040800602680384;0.0;1.5078511748509444;0.0;0.0
389038;XS2764789231;9212503.424020147;0.8502556373724763;0.8502556373724763;1428.0457447787228;-48308.85357143717;;0.0;0.0;XS2764789231;Bond;9164194.57044871;0.0025;0.8481876816907085;0.0;0.8502556373724763;0.0;0.0
389038;XS2887901325;15374151.369863031;2.261424323881863;2.261424323881863;11447.473402537637;-214198.73931422434;;0.0;0.0;XS2887901325;Bond;15159952.630548807;0.0025;2.2555946184704987;0.0;2.261424323881863;0.0;0.0
389038;XS2936118400;10036898.055394553;0.0990456526877574;0.5905372500848235;10.078959888915051;-26468.851702910506;;0.0;0.0;XS2936118400;Bond;10010429.203691643;0.0025;0.09904507302303804;0.0;0.5905372500848235;0.0;0.0
389038;XS2941360963;35546119.8630137;2.0101740274240774;2.010174027424077;21598.58774053452;-441828.74360792106;;0.0;0.0;XS2941360963;Bond;35104291.119405776;0.0025;2.005085488222726;0.0;2.010174027424077;0.0;0.0
389038;XS2972980978;20485439.864908703;0.0270762846008429;0.0270762846008429;55.568041281584;-3367.4695668343084;;0.0;0.0;XS2972980978;Bond;20482072.39534187;0.0025;0.02701030334483456;0.0;0.0270762846008429;0.0;0.0
389038;XS2993789424;9978497.7578;0.0812083568578028;0.0812083568578028;85.54801311788326;-4920.903003846575;;0.0;0.0;XS2993789424;Bond;9973576.854796153;0.0025;0.0810105129585913;0.0;0.0812083568578028;0.0;0.0
389038;XS2997385583;16956318.152349994;0.097459987929405;0.097459987929405;177.16459965732142;-10034.423892897532;;0.0;0.0;XS2997385583;Bond;16946283.728457097;0.0025;0.09722252669891956;0.0;0.097459987929405;0.0;0.0
389038;XS3000450224;19599793.397785865;0.8466873148947122;0.8466873148947123;3026.3020754472486;-108899.6740019445;;0.0;0.0;XS3000450224;Bond;19490893.72378392;0.0025;0.8446193935506042;0.0;0.8466873148947123;0.0;0.0
389038;XS3002547134;21954711.000000168;2.2247892474531654;2.2247892474531654;15776.835835554397;-296268.06499874935;;0.0;0.0;XS3002547134;Bond;21658442.935001418;0.0025;2.2191982598928974;0.0;2.2247892474531654;0.0;0.0
389038;XS3011742767;24746371.96374256;0.3871550567583139;0.3871550567583139;1304.7080915610393;-58170.92368463319;;0.0;0.0;XS3011742767;Bond;24688201.040057927;0.0025;0.3862116991782299;0.0;0.3871550567583139;0.0;0.0
389038;XS3017362073;34992639.56198987;0.0081256448848134;0.0081256448848134;27.95620956955586;-1725.664416755665;;0.0;0.0;XS3017362073;Bond;34990913.89757312;0.0025;0.00810583702868428;0.0;0.0081256448848134;0.0;0.0
389038;XS3023971479;16020173.3445037;0.1923138244832066;0.1923138244832066;359.67244249579096;-18697.51738290021;;0.0;0.0;XS3023971479;Bond;16001475.827120801;0.0025;0.19184500549109332;0.0;0.1923138244832066;0.0;0.0
389038;XS3041247175;24844528.461999007;0.2382850938441552;0.2382850938441552;718.1577554855895;-38934.439124009405;;0.0;0.0;XS3041247175;Bond;24805594.022874996;0.0025;0.2377043914819003;0.0;0.2382850938441552;0.0;0.0
389043;CSH_EUR_DB;1036279.81;0.0;0.0;0.0;0.0;;0.0;0.0;;Cash;1036279.81;0.0;0.0;0.0;0.0;0.0;0.0
389043;CSH_USD_DB;124.31031290501758;0.0;0.0;0.0;-3.10775782262544;;0.0;1.243103129050176;;Cash;121.20255508239214;0.0;0.0;0.0;0.0;0.0;1.2120255508239215
389043;FR001400NNP3;798529169.7032994;2.0780568940744057;1.9921298892931751;-1268469.9322709476;-7466521.01040074;;-5930.191922384473;249446.5423309732;FR001400NNP3;Fund Unit;791062648.6928986;0.0025;2.1285653938958835;0.0;1.9921298892931751;-5874.742598472306;247114.1317942635
389059;182704;2200191.156568228;0.0;0.0;0.0;-341029.62926807534;;22001.91156568228;22001.91156568228;IE0001827041;Equity;1859161.5273001525;0.0;0.0;0.0;0.0;18591.615273001527;18591.615273001527
389059;2000019;7006084.077022773;0.0;0.0;0.0;-875760.5096278467;;70060.84077022773;70060.84077022773;US0231351067;Equity;6130323.567394926;0.0;0.0;0.0;0.0;61303.23567394927;61303.23567394927
389059;2007849;1026353.767820774;0.0;0.0;0.0;-128294.22097759672;;10263.537678207738;10263.537678207738;US0079031078;Equity;898059.5468431773;0.0;0.0;0.0;0.0;8980.595468431771;8980.595468431771
389059;2009834;7204517.922606924;0.0;0.0;0.0;-900564.7403258656;;72045.17922606925;72045.17922606923;CA0084741085;Equity;6303953.182281058;0.0;0.0;0.0;0.0;63039.53182281059;63039.531822810575
389059;2020459;1372003.564154786;0.0;0.0;0.0;-171500.4455193483;;13720.035641547862;13720.03564154786;US4385161066;Equity;1200503.1186354377;0.0;0.0;0.0;0.0;12005.031186354377;12005.031186354376
389059;2023607;498964.5436030365;0.0;0.0;0.0;-62370.567950379555;;4989.645436030364;4989.645436030364;US0311621009;Equity;436593.9756526569;0.0;0.0;0.0;0.0;4365.939756526569;4365.939756526569
389059;2023748;2723779.485280503;0.0;0.0;0.0;-340472.435660063;;27237.794852805036;27237.794852805036;US42809H1077;Equity;2383307.04962044;0.0;0.0;0.0;0.0;23833.070496204407;23833.070496204407
389059;2041364;1917227.9855582295;0.0;0.0;0.0;-239653.49819477872;;19172.279855582296;19172.2798555823;US91913Y1001;Equity;1677574.4873634507;0.0;0.0;0.0;0.0;16775.744873634507;16775.74487363451
389059;2045247;829675.2453249397;0.0;0.0;0.0;-103709.40566561747;;8296.752453249397;8296.752453249397;US0383361039;Equity;725965.8396593223;0.0;0.0;0.0;0.0;7259.658396593222;7259.658396593222
389059;2046251;8871422.264395481;0.0;0.0;0.0;-1108927.7830494354;;88714.22264395481;88714.22264395481;US0378331005;Equity;7762494.481346046;0.0;0.0;0.0;0.0;77624.94481346046;77624.94481346046
389059;2073390;2728474.097389372;0.0;0.0;0.0;-341059.2621736715;;27284.74097389372;27284.74097389372;US0846707026;Equity;2387414.835215701;0.0;0.0;0.0;0.0;23874.148352157008;23874.148352157008
389059;2089212;4789546.102573597;0.0;0.0;0.0;-598693.2628216996;;47895.46102573597;47895.46102573597;US0311001004;Equity;4190852.8397518974;0.0;0.0;0.0;0.0;41908.528397518974;41908.528397518974
389059;2094670;1383339.1964451028;0.0;0.0;0.0;-172917.39955563785;;13833.391964451026;13833.391964451028;US0865161014;Equity;1210421.7968894648;0.0;0.0;0.0;0.0;12104.217968894647;12104.217968894647
389059;2113434;3390528.050361044;0.0;0.0;0.0;-423816.0062951305;;33905.28050361043;33905.28050361044;US1011371077;Equity;2966712.044065913;0.0;0.0;0.0;0.0;29667.120440659128;29667.120440659135
389059;2124533;2067188.344750972;0.0;0.0;0.0;-258398.54309387153;;20671.88344750972;20671.88344750972;CA8787422044;Equity;1808789.8016571004;0.0;0.0;0.0;0.0;18087.898016571005;18087.898016571005
389059;2131179;2562843.3438252173;0.0;0.0;0.0;-320355.4179781522;;25628.433438252174;25628.433438252174;US0534841012;Equity;2242487.925847065;0.0;0.0;0.0;0.0;22424.879258470653;22424.879258470653
389059;2134781;6030290.501758934;0.0;0.0;0.0;-753786.3127198669;;60302.90501758934;60302.90501758934;US9113631090;Equity;5276504.189039067;0.0;0.0;0.0;0.0;52765.041890390676;52765.041890390676
389059;2138158;916145.6026661728;0.0;0.0;0.0;-114518.20033327164;;9161.45602666173;9161.45602666173;US8168511090;Equity;801627.4023329011;0.0;0.0;0.0;0.0;8016.274023329013;8016.274023329013
389059;2150204;3202075.0231438614;0.0;0.0;0.0;-400259.37789298285;;32020.750231438626;32020.750231438615;US74762E1029;Equity;2801815.6452508788;0.0;0.0;0.0;0.0;28018.156452508796;28018.15645250879
389059;2170473;306489.6130346232;0.0;0.0;0.0;-38311.2016293279;;3064.8961303462324;3064.896130346232;US21036P1084;Equity;268178.4114052953;0.0;0.0;0.0;0.0;2681.7841140529536;2681.784114052953
389059;2190385;4152750.5091649694;0.0;0.0;0.0;-519093.8136456213;;41527.5050916497;41527.5050916497;US46625H1005;Equity;3633656.695519348;0.0;0.0;0.0;0.0;36336.566955193484;36336.566955193484
389059;2250870;1325610.99796334;0.0;0.0;0.0;-165701.3747454175;;13256.109979633398;13256.1099796334;US2358511028;Equity;1159909.6232179226;0.0;0.0;0.0;0.0;11599.096232179225;11599.096232179227
389059;2262314;1499903.9900018517;0.0;0.0;0.0;-187487.99875023146;;14999.039900018515;14999.039900018515;US6174464486;Equity;1312415.9912516202;0.0;0.0;0.0;0.0;13124.159912516201;13124.159912516201
389059;2270726;589806.054434364;0.0;0.0;0.0;-73725.7568042955;;5898.06054434364;5898.06054434364;US2546871060;Equity;516080.2976300685;0.0;0.0;0.0;0.0;5160.802976300685;5160.802976300685
389059;2289874;4620842.4365858175;0.0;0.0;0.0;-577605.3045732272;;46208.42436585817;46208.424365858176;US2371941053;Equity;4043237.1320125903;0.0;0.0;0.0;0.0;40432.371320125894;40432.3713201259
389059;2295677;2813510.618403999;0.0;0.0;0.0;-351688.8273004999;;28135.10618403999;28135.106184039996;US0605051046;Equity;2461821.791103499;0.0;0.0;0.0;0.0;24618.217911034986;24618.217911034993
389059;2297907;696953.295685984;0.0;0.0;0.0;-87119.16196074801;;6969.53295685984;6969.53295685984;US1729674242;Equity;609834.1337252359;0.0;0.0;0.0;0.0;6098.34133725236;6098.34133725236
389059;2302232;2529879.5130531383;0.0;0.0;0.0;-316234.93913164234;;25298.795130531387;25298.795130531384;US1273871087;Equity;2213644.573921496;0.0;0.0;0.0;0.0;22136.445739214963;22136.44573921496
389059;2304227;1313131.2719866692;0.0;0.0;0.0;-164141.40899833365;;13131.312719866692;13131.312719866692;US2788651006;Equity;1148989.8629883355;0.0;0.0;0.0;0.0;11489.898629883355;11489.898629883355
389059;2317087;3360005.5082392143;0.0;0.0;0.0;-420000.6885299018;;33600.055082392144;33600.055082392144;US29364G1031;Equity;2940004.8197093126;0.0;0.0;0.0;0.0;29400.048197093125;29400.048197093125
389059;2328915;1198409.8222551378;0.0;0.0;0.0;-149801.22778189223;;11984.098222551378;11984.098222551378;US65339F1012;Equity;1048608.5944732456;0.0;0.0;0.0;0.0;10486.085944732456;10486.085944732456
389059;2330299;831425.5878541011;0.0;0.0;0.0;-103928.19848176265;;8314.255878541011;8314.255878541011;US3032501047;Equity;727497.3893723384;0.0;0.0;0.0;0.0;7274.973893723385;7274.973893723385
389059;2336747;1832732.456952416;0.0;0.0;0.0;-229091.557119052;;18327.32456952416;18327.32456952416;US3167731005;Equity;1603640.8998333642;0.0;0.0;0.0;0.0;16036.40899833364;16036.40899833364
389059;237400;1136083.9514580632;0.0;0.0;0.0;-176093.0124759998;;11360.839514580632;11360.839514580632;GB0002374006;Equity;959990.9389820634;0.0;0.0;0.0;0.0;9599.909389820634;9599.909389820634
389059;2379504;8957854.823180892;0.0;0.0;0.0;-1119731.8528976114;;89578.5482318089;89578.54823180892;US67066G1040;Equity;7838122.97028328;0.0;0.0;0.0;0.0;78381.22970283279;78381.2297028328
389059;2405302;820074.3288279948;0.0;0.0;0.0;-102509.29110349937;;8200.74328827995;8200.743288279948;US4062161017;Equity;717565.0377244954;0.0;0.0;0.0;0.0;7175.650377244956;7175.650377244954
389059;2414580;480330.1425661914;0.0;0.0;0.0;-60041.26782077393;;4803.3014256619135;4803.3014256619135;US4180561072;Equity;420288.87474541744;0.0;0.0;0.0;0.0;4202.888747454174;4202.888747454174
389059;2419217;1323087.6782077393;0.0;0.0;0.0;-165385.9597759674;;13230.876782077392;13230.876782077394;US4228061093;Equity;1157701.7184317717;0.0;0.0;0.0;0.0;11577.017184317716;11577.017184317718
389059;2433530;1254728.1429364933;0.0;0.0;0.0;-156841.01786706166;;12547.281429364934;12547.281429364934;US4364401012;Equity;1097887.1250694315;0.0;0.0;0.0;0.0;10978.871250694316;10978.871250694316
389059;2437071;649245.9637104239;0.0;0.0;0.0;-81155.74546380299;;6492.459637104239;6492.459637104239;US09061G1013;Equity;568090.218246621;0.0;0.0;0.0;0.0;5680.9021824662095;5680.9021824662095
389059;2437264;320055.137937419;0.0;0.0;0.0;-40006.892242177375;;3200.5513793741898;3200.55137937419;US4404521001;Equity;280048.2456952416;0.0;0.0;0.0;0.0;2800.482456952416;2800.482456952416
389059;2471950;333131.5034252916;0.0;0.0;0.0;-41641.43792816145;;3331.315034252916;3331.315034252916;US45337C1027;Equity;291490.06549713016;0.0;0.0;0.0;0.0;2914.9006549713017;2914.9006549713017
389059;2516152;3757959.313090168;0.0;0.0;0.0;-469744.9141362711;;37579.59313090169;37579.59313090168;US5324571083;Equity;3288214.398953897;0.0;0.0;0.0;0.0;32882.14398953898;32882.14398953897
389059;2550161;1740534.1788557677;0.0;0.0;0.0;-217566.77235697093;;17405.341788557675;17405.341788557675;US5797802064;Equity;1522967.4064987968;0.0;0.0;0.0;0.0;15229.674064987965;15229.674064987965
389059;2573209;1642221.1257174597;0.0;0.0;0.0;-205277.64071468246;;16422.211257174597;16422.211257174597;US59156R1086;Equity;1436943.4850027773;0.0;0.0;0.0;0.0;14369.434850027772;14369.434850027772
389059;2588173;11497317.867061654;0.0;0.0;0.0;-1437164.7333827068;;114973.17867061654;114973.17867061654;US5949181045;Equity;10060153.133678947;0.0;0.0;0.0;0.0;100601.53133678946;100601.53133678946
389059;2588184;6597912.756896871;0.0;0.0;0.0;-824739.0946121089;;65979.1275689687;65979.12756896872;US5951121038;Equity;5773173.662284763;0.0;0.0;0.0;0.0;57731.73662284762;57731.73662284763
389059;2613990;275361.65524902794;0.0;0.0;0.0;-34420.20690612849;;2753.616552490279;2753.6165524902794;US4523271090;Equity;240941.44834289944;0.0;0.0;0.0;0.0;2409.414483428994;2409.4144834289946
389059;2649100;449468.4039992594;0.0;0.0;0.0;-56183.55049990742;;4494.684039992593;4494.684039992593;US9497461015;Equity;393284.853499352;0.0;0.0;0.0;0.0;3932.848534993519;3932.848534993519
389059;2692665;1667390.473986299;0.0;0.0;0.0;-208423.80924828738;;16673.90473986299;16673.904739862992;US6934751057;Equity;1458966.6647380115;0.0;0.0;0.0;0.0;14589.666647380114;14589.666647380118
389059;2701271;927218.1262729124;0.0;0.0;0.0;-115902.26578411405;;9272.181262729122;9272.181262729124;US22160K1051;Equity;811315.8604887984;0.0;0.0;0.0;0.0;8113.158604887982;8113.1586048879835
389059;2704407;1448617.3301240508;0.0;0.0;0.0;-181077.16626550636;;14486.173301240507;14486.173301240507;US7427181091;Equity;1267540.1638585445;0.0;0.0;0.0;0.0;12675.401638585445;12675.401638585445
389059;2719951;410217.0338826144;0.0;0.0;0.0;-51277.12923532679;;4102.170338826143;4102.170338826143;US30063P1057;Equity;358939.9046472876;0.0;0.0;0.0;0.0;3589.399046472875;3589.399046472875
389059;2730190;1659848.3706720977;0.0;0.0;0.0;-207481.04633401224;;16598.483706720977;16598.483706720977;US75886F1075;Equity;1452367.3243380855;0.0;0.0;0.0;0.0;14523.673243380856;14523.673243380856
389059;2731654;611345.676726532;0.0;0.0;0.0;-76418.2095908165;;6113.456767265321;6113.45676726532;US7599161095;Equity;534927.4671357155;0.0;0.0;0.0;0.0;5349.274671357156;5349.274671357155
389059;2740542;585609.9426032216;0.0;0.0;0.0;-73201.24282540272;;5856.099426032217;5856.099426032217;BMG0450A1053;Equity;512408.6997778189;0.0;0.0;0.0;0.0;5124.0869977781895;5124.0869977781895
389059;2749602;1678354.4713941864;0.0;0.0;0.0;-209794.3089242733;;16783.54471394186;16783.544713941865;US7766961061;Equity;1468560.162469913;0.0;0.0;0.0;0.0;14685.601624699128;14685.601624699131
389059;2754907;323888.4650990557;0.0;0.0;0.0;-40486.058137381966;;3238.884650990557;3238.884650990557;LR0008862868;Equity;283402.40696167375;0.0;0.0;0.0;0.0;2834.0240696167375;2834.0240696167375
389059;2778844;2925634.215885947;0.0;0.0;0.0;-365704.27698574343;;29256.342158859472;29256.342158859472;US58933Y1055;Equity;2559929.9389002034;0.0;0.0;0.0;0.0;25599.299389002033;25599.299389002033
389059;2797560;4485839.474171449;0.0;0.0;0.0;-560729.9342714313;;44858.394741714495;44858.394741714495;US8175651046;Equity;3925109.539900018;0.0;0.0;0.0;0.0;39251.09539900018;39251.09539900018
389059;2831811;1389783.1882984634;0.0;0.0;0.0;-173722.89853730792;;13897.831882984632;13897.831882984634;US00206R1023;Equity;1216060.2897611554;0.0;0.0;0.0;0.0;12160.602897611552;12160.602897611554
389059;2849472;3900847.102388446;0.0;0.0;0.0;-487605.8877985557;;39008.47102388446;39008.471023884464;US8581191009;Equity;3413241.2145898906;0.0;0.0;0.0;0.0;34132.412145898896;34132.4121458989
389059;2886907;1400853.1753379004;0.0;0.0;0.0;-175106.64691723752;;14008.531753379002;14008.531753379004;US8835561023;Equity;1225746.528420663;0.0;0.0;0.0;0.0;12257.465284206628;12257.46528420663
389059;2909730;1240579.3464173302;0.0;0.0;0.0;-155072.41830216628;;12405.7934641733;12405.793464173305;US9024941034;Equity;1085506.928115164;0.0;0.0;0.0;0.0;10855.069281151638;10855.069281151642
389059;2917766;2318619.2371783;0.0;0.0;0.0;-289827.40464728756;;23186.192371783003;23186.192371783;US91324P1021;Equity;2028791.8325310126;0.0;0.0;0.0;0.0;20287.91832531013;20287.918325310126
389059;2931034;2887735.493427143;0.0;0.0;0.0;-360966.93667839287;;28877.35493427143;28877.35493427143;US92532F1003;Equity;2526768.55674875;0.0;0.0;0.0;0.0;25267.6855674875;25267.6855674875
389059;2931205;1158940.751712646;0.0;0.0;0.0;-144867.59396408076;;11589.40751712646;11589.40751712646;US9291601097;Equity;1014073.1577485653;0.0;0.0;0.0;0.0;10140.731577485652;10140.731577485652
389059;2936921;2325272.810590632;0.0;0.0;0.0;-290659.1013238289;;23252.728105906317;23252.728105906317;US9311421039;Equity;2034613.7092668028;0.0;0.0;0.0;0.0;20346.13709266803;20346.13709266803
389059;2945143;2780750.740603592;0.0;0.0;0.0;-347593.842575449;;27807.507406035915;27807.50740603592;US9478901096;Equity;2433156.8980281428;0.0;0.0;0.0;0.0;24331.568980281427;24331.56898028143
389059;2965107;5325158.507683761;0.0;0.0;0.0;-665644.8134604702;;53251.58507683762;53251.585076837626;US6311031081;Equity;4659513.694223291;0.0;0.0;0.0;0.0;46595.136942232915;46595.13694223292
389059;2965839;1789147.981855212;0.0;0.0;0.0;-223643.49773190153;;17891.47981855212;17891.47981855212;US12572Q1058;Equity;1565504.4841233105;0.0;0.0;0.0;0.0;15655.044841233106;15655.044841233106
389059;2989301;1337522.310683207;0.0;0.0;0.0;-167190.28883540086;;13375.223106832069;13375.223106832069;US8725401090;Equity;1170332.021847806;0.0;0.0;0.0;0.0;11703.320218478058;11703.320218478058
389059;3163836;1734183.7450356416;0.0;0.0;0.0;-268798.4804805245;;17341.83745035642;17341.837450356416;GB0031638363;Equity;1465385.264555117;0.0;0.0;0.0;0.0;14653.852645551173;14653.852645551171
389059;3208986;1607493.501851509;0.0;0.0;0.0;-249161.4927869839;;16074.935018515089;16074.935018515092;GB0032089863;Equity;1358332.0090645251;0.0;0.0;0.0;0.0;13583.32009064525;13583.320090645253
389059;4012250;1139460.0;0.0;0.0;0.0;-148129.8;;11394.6;0.0;NL0000235190;Equity;991330.2;0.0;0.0;0.0;0.0;9913.302;0.0
389059;4031879;2228342.0;0.0;0.0;0.0;-289684.45999999996;;22283.42;0.0;FR0000124141;Equity;1938657.54;0.0;0.0;0.0;0.0;19386.575399999998;0.0
389059;4056719;3703268.22;0.0;0.0;0.0;-481424.8686000001;;37032.6822;0.0;IT0000062072;Equity;3221843.3514;0.0;0.0;0.0;0.0;32218.433514000004;0.0
389059;4057808;1150261.75;0.0;0.0;0.0;-149534.0275;;11502.6175;0.0;FR0000120321;Equity;1000727.7225;0.0;0.0;0.0;0.0;10007.277225;0.0
389059;4061412;989041.0;0.0;0.0;0.0;-128575.33;;9890.41;0.0;FR0000121014;Equity;860465.67;0.0;0.0;0.0;0.0;8604.6567;0.0
389059;4076836;662760.0;0.0;0.0;0.0;-86158.8;;6627.6;0.0;IT0000072618;Equity;576601.2;0.0;0.0;0.0;0.0;5766.012;0.0
389059;4162791;2738931.2;0.0;0.0;0.0;-356061.05600000004;;27389.312;0.0;FR0000121329;Equity;2382870.1440000003;0.0;0.0;0.0;0.0;23828.701440000004;0.0
389059;4352097;590550.0;0.0;0.0;0.0;-76771.5;;5905.5;0.0;DE0005785604;Equity;513778.5;0.0;0.0;0.0;0.0;5137.785;0.0
389059;4380429;1960324.0;0.0;0.0;0.0;-254842.12000000002;;19603.24;0.0;FR0000130577;Equity;1705481.88;0.0;0.0;0.0;0.0;17054.8188;0.0
389059;4490005;618564.485;0.0;0.0;0.0;-80413.38304999999;;6185.64485;0.0;FI0009000202;Equity;538151.10195;0.0;0.0;0.0;0.0;5381.511019500001;0.0
389059;4497749;1011192.0;0.0;0.0;0.0;-131454.96;;10111.92;0.0;BE0003565737;Equity;879737.04;0.0;0.0;0.0;0.0;8797.3704;0.0
389059;454492;684687.7892982782;0.0;0.0;0.0;-106126.60734123312;;6846.87789298278;6846.877892982782;GB0004544929;Equity;578561.1819570451;0.0;0.0;0.0;0.0;5785.61181957045;5785.611819570451
389059;4557104;1785390.1;0.0;0.0;0.0;-232100.713;;17853.900999999998;0.0;DE0006602006;Equity;1553289.387;0.0;0.0;0.0;0.0;15532.893869999998;0.0
389059;4635088;1190782.08;0.0;0.0;0.0;-154801.6704;;11907.8208;0.0;AT0000720008;Equity;1035980.4096000001;0.0;0.0;0.0;0.0;10359.804096000002;0.0
389059;4732495;1165431.370804556;0.0;0.0;0.0;-151506.07820459228;;11654.313708045558;11654.31370804556;NO0010063308;Equity;1013925.2925999637;0.0;0.0;0.0;0.0;10139.252925999635;10139.252925999637
389059;4741714;375318.0;0.0;0.0;0.0;-48791.34;;3753.18;0.0;FR0000130395;Equity;326526.66000000003;0.0;0.0;0.0;0.0;3265.2666000000004;0.0
389059;4741844;430440.0;0.0;0.0;0.0;-55957.2;;4304.4;0.0;DE0006599905;Equity;374482.8;0.0;0.0;0.0;0.0;3744.8279999999995;0.0
389059;4813345;1393745.9591034474;0.0;0.0;0.0;-181186.97468344818;;13937.459591034474;13937.459591034474;SE0000148884;Equity;1212558.9844199992;0.0;0.0;0.0;0.0;12125.589844199993;12125.589844199993
389059;4834108;1457757.75;0.0;0.0;0.0;-189508.5075;;14577.5775;0.0;FR0000121972;Equity;1268249.2425;0.0;0.0;0.0;0.0;12682.492424999999;0.0
389059;5051605;1268160.0;0.0;0.0;0.0;-164860.80000000002;;12681.6;0.0;GRS260333000;Equity;1103299.2;0.0;0.0;0.0;0.0;11032.992;0.0
389059;5076705;1811428.96;0.0;0.0;0.0;-235485.7648;;18114.2896;0.0;DE0006048432;Equity;1575943.1952;0.0;0.0;0.0;0.0;15759.431952;0.0
389059;5176177;3016682.525;0.0;0.0;0.0;-392168.72825000004;;30166.82525;0.0;FR0000133308;Equity;2624513.7967499997;0.0;0.0;0.0;0.0;26245.137967500003;0.0
389059;5231485;1870355.2;0.0;0.0;0.0;-243146.17600000006;;18703.552000000003;0.0;DE0008404005;Equity;1627209.024;0.0;0.0;0.0;0.0;16272.090240000003;0.0
389059;5258246;441846.05803361675;0.0;0.0;0.0;-57439.98754437018;;4418.460580336167;4418.460580336168;LU0075646355;Equity;384406.0704892466;0.0;0.0;0.0;0.0;3844.0607048924658;3844.060704892466
389059;5271782;1368913.0;0.0;0.0;0.0;-177958.69;;13689.13;0.0;ES0130670112;Equity;1190954.31;0.0;0.0;0.0;0.0;11909.543099999999;0.0
389059;5334588;817780.0;0.0;0.0;0.0;-106311.39999999998;;8177.799999999998;0.0;DE0007030009;Equity;711468.6;0.0;0.0;0.0;0.0;7114.685999999999;0.0
389059;540528;2213963.1352455565;0.0;0.0;0.0;-343164.28596306127;;22139.631352455566;22139.631352455566;GB0005405286;Equity;1870798.8492824952;0.0;0.0;0.0;0.0;18707.988492824952;18707.988492824952
389059;5474008;954055.38;0.0;0.0;0.0;-124027.19939999997;;9540.553799999998;0.0;ES0113679I37;Equity;830028.1806000001;0.0;0.0;0.0;0.0;8300.281805999999;0.0
389059;5641567;834063.02;0.0;0.0;0.0;-108428.19260000001;;8340.630200000001;0.0;FR0000120172;Equity;725634.8274000001;0.0;0.0;0.0;0.0;7256.348274000002;0.0
389059;5671519;1668481.65;0.0;0.0;0.0;-216902.61450000003;;16684.8165;0.0;NL0000395903;Equity;1451579.0354999998;0.0;0.0;0.0;0.0;14515.790355;0.0
389059;5671735;4126231.2;0.0;0.0;0.0;-536410.0560000001;;41262.312000000005;0.0;FR0000120578;Equity;3589821.1440000003;0.0;0.0;0.0;0.0;35898.21144000001;0.0
389059;5701513;1703032.24;0.0;0.0;0.0;-221394.19120000003;;17030.3224;0.0;FI0009007884;Equity;1481638.0488;0.0;0.0;0.0;0.0;14816.380488;0.0
389059;5705946;644384.0;0.0;0.0;0.0;-83769.91999999998;;6443.839999999999;0.0;ES0113900J37;Equity;560614.0800000001;0.0;0.0;0.0;0.0;5606.1408;0.0
389059;5727973;2533052.6;0.0;0.0;0.0;-329296.83800000005;;25330.526;0.0;DE0007236101;Equity;2203755.762;0.0;0.0;0.0;0.0;22037.55762;0.0
389059;5738298;355040.0;0.0;0.0;0.0;-46155.200000000004;;3550.4;0.0;ES0176252718;Equity;308884.8;0.0;0.0;0.0;0.0;3088.848;0.0
389059;5756029;762219.6000000002;0.0;0.0;0.0;-99088.54800000001;;7622.196;0.0;DE0005190003;Equity;663131.0520000001;0.0;0.0;0.0;0.0;6631.31052;0.0
389059;5842359;4211044.76;0.0;0.0;0.0;-547435.8188;;42110.4476;0.0;DE0005557508;Equity;3663608.9412;0.0;0.0;0.0;0.0;36636.089412;0.0
389059;5956078;2559461.808;0.0;0.0;0.0;-332730.03504000005;;25594.61808;0.0;NL0000009082;Equity;2226731.77296;0.0;0.0;0.0;0.0;22267.3177296;0.0
389059;5962332;560000.0;0.0;0.0;0.0;-72800.0;;5600.0;0.0;NL0000226223;Equity;487200.0;0.0;0.0;0.0;0.0;4872.0;0.0
389059;5966516;786410.0;0.0;0.0;0.0;-102233.29999999999;;7864.0999999999985;0.0;FR0000130809;Equity;684176.7;0.0;0.0;0.0;0.0;6841.766999999999;0.0
389059;5983816;2345567.3310736096;0.0;0.0;0.0;-304923.7530395693;;23455.6733107361;23455.673310736096;CH0011075394;Equity;2040643.5780340403;0.0;0.0;0.0;0.0;20406.435780340405;20406.435780340402
389059;673123;841207.4179318645;0.0;0.0;0.0;-130387.14977943897;;8412.074179318643;8412.074179318643;GB0006731235;Equity;710820.2681524255;0.0;0.0;0.0;0.0;7108.202681524253;7108.202681524253
389059;7021963;2740591.2;0.0;0.0;0.0;-356276.85599999997;;27405.912;0.0;DE0005810055;Equity;2384314.344;0.0;0.0;0.0;0.0;23843.14344;0.0
389059;7062713;770180.4;0.0;0.0;0.0;-100123.452;;7701.804;0.0;FR0000121220;Equity;670056.948;0.0;0.0;0.0;0.0;6700.56948;0.0
389059;7088429;3354831.2;0.0;0.0;0.0;-436128.05600000004;;33548.312;0.0;FR0000120628;Equity;2918703.1440000003;0.0;0.0;0.0;0.0;29187.03144;0.0
389059;7097328;1137745.6;0.0;0.0;0.0;-147906.92799999999;;11377.455999999998;0.0;BE0003797140;Equity;989838.6720000001;0.0;0.0;0.0;0.0;9898.386719999999;0.0
389059;7103065;4248950.329387058;0.0;0.0;0.0;-552363.5428203174;;42489.50329387057;42489.50329387058;CH0012005267;Equity;3696586.78656674;0.0;0.0;0.0;0.0;36965.867865667395;36965.8678656674
389059;7108899;2409933.5680252197;0.0;0.0;0.0;-313291.3638432785;;24099.335680252192;24099.335680252192;CH0012221716;Equity;2096642.2041819412;0.0;0.0;0.0;0.0;20966.422041819405;20966.422041819405
389059;7110388;3622028.6982322345;0.0;0.0;0.0;-470863.7307701906;;36220.28698232235;36220.28698232235;CH0012032048;Equity;3151164.9674620437;0.0;0.0;0.0;0.0;31511.649674620443;31511.649674620443
389059;7123870;2247646.0592862694;0.0;0.0;0.0;-292193.98770721507;;22476.4605928627;22476.46059286269;CH0038863350;Equity;1955452.0715790542;0.0;0.0;0.0;0.0;19554.520715790546;19554.520715790542
389059;7133608;812183.2860439856;0.0;0.0;0.0;-105583.82718571814;;8121.832860439856;8121.832860439856;NO0010096985;Equity;706599.4588582675;0.0;0.0;0.0;0.0;7065.994588582675;7065.994588582675
389059;7144569;2953840.491;0.0;0.0;0.0;-383999.26383;;29538.40491;0.0;IT0003128367;Equity;2569841.22717;0.0;0.0;0.0;0.0;25698.4122717;0.0
389059;718875;1540127.1897542125;0.0;0.0;0.0;-238719.71441190288;;15401.27189754212;15401.271897542125;GB0007188757;Equity;1301407.4753423096;0.0;0.0;0.0;0.0;13014.07475342309;13014.074753423096
389059;7212477;2166991.0;0.0;0.0;0.0;-281708.83;;21669.91;0.0;FR0000121667;Equity;1885282.17;0.0;0.0;0.0;0.0;18852.8217;0.0
389059;7251470;1007597.325;0.0;0.0;0.0;-130987.65225;;10075.97325;0.0;IT0003153415;Equity;876609.6727499999;0.0;0.0;0.0;0.0;8766.096727499998;0.0
389059;7309681;769100.0;0.0;0.0;0.0;-99983.0;;7691.0;0.0;FR0000131104;Equity;669117.0;0.0;0.0;0.0;0.0;6691.17;0.0
389059;7380482;641900.0;0.0;0.0;0.0;-83447.0;;6419.0;0.0;FR0000125007;Equity;558453.0;0.0;0.0;0.0;0.0;5584.53;0.0
389059;7383072;827318.52;0.0;0.0;0.0;-107551.40759999999;;8273.1852;0.0;ES0130960018;Equity;719767.1124;0.0;0.0;0.0;0.0;7197.6711239999995;0.0
389059;7437805;1674549.9234885753;0.0;0.0;0.0;-217691.49005351478;;16745.499234885752;16745.499234885752;CH0014852781;Equity;1456858.4334350605;0.0;0.0;0.0;0.0;14568.584334350604;14568.584334350604
389059;7582556;1614364.12;0.0;0.0;0.0;-209867.33560000002;;16143.641200000002;0.0;FR0000121964;Equity;1404496.7844;0.0;0.0;0.0;0.0;14044.967844;0.0
389059;7792559;985819.64;0.0;0.0;0.0;-128156.55320000001;;9858.1964;0.0;NL0000009165;Equity;857663.0868;0.0;0.0;0.0;0.0;8576.630868;0.0
389059;790873;1261348.5981901498;0.0;0.0;0.0;-195509.03271947324;;12613.485981901498;12613.485981901498;GB0007908733;Equity;1065839.5654706764;0.0;0.0;0.0;0.0;10658.395654706765;10658.395654706765
389059;B00FWN1;613181.8737270875;0.0;0.0;0.0;-76647.73421588595;;6131.818737270875;6131.818737270875;US02043Q1076;Equity;536534.1395112015;0.0;0.0;0.0;0.0;5365.341395112016;5365.341395112016
389059;B012877;1625360.1587808896;0.0;0.0;0.0;-211296.82064151566;;16253.601587808897;16253.601587808897;CH0018294154;Equity;1414063.3381393738;0.0;0.0;0.0;0.0;14140.633381393738;14140.633381393738
389059;B019KW7;779699.2826106277;0.0;0.0;0.0;-120853.38880464729;;7796.992826106276;7796.992826106276;GB00B019KW72;Equity;658845.8938059804;0.0;0.0;0.0;0.0;6588.458938059804;6588.458938059804
389059;B01FLQ6;2588020.5;0.0;0.0;0.0;-336442.66500000004;;25880.205;0.0;ES0167050915;Equity;2251577.835;0.0;0.0;0.0;0.0;22515.77835;0.0
389059;B01R311;2675835.660062951;0.0;0.0;0.0;-334479.45750786894;;26758.35660062951;26758.35660062951;US7591EP1005;Equity;2341356.2025550823;0.0;0.0;0.0;0.0;23413.562025550822;23413.562025550822
389059;B01Z7J1;1604851.1571931124;0.0;0.0;0.0;-200606.39464913902;;16048.511571931123;16048.511571931123;US6098391054;Equity;1404244.7625439735;0.0;0.0;0.0;0.0;14042.447625439734;14042.447625439734
389059;B02L486;751002.405509944;0.0;0.0;0.0;-97630.31271629274;;7510.024055099441;7510.024055099441;NO0003054108;Equity;653372.0927936512;0.0;0.0;0.0;0.0;6533.720927936513;6533.720927936513
389059;B058TZ6;726000.0;0.0;0.0;0.0;-94380.0;;7260.0;0.0;FR0000073272;Equity;631620.0;0.0;0.0;0.0;0.0;6316.2;0.0
389059;B07DRZ5;1171415.4;0.0;0.0;0.0;-152284.002;;11714.154;0.0;IT0003828271;Equity;1019131.3979999999;0.0;0.0;0.0;0.0;10191.31398;0.0
389059;B09DHL9;512480.0;0.0;0.0;0.0;-66622.40000000001;;5124.8;0.0;DE000A0D9PT0;Equity;445857.6;0.0;0.0;0.0;0.0;4458.576;0.0
389059;B0R7JF1;735436.8;0.0;0.0;0.0;-95606.784;;7354.368;0.0;FR0010259150;Equity;639830.0160000001;0.0;0.0;0.0;0.0;6398.300160000001;0.0
389059;B0X7DZ3;634527.5967413441;0.0;0.0;0.0;-79315.94959266801;;6345.27596741344;6345.27596741344;US1696561059;Equity;555211.6471486761;0.0;0.0;0.0;0.0;5552.11647148676;5552.11647148676
389059;B13X013;1722006.0;0.0;0.0;0.0;-223860.78000000003;;17220.06;0.0;FR0000130452;Equity;1498145.22;0.0;0.0;0.0;0.0;14981.452200000002;0.0
389059;B142S60;767191.7631236227;0.0;0.0;0.0;-99734.92920607098;;7671.917631236229;7671.917631236229;CH0025238863;Equity;667456.8339175518;0.0;0.0;0.0;0.0;6674.568339175519;6674.568339175519
389059;B15C557;1954521.26;0.0;0.0;0.0;-254087.7638;;19545.2126;0.0;FR0000120271;Equity;1700433.4962;0.0;0.0;0.0;0.0;17004.334961999997;0.0
389059;B19NLV4;1509181.7034623218;0.0;0.0;0.0;-233923.16403665987;;15091.817034623216;15091.817034623218;GB00B19NLV48;Equity;1275258.5394256618;0.0;0.0;0.0;0.0;12752.585394256617;12752.58539425662
389059;B1VQF42;2305001.178989928;0.0;0.0;0.0;-299650.15326869074;;23050.011789899287;23050.011789899283;NO0003733800;Equity;2005351.0257212375;0.0;0.0;0.0;0.0;20053.51025721238;20053.510257212376
389059;B1WY233;1821450.430059248;0.0;0.0;0.0;-282324.8166591835;;18214.50430059248;18214.50430059248;GB00B1WY2338;Equity;1539125.6134000646;0.0;0.0;0.0;0.0;15391.256134000647;15391.256134000647
389059;B1XH026;2142594.9;0.0;0.0;0.0;-278537.337;;21425.949;0.0;FR0000125486;Equity;1864057.5629999998;0.0;0.0;0.0;0.0;18640.57563;0.0
389059;B1Y9TB3;2279489.52;0.0;0.0;0.0;-296333.6376000001;;22794.895200000003;0.0;FR0000120644;Equity;1983155.8824;0.0;0.0;0.0;0.0;19831.558824000003;0.0
389059;B1YXBJ7;1972076.4;0.0;0.0;0.0;-256369.93200000003;;19720.764;0.0;FR0000120073;Equity;1715706.4679999999;0.0;0.0;0.0;0.0;17157.06468;0.0
389059;B23FN39;506269.1353453064;0.0;0.0;0.0;-63283.6419181633;;5062.691353453064;5062.691353453064;US5500211090;Equity;442985.49342714314;0.0;0.0;0.0;0.0;4429.854934271431;4429.854934271431
389059;B24CGK7;1617099.68348454;0.0;0.0;0.0;-250650.4509401037;;16170.9968348454;16170.9968348454;GB00B24CGK77;Equity;1366449.2325444364;0.0;0.0;0.0;0.0;13664.492325444362;13664.492325444362
389059;B283W97;2720466.8880000003;0.0;0.0;0.0;-353660.69544000004;;27204.66888;0.0;ES0140609019;Equity;2366806.1925600003;0.0;0.0;0.0;0.0;23668.0619256;0.0
389059;B288C92;4053192.12;0.0;0.0;0.0;-526914.9756;;40531.9212;0.0;ES0144580Y14;Equity;3526277.1444;0.0;0.0;0.0;0.0;35262.771444;0.0
389059;B28DTJ6;1083848.48;0.0;0.0;0.0;-140900.30240000004;;10838.484800000002;0.0;FR0006174348;Equity;942948.1775999999;0.0;0.0;0.0;0.0;9429.481776000002;0.0
389059;B2PZN04;2710046.6395112006;0.0;0.0;0.0;-338755.8299389002;;27100.466395112013;27100.466395112013;US92826C8394;Equity;2371290.8095723004;0.0;0.0;0.0;0.0;23712.90809572301;23712.90809572301
389059;B39J2M4;1340175.2993438717;0.0;0.0;0.0;-207727.17139830012;;13401.752993438717;13401.752993438717;GB00B39J2M42;Equity;1132448.1279455714;0.0;0.0;0.0;0.0;11324.481279455715;11324.481279455715
389059;B3Z5T14;692677.2634697278;0.0;0.0;0.0;-107364.97583780783;;6926.772634697278;6926.7726346972795;CH0114405324;Equity;585312.28763192;0.0;0.0;0.0;0.0;5853.122876319199;5853.122876319201
389059;B4Q5ZN4;1001980.8368820588;0.0;0.0;0.0;-155307.02971671915;;10019.80836882059;10019.80836882059;IE00B4Q5ZN47;Equity;846673.8071653396;0.0;0.0;0.0;0.0;8466.738071653399;8466.738071653399
389059;B4YVF56;855438.8;0.0;0.0;0.0;-111207.044;;8554.387999999999;0.0;DE000A1DAHH0;Equity;744231.756;0.0;0.0;0.0;0.0;7442.3175599999995;0.0
389059;B545MG5;2090442.054439386;0.0;0.0;0.0;-271757.4670771202;;20904.420544393863;20904.420544393863;CH0126881561;Equity;1818684.5873622657;0.0;0.0;0.0;0.0;18186.84587362266;18186.84587362266
389059;B58YSC6;3192033.7622662466;0.0;0.0;0.0;-399004.2202832809;;31920.337622662468;31920.337622662468;US78467J1007;Equity;2793029.5419829655;0.0;0.0;0.0;0.0;27930.295419829657;27930.295419829657
389059;B5BKPQ4;5236129.78152194;0.0;0.0;0.0;-654516.2226902426;;52361.2978152194;52361.2978152194;US6200763075;Equity;4581613.558831697;0.0;0.0;0.0;0.0;45816.135588316974;45816.135588316974
389059;B616C79;1239419.1446028517;0.0;0.0;0.0;-154927.39307535643;;12394.191446028512;12394.191446028515;US88160R1014;Equity;1084491.7515274952;0.0;0.0;0.0;0.0;10844.917515274949;10844.91751527495
389059;B6Z1355;1696561.0997963338;0.0;0.0;0.0;-212070.13747454179;;16965.61099796334;16965.61099796334;US9837931008;Equity;1484490.962321792;0.0;0.0;0.0;0.0;14844.909623217922;14844.909623217922
389059;B71QPM2;1258558.1804129393;0.0;0.0;0.0;-163612.56345368212;;12585.581804129391;12585.581804129391;CH0126673539;Equity;1094945.616959257;0.0;0.0;0.0;0.0;10949.45616959257;10949.45616959257
389059;B7TL820;4083394.815774856;0.0;0.0;0.0;-510424.35197185696;;40833.94815774856;40833.94815774856;US30303M1027;Equity;3572970.4638029994;0.0;0.0;0.0;0.0;35729.704638029994;35729.704638029994
389059;B86S2N0;1542715.2;0.0;0.0;0.0;-200552.97600000002;;15427.152;0.0;BE0974264930;Equity;1342162.224;0.0;0.0;0.0;0.0;13421.62224;0.0
389059;B87ZMX0;3507266.5062025543;0.0;0.0;0.0;-438408.3132753194;;35072.665062025546;35072.665062025546;US6974351057;Equity;3068858.192927235;0.0;0.0;0.0;0.0;30688.58192927235;30688.58192927235
389059;B92SR70;1069130.0129605627;0.0;0.0;0.0;-133641.25162007037;;10691.300129605628;10691.300129605628;US00287Y1091;Equity;935488.7613404924;0.0;0.0;0.0;0.0;9354.887613404924;9354.887613404924
389059;B94Q9V0;1166887.1134975003;0.0;0.0;0.0;-145860.88918718754;;11668.871134975005;11668.871134975005;US8725901040;Equity;1021026.2243103128;0.0;0.0;0.0;0.0;10210.262243103129;10210.262243103129
389059;B97C733;990461.485650282;0.0;0.0;0.0;-128759.99313453666;;9904.61485650282;9904.61485650282;SE0005190238;Equity;861701.4925157453;0.0;0.0;0.0;0.0;8617.014925157453;8617.014925157453
389059;BBJPFY1;624000.0;0.0;0.0;0.0;-81120.0;;6240.0;0.0;DE000A1ML7J1;Equity;542880.0;0.0;0.0;0.0;0.0;5428.8;0.0
389059;BD0Q398;2080995.84;0.0;0.0;0.0;-270529.45920000004;;20809.9584;0.0;NL0011794037;Equity;1810466.3808;0.0;0.0;0.0;0.0;18104.663807999998;0.0
389059;BD6G507;1861773.4;0.0;0.0;0.0;-242030.54200000002;;18617.734;0.0;NL0011585146;Equity;1619742.858;0.0;0.0;0.0;0.0;16197.42858;0.0
389059;BD6K457;1812559.143732642;0.0;0.0;0.0;-280946.66727855953;;18125.59143732642;18125.59143732642;GB00BD6K4575;Equity;1531612.4764540824;0.0;0.0;0.0;0.0;15316.124764540824;15316.124764540824
389059;BDHLTQ5;371186.6783928902;0.0;0.0;0.0;-46398.33479911127;;3711.8667839289014;3711.8667839289014;US05722G1004;Equity;324788.3435937789;0.0;0.0;0.0;0.0;3247.8834359377884;3247.8834359377884
389059;BDJ0LS6;1020869.9037215333;0.0;0.0;0.0;-127608.73796519164;;10208.69903721533;10208.699037215332;US4622221004;Equity;893261.1657563417;0.0;0.0;0.0;0.0;8932.611657563415;8932.611657563417
389059;BDQZFJ3;589645.4360303647;0.0;0.0;0.0;-73705.67950379559;;5896.454360303646;5896.454360303647;US5132721045;Equity;515939.75652656914;0.0;0.0;0.0;0.0;5159.397565265691;5159.397565265692
389059;BDZ78H9;11628340.548046656;0.0;0.0;0.0;-1453542.5685058322;;116283.40548046656;116283.40548046656;US11135F1012;Equity;10174797.979540823;0.0;0.0;0.0;0.0;101747.97979540823;101747.97979540823
389059;BF0LKD0;402610.6276615441;0.0;0.0;0.0;-50326.328457693024;;4026.1062766154414;4026.1062766154414;US4990491049;Equity;352284.299203851;0.0;0.0;0.0;0.0;3522.8429920385106;3522.8429920385106
389059;BF2FJ99;209466.76541381225;0.0;0.0;0.0;-26183.34567672653;;2094.6676541381225;2094.6676541381225;US60937P1066;Equity;183283.4197370857;0.0;0.0;0.0;0.0;1832.834197370857;1832.834197370857
389059;BFH3N85;717276.7543047583;0.0;0.0;0.0;-89659.59428809481;;7172.767543047584;7172.767543047583;US9224751084;Equity;627617.1600166635;0.0;0.0;0.0;0.0;6276.1716001666355;6276.1716001666355
389059;BJYRDP5;1511311.6;0.0;0.0;0.0;-196470.508;;15113.116;0.0;FR0011726835;Equity;1314841.0920000002;0.0;0.0;0.0;0.0;13148.410920000002;0.0
389059;BK4N0D7;827803.740048139;0.0;0.0;0.0;-103475.46750601739;;8278.037400481391;8278.037400481391;US14448C1045;Equity;724328.2725421216;0.0;0.0;0.0;0.0;7243.282725421217;7243.282725421217
389059;BL9XPM3;3018578.337344936;0.0;0.0;0.0;-377322.29216811707;;30185.78337344936;30185.78337344936;US0404132054;Equity;2641256.045176819;0.0;0.0;0.0;0.0;26412.560451768193;26412.560451768193
389059;BLGZ986;1515807.092622431;0.0;0.0;0.0;-234950.09935647683;;15158.070926224313;15158.070926224313;GB00BLGZ9862;Equity;1280856.993265954;0.0;0.0;0.0;0.0;12808.569932659544;12808.569932659544
389059;BLRB262;2376682.24;0.0;0.0;0.0;-308968.6912;;23766.8224;0.0;GB00B10RZP78;Equity;2067713.5488000002;0.0;0.0;0.0;0.0;20677.135488;0.0
389059;BM5M5Y3;2206276.911683022;0.0;0.0;0.0;-275784.6139603777;;22062.76911683021;22062.769116830223;US75513E1010;Equity;1930492.2977226444;0.0;0.0;0.0;0.0;19304.922977226437;19304.922977226444
389059;BMBQHZ4;1556826.7657779404;0.0;0.0;0.0;-202387.47955113227;;15568.267657779405;15568.267657779405;CH1256740924;Equity;1354439.286226808;0.0;0.0;0.0;0.0;13544.392862268081;13544.392862268081
389059;BMC1PR6;709445.6582114424;0.0;0.0;0.0;-88680.70727643032;;7094.456582114424;7094.456582114424;US08265T2087;Equity;620764.9509350121;0.0;0.0;0.0;0.0;6207.649509350122;6207.649509350122
389059;BMH4FS1;2328208.6558044804;0.0;0.0;0.0;-291026.08197556005;;23282.0865580448;23282.086558044804;US21037T1097;Equity;2037182.5738289203;0.0;0.0;0.0;0.0;20371.8257382892;20371.825738289204
389059;BMJ6DW5;1464454.6540589705;0.0;0.0;0.0;-226990.47137914045;;14644.546540589705;14644.546540589705;GB00BMJ6DW54;Equity;1237464.1826798301;0.0;0.0;0.0;0.0;12374.6418267983;12374.6418267983
389059;BMV2C79;469260.0;0.0;0.0;0.0;-61003.80000000001;;4692.6;0.0;FR001400J770;Equity;408256.2;0.0;0.0;0.0;0.0;4082.5620000000004;0.0
389059;BMXX645;1535802.45;0.0;0.0;0.0;-199654.3185;;15358.0245;0.0;FI4000552500;Equity;1336148.1315;0.0;0.0;0.0;0.0;13361.481314999999;0.0
389059;BMY36H7;214100.0;0.0;0.0;0.0;-27833.0;;2141.0;0.0;IT0005495657;Equity;186267.0;0.0;0.0;0.0;0.0;1862.67;0.0
389059;BN320L4;631041.1510654764;0.0;0.0;0.0;-63104.115106547644;;6310.411510654764;6310.411510654763;CA7397211086;Equity;567937.0359589288;0.0;0.0;0.0;0.0;5679.370359589288;5679.370359589288
389059;BN7SWP6;3149436.6915386044;0.0;0.0;0.0;-488162.68718848366;;31494.36691538604;31494.366915386046;GB00BN7SWP63;Equity;2661274.0043501207;0.0;0.0;0.0;0.0;26612.740043501202;26612.74004350121
389059;BNBNSG0;2438955.4;0.0;0.0;0.0;-317064.20200000005;;24389.554;0.0;NL0006294274;Equity;2121891.198;0.0;0.0;0.0;0.0;21218.91198;0.0
389059;BNG7113;1718411.5986073602;0.0;0.0;0.0;-223393.50781895683;;17184.1159860736;17184.1159860736;NO0010161896;Equity;1495018.0907884033;0.0;0.0;0.0;0.0;14950.180907884032;14950.180907884032
389059;BNG8PQ9;1284358.88;0.0;0.0;0.0;-166966.6544;;12843.5888;0.0;NL0010773842;Equity;1117392.2256;0.0;0.0;0.0;0.0;11173.922256000002;0.0
389059;BP6H4Y1;1661489.6500648025;0.0;0.0;0.0;-207686.2062581003;;16614.896500648025;16614.896500648025;US36828A1016;Equity;1453803.4438067023;0.0;0.0;0.0;0.0;14538.034438067021;14538.034438067021
389059;BP6KMJ1;1193797.7775978523;0.0;0.0;0.0;-155193.71108772082;;11937.977775978525;11937.977775978525;DK0062498333;Equity;1038604.0665101315;0.0;0.0;0.0;0.0;10386.040665101316;10386.040665101316
389059;BPBPJ01;1019845.47;0.0;0.0;0.0;-132579.91109999997;;10198.454699999998;0.0;FR001400AJ45;Equity;887265.5589000001;0.0;0.0;0.0;0.0;8872.655589;0.0
389059;BPQY8M8;1415767.7289576004;0.0;0.0;0.0;-219443.9979884281;;14157.677289576006;14157.677289576004;GB00BPQY8M80;Equity;1196323.7309691724;0.0;0.0;0.0;0.0;11963.237309691725;11963.237309691725
389059;BQT3XY6;400518.4225143492;0.0;0.0;0.0;-50064.80281429365;;4005.184225143492;4005.184225143492;IL0011334468;Equity;350453.61970005557;0.0;0.0;0.0;0.0;3504.536197000555;3504.536197000555
389059;BQZJ0Q9;1530282.8087391225;0.0;0.0;0.0;-191285.35109239034;;15302.828087391224;15302.828087391224;US49338L1035;Equity;1338997.4576467322;0.0;0.0;0.0;0.0;13389.97457646732;13389.97457646732
389059;BR4T3B3;451129.76300685055;0.0;0.0;0.0;-56391.22037585631;;4511.297630068505;4511.297630068506;US4435731009;Equity;394738.5426309942;0.0;0.0;0.0;0.0;3947.385426309942;3947.385426309943
389059;BRC3N84;721383.5215700797;0.0;0.0;0.0;-111814.44584336232;;7213.835215700795;7213.835215700797;IE000IVNQZ81;Equity;609569.0757267174;0.0;0.0;0.0;0.0;6095.690757267172;6095.690757267173
389059;BRRD6G8;648803.4252916125;0.0;0.0;0.0;-81100.42816145156;;6488.034252916124;6488.034252916124;US63001N1063;Equity;567702.9971301609;0.0;0.0;0.0;0.0;5677.029971301608;5677.029971301608
389059;BSLSSX7;10899.77781892242;0.0;0.0;0.0;-1362.4722273653028;;108.99777818922422;108.9977781892242;US3847471014;Equity;9537.305591557117;0.0;0.0;0.0;0.0;95.3730559155712;95.37305591557119
389059;BSML4N7;1283321.2368079985;0.0;0.0;0.0;-160415.1546009998;;12833.212368079983;12833.212368079983;US5128073062;Equity;1122906.0822069987;0.0;0.0;0.0;0.0;11229.060822069985;11229.060822069985
389059;BSMR1R8;851193.3443806702;0.0;0.0;0.0;-131934.9683790039;;8511.933443806702;8511.933443806702;IE00028FXN24;Equity;719258.3760016663;0.0;0.0;0.0;0.0;7192.583760016662;7192.583760016662
389059;BTJZ707;594000.0;0.0;0.0;0.0;-77220.00000000001;;5940.000000000001;0.0;GRS830003000;Equity;516780.0;0.0;0.0;0.0;0.0;5167.800000000001;0.0
389059;BTK05J6;589512.6018329938;0.0;0.0;0.0;-91374.45328411403;;5895.126018329937;5895.126018329937;GB00BTK05J60;Equity;498138.1485488798;0.0;0.0;0.0;0.0;4981.381485488798;4981.381485488798
389059;BTMKJR0;1513600.8;0.0;0.0;0.0;-196768.104;;15136.008;0.0;ES0105046017;Equity;1316832.696;0.0;0.0;0.0;0.0;13168.32696;0.0
389059;BVLZX12;1481699.731531198;0.0;0.0;0.0;-185212.46644139977;;14816.99731531198;14816.99731531198;US29444U7000;Equity;1296487.2650897983;0.0;0.0;0.0;0.0;12964.872650897985;12964.872650897985
389059;BYMXPS7;772950.0;0.0;0.0;0.0;-100483.5;;7729.5;0.0;IT0005239360;Equity;672466.5;0.0;0.0;0.0;0.0;6724.665;0.0
389059;BYQCQ32;1676084.3896761448;0.0;0.0;0.0;-217890.97065789884;;16760.84389676145;16760.84389676145;CH0360674466;Equity;1458193.419018246;0.0;0.0;0.0;0.0;14581.934190182461;14581.934190182461
389059;BYVY8G0;5510606.850583225;0.0;0.0;0.0;-688825.8563229032;;55106.06850583224;55106.06850583225;US02079K3059;Equity;4821780.994260321;0.0;0.0;0.0;0.0;48217.80994260321;48217.80994260322
389059;BYYHL23;910720.0;0.0;0.0;0.0;-118393.60000000002;;9107.2;0.0;BE0974293251;Equity;792326.4;0.0;0.0;0.0;0.0;7923.264000000001;0.0
389059;BYZF9J9;1451423.4931176926;0.0;0.0;0.0;-188685.05410530008;;14514.234931176929;14514.234931176929;FI4000297767;Equity;1262738.4390123927;0.0;0.0;0.0;0.0;12627.384390123927;12627.384390123927
389059;BZ00V34;406501.99962969805;0.0;0.0;0.0;-50812.749953712264;;4065.019996296981;4065.019996296981;US98980G1022;Equity;355689.2496759858;0.0;0.0;0.0;0.0;3556.892496759858;3556.892496759858
389059;BZ0P4R4;911977.66;0.0;0.0;0.0;-118557.0958;;9119.7766;0.0;IT0005090300;Equity;793420.5642;0.0;0.0;0.0;0.0;7934.205641999999;0.0
389059;BZ16HK0;210587.1134975004;0.0;0.0;0.0;-26323.389187187553;;2105.871134975004;2105.871134975004;US35086T1097;Equity;184263.72431031283;0.0;0.0;0.0;0.0;1842.6372431031284;1842.6372431031284
389059;BZCNN35;696500.0;0.0;0.0;0.0;-90545.00000000001;;6965.000000000001;0.0;PTBCP0AM0015;Equity;605955.0;0.0;0.0;0.0;0.0;6059.550000000001;0.0
389059;CSH_CAD_DB;62455.02886659123;0.0;0.0;0.0;0.0;;0.0;624.5502886659123;;Cash;62455.02886659123;0.0;0.0;0.0;0.0;0.0;624.5502886659123
389059;CSH_CHF_DB;339813.9984228428;0.0;0.0;0.0;0.0;;0.0;3398.139984228428;;Cash;339813.9984228428;0.0;0.0;0.0;0.0;0.0;3398.139984228428
389059;CSH_DKK_DB;28497.500985622188;0.0;0.0;0.0;0.0;;0.0;284.9750098562219;;Cash;28497.500985622188;0.0;0.0;0.0;0.0;0.0;284.9750098562219
389059;CSH_EUR_DB;4232445.88;0.0;0.0;0.0;0.0;;0.0;0.0;;Cash;4232445.88;0.0;0.0;0.0;0.0;0.0;0.0
389059;CSH_GBP_DB;96856.10196259952;0.0;0.0;0.0;-2421.402549064988;;0.0;968.5610196259951;;Cash;94434.69941353453;0.0;0.0;0.0;0.0;0.0;944.3469941353452
389059;CSH_NOK_DB;96167.85252990258;0.0;0.0;0.0;0.0;;0.0;961.6785252990256;;Cash;96167.85252990258;0.0;0.0;0.0;0.0;0.0;961.6785252990256
389059;CSH_SEK_DB;124473.963104053;0.0;0.0;0.0;0.0;;0.0;1244.7396310405302;;Cash;124473.963104053;0.0;0.0;0.0;0.0;0.0;1244.7396310405302
389059;CSH_USD_DB;1511995.574893538;0.0;0.0;0.0;-37799.88937233845;;0.0;15119.95574893538;;Cash;1474195.6855211994;0.0;0.0;0.0;0.0;0.0;14741.956855211994
389059;FR0014001GE1;32943833.08000001;0.0;0.0;0.0;-3128918.697044956;;329327.5308285279;329450.3924981043;FR0014001GE1;Fund Unit;29814914.382955052;0.0;0.0;0.0;0.0;298048.86734821164;298160.0599392642
389059;T_IE00B4L5YC18;28309004.099999975;0.0;0.0;0.0;-2830900.4099999964;;283090.0409999996;281511.56207321124;T_IE00B4L5YC18;Fund Unit;25478103.68999998;0.0;0.0;0.0;0.0;254781.03689999966;253360.40586589012
389059;T_LU0950674175;28146040.0;0.0;0.0;0.0;-2814603.9999999986;;281460.39999999985;279891.00777215586;T_LU0950674175;Fund Unit;25331436.0;0.0;0.0;0.0;0.0;253314.35999999987;251901.90699494028
389059;T_LU1681045370;28236449.99999995;0.0;0.0;0.0;-2823644.999999997;;282364.4999999997;280790.06661001244;T_LU1681045370;Fund Unit;25412804.999999955;0.0;0.0;0.0;0.0;254128.04999999973;252711.05994901116
389088;AT0000A2L583;2968495.8791207145;2.3219447296417264;2.3219447296417264;2009.8643884150677;-85035.90346498552;;0.0;0.0;AT0000A2L583;Bond;2883459.975655729;0.0025;2.3184966752679164;0.0;2.3219447296417264;0.0;0.0
389088;BE0002592708;3040343.4067103504;0.5415348554545989;0.5415348554545989;170.89437199349152;-20308.788999450724;;0.0;0.0;BE0002592708;Bond;3020034.6177108996;0.0025;0.5408627828429363;0.0;0.5415348554545989;0.0;0.0
389088;BE6350791073;3181774.5205479567;2.6044707401337406;2.604470740133741;3088.095668587825;-50575.26835801226;;0.0;0.0;BE6350791073;Bond;3131199.2521899445;0.0025;2.5971649679470907;0.0;2.604470740133741;0.0;0.0
389088;CDSO100000056;579609.5419420853;1.5159386547943627;-316.700537811586;0.0;2567680.519879702;MORGAN STANLEY EUROPE SE;0.0;0.0;;CDS Index Option;3147290.061821787;0.0025;1.521683829807112;0.0;-316.700537811586;0.0;0.0
389088;CDSO100000057;-224116.3097324189;1.4033796784409267;-350.73634437133524;0.0;-1099693.9919668813;MORGAN STANLEY EUROPE SE;0.0;0.0;;CDS Index Option;-1323810.3016993003;0.0025;1.4083033647455792;0.0;-350.73634437133524;0.0;0.0
389088;CH1174335732;5030445.205441587;0.5222358895181864;0.5222358895181863;392.6871050496573;-17558.32107323996;;0.0;0.0;CH1174335732;Bond;5012886.884368347;0.0025;0.5209661628866971;0.0;0.5222358895181863;0.0;0.0
389088;CSH_EUR_DB;4555645.390000001;0.0;0.0;0.0;0.0;;0.0;0.0;;Cash;4555645.390000001;0.0;0.0;0.0;0.0;0.0;0.0
389088;CSH_GBP_DB;768551.5999074245;0.0;0.0;0.0;-19213.789997685617;;0.0;7685.515999074247;;Cash;749337.809909739;0.0;0.0;0.0;0.0;0.0;7493.378099097391
389088;CSH_USD_DB;1649113.7844843548;0.0;0.0;0.0;-41227.84461210888;;0.0;16491.13784484355;;Cash;1607885.939872246;0.0;0.0;0.0;0.0;0.0;16078.859398722463
389088;DE0001135085;47298640.70241525;2.9477741762463223;2.9477741762463223;57131.1215680199;-569989.8446937538;;0.0;0.0;DE0001135085;Bond;46728650.8577215;0.0025;2.9393005868873288;0.0;2.9477741762463223;0.0;0.0
389088;DE000A3LWGE2;3044492.8767123325;1.8327961159824075;1.8327961159824075;1574.0108850927452;-37292.19116722747;;0.0;0.0;DE000A3LWGE2;Bond;3007200.685545105;0.0025;1.828268903739913;0.0;1.8327961159824075;0.0;0.0
389088;DE000A3MQS56;2975356.8491776856;0.8085109416560077;0.808510941656008;428.79199196939294;-15630.813036433457;;0.0;0.0;DE000A3MQS56;Bond;2959726.036141252;0.0025;0.8065423046235624;0.0;0.808510941656008;0.0;0.0
389088;DE000A4DE982;3927582.4657534254;4.767222131950756;4.767222131950755;11613.096551066348;-240753.75125680477;;0.0;0.0;DE000A4DE982;Bond;3686828.7144966205;0.0025;4.7501180172247945;0.0;4.767222131950755;0.0;0.0
389088;DE000BU22072;15119557.466876265;1.6404064159657212;1.6404064159657212;6530.647289615406;-101229.86105688885;;0.0;0.0;DE000BU22072;Bond;15018327.605819376;0.0025;1.636335405017004;0.0;1.6404064159657212;0.0;0.0
389088;DE000BU25034;55980753.055917606;4.179760589999644;4.179760589999644;124610.76249747702;-957531.0849253028;;0.0;0.0;DE000BU25034;Bond;55023221.970992304;0.0025;4.167787655504294;0.0;4.179760589999644;0.0;0.0
389088;DE000BU35025;38855945.508786365;3.730562746727667;3.7305627467276654;70623.48174232553;-592970.1511368852;;0.0;0.0;DE000BU35025;Bond;38262975.35764948;0.0025;3.719916190717825;0.0;3.7305627467276654;0.0;0.0
389088;DE000CB94MF6;1534256.164373882;3.625595114906453;3.625595114906453;2798.9412289919837;-70482.96323393774;;0.0;0.0;DE000CB94MF6;Bond;1463773.2011399444;0.0025;3.6128500020913337;0.0;3.625595114906453;0.0;0.0
389088;DE000CZ439B6;2121726.0273972675;2.755198333168289;2.755198333168289;2221.1230277238888;-39276.67773100114;;0.0;0.0;DE000CZ439B6;Bond;2082449.3496662665;0.0025;2.748004946901382;0.0;2.755198333168289;0.0;0.0
389088;DE000DL19VZ9;3728554.794520058;2.2168438739571417;2.2168438739571417;2719.088427749003;-106698.48883258007;;0.0;0.0;DE000DL19VZ9;Bond;3621856.3056874783;0.0025;2.210898348707484;0.0;2.2168438739571417;0.0;0.0
389088;DK0030045703;3163483.150684968;2.9812314271838245;2.9812314271838245;3865.922921788056;-63267.901989344304;;0.0;0.0;DK0030045703;Bond;3100215.2486956236;0.0025;2.972899621404971;0.0;2.9812314271838245;0.0;0.0
389088;DK0030352471;3041775.412087912;0.9881534852782632;0.9881534852782632;450.9830442422793;-36899.44222080456;;0.0;0.0;DK0030352471;Bond;3004875.9698671075;0.0025;0.9868880261190133;0.0;0.9881534852782632;0.0;0.0
389088;DUM25 Cmdty;0.0;0.0;0.0;-62110.72330560724;881577.6648081597;;0.0;0.0;;Bond Future;881577.6648081597;0.0025;0.0;0.0;0.0;0.0;0.0
389088;ES0000012B39;38313459.60617086;2.9364405068967736;2.9364405068967736;44731.792141360456;-460719.0003143521;;0.0;0.0;ES0000012B39;Bond;37852740.60585651;0.0025;2.9288091737096487;0.0;2.9364405068967736;0.0;0.0
389088;ES0000012K53;27897095.595624395;4.1427382984828895;4.1427382984828895;59793.08719462324;-474366.8588505178;;0.0;0.0;ES0000012K53;Bond;27422728.73677388;0.0025;4.132060386804808;0.0;4.1427382984828895;0.0;0.0
389088;ES0840609020;3107156.2499999334;2.308774333057361;2.308774333057361;1923.4127823785425;-87348.87989444793;;0.0;0.0;ES0840609020;Bond;3019807.3701054854;0.0025;2.3066247620346565;0.0;2.308774333057361;0.0;0.0
389088;ES0840609061;1811625.0;5.7649737811060655;5.7649737811060655;7211.092623027317;-127003.90354939595;;0.0;0.0;ES0840609061;Bond;1684621.096450604;0.0025;5.74854970134396;0.0;5.7649737811060655;0.0;0.0
389088;FR0000571218;51243214.643019594;3.51781202102883;3.51781202102883;86740.1788311567;-832292.8559734847;;0.0;0.0;FR0000571218;Bond;50410921.78704611;0.0025;3.506431639440508;0.0;3.51781202102883;0.0;0.0
389088;FR0013067196;3054236.301098591;1.1201256314110193;1.1201256314110193;721.7247465120862;-42510.079816754675;;0.0;0.0;FR0013067196;Bond;3011726.2212818367;0.0025;1.1173547637037275;0.0;1.1201256314110193;0.0;0.0
389088;FR0013259132;21275942.130099967;3.2823062217222496;4.689988881160376;32831.246472825136;-1613758.1873551682;;8.222701517048929;-428.404607898804;FR0013259132;Fund Unit;19662183.9427448;0.0025;3.2706621573409174;0.0;4.689988881160376;7.599018118486633;-395.91056184105946
389088;FR0013286192;60047094.18630253;3.032117305950356;3.032117305950355;73595.50097471639;-839598.589098261;;0.0;0.0;FR0013286192;Bond;59207495.59720427;0.0025;3.02446090228375;0.0;3.032117305950355;0.0;0.0
389088;FR0013455854;2929471.1538130585;3.989077968804561;3.989077968804561;5589.703946310552;-144124.59968932215;;0.0;0.0;FR0013455854;Bond;2785346.5541237365;0.0025;3.981157496764937;0.0;3.989077968804561;0.0;0.0
389088;FR0013461795;2992298.3701657453;1.08032163397762;1.08032163397762;513.1876490427671;-39799.87745520752;;0.0;0.0;FR0013461795;Bond;2952498.4927105377;0.0025;1.0789518002232068;0.0;1.08032163397762;0.0;0.0
389088;FR00140007L3;2868390.4109590063;3.42918565633143;3.4291856563314296;4470.2441348577995;-169907.6123479347;;0.0;0.0;FR00140007L3;Bond;2698482.7986110714;0.0025;3.419622682417743;0.0;3.4291856563314296;0.0;0.0
389088;FR0014000OZ2;2965438.356178759;0.6308688593078091;0.6308688593078091;299.02495812793165;-23203.539576017905;;0.0;0.0;FR0014000OZ2;Bond;2942234.8166027414;0.0025;0.6293429311057457;0.0;0.6308688593078091;0.0;0.0
389088;FR0014009HA0;4710000.0;1.9088236133035368;1.9088236133035368;2595.4638331882056;-111647.17349160014;;0.0;0.0;FR0014009HA0;Bond;4598352.8265084;0.0025;1.9041562849603835;0.0;1.9088236133035368;0.0;0.0
389088;FR001400F6O6;3153122.4657534254;0.7412350569657025;0.7412350569657025;408.3304176899703;-15568.486634684028;;0.0;0.0;FR001400F6O6;Bond;3137553.979118741;0.0025;0.7393711220984072;0.0;0.7412350569657025;0.0;0.0
389088;FR001400I7P8;3334448.630137085;2.769179012069505;2.769179012069505;3640.609054223148;-114841.33382568887;;0.0;0.0;FR001400I7P8;Bond;3219607.296311396;0.0025;2.761054457918522;0.0;2.769179012069505;0.0;0.0
389088;FR001400L9Q7;1640667.7397261462;3.2222964947043407;3.2222964947043407;2382.041617254052;-89953.15576859152;;0.0;0.0;FR001400L9Q7;Bond;1550714.5839575548;0.0025;3.2119576499934026;0.0;3.2222964947043407;0.0;0.0
389088;FR001400M1X9;3253063.0136986286;6.311294750451732;6.311294750451732;17393.245607306686;-256963.5856978873;;0.0;0.0;FR001400M1X9;Bond;2996099.428000741;0.0025;6.277207634759123;0.0;6.311294750451732;0.0;0.0
389088;FR001400MLX3;2822929.520547195;3.2824913670390368;3.2824913670390368;4064.8268234668026;-157217.59310162565;;0.0;0.0;FR001400MLX3;Bond;2665711.927445569;0.0025;3.2734299385572863;0.0;3.2824913670390368;0.0;0.0
389088;FR001400Q6Z9;1064354.246575322;3.456511951720709;3.456511951720709;1723.462671414538;-61932.94992442844;;0.0;0.0;FR001400Q6Z9;Bond;1002421.2966508935;0.0025;3.4458992231286887;0.0;3.456511951720709;0.0;0.0
389088;FR001400SIM9;3060131.9178082333;3.874175613256484;3.874175613256484;4653.101172130753;-77648.97930061328;;0.0;0.0;FR001400SIM9;Bond;2982482.9385076202;0.0025;3.8736848113042788;0.0;3.874175613256484;0.0;0.0
389088;FR001400UM87;1896006.8681318688;6.860237418705399;6.860237418705399;11199.311275023076;-160507.58092129705;;0.0;0.0;FR001400UM87;Bond;1735499.2872105718;0.0025;6.830224853626191;0.0;6.860237418705399;0.0;0.0
389088;FR001400WK95;1931806.0000000305;2.4695205454518496;2.4695205454518496;1666.5264507089778;-28628.657383954378;;0.0;0.0;FR001400WK95;Bond;1903177.342616076;0.0025;2.4631999258727015;0.0;2.4695205454518496;0.0;0.0
389088;FR001400WKP0;3227572.6027466552;4.610589329962096;4.610589329962096;8717.57551126249;-186022.3081440144;;0.0;0.0;FR001400WKP0;Bond;3041550.294602641;0.0025;4.596208924657877;0.0;4.610589329962096;0.0;0.0
389088;FXF11702;-39203.66007934511;0.0767123273656177;0.0;-0.005613605237869912;0.0;BNP PARIBAS;0.0;239377.52477451527;;Currency Forward;-39203.66007934511;0.0;0.0767123273656177;0.0;0.0;0.0;239377.52477451527
389088;FXW1023881;-9334.942870756844;0.07671232737828179;0.0;-0.0013756790849019096;41750.08836760292;BNP PARIBAS;0.0;-16700.03534704117;;Currency Forward;32415.145496846075;0.0;0.07671232737828179;0.0;0.0;0.0;-57990.07911153101
389088;FXW1023892;-2145.5911693598027;0.0767123273393409;0.0;-0.00031391762323109557;9241.972092530197;GOLDMAN SACHS BANK EUROPE SE;0.0;-3696.7888370120786;;Currency Forward;7096.380923170394;0.0;0.0767123273393409;0.0;0.0;0.0;-12226.850182175842
389088;IKM25 Cmdty;0.0;0.0;0.0;-360060.8501974592;2511930.1608383036;;0.0;0.0;;Bond Future;2511930.1608383036;0.0025;0.0;0.0;0.0;0.0;0.0
389088;INFS10000382;300221.2365948652;9.934246575342478;0.0;11.493455556177087;1332666.946687376;JP MORGAN SE;0.0;3002.2123659486515;;Index Linked Swap;1632888.1832822412;0.00125;10.057129603038263;0.0;0.0;0.0;16328.88183282241
389088;INFS10000394;-336663.42805460526;4.931506849315042;0.0;-3.5616321939637894;-703001.1435616572;JP MORGAN SE;0.0;-3366.6342805460527;;Index Linked Swap;-1039664.5716162624;0.00125;4.9617743089799085;0.0;0.0;0.0;-10396.645716162624
389088;INFS10000399;-193291.15329806323;4.958904109589107;0.0;1.241548429761882;705879.9549510538;GOLDMAN SACHS BANK EUROPE SE;0.0;0.0;;Index Linked Swap;512588.80165299063;0.0025;5.020541514599104;0.0;0.0;0.0;0.0
389088;INFS10000404;-661.3479597703531;9.96164383559629;0.0;-5.865301919809924e-05;-1380327.525775962;GOLDMAN SACHS BANK EUROPE SE;0.0;0.0;;Index Linked Swap;-1380988.8737357324;0.0025;10.209727488187482;0.0;0.0;0.0;0.0
389088;IT0005521981;23649693.102832105;2.8060899275754454;2.8060899275754454;22682.322464856457;-403337.38036609814;;0.0;0.0;IT0005521981;Bond;23246355.722466007;0.0025;2.801797883075893;0.0;2.8060899275754454;0.0;0.0
389088;IT0005548315;27106396.042762987;3.1154932350689144;3.1154932350689144;31454.77806402428;-512982.29766274255;;0.0;0.0;IT0005548315;Bond;26593413.745100245;0.0025;3.1107485043223333;0.0;3.1154932350689144;0.0;0.0
389088;IT0005572166;3179906.7123288303;2.467866457480988;2.4678664574809885;2758.730490715331;-52475.25559333008;;0.0;0.0;IT0005572166;Bond;3127431.4567355;0.0025;2.4614036005660327;0.0;2.4678664574809885;0.0;0.0
389088;IT0005611055;42421016.59252896;4.12623753025176;4.12623753025176;84637.36439676613;-1065580.0937828831;;0.0;0.0;IT0005611055;Bond;41355436.49874608;0.0025;4.11892273820646;0.0;4.12623753025176;0.0;0.0
389088;IT0005633794;8060399.4209944755;1.84775523698387;1.8477552369838703;3521.619831303726;-90408.83497294027;;0.0;0.0;IT0005633794;Bond;7969990.586021535;0.0025;1.8453681383685376;0.0;1.8477552369838703;0.0;0.0
389088;IT0005636532;3162413.8049555854;6.049478670532488;6.049478670532488;14102.027407861033;-235061.9085383664;;0.0;0.0;IT0005636532;Bond;2927351.896417219;0.0025;6.02948763499532;0.0;6.049478670532488;0.0;0.0
389088;LU1717592346;17626327.196799982;1.0742224399312472;1.035547902975288;-39132.09488068645;3394.6600952885638;;0.0;6689.55126790619;LU1717592346;Fund Unit;17629721.85689527;0.0025;1.1326096626845603;0.0;1.035547902975288;0.0;6690.839610763497
389088;LU2023296168;12464813.437200002;3.236585553982718;3.2624386222319437;21287.44280700758;-703079.7382324466;;2.718780519508232;208.86664251492903;LU2023296168;Fund Unit;11761733.698967556;0.0025;3.220079200071107;0.0;3.2624386222319437;2.5654272819649746;197.08548709814377
389088;LU2550878602;27256234.521600027;0.5360026175322401;0.7416979329101697;627.6491278801888;-37546.60006517935;;-5944.138154259565;309.98777350329794;LU2550878602;Fund Unit;27218687.921534847;0.0025;0.5361451713719971;0.0;0.7416979329101697;-5935.949855988457;309.56075241395416
389088;OEM25 Cmdty;0.0;0.0;0.0;561828.0397262761;-3955878.3658221834;;0.0;0.0;;Bond Future;-3955878.3658221834;0.0025;0.0;0.0;0.0;0.0;0.0
389088;PTEDP4OM0025;4876014.421917865;2.443550654295862;2.443550654295862;4290.378511129286;-204642.40234900103;;0.0;0.0;PTEDP4OM0025;Bond;4671372.019568864;0.0025;2.436480640068889;0.0;2.443550654295862;0.0;0.0
389088;PTEDPUOM0008;3172421.0958904424;2.772732421613154;2.772732421613154;3413.3881776802227;-53360.13605469714;;0.0;0.0;PTEDPUOM0008;Bond;3119060.9598357454;0.0025;2.7650536133162666;0.0;2.772732421613154;0.0;0.0
389088;RXM25 Cmdty;0.0;0.0;0.0;-348558.3237334364;1531365.108560491;;0.0;0.0;;Bond Future;1531365.108560491;0.0025;0.0;0.0;0.0;0.0;0.0
389088;TUM25 Cmdty;0.0;0.0;0.0;142323.50228929622;-1673509.6351513045;;0.0;0.0;;Bond Future;-1673509.6351513045;0.00125;0.0;0.0;0.0;0.0;0.0
389088;UBM25 Cmdty;0.0;0.0;0.0;-1604283.7794989254;2542325.2247237517;;0.0;0.0;;Bond Future;2542325.2247237517;0.0025;0.0;0.0;0.0;0.0;0.0
389088;UXYM25 Cmdty;0.0;0.0;0.0;-569291.8343935724;1721376.5400465736;;0.0;0.0;;Bond Future;1721376.5400465736;0.00125;0.0;0.0;0.0;0.0;0.0
389088;XS1069439740;3059167.8082039477;0.5051229997587413;0.5051229997587413;227.21605929950928;-19209.897579187527;;0.0;0.0;XS1069439740;Bond;3039957.91062476;0.0025;0.5039040275330642;0.0;0.5051229997587413;0.0;0.0
389088;XS1819574929;2927951.09589042;2.918116124509792;2.918116124509792;3384.1076613387445;-51263.14632550521;;0.0;0.0;XS1819574929;Bond;2876687.9495649147;0.0025;2.9105097843294367;0.0;2.918116124509792;0.0;0.0
389088;XS2125121769;3213516.691688091;0.7250201223947248;0.7250201223947248;384.33156877461016;-30317.467596193837;;0.0;0.0;XS2125121769;Bond;3183199.2240918973;0.0025;0.7233442969519523;0.0;0.7250201223947248;0.0;0.0
389088;XS2181959110;3645746.712328768;6.176077477572278;6.176077477572278;17164.75017932967;-281202.38540002075;;0.0;0.0;XS2181959110;Bond;3364544.326928747;0.0025;6.153733369491246;0.0;6.176077477572278;0.0;0.0
389088;XS2182055009;3064267.80821748;0.4120615508845582;0.4120615508845582;173.76570182732925;-8512.787828856233;;0.0;0.0;XS2182055009;Bond;3055755.0203886237;0.0025;0.4110683605086674;0.0;0.4120615508845582;0.0;0.0
389088;XS2183818637;3034212.328757107;0.4306814448211825;0.4306814448211825;183.08547344763423;-16160.29799206525;;0.0;0.0;XS2183818637;Bond;3018052.0307650417;0.0025;0.42963665201254814;0.0;0.4306814448211825;0.0;0.0
389088;XS2193658619;4797804.109589046;3.911983882081684;3.911983882081684;9399.352294533785;-112500.76042397376;;0.0;0.0;XS2193658619;Bond;4685303.349165072;0.0025;3.9012655609217957;0.0;3.911983882081684;0.0;0.0
389088;XS2209344543;2919412.500003995;2.9200755244492536;2.9200755244492536;-2840.8345744702533;-140391.11219052348;;0.0;0.0;XS2209344543;Bond;2779021.3878134713;0.0025;2.9657197355238445;0.0;2.9200755244492536;0.0;0.0
389088;XS2226123573;3029673.913039331;0.4087354188610554;0.4087354188610554;111.09038355867968;-15339.280524100508;;0.0;0.0;XS2226123573;Bond;3014334.63251523;0.0025;0.408236394491294;0.0;0.4087354188610554;0.0;0.0
389088;XS2242931603;2926880.136985345;3.823959962194236;3.823959962194236;5551.8067976194425;-70124.99129125016;;0.0;0.0;XS2242931603;Bond;2856755.1456940947;0.0025;3.813095777793406;0.0;3.823959962194236;0.0;0.0
389088;XS2262077675;999363.0746600451;0.6263542515356609;0.6263542515356608;99.589029245228;-7819.673811586544;;0.0;0.0;XS2262077675;Bond;991543.4008484585;0.0025;0.6248437381455041;0.0;0.6263542515356608;0.0;0.0
389088;XS2286011528;3041917.808219178;0.0628042200922343;0.7299542762931295;59.52531800801353;-22902.41363743125;;0.0;0.0;XS2286011528;Bond;3019015.394581747;0.0025;0.06232487222082548;0.0;0.7299542762931295;0.0;0.0
389088;XS2297549391;2795804.794520556;2.763381200063032;2.763381200063032;2891.5010752421126;-51745.8783721492;;0.0;0.0;XS2297549391;Bond;2744058.916148407;0.0025;2.756616176022804;0.0;2.763381200063032;0.0;0.0
389088;XS2307437629;4236602.739726027;0.8729901898046221;0.8729901898046222;689.7367388295321;-46086.593788025966;;0.0;0.0;XS2307437629;Bond;4190516.1459380006;0.0025;0.8708253643708249;0.0;0.8729901898046222;0.0;0.0
389088;XS2321520525;4770921.462328768;1.306782179879348;1.306782179879348;1427.736535533517;-77684.74360851184;;0.0;0.0;XS2321520525;Bond;4693236.718720256;0.0025;1.3035699284117301;0.0;1.306782179879348;0.0;0.0
389088;XS2322423539;814037.1506849983;3.519995982084533;3.519995982084532;1317.1772803527588;-17384.511038144436;;0.0;0.0;XS2322423539;Bond;796652.6396468538;0.0025;3.51051990990826;0.0;3.519995982084532;0.0;0.0
389088;XS2356040357;2728858.356164424;3.63340364668385;3.63340364668385;4589.524129707747;-59430.22067854219;;0.0;0.0;XS2356040357;Bond;2669428.135485882;0.0025;3.6243615095185517;0.0;3.63340364668385;0.0;0.0
389088;XS2382950330;4805231.169095892;2.1026970341380795;2.1026970341380795;3116.6582453856527;-125641.17979000407;;0.0;0.0;XS2382950330;Bond;4679589.989305888;0.0025;2.0975354476132666;0.0;2.1026970341380795;0.0;0.0
389088;XS2433361719;2937165.616435868;0.7749552801360496;0.7749552801360494;395.3845540935261;-14750.20431486834;;0.0;0.0;XS2433361719;Bond;2922415.412121;0.0025;0.7730913113353225;0.0;0.7749552801360494;0.0;0.0
389088;XS2463450408;3068019.7010832345;3.1053353127971164;3.1053353127971164;3588.8377003479864;-117902.79903086876;;0.0;0.0;XS2463450408;Bond;2950116.9020523657;0.0025;3.100199154851859;0.0;3.1053353127971164;0.0;0.0
389088;XS2555925218;3234071.9178082244;2.6454096421592794;2.6454096421592794;3164.1271203144656;-57336.35503714413;;0.0;0.0;XS2555925218;Bond;3176735.5627710805;0.0025;2.638445809378151;0.0;2.6454096421592794;0.0;0.0
389088;XS2558978883;2469428.082191785;2.6356876485377527;2.6356876485377527;2400.5675147709267;-81014.00123730158;;0.0;0.0;XS2558978883;Bond;2388414.0809544832;0.0025;2.6287519027128696;0.0;2.6356876485377527;0.0;0.0
389088;XS2580221658;3186020.54794531;2.7308528132583447;2.7308528132583447;3345.6538472976954;-54253.152692611686;;0.0;0.0;XS2580221658;Bond;3131767.395252698;0.0025;2.7232440987128568;0.0;2.7308528132583447;0.0;0.0
389088;XS2582389156;2560597.561644505;3.9443748194143264;3.9443748194143264;5419.71410039785;-174575.26429349364;;0.0;0.0;XS2582389156;Bond;2386022.297351011;0.0025;3.9303555071387852;0.0;3.9443748194143264;0.0;0.0
389088;XS2588884481;3295695.205479499;2.945176398513411;2.945176398513411;3987.4202473200935;-121234.6142826473;;0.0;0.0;XS2588884481;Bond;3174460.591196852;0.0025;2.9366143724672056;0.0;2.945176398513411;0.0;0.0
389088;XS2592804434;3352358.750000016;3.6470487939418583;3.6470487939418583;5411.496833254512;-205453.67871757102;;0.0;0.0;XS2592804434;Bond;3146905.071282445;0.0025;3.6399453162423816;0.0;3.6470487939418583;0.0;0.0
389088;XS2615937187;3174628.3708332577;1.8861463530847116;1.8861463530847111;-29823.19646954476;-38642.73959796823;;0.0;0.0;XS2615937187;Bond;3135985.6312352894;0.0025;2.1298960314390047;0.0;1.8861463530847111;0.0;0.0
389088;XS2619991883;20935902.081369855;1.6698664654353743;1.6698664654353743;9290.41475239019;-146172.6330267347;;0.0;0.0;XS2619991883;Bond;20789729.44834312;0.0025;1.6657437212579314;0.0;1.6698664654353743;0.0;0.0
389088;XS2626699982;2514837.328767124;2.77636091068423;2.77636091068423;2728.5632255847145;-86962.2630744522;;0.0;0.0;XS2626699982;Bond;2427875.065692672;0.0025;2.768506711130183;0.0;2.77636091068423;0.0;0.0
389088;XS2688529135;3098416.6666666665;1.3220156310063067;1.3220156310063067;1039.180901437158;-67154.0148927778;;0.0;0.0;XS2688529135;Bond;3031262.6517738886;0.0025;1.318000170641547;0.0;1.3220156310063067;0.0;0.0
389088;XS2689949399;24806741.449590106;3.041948996089231;3.041948996089232;31575.31037866117;-314843.35131098307;;0.0;0.0;XS2689949399;Bond;24491898.098279122;0.0025;3.0332613304158773;0.0;3.041948996089232;0.0;0.0
389088;XS2745719000;3107157.5342468657;3.4618865163008747;3.4618865163008747;4903.424279955748;-72193.26656003704;;0.0;0.0;XS2745719000;Bond;3034964.2676868285;0.0025;3.452395509257253;0.0;3.4618865163008747;0.0;0.0
389088;XS2747270630;3087642.73972603;2.5958985781922603;2.5958985781922603;2907.965688248201;-49580.907061025915;;0.0;0.0;XS2747270630;Bond;3038061.832665004;0.0025;2.5892001094157377;0.0;2.5958985781922603;0.0;0.0
389088;XS2753547673;3186364.10958905;2.8552549352116907;2.855254935211691;3619.6306821026506;-60511.75245146021;;0.0;0.0;XS2753547673;Bond;3125852.3571375897;0.0025;2.847236756482425;0.0;2.855254935211691;0.0;0.0
389088;XS2774944008;3445798.5733680776;5.195319322495974;5.195319322495974;11323.92871965022;-220215.0431918828;;0.0;0.0;XS2774944008;Bond;3225583.530176195;0.0025;5.180640173355267;0.0;5.195319322495974;0.0;0.0
389088;XS2778270772;3414346.66666675;1.898959424486973;1.898959424486973;1962.126566592684;-106518.6094118765;;0.0;0.0;XS2778270772;Bond;3307828.057254873;0.0025;1.8936077626752126;0.0;1.898959424486973;0.0;0.0
389088;XS2799494633;3223137.4519211184;3.8006299631825486;3.8006299631825486;6404.0387610263;-156663.28096951477;;0.0;0.0;XS2799494633;Bond;3066474.1709516034;0.0025;3.787069534635868;0.0;3.8006299631825486;0.0;0.0
389088;XS2802883731;3105555.000000076;3.7001237458320047;3.7001237458320047;648.0530281294161;-188360.12047729403;;0.0;0.0;XS2802883731;Bond;2917194.879522782;0.0025;3.729134149393097;0.0;3.7001237458320047;0.0;0.0
389088;XS2818300407;2405981.164383572;3.829073511922677;3.829073511922677;4648.0556967783405;-114906.48599464119;;0.0;0.0;XS2818300407;Bond;2291074.678388931;0.0025;3.8174311381473687;0.0;3.829073511922677;0.0;0.0
389088;XS2822575648;3080682.739726087;3.2871180412680023;3.2871180412680023;4444.984567087254;-173501.9948933969;;0.0;0.0;XS2822575648;Bond;2907180.7448326903;0.0025;3.278059479530931;0.0;3.2871180412680023;0.0;0.0
389088;XS2844410287;3198551.5068494524;3.6052026255030976;3.6052026255030976;5550.498538304872;-70503.10583476904;;0.0;0.0;XS2844410287;Bond;3128048.4010146833;0.0025;3.5943134331486615;0.0;3.6052026255030976;0.0;0.0
389088;XS2860457071;1703982.0273978575;3.572102691546412;3.572102691546412;2918.394672479681;-40507.51296295777;;0.0;0.0;XS2860457071;Bond;1663474.5144348997;0.0025;3.5611852107906032;0.0;3.572102691546412;0.0;0.0
389088;XS2890435865;2674855.0152831585;1.3694480686864416;1.3694480686864416;865.123053195305;-24693.156215506966;;0.0;0.0;XS2890435865;Bond;2650161.8590676514;0.0025;1.3660508382950118;0.0;1.3694480686864416;0.0;0.0
389088;XS2905432584;2639861.027397213;3.065865170956572;3.0658651709565725;3400.616893633964;-54956.09231397127;;0.0;0.0;XS2905432584;Bond;2584904.9350832417;0.0025;3.057159487298171;0.0;3.0658651709565725;0.0;0.0
389088;XS2980761956;1578535.4143646422;7.171304490279697;7.171304490279697;10243.90814115544;-139818.51033726303;;0.0;0.0;XS2980761956;Bond;1438716.9040273791;0.0025;7.137635969813939;0.0;7.171304490279697;0.0;0.0
400804;AT0000A1ZGE4;19172027.397260454;2.8065145947626227;2.8065145947626227;20430.959524232607;-220327.22524430105;;0.0;0.0;AT0000A1ZGE4;Bond;18951700.17201615;0.0025;2.7995642789530755;0.0;2.8065145947626227;0.0;0.0
400804;AT0000A2U543;2826030.821917864;2.5161634480992303;2.5161634480992303;2488.990926696824;-88187.64035060021;;0.0;0.0;AT0000A2U543;Bond;2737843.181567264;0.0025;2.5099727103314096;0.0;2.5161634480992303;0.0;0.0
400804;AT0000A2WSC8;17607232.87700308;6.5076232560161245;6.5076232560161245;87101.72836467443;-471434.5867861051;;0.0;0.0;AT0000A2WSC8;Bond;17135798.290216975;0.0025;6.48982293576274;0.0;6.5076232560161245;0.0;0.0
400804;AT0000A2Y8G4;11245705.479400972;17.757605166652827;17.757605166652827;444381.02166233433;-820397.8161803375;;0.0;0.0;AT0000A2Y8G4;Bond;10425307.663220635;0.0025;17.55804602577771;0.0;17.757605166652827;0.0;0.0
400804;AT0000A32HA3;3077598.493150685;1.7523454120628057;1.7523454120628057;1479.8294389883906;-36069.72906550059;;0.0;0.0;AT0000A32HA3;Bond;3041528.7640851843;0.0025;1.7480012227065864;0.0;1.7523454120628057;0.0;0.0
400804;AT0000A32RP0;3045628.7671137527;0.8572250506334776;0.8572250506334776;477.4935913006726;-17464.38632758653;;0.0;0.0;AT0000A32RP0;Bond;3028164.380786166;0.0025;0.855142638314619;0.0;0.8572250506334776;0.0;0.0
400804;AT0000A33SH3;20841780.82192189;3.781629032420545;3.781629032420545;38978.07268448711;-323175.4565728531;;0.0;0.0;AT0000A33SH3;Bond;20518605.365349036;0.0025;3.770626098628237;0.0;3.781629032420545;0.0;0.0
400804;AT0000A39UW5;9927286.301369863;7.702826476673337;7.702826476673336;70639.23769253904;-314764.5240029552;;0.0;0.0;AT0000A39UW5;Bond;9612521.777366908;0.0025;7.673268706075064;0.0;7.702826476673336;0.0;0.0
400804;AT0000A3D3Q8;15105242.083988313;10.983407858428128;10.983407858428128;228061.1561267241;-682124.0558762637;;0.0;0.0;AT0000A3D3Q8;Bond;14423118.028112048;0.0025;10.907542319327794;0.0;10.983407858428128;0.0;0.0
400804;AT0000A3EPP2;15214469.503713686;4.201802106203335;4.201802106203335;34118.4633212608;-262491.302783483;;0.0;0.0;AT0000A3EPP2;Bond;14951978.200930202;0.0025;4.189877433150466;0.0;4.201802106203335;0.0;0.0
400804;AT0000A3HGD0;2956551.369877332;5.941839469385297;5.941839469385297;12794.752351003928;-118235.4661674616;;0.0;0.0;AT0000A3HGD0;Bond;2838315.9037098703;0.0025;5.9219132737663776;0.0;5.941839469385297;0.0;0.0
400804;AT0000A3HU25;19807833.445617184;8.415107793338063;8.415107793338063;168409.20296036478;-686186.8541929793;;0.0;0.0;AT0000A3HU25;Bond;19121646.591424204;0.0025;8.379589101097412;0.0;8.415107793338063;0.0;0.0
400804;AT000B122080;2943455.342465754;0.9507318269784482;0.9507318269784484;538.0746115335456;-18713.11814299119;;0.0;0.0;AT000B122080;Bond;2924742.224322763;0.0025;0.948421461280835;0.0;0.9507318269784484;0.0;0.0
400804;AT000B122155;3110136.5753424647;1.8576746857900204;1.85767468579002;1647.273843996546;-38649.00146931195;;0.0;0.0;AT000B122155;Bond;3071487.573873153;0.0025;1.8530609042127113;0.0;1.85767468579002;0.0;0.0
400804;BE0000346552;8890465.754228989;7.367802948964433;7.367802948964433;56723.87636781007;-269808.1513762045;;0.0;0.0;BE0000346552;Bond;8620657.602852784;0.0025;7.344006643643631;0.0;7.367802948964433;0.0;0.0
400804;BE0000351602;18918000.00000007;2.5066248756067626;2.5066248756067617;16526.68151220402;-193844.71232876787;;0.0;0.0;BE0000351602;Bond;18724155.2876713;0.0025;2.5004929063385086;0.0;2.5066248756067617;0.0;0.0
400804;BE0000352618;12501000.000185575;6.3819099378240365;6.381909937824038;58674.53633044331;-328245.4356213112;;0.0;0.0;BE0000352618;Bond;12172754.564564263;0.0025;6.366392188475974;0.0;6.381909937824038;0.0;0.0
400804;BE0000355645;5843164.383452243;20.38928440288064;20.389284402880637;306004.7309050823;-489793.2817446144;;0.0;0.0;BE0000355645;Bond;5353371.101707629;0.0025;20.119349348384233;0.0;20.389284402880637;0.0;0.0
400804;BE0000356650;14088636.986301342;11.013738128831047;11.013738128831047;211711.2143595888;-638247.1603317834;;0.0;0.0;BE0000356650;Bond;13450389.825969558;0.0025;10.941316950615706;0.0;11.013738128831047;0.0;0.0
400804;BE0000358672;9112958.904100573;17.299640486825794;17.29964048682579;384065.49999168667;-643690.9860705987;;0.0;0.0;BE0000358672;Bond;8469267.918029973;0.0025;16.99420980905064;0.0;17.29964048682579;0.0;0.0
400804;BE0000360694;14741897.260273974;8.119554607000934;8.119554607000934;117454.59356775269;-493252.6576446106;;0.0;0.0;BE0000360694;Bond;14248644.602629364;0.0025;8.08518752227504;0.0;8.119554607000934;0.0;0.0
400804;BE0000361700;9407410.958899092;17.34702710519937;17.34702710519937;404720.492918985;-666318.3544497897;;0.0;0.0;BE0000361700;Bond;8741092.604449302;0.0025;17.023789141714612;0.0;17.34702710519937;0.0;0.0
400804;BE0000362716;20384712.328775443;4.2007372545461354;4.2007372545461354;45692.58065247528;-351292.9115644763;;0.0;0.0;BE0000362716;Bond;20033419.417210966;0.0025;4.188814934140796;0.0;4.2007372545461354;0.0;0.0
400804;BE0002251206;2055539.4520547949;1.0493128055285983;1.0493128055285983;441.17574482527294;-26692.192771046;;0.0;0.0;BE0002251206;Bond;2028847.259283749;0.0025;1.0466997559520705;0.0;1.0493128055285983;0.0;0.0
400804;BE0002256254;2948592.328767124;1.2629452871701763;1.2629452871701763;835.0045055394163;-22990.21360943644;;0.0;0.0;BE0002256254;Bond;2925602.1151576876;0.0025;1.2598531765352579;0.0;1.2629452871701763;0.0;0.0
400804;BE0002601798;1983493.698630137;1.234361967739001;1.234361967739001;543.0863962792547;-14691.491669052168;;0.0;0.0;BE0002601798;Bond;1968802.2069610846;0.0025;1.231326018031994;0.0;1.234361967739001;0.0;0.0
400804;BE0002755362;2533575.2055195654;5.451525002813852;5.451525002813851;8902.713628035208;-82655.44505959415;;0.0;0.0;BE0002755362;Bond;2450919.760459971;0.0025;5.437975475662691;0.0;5.451525002813851;0.0;0.0
400804;BE0002819002;2889606.1643835665;1.6321353221608714;1.6321353221608716;1229.3003948116186;-58301.452481169756;;0.0;0.0;BE0002819002;Bond;2831304.7119023968;0.0025;1.6281594506143435;0.0;1.6321353221608716;0.0;0.0
400804;BE0002831122;2510143.9727566848;6.289823356154599;6.2898233561545975;11601.91366848704;-94408.8835582216;;0.0;0.0;BE0002831122;Bond;2415735.089198463;0.0025;6.273177769660296;0.0;6.2898233561545975;0.0;0.0
400804;BE0002900810;3117277.3972602747;1.563098030579992;1.563098030579992;1246.9712795670775;-32583.012710032875;;0.0;0.0;BE0002900810;Bond;3084694.3845502418;0.0025;1.5592057354522102;0.0;1.563098030579992;0.0;0.0
400804;BE0002914951;3237482.8767126976;2.7046870942961414;2.7046870942961414;3378.9038700331294;-109043.80399086155;;0.0;0.0;BE0002914951;Bond;3128439.072721836;0.0025;2.6968833652128428;0.0;2.7046870942961414;0.0;0.0
400804;BE0002990712;3233363.01387794;4.248782157774905;4.248782157774905;7738.2053436029055;-171240.3146403727;;0.0;0.0;BE0002990712;Bond;3062122.6992375674;0.0025;4.23408159694104;0.0;4.248782157774905;0.0;0.0
400804;BE0390128917;2090045.4794520547;7.202555978548033;7.202555978548034;13703.783454696986;-92534.46104832439;;0.0;0.0;BE0390128917;Bond;1997511.0184037304;0.0025;7.168330722309767;0.0;7.202555978548034;0.0;0.0
400804;BE0390130939;3286746.575342419;4.20575821885076;4.20575821885076;7774.975416819181;-173078.70525677985;;0.0;0.0;BE0390130939;Bond;3113667.8700856394;0.0025;4.19084038264138;0.0;4.20575821885076;0.0;0.0
400804;BE0974365976;4871044.520547945;1.1739954115275562;1.1739954115275562;1229.275903291693;-38219.95974706671;;0.0;0.0;BE0974365976;Bond;4832824.560800878;0.0025;1.171131976523518;0.0;1.1739954115275562;0.0;0.0
400804;BE6277215545;3075000.0000000005;2.0758499453534207;2.0758499453534207;1986.795015174181;-79296.76746494771;;0.0;0.0;BE6277215545;Bond;2995703.2325350526;0.0025;2.070470022841064;0.0;2.0758499453534207;0.0;0.0
400804;BE6328904428;2575047.9452035087;5.433822357864249;5.433822357864249;9214.524909763084;-175256.17878080014;;0.0;0.0;BE6328904428;Bond;2399791.7664227085;0.0025;5.4181786802107474;0.0;5.433822357864249;0.0;0.0
400804;BE6334364708;2975126.7123287544;2.9243976485143848;4.4623148288595305;2678.41025358706;-152895.48349869993;;0.0;0.0;BE6334364708;Bond;2822231.2288300544;0.0025;2.923271211954673;0.0;4.4623148288595305;0.0;0.0
400804;BE6340794013;3276801.36986303;2.670960095376933;2.6709600953769335;3358.5575587303124;-109048.13043394953;;0.0;0.0;BE6340794013;Bond;3167753.2394290804;0.0025;2.6631714149951913;0.0;2.6709600953769335;0.0;0.0
400804;BE6344187966;3184410.0000000647;2.90311926556617;2.90311926556617;3719.984160713672;-61854.75953087585;;0.0;0.0;BE6344187966;Bond;3122555.240469189;0.0025;2.89498486154413;0.0;2.90311926556617;0.0;0.0
400804;BE6349118800;2985518.219178082;8.56157690758309;8.56157690758309;26947.56173554637;-157446.8660077165;;0.0;0.0;BE6349118800;Bond;2828071.3531703656;0.0025;8.51917610861313;0.0;8.56157690758309;0.0;0.0
400804;BE6350792089;3135517.3972705654;5.394732702837233;5.394732702837233;11535.8569376406;-103799.30647550209;;0.0;0.0;BE6350792089;Bond;3031718.0907950634;0.0025;5.375513255450108;0.0;5.394732702837233;0.0;0.0
400804;BE6352762387;3152967.945213495;4.559508695964296;4.559508695964296;8419.405506131832;-96376.30178924299;;0.0;0.0;BE6352762387;Bond;3056591.643424252;0.0025;4.5447237157175415;0.0;4.559508695964296;0.0;0.0
400804;CH1142231682;2959391.0958452355;0.5786116463224997;0.5786116463224997;265.72960497953187;-11436.222303259467;;0.0;0.0;CH1142231682;Bond;2947954.873541976;0.0025;0.5772038252560797;0.0;0.5786116463224997;0.0;0.0
400804;CSH_EUR_DB;-3568360.84;0.0;0.0;0.0;0.0;;0.0;0.0;;Cash;-3568360.84;0.0;0.0;0.0;0.0;0.0;0.0
400804;DE0001030724;7044149.999308745;24.630643039359008;24.630643039359008;444187.47648811;-715454.0514366406;;0.0;0.0;DE0001030724;Bond;6328695.947872105;0.0025;24.570873474565236;0.0;24.630643039359008;0.0;0.0
400804;DE0001030732;17183000.00027625;6.225324101704247;6.225324101704247;77037.39732924249;-438378.3452125272;;0.0;0.0;DE0001030732;Bond;16744621.655063722;0.0025;6.21012701045748;0.0;6.225324101704247;0.0;0.0
400804;DE0001030757;7732538.355870386;20.485669962654857;20.485669962654853;408670.8577496789;-648847.0520415499;;0.0;0.0;DE0001030757;Bond;7083691.3038288355;0.0025;20.21355658379697;0.0;20.485669962654853;0.0;0.0
400804;DE0001102440;9578027.397260366;2.80675678180068;2.806756781800679;10203.16401370754;-109732.87136225132;;0.0;0.0;DE0001102440;Bond;9468294.525898114;0.0025;2.799819796299054;0.0;2.806756781800679;0.0;0.0
400804;DE0001102622;20012093.150695648;4.3269858188394394;4.3269858188394394;47027.8789688446;-354383.16605450877;;0.0;0.0;DE0001102622;Bond;19657709.98464114;0.0025;4.315043509041798;0.0;4.3269858188394394;0.0;0.0
400804;DE0001135069;11075734.246575383;2.562244971707022;2.562244971707022;10292.569641035529;-115876.8265966705;;0.0;0.0;DE0001135069;Bond;10959857.419978714;0.0025;2.5554254686737408;0.0;2.562244971707022;0.0;0.0
400804;DE0001135143;23824120.54795508;4.16460413708173;4.16460413708173;53910.59159090009;-406050.7047829527;;0.0;0.0;DE0001135143;Bond;23418069.84317213;0.0025;4.151392516814878;0.0;4.16460413708173;0.0;0.0
400804;DE0001135325;17692025.342465747;10.620934986037488;10.620934986037488;254830.00566373105;-769730.5917928538;;0.0;0.0;DE0001135325;Bond;16922294.75067289;0.0025;10.542854011745558;0.0;10.620934986037488;0.0;0.0
400804;DE0001135481;14091047.260272956;14.586968850405492;14.586968850405492;372388.255804122;-842603.5913977481;;0.0;0.0;DE0001135481;Bond;13248443.668875208;0.0025;14.458235638435118;0.0;14.586968850405492;0.0;0.0
400804;DE000A14J9N8;5069465.342464449;0.260256978776477;0.260256978776477;162.2265100031133;-16333.400665036139;;0.0;0.0;DE000A14J9N8;Bond;5053131.9417994125;0.0025;0.2596262951667137;0.0;0.260256978776477;0.0;0.0
400804;DE000A254TM8;2802621.4520603903;4.766754203054462;4.766754203054462;7938.2994378713;-166490.35341598507;;0.0;0.0;DE000A254TM8;Bond;2636131.098644405;0.0025;4.75274768952279;0.0;4.766754203054462;0.0;0.0
400804;DE000A289N78;2883339.041095888;1.855040496857007;1.855040496857007;1519.205478084372;-66675.87528867582;;0.0;0.0;DE000A289N78;Bond;2816663.165807212;0.0025;1.850471159211807;0.0;1.855040496857007;0.0;0.0
400804;DE000A2DAHN6;3060762.9041095925;2.1585075146556534;2.1585075146556534;2109.594872123931;-81829.22697684549;;0.0;0.0;DE000A2DAHN6;Bond;2978933.677132747;0.0025;2.1529244450965277;0.0;2.1585075146556534;0.0;0.0
400804;DE000A2YNZX6;1792375.8904125015;4.637083332190604;4.637083332190604;4699.508466825143;-51440.308526193956;;0.0;0.0;DE000A2YNZX6;Bond;1740935.5818863076;0.0025;4.625291097153063;0.0;4.637083332190604;0.0;0.0
400804;DE000A30VTT8;3178706.30136993;3.079024788608466;3.079024788608466;4115.093119594972;-121660.3562564103;;0.0;0.0;DE000A30VTT8;Bond;3057045.9451135197;0.0025;3.070361245078126;0.0;3.079024788608466;0.0;0.0
400804;DE000A3823H4;3140646.986301369;7.631761654129321;7.631761654129321;23060.077667391724;-287814.83241515234;;0.0;0.0;DE000A3823H4;Bond;2852832.1538862167;0.0025;7.593809596733545;0.0;7.631761654129321;0.0;0.0
400804;DE000A382988;3031768.7671278985;5.009993759747102;5.0099937597471005;9500.792512732183;-94096.9820024819;;0.0;0.0;DE000A382988;Bond;2937671.7851254167;0.0025;4.99440020948292;0.0;5.0099937597471005;0.0;0.0
400804;DE000A3MQQV5;2873691.780821882;2.9915643579735653;2.9915643579735653;3470.9346696803864;-107290.15468763176;;0.0;0.0;DE000A3MQQV5;Bond;2766401.6261342503;0.0025;2.9837422205680446;0.0;2.9915643579735653;0.0;0.0
400804;DE000A4DE9Y3;2976910.2739740848;4.395486904036344;4.395486904036344;7253.587194284574;-88168.63042919253;;0.0;0.0;DE000A4DE9Y3;Bond;2888741.6435448923;0.0025;4.38287226692791;0.0;4.395486904036344;0.0;0.0
400804;DE000BLB6JJ0;1842775.6164383576;2.7774800981730454;2.7774800981730454;1919.4701139649237;-34279.01877143304;;0.0;0.0;DE000BLB6JJ0;Bond;1808496.5976669246;0.0025;2.7707256121526695;0.0;2.7774800981730454;0.0;0.0
400804;DE000BU25034;20555766.79393015;4.179760589999644;4.179760589999644;45756.25789373311;-351599.1587323389;;0.0;0.0;DE000BU25034;Bond;20204167.63519781;0.0025;4.167787655504294;0.0;4.179760589999644;0.0;0.0
400804;DE000BU2Z049;19718654.3004716;8.584389429197817;8.584389429197817;172600.4650022773;-694730.509698051;;0.0;0.0;DE000BU2Z049;Bond;19023923.79077355;0.0025;8.549789873988786;0.0;8.584389429197817;0.0;0.0
400804;DE000BU3Z005;9834226.027912272;7.087781503541631;7.087781503541631;58742.3535622186;-285947.42905643577;;0.0;0.0;DE000BU3Z005;Bond;9548278.598855836;0.0025;7.064041710141554;0.0;7.087781503541631;0.0;0.0
400804;DE000CZ45Y55;2957002.6027868986;5.656040283574528;5.656040283574528;11756.613942564609;-209127.9904480545;;0.0;0.0;DE000CZ45Y55;Bond;2747874.612338844;0.0025;5.636620884760696;0.0;5.656040283574528;0.0;0.0
400804;DE000CZ45ZA0;3000233.835618656;5.096571199501386;5.096571199501386;9718.109717313586;-103067.3968261024;;0.0;0.0;DE000CZ45ZA0;Bond;2897166.4387925537;0.0025;5.080530858677979;0.0;5.096571199501386;0.0;0.0
400804;DE000DL19WL7;2938047.9452054803;1.8259478812382832;1.825947881238283;1504.909297178614;-35955.39125551119;;0.0;0.0;DE000DL19WL7;Bond;2902092.5539499694;0.0025;1.8214777453414448;0.0;1.825947881238283;0.0;0.0
400804;DE000LB2CLH7;1947134.2465753427;1.2911277870492823;1.2911277870492823;570.2756666892127;-16769.054395707877;;0.0;0.0;DE000LB2CLH7;Bond;1930365.192179635;0.0025;1.2879733274418734;0.0;1.2911277870492823;0.0;0.0
400804;ES0000012A89;19731420.802739795;2.4902821276400497;2.4902821276400497;17176.34716681021;-200929.78339274396;;0.0;0.0;ES0000012A89;Bond;19530491.019347053;0.0025;2.484023206157405;0.0;2.4902821276400497;0.0;0.0
400804;ES0000012F43;13761782.876719708;4.409293421762556;4.409293421762556;32913.62277725965;-249137.69872503914;;0.0;0.0;ES0000012F43;Bond;13512645.177994668;0.0025;4.398106380156868;0.0;4.409293421762556;0.0;0.0
400804;ES0000012G00;7976654.793906366;20.290952132440964;20.290952132440964;389741.740683996;-666062.8398097568;;0.0;0.0;ES0000012G00;Bond;7310591.95409661;0.0025;20.098751495915142;0.0;20.290952132440964;0.0;0.0
400804;ES0000012G26;9738879.452054806;2.257591014194817;2.257591014194817;7152.291725543764;-89878.81304424835;;0.0;0.0;ES0000012G26;Bond;9649000.639010558;0.0025;2.251972656591629;0.0;2.257591014194817;0.0;0.0
400804;ES0000012H41;8509578.082268497;5.892650772562215;5.892650772562214;34507.86750822686;-206313.17422712914;;0.0;0.0;ES0000012H41;Bond;8303264.908041368;0.0025;5.8780796151914485;0.0;5.892650772562214;0.0;0.0
400804;ES0000012I08;18752800.000000127;2.774691841239094;2.774691841239094;19524.234673465853;-212908.5019178097;;0.0;0.0;ES0000012I08;Bond;18539891.498082317;0.0025;2.767910702287351;0.0;2.774691841239094;0.0;0.0
400804;ES0000012I32;12902077.39747808;6.289477964116632;6.289477964116632;59521.3650210812;-334068.3544492422;;0.0;0.0;ES0000012I32;Bond;12568009.043028837;0.0025;6.273038887216567;0.0;6.289477964116632;0.0;0.0
400804;ES0000012J07;9779773.97260198;14.84373301994437;14.84373301994437;247477.34138628503;-600263.9820892246;;0.0;0.0;ES0000012J07;Bond;9179509.990512755;0.0025;14.761948633274613;0.0;14.84373301994437;0.0;0.0
400804;ES0000012K46;9815254.109389693;18.97488832097246;18.974888320972457;456790.8138649089;-760835.9606771197;;0.0;0.0;ES0000012K46;Bond;9054418.148712574;0.0025;18.711532591823445;0.0;18.974888320972457;0.0;0.0
400804;ES0000012K53;14012069.178086188;4.1427382984828895;4.1427382984828895;30032.69180013892;-238263.5575528317;;0.0;0.0;ES0000012K53;Bond;13773805.620533356;0.0025;4.132060386804808;0.0;4.1427382984828895;0.0;0.0
400804;ES0000012L60;20922424.65753424;10.61358816220832;10.61358816220832;300792.2320063716;-913310.4237940391;;0.0;0.0;ES0000012L60;Bond;20009114.233740203;0.0025;10.535795108778672;0.0;10.61358816220832;0.0;0.0
400804;ES0000012M85;20576575.34246576;7.535838235500026;7.535838235500024;144937.21591788944;-639077.0347342186;;0.0;0.0;ES0000012M85;Bond;19937498.30773154;0.0025;7.501715459834807;0.0;7.535838235500024;0.0;0.0
400804;ES0000012N35;20497852.054794524;7.956635269934285;7.956635269934288;158991.1238663795;-672138.0547376854;;0.0;0.0;ES0000012N35;Bond;19825714.000056837;0.0025;7.920993449841463;0.0;7.956635269934288;0.0;0.0
400804;ES0000012N43;15499099.315160148;5.575186490007742;5.575186490007742;59890.061910116085;-355408.7604342395;;0.0;0.0;ES0000012N43;Bond;15143690.554725908;0.0025;5.556290763510178;0.0;5.575186490007742;0.0;0.0
400804;ES0000012O00;20135687.67124491;4.464568092660175;4.464568092660175;50246.99381020686;-369188.8405451323;;0.0;0.0;ES0000012O00;Bond;19766498.83069978;0.0025;4.452013518160132;0.0;4.464568092660175;0.0;0.0
400804;ES0000101966;4858392.191780829;2.2537437994700174;2.2537437994700174;3556.9388989745453;-44820.745487577005;;0.0;0.0;ES0000101966;Bond;4813571.446293252;0.0025;2.248139136349993;0.0;2.2537437994700174;0.0;0.0
400804;ES0213679OP3;3267236.301372232;4.65666319373255;4.656663193732551;9147.219055893343;-102373.69814205532;;0.0;0.0;ES0213679OP3;Bond;3164862.6032301765;0.0025;4.640882451580496;0.0;4.656663193732551;0.0;0.0
400804;ES0224244105;2963778.082193076;4.452866928363629;4.452866928363629;7526.873847585062;-164521.69097925417;;0.0;0.0;ES0224244105;Bond;2799256.391213822;0.0025;4.438946456398153;0.0;4.452866928363629;0.0;0.0
400804;ES0413679525;2075855.726027428;2.9122982874545573;2.9122982874545573;2423.6349860412306;-40363.572421922676;;0.0;0.0;ES0413679525;Bond;2035492.1536055054;0.0025;2.9043136064575634;0.0;2.9122982874545573;0.0;0.0
400804;ES0413860596;1961678.6024657544;1.9926294858881255;1.9926294858881255;1169.8352064826345;-26024.918630809363;;0.0;0.0;ES0413860596;Bond;1935653.683834945;0.0025;1.9876473172976992;0.0;1.9926294858881255;0.0;0.0
400804;EU000A2SCAE8;5116821.232876759;2.826323107061527;2.826323107061527;5647.979284274345;-59268.817043447714;;0.0;0.0;EU000A2SCAE8;Bond;5057552.415833311;0.0025;2.818698206441956;0.0;2.826323107061527;0.0;0.0
400804;EU000A2SCAN9;4944466.438356164;7.686606375597705;7.686606375597709;35041.06800277129;-156500.61052865753;;0.0;0.0;EU000A2SCAN9;Bond;4787965.827827507;0.0025;7.657143018294126;0.0;7.686606375597709;0.0;0.0
400804;EU000A3K4C42;7169927.397260272;11.154890709398693;11.154890709398693;98595.08690868686;-206609.14870197434;;0.0;0.0;EU000A3K4C42;Bond;6963318.248558298;0.0025;11.122189741505755;0.0;11.154890709398693;0.0;0.0
400804;EU000A3K4D41;5155905.479452054;7.71856522798353;7.71856522798353;37834.852828474286;-102451.13378733589;;0.0;0.0;EU000A3K4D41;Bond;5053454.345664718;0.0025;7.684051882566764;0.0;7.71856522798353;0.0;0.0
400804;EU000A3K4DG1;4106421.3698626375;15.036075672117146;15.036075672117146;107400.75234493402;-159225.567233553;;0.0;0.0;EU000A3K4DG1;Bond;3947195.8026290843;0.0025;14.947426030209664;0.0;15.036075672117146;0.0;0.0
400804;EU000A3K4DM9;4968332.876707492;16.13554725214121;16.135547252141208;164878.36681273545;-204943.28226165808;;0.0;0.0;EU000A3K4DM9;Bond;4763389.594445834;0.0025;15.956790628326491;0.0;16.135547252141208;0.0;0.0
400804;EU000A3K4DW8;4935819.178252796;6.923898599559855;6.923898599559855;28440.34268188408;-87940.21955943231;;0.0;0.0;EU000A3K4DW8;Bond;4847878.958693364;0.0025;6.899698756298529;0.0;6.923898599559855;0.0;0.0
400804;EU000A3K4DY4;4268545.890396304;17.747751388637106;17.747751388637106;180481.7699452158;-192889.4788491484;;0.0;0.0;EU000A3K4DY4;Bond;4075656.411547156;0.0025;17.47816328429573;0.0;17.747751388637106;0.0;0.0
400804;EU000A3K4ES4;4964032.1917808205;8.190514772072348;8.190514772072348;40246.20710027062;-104695.05230484021;;0.0;0.0;EU000A3K4ES4;Bond;4859337.13947598;0.0025;8.155537010672148;0.0;8.190514772072348;0.0;0.0
400804;EU000A3K4EU0;5467183.561638631;16.28433799023422;16.28433799023422;192053.06863483333;-226864.94569011565;;0.0;0.0;EU000A3K4EU0;Bond;5240318.615948515;0.0025;16.069078715352955;0.0;16.28433799023422;0.0;0.0
400804;EU000A3K4EY2;4605482.191771241;17.54180843440016;17.54180843440016;198034.8754978199;-205356.0793220131;;0.0;0.0;EU000A3K4EY2;Bond;4400126.112449228;0.0025;17.23610070382815;0.0;17.54180843440016;0.0;0.0
400804;EU000A3KSXE1;4206200.000040046;6.089761037845133;6.089761037845133;18090.480302829343;-65858.72054857222;;0.0;0.0;EU000A3KSXE1;Bond;4140341.279491474;0.0025;6.074951305212444;0.0;6.089761037845133;0.0;0.0
400804;EU000A3LS460;4939376.712328767;7.6534956194724035;7.6534956194724035;34677.827109844584;-97230.33042037701;;0.0;0.0;EU000A3LS460;Bond;4842146.381908391;0.0025;7.624418385711254;0.0;7.6534956194724035;0.0;0.0
400804;FI4000278551;9624086.30136988;2.392329873644467;2.392329873644468;7784.31942239005;-94121.6889678285;;0.0;0.0;FI4000278551;Bond;9529964.612402052;0.0025;2.3864170481510882;0.0;2.392329873644468;0.0;0.0
400804;FI4000369467;18394772.602749307;4.300818568156293;4.300818568156293;42017.15970710806;-324898.8274784876;;0.0;0.0;FI4000369467;Bond;18069873.77527082;0.0025;4.289956413507668;0.0;4.300818568156293;0.0;0.0
400804;FI4000507231;8462946.575464725;6.2578026319721545;6.2578026319721545;38396.742863543994;-217783.63603449462;;0.0;0.0;FI4000507231;Bond;8245162.939430231;0.0025;6.242276819948417;0.0;6.2578026319721545;0.0;0.0
400804;FI4000571104;10091717.808219178;7.994434371085787;7.994434371085785;78413.3475927511;-332107.7418804267;;0.0;0.0;FI4000571104;Bond;9759610.066338751;0.0025;7.959960088722367;0.0;7.994434371085785;0.0;0.0
400804;FI4000586284;9621379.45205417;14.380155719034246;14.380155719034246;252628.22239690385;-567343.9801009877;;0.0;0.0;FI4000586284;Bond;9054035.471953183;0.0025;14.240703793222847;0.0;14.380155719034246;0.0;0.0
400804;FR0011225143;2057816.1643835625;1.8943814127966812;1.8943814127966816;1125.6019361027868;-24008.164859317447;;0.0;0.0;FR0011225143;Bond;2033807.999524245;0.0025;1.8896784007070346;0.0;1.8943814127966816;0.0;0.0
400804;FR0011317783;15352931.50684936;2.4355138241393783;2.4355138241393783;12947.713301518404;-172100.3801602005;;0.0;0.0;FR0011317783;Bond;15180831.126689158;0.0025;2.4292596886296978;0.0;2.4355138241393783;0.0;0.0
400804;FR0011858323;5109441.780821919;1.0180920174763717;1.0180920174763717;1048.629316713345;-23970.88909848734;;0.0;0.0;FR0011858323;Bond;5085470.891723432;0.0025;1.0155524549561952;0.0;1.0180920174763717;0.0;0.0
400804;FR0011949403;2068730.1369862908;0.1731552942131187;0.1731552942131188;40.505012677271914;-4488.861009570252;;0.0;0.0;FR0011949403;Bond;2064241.2759767205;0.0025;0.17274075984504114;0.0;0.1731552942131188;0.0;0.0
400804;FR0012685691;4847780.8219178105;1.9949685220155444;1.9949685220155444;2887.9743652066413;-44586.7780600821;;0.0;0.0;FR0012685691;Bond;4803194.043857728;0.0025;1.9900249901186078;0.0;1.9949685220155444;0.0;0.0
400804;FR0012993103;14028595.890513454;5.666659509767404;5.666659509767404;54501.99924745673;-368230.37569107895;;0.0;0.0;FR0012993103;Bond;13660365.514822375;0.0025;5.649810473392097;0.0;5.666659509767404;0.0;0.0
400804;FR0013066388;3172489.726027402;1.9996979405215347;1.9996979405215347;1939.277998186388;-78776.64470479415;;0.0;0.0;FR0013066388;Bond;3093713.081322608;0.0025;1.9944129321449569;0.0;1.9996979405215347;0.0;0.0
400804;FR0013067196;3054236.301098591;1.1201256314110193;1.1201256314110193;721.7247465120862;-42510.079816754675;;0.0;0.0;FR0013067196;Bond;3011726.2212818367;0.0025;1.1173547637037275;0.0;1.1201256314110193;0.0;0.0
400804;FR0013152899;1958431.5068493143;1.503092916645847;1.503092916645847;731.006849580672;-17689.51072113696;;0.0;0.0;FR0013152899;Bond;1940741.9961281773;0.0025;1.4994096029015758;0.0;1.503092916645847;0.0;0.0
400804;FR0013155009;2054934.2465753427;1.0039371017800296;1.0039371017800296;413.0184105832768;-25456.83336972915;;0.0;0.0;FR0013155009;Bond;2029477.4132056136;0.0025;1.0014321103927566;0.0;1.0039371017800296;0.0;0.0
400804;FR0013173028;2062398.9041095888;1.106709684843583;1.106709684843583;480.3996267455087;-28179.033716789585;;0.0;0.0;FR0013173028;Bond;2034219.8703927991;0.0025;1.1039483894446411;0.0;1.106709684843583;0.0;0.0
400804;FR0013201431;2005387.6712328768;1.3927214817258788;1.3927214817258788;664.6729389103713;-34568.49983556784;;0.0;0.0;FR0013201431;Bond;1970819.171397309;0.0025;1.3892845741690134;0.0;1.3927214817258788;0.0;0.0
400804;FR0013234333;16061534.246575251;11.845821393183645;11.845821393183645;267433.7550336223;-883512.0707734929;;0.0;0.0;FR0013234333;Bond;15178022.175801758;0.0025;11.78036576915689;0.0;11.845821393183645;0.0;0.0
400804;FR0013245867;2891983.1506849728;2.857817308778231;2.857817308778231;3186.375914726124;-49563.38556757825;;0.0;0.0;FR0013245867;Bond;2842419.7651173947;0.0025;2.8506902043379587;0.0;2.857817308778231;0.0;0.0
400804;FR0013254273;1945981.6438356168;2.023969349690203;2.023969349690203;1188.709097821338;-26221.10055688565;;0.0;0.0;FR0013254273;Bond;1919760.5432787312;0.0025;2.018939149722838;0.0;2.023969349690203;0.0;0.0
400804;FR0013298676;1947321.095890415;2.533510606687769;2.53351060668777;1744.1122477707372;-29584.05019404929;;0.0;0.0;FR0013298676;Bond;1917737.0456963656;0.0025;2.5271661223126105;0.0;2.53351060668777;0.0;0.0
400804;FR0013312154;2923160.9589041094;2.6556344395941096;2.6556344395941096;2843.2750520668387;-96828.92084305815;;0.0;0.0;FR0013312154;Bond;2826332.038061051;0.0025;2.6489486403737166;0.0;2.6556344395941096;0.0;0.0
400804;FR0013313582;16974328.767123293;8.269323222031849;8.269323222031849;135325.14391287713;-652271.6745501512;;0.0;0.0;FR0013313582;Bond;16322057.092573142;0.0025;8.240968953488162;0.0;8.269323222031849;0.0;0.0
400804;FR0013330099;2925222.328767126;2.8641457299364315;2.8641457299364315;3273.6448488905075;-50251.53823687539;;0.0;0.0;FR0013330099;Bond;2874970.7905302504;0.0025;2.856676312922573;0.0;2.8641457299364315;0.0;0.0
400804;FR0013343175;1734557.260404008;7.443478614189272;7.443478614189272;11307.845833878317;-60061.15550457554;;0.0;0.0;FR0013343175;Bond;1674496.1048994325;0.0025;7.419013199876483;0.0;7.443478614189272;0.0;0.0
400804;FR0013381704;3006821.9178125807;0.6202416504699017;0.6202416504699017;296.10144336345445;-23131.93409648693;;0.0;0.0;FR0013381704;Bond;2983689.983716094;0.0025;0.6187414860286331;0.0;0.6202416504699017;0.0;0.0
400804;FR0013384567;2869070.547945556;3.4813449913429535;3.4813449913429535;4502.044457262242;-61678.88121733104;;0.0;0.0;FR0013384567;Bond;2807391.666728225;0.0025;3.472415279196607;0.0;3.4813449913429535;0.0;0.0
400804;FR0013403433;1930495.8904109595;1.840561829993098;1.840561829993098;1001.796532396076;-23657.682538782123;;0.0;0.0;FR0013403433;Bond;1906838.2078721775;0.0025;1.8360576939331852;0.0;1.840561829993098;0.0;0.0
400804;FR0013404969;4678797.945159745;18.574290945631923;18.574290945631923;201277.55483793537;-402194.9012318914;;0.0;0.0;FR0013404969;Bond;4276603.043927854;0.0025;18.36132480701134;0.0;18.574290945631923;0.0;0.0
400804;FR0013407236;9231465.75342678;3.994786739728948;3.994786739728948;18463.892172420736;-170344.71376989834;;0.0;0.0;FR0013407236;Bond;9061121.039656883;0.0025;3.9846799408624642;0.0;3.994786739728948;0.0;0.0
400804;FR0013422490;2924527.808219178;1.1929844087253911;1.1929844087253911;757.5645011304031;-16136.13468553911;;0.0;0.0;FR0013422490;Bond;2908391.673533639;0.0025;1.1900664825244511;0.0;1.1929844087253911;0.0;0.0
400804;FR0013425162;2843285.3424664545;3.8864166532870144;3.8864166532870135;5503.928746108226;-137439.3902301052;;0.0;0.0;FR0013425162;Bond;2705845.952236349;0.0025;3.8757831451112965;0.0;3.8864166532870135;0.0;0.0
400804;FR0013428513;2114672.876712325;12.001604031546403;12.001604031546403;35690.33429450069;-155679.031095402;;0.0;0.0;FR0013428513;Bond;1958993.845616923;0.0025;11.939763455888706;0.0;12.001604031546403;0.0;0.0
400804;FR0013431277;2695528.767158076;5.690015371099587;5.690015371099587;10567.180590695754;-190779.71332362364;;0.0;0.0;FR0013431277;Bond;2504749.0538344523;0.0025;5.6729494936158815;0.0;5.690015371099587;0.0;0.0
400804;FR0013433596;1945649.04109589;1.2475122366386333;1.2475122366386333;539.8974445292025;-16217.990418471727;;0.0;0.0;FR0013433596;Bond;1929431.0506774185;0.0025;1.2444657126857783;0.0;1.2475122366386333;0.0;0.0
400804;FR0013451507;17702000.000014234;4.534326260862276;4.534326260862275;44214.44597117128;-371232.76438386017;;0.0;0.0;FR0013451507;Bond;17330767.235630374;0.0025;4.523283820692373;0.0;4.534326260862275;0.0;0.0
400804;FR0013463668;1887987.945205484;2.5807293981791775;2.5807293981791775;1735.6308334806245;-29233.892380550176;;0.0;0.0;FR0013463668;Bond;1858754.0528249338;0.0025;2.5743972621954825;0.0;2.5807293981791775;0.0;0.0
400804;FR0013463775;4592671.2328836685;4.82324689424852;4.82324689424852;13258.725156732751;-276845.4738142476;;0.0;0.0;FR0013463775;Bond;4315825.759069421;0.0025;4.8092328946577005;0.0;4.82324689424852;0.0;0.0
400804;FR0013476611;2886934.9315068494;1.7235008306079949;1.7235008306079949;1341.506495888822;-61773.60443669683;;0.0;0.0;FR0013476611;Bond;2825161.3270701524;0.0025;1.7193099201396196;0.0;1.7235008306079949;0.0;0.0
400804;FR0013478047;1916877.260273973;1.7714441621851038;1.7714441621851038;933.2094297320768;-22596.86997940908;;0.0;0.0;FR0013478047;Bond;1894280.390294564;0.0025;1.767118238608187;0.0;1.7714441621851038;0.0;0.0
400804;FR0013479748;2876783.4246575343;1.7839949674020077;1.7839949674020077;1416.4977496349911;-30790.848892895185;;0.0;0.0;FR0013479748;Bond;2845992.5757646393;0.0025;1.7796418267705572;0.0;1.7839949674020077;0.0;0.0
400804;FR0013484458;2869043.835616438;1.831516623585644;1.831516623585644;1474.255267863712;-35158.78543445447;;0.0;0.0;FR0013484458;Bond;2833885.0501819835;0.0025;1.82705653177315;0.0;1.831516623585644;0.0;0.0
400804;FR0013486834;2792153.8356164773;2.803986290261596;2.8039862902615966;2962.5347778133387;-50885.04402912079;;0.0;0.0;FR0013486834;Bond;2741268.7915873565;0.0025;2.7971166047873606;0.0;2.8039862902615966;0.0;0.0
400804;FR0013507647;1797877.808228369;4.8051505742111775;4.8051505742111775;5051.89215574216;-53376.09195959075;;0.0;0.0;FR0013507647;Bond;1744501.7162687783;0.0025;4.792626263423397;0.0;4.8051505742111775;0.0;0.0
400804;FR0013508686;1948133.698630137;1.5143587922994537;1.5143587922994537;735.682743613353;-18147.74025894031;;0.0;0.0;FR0013508686;Bond;1929985.9583711966;0.0025;1.5106511329913497;0.0;1.5143587922994537;0.0;0.0
400804;FR0013508710;2852178.0821917886;2.884161021161785;2.8841610211617845;3211.871955067134;-55290.18030128672;;0.0;0.0;FR0013508710;Bond;2796887.901890502;0.0025;2.8768041832343787;0.0;2.8841610211617845;0.0;0.0
400804;FR0013509643;3038201.9178082566;2.747080664720811;2.747080664720811;3195.3018556614425;-50061.116792447094;;0.0;0.0;FR0013509643;Bond;2988140.8010158096;0.0025;2.7396540902867703;0.0;2.747080664720811;0.0;0.0
400804;FR0013516184;3030814.9315068456;0.1750170058684882;0.1750170058684882;60.62520485627616;-6576.453221242253;;0.0;0.0;FR0013516184;Bond;3024238.478285603;0.0025;0.17459350978539057;0.0;0.1750170058684882;0.0;0.0
400804;FR0013521382;1724270.4109623102;5.086130792887585;5.086130792887586;5321.9789952868205;-40664.60543376411;;0.0;0.0;FR0013521382;Bond;1683605.805528546;0.0025;5.073639842622102;0.0;5.086130792887586;0.0;0.0
400804;FR0013532280;2832421.2328767134;2.3351050093225227;2.3351050093225227;2193.114769788483;-44303.0199282143;;0.0;0.0;FR0013532280;Bond;2788118.2129484992;0.0025;2.329379553717727;0.0;2.3351050093225227;0.0;0.0
400804;FR0013536661;1906609.5890410976;2.379962450172111;2.379962450172111;1528.2206411449145;-30394.50607880606;;0.0;0.0;FR0013536661;Bond;1876215.0829622915;0.0025;2.3740845454080928;0.0;2.379962450172111;0.0;0.0
400804;FR0013537305;2922089.9998315857;0.9603360962184831;0.9603360962184831;542.7196816153577;-16812.02465656529;;0.0;0.0;FR0013537305;Bond;2905277.9751750203;0.0025;0.957998460567409;0.0;0.9603360962184831;0.0;0.0
400804;FR0014000OZ2;1976958.9041191728;0.6308688593078091;0.6308688593078091;199.34997208528785;-15469.026384011937;;0.0;0.0;FR0014000OZ2;Bond;1961489.877735161;0.0025;0.6293429311057456;0.0;0.6308688593078091;0.0;0.0
400804;FR0014002JM6;8334328.76708654;17.203900056343674;17.20390005634367;273606.63729538035;-668233.0482409657;;0.0;0.0;FR0014002JM6;Bond;7666095.718845574;0.0025;17.12311362423995;0.0;17.20390005634367;0.0;0.0
400804;FR0014002QE8;2950335.616461362;1.199632586838845;1.199632586838845;770.6696914027286;-43828.990539283164;;0.0;0.0;FR0014002QE8;Bond;2906506.625922079;0.0025;1.1967000265651384;0.0;1.199632586838845;0.0;0.0
400804;FR0014002WK3;12333000.000212206;6.461874670193612;6.461874670193612;59235.858236215114;-369483.164389919;;0.0;0.0;FR0014002WK3;Bond;11963516.835822286;0.0025;6.446188299919522;0.0;6.461874670193612;0.0;0.0
400804;FR0014003GX7;1710831.780834405;5.842493737739304;5.842493737739304;6955.458556037214;-59828.98843130814;;0.0;0.0;FR0014003GX7;Bond;1651002.7924030968;0.0025;5.826192019023529;0.0;5.842493737739304;0.0;0.0
400804;FR0014003XZ7;2588178.082186897;6.304681618958786;6.304681618958786;12512.044653666731;-204975.29117976743;;0.0;0.0;FR0014003XZ7;Bond;2383202.7910071295;0.0025;6.283196496470373;0.0;6.304681618958786;0.0;0.0
400804;FR0014003Y09;2857007.671232881;2.138920370703204;2.138920370703204;1908.378097864754;-73291.08086607647;;0.0;0.0;FR0014003Y09;Bond;2783716.5903668045;0.0025;2.133658723108422;0.0;2.138920370703204;0.0;0.0
400804;FR0014004750;1844167.1232877995;3.1409335314458464;3.1409335314458464;2388.9482214691034;-38759.11568838127;;0.0;0.0;FR0014004750;Bond;1805408.0075994183;0.0025;3.1332119985188776;0.0;3.1409335314458464;0.0;0.0
400804;FR00140058G6;1377692.0547945204;10.77318835698232;10.77318835698232;17668.278688964438;-92372.39950621146;;0.0;0.0;FR00140058G6;Bond;1285319.6552883089;0.0025;10.74272861084779;0.0;10.77318835698232;0.0;0.0
400804;FR0014005J14;2745349.3150686407;3.3382988688144524;3.3382988688144524;3966.466085584968;-61523.558961279436;;0.0;0.0;FR0014005J14;Bond;2683825.7561073615;0.0025;3.3300396001543366;0.0;3.3382988688144524;0.0;0.0
400804;FR0014005ZP8;2663948.2191792;4.3970526677120105;4.39705266771201;6317.089563857273;-70200.34525044134;;0.0;0.0;FR0014005ZP8;Bond;2593747.873928759;0.0025;4.386104699159681;0.0;4.39705266771201;0.0;0.0
400804;FR0014006CS9;1771135.0684942417;4.671168096578223;4.671168096578223;4693.657795305597;-49599.28787997409;;0.0;0.0;FR0014006CS9;Bond;1721535.7806142676;0.0025;4.659465509680713;0.0;4.671168096578223;0.0;0.0
400804;FR0014006IG1;2726409.3698630766;3.676543275960285;3.676543275960285;4691.188980612087;-124796.1786308361;;0.0;0.0;FR0014006IG1;Bond;2601613.1912322403;0.0025;3.6673195190632275;0.0;3.676543275960285;0.0;0.0
400804;FR0014006NI7;2858784.2465753425;2.08669318822379;2.0866931882237902;1831.0097471552292;-39981.29387012505;;0.0;0.0;FR0014006NI7;Bond;2818802.9527052175;0.0025;2.081566772843725;0.0;2.0866931882237902;0.0;0.0
400804;FR0014006PN2;1435797.260273972;10.713670685128662;10.713670685128664;18494.437681292453;-71777.26728993157;;0.0;0.0;FR0014006PN2;Bond;1364019.9929840404;0.0025;10.678603697611683;0.0;10.713670685128664;0.0;0.0
400804;FR0014006UO0;1597224.9315973409;7.957911524325133;7.957911524325135;11662.826131586064;-76954.28900845186;;0.0;0.0;FR0014006UO0;Bond;1520270.642588889;0.0025;7.93368414062587;0.0;7.957911524325135;0.0;0.0
400804;FR0014006XA3;1929075.3424657527;1.6197916396244327;1.619791639624433;810.793816530264;-20910.267966228537;;0.0;0.0;FR0014006XA3;Bond;1908165.0744995242;0.0025;1.6158434073021948;0.0;1.619791639624433;0.0;0.0
400804;FR0014007LK5;2711414.3835619446;4.045382332845655;4.045382332845654;5566.120884227392;-73826.10614061203;;0.0;0.0;FR0014007LK5;Bond;2637588.2774213324;0.0025;4.034973934941506;0.0;4.045382332845654;0.0;0.0
400804;FR0014007LL3;1922082.191780822;1.7376894565490986;1.7376894565490986;906.1436689883357;-22322.009889097862;;0.0;0.0;FR0014007LL3;Bond;1899760.181891724;0.0025;1.7334524040597314;0.0;1.7376894565490986;0.0;0.0
400804;FR0014007LP4;1579045.479502658;8.184006120347377;8.184006120347377;12071.456875425469;-78123.13385803814;;0.0;0.0;FR0014007LP4;Bond;1500922.3456446198;0.0025;8.160331485861942;0.0;8.184006120347377;0.0;0.0
400804;FR0014007ML1;2887756.8493150696;1.7301106926537744;1.7301106926537744;1351.7327124290557;-33410.34928151858;;0.0;0.0;FR0014007ML1;Bond;2854346.500033551;0.0025;1.7258916275905705;0.0;1.7301106926537744;0.0;0.0
400804;FR0014007VJ6;2779448.6301373164;3.613585275887493;3.613585275887493;4658.853006712515;-125301.68571702846;;0.0;0.0;FR0014007VJ6;Bond;2654146.944420288;0.0025;3.6043258010188266;0.0;3.613585275887493;0.0;0.0
400804;FR00140082Z6;2767455.2054801346;4.53514711486905;4.53514711486905;6637.947148258388;-75217.50658125729;;0.0;0.0;FR00140082Z6;Bond;2692237.6988988775;0.0025;4.526601653801629;0.0;4.53514711486905;0.0;0.0
400804;FR0014008CP1;1343283.8356164142;14.233974267339274;14.233974267339274;31497.358779289945;-89097.6260989646;;0.0;0.0;FR0014008CP1;Bond;1254186.2095174496;0.0025;14.15428859263714;0.0;14.233974267339274;0.0;0.0
400804;FR0014008PC1;2937863.0136986305;1.8344481948306184;1.8344481948306184;1515.434234766744;-66922.40093164203;;0.0;0.0;FR0014008PC1;Bond;2870940.6127669886;0.0025;1.8299654762848516;0.0;1.8344481948306184;0.0;0.0
400804;FR0014008PK4;1915082.1917808233;2.78209167693535;2.78209167693535;2012.755522251717;-35775.801725782876;;0.0;0.0;FR0014008PK4;Bond;1879306.3900550404;0.0025;2.7751667081549547;0.0;2.78209167693535;0.0;0.0
400804;FR00140099G0;1934709.8630136987;1.9202782869060973;1.9202782869060973;1077.3537484354358;-24746.17278274839;;0.0;0.0;FR00140099G0;Bond;1909963.6902309502;0.0025;1.9155755721837198;0.0;1.9202782869060973;0.0;0.0
400804;FR0014009HA0;2943750.0;1.908823613303537;1.9088236133035368;1622.1648957426287;-69779.4834322501;;0.0;0.0;FR0014009HA0;Bond;2873970.51656775;0.0025;1.9041562849603837;0.0;1.9088236133035368;0.0;0.0
400804;FR0014009O62;3807582.191780821;11.436473370138684;11.436473370138684;57693.788911799566;-202590.1799262483;;0.0;0.0;FR0014009O62;Bond;3604992.0118545727;0.0025;11.384647119147221;0.0;11.436473370138684;0.0;0.0
400804;FR001400AFL5;2982588.0821917807;2.020790530351833;2.0207905303518343;1144.33964607013;-36121.081408520775;;0.0;0.0;FR001400AFL5;Bond;2946467.00078326;0.0025;2.0214076818090554;0.0;2.0207905303518343;0.0;0.0
400804;FR001400AFN1;2934858.904109632;4.59974050930074;4.599740509300742;7831.755909223821;-80935.16833994168;;0.0;0.0;FR001400AFN1;Bond;2853923.7357696905;0.0025;4.585921317778481;0.0;4.599740509300742;0.0;0.0
400804;FR001400AFO9;1885393.1506849313;7.556856681727084;7.556856681727084;13252.565201156292;-87114.21651174527;;0.0;0.0;FR001400AFO9;Bond;1798278.934173186;0.0025;7.523895075781614;0.0;7.556856681727084;0.0;0.0
400804;FR001400AIN5;19135972.60273992;2.818349611462019;2.818349611462019;20539.183043265155;-248341.58105803706;;0.0;0.0;FR001400AIN5;Bond;18887631.021681882;0.0025;2.8113741375486248;0.0;2.818349611462019;0.0;0.0
400804;FR001400AJX2;1980844.1095895248;3.847772990836441;3.847772990836441;3785.275074573789;-45688.174262608314;;0.0;0.0;FR001400AJX2;Bond;1935155.9353269164;0.0025;3.837012872810983;0.0;3.847772990836441;0.0;0.0
400804;FR001400AKP6;3041280.82191781;2.17335565805458;2.17335565805458;2114.9307305457164;-44293.676849416646;;0.0;0.0;FR001400AKP6;Bond;2996987.1450683936;0.0025;2.167779147424055;0.0;2.17335565805458;0.0;0.0
400804;FR001400AY79;3110476.02739726;2.0285140659410934;2.0285140659410934;1939.038722920118;-78416.13765517258;;0.0;0.0;FR001400AY79;Bond;3032059.8897420876;0.0025;2.023216496687446;0.0;2.0285140659410934;0.0;0.0
400804;FR001400B1L7;3212990.1369863083;1.867977726824553;1.8679777268245532;1751.885209169848;-36768.19766568238;;0.0;0.0;FR001400B1L7;Bond;3176221.9393206257;0.0025;1.8630698106105092;0.0;1.8679777268245532;0.0;0.0
400804;FR001400CHR4;3489090.8219179763;6.438037860369767;6.438037860369767;18878.733550064007;-280829.5601134404;;0.0;0.0;FR001400CHR4;Bond;3208261.261804536;0.0025;6.406388969036692;0.0;6.438037860369767;0.0;0.0
400804;FR001400CKA4;3205140.410958905;2.213473080741643;2.213473080741643;2321.143837136224;-88162.93118486376;;0.0;0.0;FR001400CKA4;Bond;3116977.479774041;0.0025;2.2076168854571487;0.0;2.213473080741643;0.0;0.0
400804;FR001400D6M2;2052901.6438356168;1.6287662538218766;1.6287662538218766;876.4491076323543;-20604.962460337578;;0.0;0.0;FR001400D6M2;Bond;2032296.681375279;0.0025;1.6247251562123601;0.0;1.6287662538218766;0.0;0.0
400804;FR001400D6N0;3211940.1369869607;3.8597279064496335;3.8597279064496335;6264.23626231945;-75769.80323321621;;0.0;0.0;FR001400D6N0;Bond;3136170.3337537446;0.0025;3.848214237631468;0.0;3.8597279064496335;0.0;0.0
400804;FR001400DCZ6;3128938.3561643893;2.5874783379682857;2.5874783379682853;2935.7520081598404;-54243.33058909152;;0.0;0.0;FR001400DCZ6;Bond;3074695.025575298;0.0025;2.5807594938357488;0.0;2.5874783379682853;0.0;0.0
400804;FR001400DLD4;3195503.4246577807;3.503875219189988;3.503875219189988;5180.559208285616;-139488.1150396347;;0.0;0.0;FR001400DLD4;Bond;3056015.309618146;0.0025;3.494038002217763;0.0;3.503875219189988;0.0;0.0
400804;FR001400DNF5;2313458.6301369863;11.001918965071695;11.001918965071695;38284.55015633958;-156810.70192224585;;0.0;0.0;FR001400DNF5;Bond;2156647.9282147405;0.0025;10.890808991416302;0.0;11.001918965071695;0.0;0.0
400804;FR001400DNU4;4114107.3972602794;2.4419774173644857;2.441977417364486;3488.8898170499688;-61774.79901175189;;0.0;0.0;FR001400DNU4;Bond;4052332.5982485274;0.0025;2.435684781451515;0.0;2.441977417364486;0.0;0.0
400804;FR001400DQ84;3203920.2739726114;3.0669178776815715;3.0669178776815715;4101.94764084417;-60087.504132010974;;0.0;0.0;FR001400DQ84;Bond;3143832.7698406004;0.0025;3.0584255865354693;0.0;3.0669178776815715;0.0;0.0
400804;FR001400EHG3;3115171.232876767;4.147789175304777;4.147789175304777;6902.1172044717705;-87063.64797153077;;0.0;0.0;FR001400EHG3;Bond;3028107.584905236;0.0025;4.135408408714248;0.0;4.147789175304777;0.0;0.0
400804;FR001400F0H3;3204995.753424771;3.224765431973777;3.224765431973777;4475.345175392083;-63422.05629897518;;0.0;0.0;FR001400F0H3;Bond;3141573.6971257958;0.0025;3.2158540772162403;0.0;3.224765431973777;0.0;0.0
400804;FR001400F323;3209554.931607502;6.3239747593467595;6.323974759346758;16172.645357486446;-253124.03025299418;;0.0;0.0;FR001400F323;Bond;2956430.901354508;0.0025;6.297983753145082;0.0;6.323974759346758;0.0;0.0
400804;FR001400F4B8;2009448.2191797984;4.554775060259916;4.554775060259916;5205.186845995697;-42390.73934520241;;0.0;0.0;FR001400F4B8;Bond;1967057.479834596;0.0025;4.541881092484362;0.0;4.554775060259916;0.0;0.0
400804;FR001400F6E7;3518570.1095890417;1.7158886462644287;1.7158886462644287;1636.592996678845;-37210.81899966994;;0.0;0.0;FR001400F6E7;Bond;3481359.2905893717;0.0025;1.7116210774584917;0.0;1.7158886462644287;0.0;0.0
400804;FR001400FB06;3077648.630137033;2.6495006358369064;2.6495006358369064;2999.4392036777126;-54460.80840478902;;0.0;0.0;FR001400FB06;Bond;3023187.821732244;0.0025;2.6426855716679323;0.0;2.6495006358369064;0.0;0.0
400804;FR001400FB22;3158630.1369894487;4.196975272492474;4.196975272492474;7178.581269427305;-165506.9697014596;;0.0;0.0;FR001400FB22;Bond;2993123.167287989;0.0025;4.18419457244127;0.0;4.196975272492474;0.0;0.0
400804;FR001400FDB0;3125605.4794581397;5.699108821018525;5.699108821018527;12643.363958137765;-109480.32571006492;;0.0;0.0;FR001400FDB0;Bond;3016125.153748075;0.0025;5.679181106502317;0.0;5.699108821018527;0.0;0.0
400804;FR001400FDC8;1984192.6027397253;11.655536303105173;11.655536303105173;33751.2077393768;-141736.08965946594;;0.0;0.0;FR001400FDC8;Bond;1842456.5130802593;0.0025;11.569913965684481;0.0;11.655536303105173;0.0;0.0
400804;FR001400FTH3;12700191.780808693;17.482896642632497;17.482896642632497;544033.6257150839;-1022942.7160362913;;0.0;0.0;FR001400FTH3;Bond;11677249.064772401;0.0025;17.176109667835597;0.0;17.482896642632497;0.0;0.0
400804;FR001400G3Y1;3036717.9452059497;3.496527023554788;3.496527023554788;4848.9228791112255;-63885.133157219614;;0.0;0.0;FR001400G3Y1;Bond;2972832.81204873;0.0025;3.4871721685031627;0.0;3.496527023554788;0.0;0.0
400804;FR001400H2O3;3216750.821917809;1.6290664254109122;1.6290664254109124;1408.3086363809807;-32150.038904250454;;0.0;0.0;FR001400H2O3;Bond;3184600.7830135585;0.0025;1.6247559513961665;0.0;1.6290664254109124;0.0;0.0
400804;FR001400H4K7;1912629.3150668545;16.264959482480265;16.264959482480265;72302.89713604983;-190316.56487113686;;0.0;0.0;FR001400H4K7;Bond;1722312.7501957177;0.0025;15.981259741347388;0.0;16.264959482480265;0.0;0.0
400804;FR001400H9B5;3227958.9041135088;4.319425774258455;4.319425774258455;7907.866075504034;-93840.4232605851;;0.0;0.0;FR001400H9B5;Bond;3134118.480852924;0.0025;4.304824276141008;0.0;4.319425774258455;0.0;0.0
400804;FR001400HIK6;2055688.76719728;6.828911974938645;6.828911974938645;11930.792247912574;-86975.91828131638;;0.0;0.0;FR001400HIK6;Bond;1968712.8489159637;0.0025;6.800402244766661;0.0;6.828911974938645;0.0;0.0
400804;FR001400HMF8;3231433.1506856782;4.352446791141175;4.352446791141175;8028.659337509341;-94648.95183312197;;0.0;0.0;FR001400HMF8;Bond;3136784.1988525563;0.0025;4.337692507545799;0.0;4.352446791141175;0.0;0.0
400804;FR001400HOZ2;2140727.123287776;2.79170401171163;2.79170401171163;2344.1953889161896;-39981.28018267111;;0.0;0.0;FR001400HOZ2;Bond;2100745.8431051048;0.0025;2.7838118815787105;0.0;2.79170401171163;0.0;0.0
400804;FR001400I7P8;3334448.630137085;2.769179012069505;2.769179012069505;3640.609054223148;-114841.33382568887;;0.0;0.0;FR001400I7P8;Bond;3219607.296311396;0.0025;2.761054457918522;0.0;2.769179012069505;0.0;0.0
400804;FR001400IEQ0;3258668.6301372238;2.6644410425499023;2.664441042549903;3294.728187366117;-53298.125990748886;;0.0;0.0;FR001400IEQ0;Bond;3205370.504146475;0.0025;2.656912514396181;0.0;2.664441042549903;0.0;0.0
400804;FR001400IIO6;3488566.520548393;3.6145871734564823;3.6145871734564823;6049.562417793644;-76544.45189504992;;0.0;0.0;FR001400IIO6;Bond;3412022.0686533432;0.0025;3.603897493521109;0.0;3.6145871734564823;0.0;0.0
400804;FR001400IIS7;2110980.0002103834;7.933277449074329;7.933277449074329;16778.562384943958;-103129.26298185493;;0.0;0.0;FR001400IIS7;Bond;2007850.7372285286;0.0025;7.891913834198497;0.0;7.933277449074329;0.0;0.0
400804;FR001400IJ13;2170479.45206155;6.512619879386008;6.512619879386008;11821.379444258033;-95396.63900732523;;0.0;0.0;FR001400IJ13;Bond;2075082.813054225;0.0025;6.482494500360875;0.0;6.512619879386008;0.0;0.0
400804;FR001400KDS4;3258441.7808219166;3.005253041054861;3.005253041054861;4068.5691282683656;-122012.85009621741;;0.0;0.0;FR001400KDS4;Bond;3136428.9307256993;0.0025;2.9966163016814846;0.0;3.005253041054861;0.0;0.0
400804;FR001400KSZ7;3371851.6439166763;6.3748615492995055;6.3748615492995055;17670.451935163208;-265002.6715579137;;0.0;0.0;FR001400KSZ7;Bond;3106848.9723587628;0.0025;6.3454442458339075;0.0;6.3748615492995055;0.0;0.0
400804;FR001400KY69;3237213.287682852;3.779560649546091;3.779560649546091;6106.208839622682;-75100.74350149753;;0.0;0.0;FR001400KY69;Bond;3162112.5441813543;0.0025;3.7681169783353248;0.0;3.779560649546091;0.0;0.0
400804;FR001400KZQ1;2137890.410958912;3.133992608559859;3.133992608559859;2855.6573816739647;-45038.77385987053;;0.0;0.0;FR001400KZQ1;Bond;2092851.6370990416;0.0025;3.125153980447642;0.0;3.133992608559859;0.0;0.0
400804;FR001400L255;3176682.7397260778;3.0597753639931384;3.0597753639931384;4043.421424783789;-59150.12976636253;;0.0;0.0;FR001400L255;Bond;3117532.609959715;0.0025;3.0513598282931564;0.0;3.0597753639931384;0.0;0.0
400804;FR001400LCK1;3817102.87671836;4.170222021519512;4.170222021519512;-15181.324258993289;-97594.82087614585;;0.0;0.0;FR001400LCK1;Bond;3719508.0558422143;0.0025;4.313128525491804;0.0;4.170222021519512;0.0;0.0
400804;FR001400LUK3;3169833.698644599;5.490806112807054;5.490806112807055;12032.578960693822;-106879.88623144059;;0.0;0.0;FR001400LUK3;Bond;3062953.8124131584;0.0025;5.471279357883669;0.0;5.490806112807055;0.0;0.0
400804;FR001400M9L7;3152247.534246577;1.956945155593324;1.956945155593324;1854.0033219552;-37756.00890175279;;0.0;0.0;FR001400M9L7;Bond;3114491.525344824;0.0025;1.9518154205886602;0.0;1.956945155593324;0.0;0.0
400804;FR001400MIG4;3046864.520549626;5.708322351557177;5.708322351557179;12283.739094199642;-106355.42516489152;;0.0;0.0;FR001400MIG4;Bond;2940509.0953847347;0.0025;5.68899471096607;0.0;5.708322351557179;0.0;0.0
400804;FR001400N277;2004670.6849349749;5.090194469342923;5.090194469342923;6431.037428014353;-61849.07192164981;;0.0;0.0;FR001400N277;Bond;1942821.613013325;0.0025;5.0747689968668785;0.0;5.090194469342923;0.0;0.0
400804;FR001400N4G7;3075327.5342507665;5.0450110362108935;5.0450110362108935;9820.550260113778;-104524.48365288533;;0.0;0.0;FR001400N4G7;Bond;2970803.050597881;0.0025;5.028808008533671;0.0;5.0450110362108935;0.0;0.0
400804;FR001400N4L7;3085040.958904209;3.4537653198177454;3.4537653198177454;4844.626273488375;-71561.83845077793;;0.0;0.0;FR001400N4L7;Bond;3013479.1204534313;0.0025;3.444327546062351;0.0;3.4537653198177454;0.0;0.0
400804;FR001400N5B5;2073444.109589053;2.0908222287895217;2.0908222287895217;1356.6486895669602;-28714.692903924377;;0.0;0.0;FR001400N5B5;Bond;2044729.4166851288;0.0025;2.0853936425980275;0.0;2.0908222287895217;0.0;0.0
400804;FR001400NEF3;13171972.602718748;15.8760205617988;15.8760205617988;444497.8555222117;-962080.8590871417;;0.0;0.0;FR001400NEF3;Bond;12209891.743631607;0.0025;15.662497337488615;0.0;15.8760205617988;0.0;0.0
400804;FR001400O457;2149408.97260274;1.8110260220877972;1.8110260220877972;1090.8694401123869;-24009.752936574976;;0.0;0.0;FR001400O457;Bond;2125399.219666165;0.0025;1.806537543955291;0.0;1.8110260220877972;0.0;0.0
400804;FR001400OHF4;8852027.397255016;17.45191113637019;17.451911136370192;384633.5443367087;-711673.1880813243;;0.0;0.0;FR001400OHF4;Bond;8140354.209173692;0.0025;17.127047557519326;0.0;17.451911136370192;0.0;0.0
400804;FR001400P3E2;3169433.8358998015;4.935215760161033;4.935215760161034;10004.425222540394;-95878.92150359094;;0.0;0.0;FR001400P3E2;Bond;3073554.9143962106;0.0025;4.917193300139724;0.0;4.935215760161034;0.0;0.0
400804;FR001400PGC0;3144606.1643840624;5.0100723813561885;5.0100723813561885;10257.729126123071;-196823.92410846974;;0.0;0.0;FR001400PGC0;Bond;2947782.2402755925;0.0025;4.99127425516705;0.0;5.0100723813561885;0.0;0.0
400804;FR001400PM68;20083232.876727976;4.523752463031563;4.523752463031563;51314.89304592401;-419980.5758595195;;0.0;0.0;FR001400PM68;Bond;19663252.300868455;0.0025;4.511035524159452;0.0;4.523752463031563;0.0;0.0
400804;FR001400PNN3;2520085.67445168;7.5393306981925665;7.5393306981925665;17803.65259662608;-88323.4064494684;;0.0;0.0;FR001400PNN3;Bond;2431762.2680022116;0.0025;7.5048169335766595;0.0;7.5393306981925665;0.0;0.0
400804;FR001400PU76;2074398.9041101264;3.768453278170328;3.768453278170328;3858.6579888725;-36142.0459671194;;0.0;0.0;FR001400PU76;Bond;2038256.858143007;0.0025;3.7574530518517975;0.0;3.768453278170328;0.0;0.0
400804;FR001400Q0T5;3106394.7945591854;5.27409581125199;5.27409581125199;10951.712437060274;-110052.366860921;;0.0;0.0;FR001400Q0T5;Bond;2996342.4276982644;0.0025;5.255497581472698;0.0;5.27409581125199;0.0;0.0
400804;FR001400QMF9;19575123.287671234;8.140880852764038;8.14088085276404;157059.94635959007;-739936.7561196195;;0.0;0.0;FR001400QMF9;Bond;18835186.531551614;0.0025;8.105979553217665;0.0;8.14088085276404;0.0;0.0
400804;FR001400QR70;5255053.424657534;8.374497670472653;8.374497670472653;47294.21727767466;-271711.0912855291;;0.0;0.0;FR001400QR70;Bond;4983342.333372004;0.0025;8.324834209645863;0.0;8.374497670472653;0.0;0.0
400804;FR001400SVC3;1965491.232876712;7.760649213460176;7.760649213460176;14624.124868856105;-102808.81870214797;;0.0;0.0;FR001400SVC3;Bond;1862682.414174564;0.0025;7.725207336835932;0.0;7.760649213460176;0.0;0.0
400804;FR001400SVD1;3016438.356164403;2.651868358160843;2.6518683581608435;2937.3997634254406;-53614.58878994042;;0.0;0.0;FR001400SVD1;Bond;2962823.7673744624;0.0025;2.645104438172656;0.0;2.6518683581608435;0.0;0.0
400804;FR001400TWD7;2987111.5068605323;5.7227892616950085;5.7227892616950085;12054.913926676509;-104029.12631829017;;0.0;0.0;FR001400TWD7;Bond;2883082.380542242;0.0025;5.703773993392851;0.0;5.7227892616950085;0.0;0.0
400804;FR001400U595;1953361.9180019;7.771748395823171;7.771748395823173;14552.258755478111;-93400.50565647829;;0.0;0.0;FR001400U595;Bond;1859961.4123454217;0.0025;7.736502258627273;0.0;7.771748395823173;0.0;0.0
400804;FR001400U678;1960481.0958904107;7.1704859421604175;7.1704859421604175;12350.96562022646;-86209.85531138678;;0.0;0.0;FR001400U678;Bond;1874271.240579024;0.0025;7.141526446275466;0.0;7.1704859421604175;0.0;0.0
400804;FR001400WKP0;3025849.3150749896;4.610589329962095;4.610589329962095;8172.727041808584;-174395.9138850135;;0.0;0.0;FR001400WKP0;Bond;2851453.401189976;0.0025;4.596208924657876;0.0;4.610589329962095;0.0;0.0
400804;FR001400XC78;1981001.0959021728;5.358108739053623;5.358108739053624;6952.698230519222;-70961.054683687;;0.0;0.0;FR001400XC78;Bond;1910040.041218486;0.0025;5.342139831204914;0.0;5.358108739053624;0.0;0.0
400804;FR001400XJE4;4947927.397324859;5.914165894625451;5.914165894625451;21092.93247870345;-196221.19304039786;;0.0;0.0;FR001400XJE4;Bond;4751706.204284461;0.0025;5.8950347045945275;0.0;5.914165894625451;0.0;0.0
400804;FR001400XRB3;2935569.452060877;5.9783858073837965;5.9783858073837965;12814.538813249535;-107080.01543748118;;0.0;0.0;FR001400XRB3;Bond;2828489.436623396;0.0025;5.958606922587555;0.0;5.9783858073837965;0.0;0.0
400804;IE000GVLBXU6;9698794.520547792;13.734680215462827;13.734680215462827;229779.6910633183;-546848.0816995671;;0.0;0.0;IE000GVLBXU6;Bond;9151946.438848225;0.0025;13.613994510915266;0.0;13.734680215462827;0.0;0.0
400804;IE000LQ7YWY4;9771821.91780822;8.212323172973074;8.212323172973074;79099.7751740711;-330265.30738604476;;0.0;0.0;IE000LQ7YWY4;Bond;9441556.610422175;0.0025;8.178561793167496;0.0;8.212323172973074;0.0;0.0
400804;IE00BFZRQ242;13967712.328883853;5.612312591747369;5.612312591747369;52586.728089160926;-321820.7840720337;;0.0;0.0;IE00BFZRQ242;Bond;13645891.544811819;0.0025;5.596935781850378;0.0;5.612312591747369;0.0;0.0
400804;IE00BV8C9B83;13006561.643835612;10.427443762856075;10.427443762856074;166608.38730309077;-559068.6051903428;;0.0;0.0;IE00BV8C9B83;Bond;12447493.03864527;0.0025;10.379033614685152;0.0;10.427443762856074;0.0;0.0
400804;IT0005358806;19425495.56521739;8.31473073425672;8.314730734256724;156435.632625572;-983037.6959303222;;0.0;0.0;IT0005358806;Bond;18442457.86928707;0.0025;8.286239877909846;0.0;8.314730734256724;0.0;0.0
400804;IT0005383309;14041023.18133839;4.7445210440122745;4.7445210440122745;35759.9185763448;-405551.6470408848;;0.0;0.0;IT0005383309;Bond;13635471.534297505;0.0025;4.737126815221471;0.0;4.7445210440122745;0.0;0.0
400804;IT0005438004;9593373.543931218;16.026674330398343;16.026674330398343;290500.99902717763;-931539.5859812567;;0.0;0.0;IT0005438004;Bond;8661833.95794996;0.0025;15.911774489108769;0.0;16.026674330398343;0.0;0.0
400804;IT0005449969;12994300.022199024;6.334614375372239;6.334614375372238;57465.96227305141;-501898.63792110153;;0.0;0.0;IT0005449969;Bond;12492401.384277921;0.0025;6.324372781580737;0.0;6.334614375372238;0.0;0.0
400804;IT0005519787;15832361.076930534;4.259999329169543;4.259999329169543;33760.9935361829;-410431.37122415256;;0.0;0.0;IT0005519787;Bond;15421929.705706382;0.0025;4.252058209439007;0.0;4.259999329169543;0.0;0.0
400804;IT0005542359;15976760.950720876;5.691131640385723;5.691131640385723;60903.84723277216;-553505.2599965289;;0.0;0.0;IT0005542359;Bond;15423255.690724347;0.0025;5.676803408880267;0.0;5.691131640385723;0.0;0.0
400804;IT0005570988;3694849.315068832;3.5149464055403943;3.5149464055403934;6004.902554107976;-87150.75523542348;;0.0;0.0;IT0005570988;Bond;3607698.559833409;0.0025;3.5052032998149194;0.0;3.5149464055403934;0.0;0.0
400804;IT0005582421;20408695.780219782;10.599366515612608;10.599366515612608;287729.1924274629;-1309468.9487259942;;0.0;0.0;IT0005582421;Bond;19099226.831493787;0.0025;10.527773878015383;0.0;10.599366515612608;0.0;0.0
400804;IT0005596470;15379462.318681307;9.63915140724145;9.63915140724145;174941.5248664043;-899708.9788193575;;0.0;0.0;IT0005596470;Bond;14479753.33986195;0.0025;9.587059277682963;0.0;9.63915140724145;0.0;0.0
400804;IT0005607970;20270396.165745854;8.089143369386933;8.089143369386933;156578.21776926547;-997740.1801839424;;0.0;0.0;IT0005607970;Bond;19272655.98556191;0.0025;8.059617034652419;0.0;8.089143369386933;0.0;0.0
400804;IT0005611741;14749306.021974796;16.004733836597318;16.004733836597318;550318.1954961001;-1404835.5730705438;;0.0;0.0;IT0005611741;Bond;13344470.448904254;0.0025;15.712326008307514;0.0;16.004733836597318;0.0;0.0
400804;IT0005619546;20064077.082993325;5.865126115417572;5.8651261154175724;79887.19694699456;-717166.8241064572;;0.0;0.0;IT0005619546;Bond;19346910.258886866;0.0025;5.851585292020263;0.0;5.8651261154175724;0.0;0.0
400804;IT0005631608;14653167.032965893;13.76883731090252;13.76883731090252;366463.90458803903;-1209429.2265770747;;0.0;0.0;IT0005631608;Bond;13443737.806388818;0.0025;13.617559650263097;0.0;13.76883731090252;0.0;0.0
400804;IT0005632267;3026160.410963624;4.351068937114522;4.351068937114522;7246.448308321028;-88445.34372496717;;0.0;0.0;IT0005632267;Bond;2937715.067238657;0.0025;4.338533401448633;0.0;4.351068937114522;0.0;0.0
400804;LU1717592346;19120128.966399964;1.0742224399312474;1.0355479029752883;-42448.47451713942;3682.351864589975;;0.0;7256.479557064602;LU1717592346;Fund Unit;19123811.318264555;0.0025;1.1326096626845605;0.0;1.0355479029752883;0.0;7257.877084825753
400804;NL0000102317;16503020.547945287;2.591584855843302;2.5915848558433017;15622.313609424782;-175132.97756249696;;0.0;0.0;NL0000102317;Bond;16327887.57038279;0.0025;2.584709796222142;0.0;2.5915848558433017;0.0;0.0
400804;NL0013332430;18337479.452061247;4.165901518385963;4.165901518385963;39426.60233847982;-313154.3673455742;;0.0;0.0;NL0013332430;Bond;18024325.08471567;0.0025;4.155536964376032;0.0;4.165901518385963;0.0;0.0
400804;NL0013552060;10384910.95890403;13.71320926350402;13.71320926350402;215044.3087767252;-587278.0512681466;;0.0;0.0;NL0013552060;Bond;9797632.907635882;0.0025;13.66565500709995;0.0;13.71320926350402;0.0;0.0
400804;NL00150006U0;17034000.00020338;6.1319209827117565;6.1319209827117565;74230.56043265086;-428790.1150736128;;0.0;0.0;NL00150006U0;Bond;16605209.885129767;0.0025;6.116977420586009;0.0;6.1319209827117565;0.0;0.0
400804;NL0015000B11;10118999.999999994;12.406879838995405;12.406879838995405;167936.59851077604;-518203.6931506847;;0.0;0.0;NL0015000B11;Bond;9600796.30684931;0.0025;12.37680237029749;0.0;12.406879838995405;0.0;0.0
400804;NL00150012X2;7815095.890192851;20.343676913190563;20.343676913190563;410548.2833023918;-652421.2506124453;;0.0;0.0;NL00150012X2;Bond;7162674.639580406;0.0025;20.065021763887696;0.0;20.343676913190563;0.0;0.0
400804;NL0015001AM2;9976497.26107148;7.2485206929432895;7.2485206929432895;63369.72582735388;-297132.795275312;;0.0;0.0;NL0015001AM2;Bond;9679364.465796169;0.0025;7.221075791270646;0.0;7.2485206929432895;0.0;0.0
400804;NL0015001DQ7;10086369.863020783;4.449302560568837;4.449302560568837;24985.24098728065;-183921.67429534212;;0.0;0.0;NL0015001DQ7;Bond;9902448.188725442;0.0025;4.436865064556667;0.0;4.449302560568837;0.0;0.0
400804;NL0015001RG8;15234274.38287618;13.844482010765056;13.844482010765056;366581.52017275215;-864580.6750737258;;0.0;0.0;NL0015001RG8;Bond;14369693.707802454;0.0025;13.722082568841353;0.0;13.844482010765056;0.0;0.0
400804;NL0015001XZ6;19740794.520547945;8.009685126366934;8.00968512636693;152629.7968673189;-650390.5945573708;;0.0;0.0;NL0015001XZ6;Bond;19090403.925990574;0.0025;7.976780397793841;0.0;8.00968512636693;0.0;0.0
400804;PTBCPHOM0066;2959345.890410959;0.8467521836894443;0.8467521836894443;455.7240717839595;-16758.816316382065;;0.0;0.0;PTBCPHOM0066;Bond;2942587.0740945768;0.0025;0.844694785208283;0.0;0.8467521836894443;0.0;0.0
400804;PTCGDCOM0037;1936424.657534247;1.4336464924562964;1.4336464924562964;668.9186737851571;-18539.058652758373;;0.0;0.0;PTCGDCOM0037;Bond;1917885.5988814887;0.0025;1.4301488463110552;0.0;1.4336464924562964;0.0;0.0
400804;PTFIDBOM0009;3072657.534246575;1.3329376274254672;1.3329376274254672;949.9129482842156;-25614.50702061997;;0.0;0.0;PTFIDBOM0009;Bond;3047043.027225955;0.0025;1.3296506771306313;0.0;1.3329376274254672;0.0;0.0
400804;PTNOBOOM0008;2004587.6712344475;4.4639068993932725;4.4639068993932725;5001.885394765905;-59799.77489535099;;0.0;0.0;PTNOBOOM0008;Bond;1944787.8963390966;0.0025;4.451342584534501;0.0;4.4639068993932725;0.0;0.0
400804;PTOTESOE0021;14826304.109589042;8.112421399634846;8.112421399634846;117983.84687557424;-557171.442107405;;0.0;0.0;PTOTESOE0021;Bond;14269132.667481637;0.0025;8.078006396545696;0.0;8.112421399634846;0.0;0.0
400804;XS1109741329;2021426.3013698629;1.3982154913651028;1.3982154913651028;674.9923686655279;-17414.867273748965;;0.0;0.0;XS1109741329;Bond;2004011.434096114;0.0025;1.3947550362344463;0.0;1.3982154913651028;0.0;0.0
400804;XS1117293107;2133705.4795209486;1.220081159733862;1.220081159733862;578.5337675524612;-32464.89098587766;;0.0;0.0;XS1117293107;Bond;2101240.588535071;0.0025;1.2170241447034034;0.0;1.220081159733862;0.0;0.0
400804;XS1190624038;1954516.7123287676;1.82426831216476;1.8242683121647605;1000.3659416884776;-21450.427338262667;;0.0;0.0;XS1190624038;Bond;1933066.284990505;0.0025;1.8197926328648568;0.0;1.8242683121647605;0.0;0.0
400804;XS1197273755;1781013.424657534;8.50886943122142;8.50886943122142;15292.022924741945;-92647.56525908338;;0.0;0.0;XS1197273755;Bond;1688365.8593984507;0.0025;8.475218186536653;0.0;8.50886943122142;0.0;0.0
400804;XS1242413679;3034555.479380293;0.6580558792118105;0.6580558792118105;324.8100255322551;-24742.01947023494;;0.0;0.0;XS1242413679;Bond;3009813.459910058;0.0025;0.6564625455026574;0.0;0.6580558792118105;0.0;0.0
400804;XS1311440082;3216318.493150688;2.344566570865472;2.344566570865472;2565.0934909471466;-93639.98595038881;;0.0;0.0;XS1311440082;Bond;3122678.507200299;0.0025;2.3383709339930445;0.0;2.344566570865472;0.0;0.0
400804;XS1346228577;3081842.4657534296;2.1007004301481964;2.1007004301481964;2031.0829285108484;-80222.67979109031;;0.0;0.0;XS1346228577;Bond;3001619.7859623395;0.0025;2.09525657927881;0.0;2.1007004301481964;0.0;0.0
400804;XS1500338618;3574252.05479452;11.75518057898457;11.755180578984568;54753.6118999936;-108502.9801362165;;0.0;0.0;XS1500338618;Bond;3465749.0746583035;0.0025;11.717668740422898;0.0;11.755180578984568;0.0;0.0
400804;XS1551294256;4866294.520547946;1.7319465305608006;1.7319465305608006;2282.9963419734872;-34798.35268826113;;0.0;0.0;XS1551294256;Bond;4831496.167859685;0.0025;1.7277170097193997;0.0;1.7319465305608006;0.0;0.0
400804;XS1578127778;1958191.780821918;1.888663745098448;1.888663745098448;1061.8543795123878;-22179.556652724983;;0.0;0.0;XS1578127778;Bond;1936012.224169193;0.0025;1.8840248042323713;0.0;1.888663745098448;0.0;0.0
400804;XS1588061777;1737602.7398537742;8.015879506169105;8.015879506169105;13081.552517742097;-86503.02981002865;;0.0;0.0;XS1588061777;Bond;1651099.7100437456;0.0025;7.988302668753026;0.0;8.015879506169105;0.0;0.0
400804;XS1602547264;3016786.9315068494;1.046612968878847;1.0466129688788472;642.6528109670926;-21091.340677838605;;0.0;0.0;XS1602547264;Bond;2995695.5908290106;0.0025;1.044025825937023;0.0;1.0466129688788472;0.0;0.0
400804;XS1615079974;2965337.753424658;2.023728194162005;2.023728194162005;1819.942623271239;-40139.36289248942;;0.0;0.0;XS1615079974;Bond;2925198.3905321686;0.0025;2.018623415451437;0.0;2.023728194162005;0.0;0.0
400804;XS1641457277;3501995.2054741667;17.76749274737889;17.76749274737889;132751.45367673808;-160023.5429092869;;0.0;0.0;XS1641457277;Bond;3341971.6625648797;0.0025;17.60901781034237;0.0;17.76749274737889;0.0;0.0
400804;XS1648462023;1430612.0547900936;16.137225010236964;16.137225010236964;47379.60318679797;-141885.95329270186;;0.0;0.0;XS1648462023;Bond;1288726.1014973917;0.0025;15.960289722386339;0.0;16.137225010236964;0.0;0.0
400804;XS1651071950;1952972.328767273;3.966861619469233;3.966861619469233;2139.612907394641;-46437.08340138793;;0.0;0.0;XS1651071950;Bond;1906535.245365885;0.0025;3.9788124110757295;0.0;3.966861619469233;0.0;0.0
400804;XS1733289406;3086126.7123287674;2.4973893130999527;2.4973893130999527;2722.143157551938;-95811.53309416573;;0.0;0.0;XS1733289406;Bond;2990315.1792346016;0.0025;2.490930243296986;0.0;2.4973893130999527;0.0;0.0
400804;XS1752475720;4818746.575342481;2.618599827521896;2.618599827521896;4558.089061601379;-75681.71957423905;;0.0;0.0;XS1752475720;Bond;4743064.855768242;0.0025;2.612094799886022;0.0;2.618599827521896;0.0;0.0
400804;XS1765875718;1936981.0958904156;2.7267958211033614;2.7267958211033614;1968.2869999671525;-31690.739657677597;;0.0;0.0;XS1765875718;Bond;1905290.356232738;0.0025;2.719980304364247;0.0;2.7267958211033614;0.0;0.0
400804;XS1799611642;3033256.849315175;3.713901669485209;3.713901669485209;5507.764477834885;-140232.12839149078;;0.0;0.0;XS1799611642;Bond;2893024.720923684;0.0025;3.702989525624958;0.0;3.713901669485209;0.0;0.0
400804;XS1803247557;1968159.4520547949;1.4851491187864507;1.485149118786451;721.2405739309704;-19483.889890437353;;0.0;0.0;XS1803247557;Bond;1948675.5621643576;0.0025;1.4815019300374281;0.0;1.485149118786451;0.0;0.0
400804;XS1808351214;2041764.1095890412;0.0450183659411111;0.0450183659411111;9.298211089969731;-1141.150351660725;;0.0;0.0;XS1808351214;Bond;2040622.9592373804;0.0025;0.044909582362037154;0.0;0.0450183659411111;0.0;0.0
400804;XS1811435251;2977864.931506851;1.9635538689140732;1.9635538689140732;1739.557997648697;-39129.476841466414;;0.0;0.0;XS1811435251;Bond;2938735.4546653847;0.0025;1.9585886577223777;0.0;1.9635538689140732;0.0;0.0
400804;XS1828046570;4434908.904382368;7.09455433076006;7.094554330760061;26039.00245583607;-80924.1702067659;;0.0;0.0;XS1828046570;Bond;4353984.734175602;0.0025;7.073601769592153;0.0;7.094554330760061;0.0;0.0
400804;XS1835955474;1956492.0000000384;3.001149551129469;3.001149551129469;2376.9431600775974;-39349.197000482374;;0.0;0.0;XS1835955474;Bond;1917142.802999556;0.0025;2.993294284548001;0.0;3.001149551129469;0.0;0.0
400804;XS1909186451;2896335.2055062507;5.091656629325097;5.091656629325097;9266.56820951746;-99068.57348942407;;0.0;0.0;XS1909186451;Bond;2797266.6320168264;0.0025;5.076483759512619;0.0;5.091656629325097;0.0;0.0
400804;XS1960589155;2536959.8630136983;7.934161640794025;7.934161640794025;18751.25664074773;-125444.99522820066;;0.0;0.0;XS1960589155;Bond;2411514.8677854976;0.0025;7.906758165632013;0.0;7.934161640794025;0.0;0.0
400804;XS1968706108;1901317.5342470417;3.738641371865635;3.738641371865635;3392.8369158709265;-88259.00217345939;;0.0;0.0;XS1968706108;Bond;1813058.5320735823;0.0025;3.7289733146011503;0.0;3.738641371865635;0.0;0.0
400804;XS1980857319;4089140.547945064;15.245656041213536;15.245656041213536;108392.42502225118;-160824.90903161553;;0.0;0.0;XS1980857319;Bond;3928315.6389134484;0.0025;15.164046473088332;0.0;15.245656041213536;0.0;0.0
400804;XS1986416268;2906984.383561644;1.996075059934735;1.996075059934735;1734.6097651164398;-37667.198867613115;;0.0;0.0;XS1986416268;Bond;2869317.184694031;0.0025;1.9911182442696151;0.0;1.996075059934735;0.0;0.0
400804;XS2008801297;1950924.219178083;1.1839188207834237;1.1839188207834237;499.26109912945543;-15391.145575809891;;0.0;0.0;XS2008801297;Bond;1935533.073602273;0.0025;1.181025229165595;0.0;1.1839188207834237;0.0;0.0
400804;XS2009861480;2736332.4657537458;4.866144610917457;4.866144610917457;7930.520354490813;-79758.28612710652;;0.0;0.0;XS2009861480;Bond;2656574.179626639;0.0025;4.852887273809421;0.0;4.866144610917457;0.0;0.0
400804;XS2010044209;840627.6712420023;6.2215984992438;6.2215984992438;3799.629860492695;-31283.687922633944;;0.0;0.0;XS2010044209;Bond;809343.9833193683;0.0025;6.20536943348611;0.0;6.2215984992438;0.0;0.0
400804;XS2014382845;1712724.6576808726;6.74744335018538;6.747443350185379;9124.0523231986;-69207.52070424553;;0.0;0.0;XS2014382845;Bond;1643517.1369766272;0.0025;6.728082956990133;0.0;6.747443350185379;0.0;0.0
400804;XS2022425024;1469739.7260273974;10.171523174867565;10.171523174867565;17241.583192268852;-93057.26057979597;;0.0;0.0;XS2022425024;Bond;1376682.4654476014;0.0025;10.136896753531301;0.0;10.171523174867565;0.0;0.0
400804;XS2047619064;2914818.9041095893;1.4351909604682596;1.4351909604682598;1008.9333933675666;-25096.756465581522;;0.0;0.0;XS2047619064;Bond;2889722.1476440076;0.0025;1.431686910544065;0.0;1.4351909604682598;0.0;0.0
400804;XS2051494495;2779843.150685102;4.206910606475879;4.206910606475879;6143.149095866037;-70131.79202997092;;0.0;0.0;XS2051494495;Bond;2709711.3586551314;0.0025;4.195908584972825;0.0;4.206910606475879;0.0;0.0
400804;XS2055781962;3772057.534246577;9.227397601382663;9.22739760138266;35556.55307384662;-89726.67811709095;;0.0;0.0;XS2055781962;Bond;3682330.856129486;0.0025;9.204602220304114;0.0;9.22739760138266;0.0;0.0
400804;XS2056396919;2830052.46575343;2.4149718460158422;2.4149718460158422;2319.5457496219133;-40998.67428409794;;0.0;0.0;XS2056396919;Bond;2789053.7914693323;0.0025;2.4090617615969263;0.0;2.4149718460158422;0.0;0.0
400804;XS2057069093;2956982.0547945206;1.0100575667508722;1.0100575667508722;594.1426909816902;-17951.040012775422;;0.0;0.0;XS2057069093;Bond;2939031.014781745;0.0025;1.007584888865489;0.0;1.0100575667508722;0.0;0.0
400804;XS2057070182;2636912.465932051;5.993173305929745;5.993173305929748;11316.801390235722;-94740.3298571062;;0.0;0.0;XS2057070182;Bond;2542172.136074945;0.0025;5.9756764614065;0.0;5.993173305929748;0.0;0.0
400804;XS2058556536;2817662.876712336;2.825805299576201;2.825805299576201;3032.004901096731;-47738.0211437355;;0.0;0.0;XS2058556536;Bond;2769924.855568601;0.0025;2.8188664671767554;0.0;2.825805299576201;0.0;0.0
400804;XS2058556619;2604927.123289063;6.109258915918713;6.109258915918713;11467.338072795155;-95274.70286884639;;0.0;0.0;XS2058556619;Bond;2509652.420420217;0.0025;6.092512219220696;0.0;6.109258915918713;0.0;0.0
400804;XS2058557260;1467976.7123287672;12.219117204465324;12.219117204465324;24092.274964567223;-108147.21859448159;;0.0;0.0;XS2058557260;Bond;1359829.4937342857;0.0025;12.182086972659135;0.0;12.219117204465324;0.0;0.0
400804;XS2063232727;2909410.684931507;1.478131707094366;1.4781317070943665;1055.762723911613;-28711.029712658383;;0.0;0.0;XS2063232727;Bond;2880699.6552188485;0.0025;1.4745219267615126;0.0;1.4781317070943665;0.0;0.0
400804;XS2079079799;2970092.465691903;0.6022654780377488;0.6022654780377488;280.95823666853937;-22165.840757656835;;0.0;0.0;XS2079079799;Bond;2947926.6249342463;0.0025;0.6008073926075226;0.0;0.6022654780377488;0.0;0.0
400804;XS2079678400;2688470.1369871385;4.439126962528649;4.439126962528649;6496.909497889501;-71577.36467235071;;0.0;0.0;XS2079678400;Bond;2616892.772314788;0.0025;4.427977024100286;0.0;4.439126962528649;0.0;0.0
400804;XS2082429890;2961616.4383561644;0.8220564376128106;0.8220564376128103;435.5232507966795;-15247.359437019182;;0.0;0.0;XS2082429890;Bond;2946369.0789191453;0.0025;0.8200694814040602;0.0;0.8220564376128103;0.0;0.0
400804;XS2114852218;2857252.6027397267;2.0737245878711814;2.0737245878711814;1809.2989076156737;-35520.9576242114;;0.0;0.0;XS2114852218;Bond;2821731.645115515;0.0025;2.0686446646699688;0.0;2.0737245878711814;0.0;0.0
400804;XS2115091717;2808793.561643872;2.785335884509613;2.785335884509613;2945.357401308768;-48184.73592786808;;0.0;0.0;XS2115091717;Bond;2760608.825716004;0.0025;2.778515621842662;0.0;2.785335884509613;0.0;0.0
400804;XS2115092012;1368516.1643835274;12.835117561495238;12.835117561495238;25871.454427632256;-109287.6086882171;;0.0;0.0;XS2115092012;Bond;1259228.5556953102;0.0025;12.774349446506944;0.0;12.835117561495238;0.0;0.0
400804;XS2153459123;1968882.4657538796;3.674492995249577;3.674492995249577;3463.6688934953418;-43381.73028695936;;0.0;0.0;XS2153459123;Bond;1925500.7354669203;0.0025;3.664267604287726;0.0;3.674492995249577;0.0;0.0
400804;XS2176621170;3023969.178082193;0.8655062936309703;0.8655062936309703;483.3185718140244;-32431.464704819184;;0.0;0.0;XS2176621170;Bond;2991537.7133773738;0.0025;0.8633833165144388;0.0;0.8655062936309703;0.0;0.0
400804;XS2183818637;3034212.328757107;0.4306814448211825;0.4306814448211825;183.08547344763423;-16160.29799206525;;0.0;0.0;XS2183818637;Bond;3018052.0307650417;0.0025;0.42963665201254814;0.0;0.4306814448211825;0.0;0.0
400804;XS2185867913;1901947.1232886245;4.783055931445025;4.783055931445025;5386.547815155636;-54510.755414709;;0.0;0.0;XS2185867913;Bond;1847436.3678739155;0.0025;4.769446921515294;0.0;4.783055931445025;0.0;0.0
400804;XS2194790262;3595436.301369863;10.29479713747155;10.29479713747155;41709.966906549256;-95511.81900311075;;0.0;0.0;XS2194790262;Bond;3499924.4823667523;0.0025;10.26973405287152;0.0;10.29479713747155;0.0;0.0
400804;XS2218405772;1180845.205479452;1.1363535728120069;1.1363535728120069;282.72460771525783;-8357.691457416642;;0.0;0.0;XS2218405772;Bond;1172487.5140220353;0.0025;1.1335961806583563;0.0;1.1363535728120069;0.0;0.0
400804;XS2221845683;2615496.5753939985;5.655587062305996;5.655587062305994;10073.098003431203;-184300.66435966198;;0.0;0.0;XS2221845683;Bond;2431195.9110343363;0.0025;5.639268380344042;0.0;5.655587062305994;0.0;0.0
400804;XS2227050379;1674860.8219193425;6.931175407308748;6.931175407308748;9372.032806909814;-69743.0903407548;;0.0;0.0;XS2227050379;Bond;1605117.7315785878;0.0025;6.911385678075685;0.0;6.931175407308748;0.0;0.0
400804;XS2228245838;2956849.314814812;0.91987586377265;0.91987586377265;514.9047521249115;-18166.396132800593;;0.0;0.0;XS2228245838;Bond;2938682.9186820113;0.0025;0.9176378011342688;0.0;0.91987586377265;0.0;0.0
400804;XS2239067379;2652957.534247395;5.219643220282785;5.219643220282785;8678.19755102893;-82928.29694471484;;0.0;0.0;XS2239067379;Bond;2570029.2373026805;0.0025;5.205976389403471;0.0;5.219643220282785;0.0;0.0
400804;XS2247936342;2749629.8630291;5.135293393334361;5.135293393334361;8838.70907802352;-175315.14184044473;;0.0;0.0;XS2247936342;Bond;2574314.721188655;0.0025;5.120858771773134;0.0;5.135293393334361;0.0;0.0
400804;XS2258452478;2753342.4657534263;2.7880472864126604;2.78804728641266;2886.7909995790583;-51538.82869556153;;0.0;0.0;XS2258452478;Bond;2701803.6370578646;0.0025;2.7812686098475283;0.0;2.78804728641266;0.0;0.0
400804;XS2267889991;2900612.8767125728;3.431858475199024;3.431858475199023;4453.589232917473;-59801.54475033563;;0.0;0.0;XS2267889991;Bond;2840811.331962237;0.0025;3.42291770819643;0.0;3.431858475199023;0.0;0.0
400804;XS2268340010;1793200.0000002233;3.5801252167945234;3.5801252167945234;2921.663016131099;-38467.82465753903;;0.0;0.0;XS2268340010;Bond;1754732.1753426841;0.0025;3.571435926760368;0.0;3.5801252167945234;0.0;0.0
400804;XS2281155254;2671191.780822058;3.7010962176307007;3.7010962176307007;4624.987752786624;-66459.31245473008;;0.0;0.0;XS2281155254;Bond;2604732.468367328;0.0025;3.6920556929367;0.0;3.7010962176307007;0.0;0.0
400804;XS2297549391;2795804.794520556;2.763381200063032;2.763381200063032;2891.5010752421126;-51745.8783721492;;0.0;0.0;XS2297549391;Bond;2744058.916148407;0.0025;2.756616176022804;0.0;2.763381200063032;0.0;0.0
400804;XS2306601746;2920735.068493216;2.767956204608792;2.767956204608792;3049.032482008883;-48491.38612217963;;0.0;0.0;XS2306601746;Bond;2872243.682371036;0.0025;2.7610119981720698;0.0;2.767956204608792;0.0;0.0
400804;XS2308616841;2576140.6849740967;5.6628651647729376;5.6628651647729376;9746.983844752884;-94727.30361788406;;0.0;0.0;XS2308616841;Bond;2481413.381356213;0.0025;5.64844625980581;0.0;5.6628651647729376;0.0;0.0
400804;XS2310118976;2944875.616438356;0.933907280980225;0.933907280980225;523.1798027875869;-34079.87562694689;;0.0;0.0;XS2310118976;Bond;2910795.7408114094;0.0025;0.9316462957247439;0.0;0.933907280980225;0.0;0.0
400804;XS2311407352;1953798.082100756;1.0753457357773704;1.0753457357773704;430.9570589077387;-14077.769864144619;;0.0;0.0;XS2311407352;Bond;1939720.3122366113;0.0025;1.0727223068964555;0.0;1.0753457357773704;0.0;0.0
400804;XS2314312179;2611027.3973501218;5.98837125981414;5.98837125981414;11175.298100625652;-194694.56522971558;;0.0;0.0;XS2314312179;Bond;2416332.832120406;0.0025;5.971021770157558;0.0;5.98837125981414;0.0;0.0
400804;XS2314675997;4311786.301386418;5.4790090946052485;5.479009094605248;15247.101614660163;-60671.9381756378;;0.0;0.0;XS2314675997;Bond;4251114.36321078;0.0025;5.465654320997376;0.0;5.479009094605248;0.0;0.0
400804;XS2320746394;1312870.684931465;13.903917513091756;13.903917513091756;29023.05242944152;-111958.97045006813;;0.0;0.0;XS2320746394;Bond;1200911.7144813968;0.0025;13.83455085935477;0.0;13.903917513091756;0.0;0.0
400804;XS2321466133;2933332.1917808214;0.94225624334273;0.94225624334273;527.4539671545142;-34428.47975229874;;0.0;0.0;XS2321466133;Bond;2898903.7120285225;0.0025;0.9399805123526149;0.0;0.94225624334273;0.0;0.0
400804;XS2323295563;2918643.780603908;0.9696952704211224;0.9696952704211226;549.6393197217747;-17128.04103576321;;0.0;0.0;XS2323295563;Bond;2901515.739568145;0.0025;0.967338039948475;0.0;0.9696952704211226;0.0;0.0
400804;XS2324321285;2936897.6712328764;0.9549239501653504;0.9549239501653504;540.8560099784409;-18723.728440983297;;0.0;0.0;XS2324321285;Bond;2918173.942791893;0.0025;0.9525996756336313;0.0;0.9549239501653504;0.0;0.0
400804;XS2325328313;2645547.945205478;5.413793084154759;5.413793084154759;9442.96358441358;-179330.6412376876;;0.0;0.0;XS2325328313;Bond;2466217.30396779;0.0025;5.39783149516479;0.0;5.413793084154759;0.0;0.0
400804;XS2331216577;2927496.1643835614;1.0104626938870591;1.0104626938870591;587.4840913744349;-19734.246030999147;;0.0;0.0;XS2331216577;Bond;2907761.918352562;0.0025;1.0079983308889282;0.0;1.0104626938870591;0.0;0.0
400804;XS2331315635;1592592.3287671527;7.62501045061173;7.6250104506117315;10566.289406610373;-73072.48561692498;;0.0;0.0;XS2331315635;Bond;1519519.8431502278;0.0025;7.604496213146819;0.0;7.6250104506117315;0.0;0.0
400804;XS2337252931;1814081.643835647;3.9270956002485513;3.9270956002485513;3513.8109214770884;-42712.65096452819;;0.0;0.0;XS2337252931;Bond;1771368.992871119;0.0025;3.917226698720444;0.0;3.9270956002485513;0.0;0.0
400804;XS2338643740;2898665.5890410966;1.5348039473827506;1.5348039473827504;1117.01877414383;-29706.85726848216;;0.0;0.0;XS2338643740;Bond;2868958.7317726146;0.0025;1.5310591001225191;0.0;1.5348039473827504;0.0;0.0
400804;XS2342206591;2934022.767123287;1.0731939897093563;1.0731939897093563;644.4823441097576;-39081.54139671757;;0.0;0.0;XS2342206591;Bond;2894941.2257265695;0.0025;1.0705818964876492;0.0;1.0731939897093563;0.0;0.0
400804;XS2343459074;2917808.219178081;1.3375887407712237;1.3375887407712237;902.8310832270845;-48221.22058555081;;0.0;0.0;XS2343459074;Bond;2869586.9985925304;0.0025;1.3343260753304316;0.0;1.3375887407712237;0.0;0.0
400804;XS2349788377;1945465.8630136985;1.1517270593701086;1.1517270593701086;476.35540845192287;-14992.609143558;;0.0;0.0;XS2349788377;Bond;1930473.2538701405;0.0025;1.1489218934343202;0.0;1.1517270593701086;0.0;0.0
400804;XS2350756446;2871215.75342466;2.0961572736945704;2.0961572736945704;1856.298208480216;-74588.00226182131;;0.0;0.0;XS2350756446;Bond;2796627.7511628387;0.0025;2.0909789637298406;0.0;2.0961572736945704;0.0;0.0
400804;XS2351220814;1869623.2876712345;3.04944650272179;3.04944650272179;2310.403020012532;-38250.20333450513;;0.0;0.0;XS2351220814;Bond;1831373.0843367293;0.0025;3.041800348142094;0.0;3.04944650272179;0.0;0.0
400804;XS2356569736;1942856.164383562;1.424075170690268;1.4240751706902677;663.4910088010314;-34319.91772219425;;0.0;0.0;XS2356569736;Bond;1908536.2466613678;0.0025;1.4206075734920103;0.0;1.4240751706902677;0.0;0.0
400804;XS2357417257;2789383.561643857;3.0976555210647727;3.0976555210647727;3538.4365137966224;-58048.45175047886;;0.0;0.0;XS2357417257;Bond;2731335.1098933783;0.0025;3.08993076806448;0.0;3.0976555210647727;0.0;0.0
400804;XS2357951164;1142383.0136886945;20.22499868352656;20.22499868352656;56543.507218630126;-143116.23853775044;;0.0;0.0;XS2357951164;Bond;999266.775150944;0.0025;20.01022253991931;0.0;20.22499868352656;0.0;0.0
400804;XS2360310044;2803937.6712329253;3.1155725533743146;3.1155725533743146;3599.0702784724567;-58607.59180608338;;0.0;0.0;XS2360310044;Bond;2745330.079426842;0.0025;3.1077501058758883;0.0;3.1155725533743146;0.0;0.0
400804;XS2363982344;2917982.876712328;1.2518726529281945;1.2518726529281945;813.7928830809215;-24402.552120985827;;0.0;0.0;XS2363982344;Bond;2893580.324591342;0.0025;1.2488183945751181;0.0;1.2518726529281945;0.0;0.0
400804;XS2381853279;2745075.616438441;3.3087090626120244;3.3087090626120244;3897.103693977624;-54441.99523456023;;0.0;0.0;XS2381853279;Bond;2690633.6212038808;0.0025;3.300586181787065;0.0;3.3087090626120244;0.0;0.0
400804;XS2382950330;2855723.753424659;2.10269703413808;2.10269703413808;1852.213695752171;-74667.89607171399;;0.0;0.0;XS2382950330;Bond;2781055.857352945;0.0025;2.097535447613267;0.0;2.10269703413808;0.0;0.0
400804;XS2384715244;2816816.301369864;2.371023815831532;2.371023815831532;2237.0416219699114;-40059.35193356787;;0.0;0.0;XS2384715244;Bond;2776756.9494362962;0.0025;2.365223856415075;0.0;2.371023815831532;0.0;0.0
400804;XS2385397901;1925500.0;1.420062835070115;1.420062835070115;654.6956050054334;-16427.416438356166;;0.0;0.0;XS2385397901;Bond;1909072.5835616437;0.0025;1.416603948762795;0.0;1.420062835070115;0.0;0.0
400804;XS2387060259;2765953.5616438584;3.3094897912747023;3.3094897912747023;3941.704276314704;-61450.19770571076;;0.0;0.0;XS2387060259;Bond;2704503.3639381477;0.0025;3.301244605430649;0.0;3.3094897912747023;0.0;0.0
400804;XS2388491289;2755594.767123344;3.3360605808852477;3.3360605808852477;3981.218534846336;-61790.810150440215;;0.0;0.0;XS2388491289;Bond;2693803.9569729036;0.0025;3.327764419139581;0.0;3.3360605808852477;0.0;0.0
400804;XS2389353264;2486233.150704276;6.570182923318412;6.570182923318411;12479.942562123331;-106185.90353901955;;0.0;0.0;XS2389353264;Bond;2380047.247165256;0.0025;6.552610713462092;0.0;6.570182923318411;0.0;0.0
400804;XS2390400716;1823253.698630244;3.9712923889075977;3.971292388907597;3611.777217725956;-43369.43758017295;;0.0;0.0;XS2390400716;Bond;1779884.261050071;0.0025;3.9611965085632304;0.0;3.971292388907597;0.0;0.0
400804;XS2390506546;2814390.410958907;2.4130102131745605;2.4130102131745605;2302.789925412492;-45494.49248464744;;0.0;0.0;XS2390506546;Bond;2768895.91847426;0.0025;2.4071112641966974;0.0;2.4130102131745605;0.0;0.0
400804;XS2398710546;2515979.589045611;6.154182368602597;6.154182368602597;11195.895522837376;-100381.33485605744;;0.0;0.0;XS2398710546;Bond;2415598.2541895537;0.0025;6.137619393082478;0.0;6.154182368602597;0.0;0.0
400804;XS2404642923;2770365.20547965;3.894709001702216;3.894709001702216;5319.10150191198;-70066.06995618352;;0.0;0.0;XS2404642923;Bond;2700299.1355234664;0.0025;3.884630894448145;0.0;3.894709001702216;0.0;0.0
400804;XS2407985220;1919400.0;1.5895171012764482;1.5895171012764484;782.4384110491379;-18331.584657534255;;0.0;0.0;XS2407985220;Bond;1901068.4153424657;0.0025;1.585642327925427;0.0;1.5895171012764484;0.0;0.0
400804;XS2412267515;1844222.465753425;4.517182350182123;4.517182350182124;4645.5279382444905;-49977.399279134275;;0.0;0.0;XS2412267515;Bond;1794245.0664742906;0.0025;4.505220619082443;0.0;4.517182350182124;0.0;0.0
400804;XS2412267788;1770797.2603074266;7.467036714634262;7.467036714634262;11834.607962053453;-80472.44795461907;;0.0;0.0;XS2412267788;Bond;1690324.8123528075;0.0025;7.439348086057981;0.0;7.467036714634262;0.0;0.0
400804;XS2416413339;2887448.6301369863;1.6223189934301512;1.6223189934301512;1216.7638263616002;-31294.625111585206;;0.0;0.0;XS2416413339;Bond;2856154.0050254012;0.0025;1.6183638515567866;0.0;1.6223189934301512;0.0;0.0
400804;XS2430951660;1934679.397260276;1.7713835762840144;1.7713835762840144;941.9881807914995;-22903.37949542934;;0.0;0.0;XS2430951660;Bond;1911776.0177648466;0.0025;1.7670556689876735;0.0;1.7713835762840144;0.0;0.0
400804;XS2430951744;1920858.356164384;1.7810095421461136;1.7810095421461134;943.6858228184557;-22765.963928258767;;0.0;0.0;XS2430951744;Bond;1898092.3922361252;0.0025;1.7766574446362853;0.0;1.7810095421461134;0.0;0.0
400804;XS2431029441;2635684.931620344;6.467417167636068;6.467417167636068;13271.28139440552;-212932.5025379219;;0.0;0.0;XS2431029441;Bond;2422752.429082422;0.0025;6.446105114926136;0.0;6.467417167636068;0.0;0.0
400804;XS2432544349;2430948.904109589;8.499933711249843;8.499933711249843;20243.194143197583;-125028.2921483959;;0.0;0.0;XS2432544349;Bond;2305920.611961193;0.0025;8.472373873904363;0.0;8.499933711249843;0.0;0.0
400804;XS2434701616;2903741.5068493406;2.6900189616660146;2.6900189616660146;1963.193208280107;-46835.95387450802;;0.0;0.0;XS2434701616;Bond;2856905.5529748327;0.0025;2.6912071942052216;0.0;2.6900189616660146;0.0;0.0
400804;XS2436159847;1911701.91780822;2.0190259881667325;2.019025988166732;1157.4367153599694;-25689.122305020894;;0.0;0.0;XS2436159847;Bond;1886012.795503199;0.0025;2.0140809450074273;0.0;2.019025988166732;0.0;0.0
400804;XS2439543047;4457531.506851849;4.506156344842549;4.506156344842549;11016.38774648266;-51537.20266966199;;0.0;0.0;XS2439543047;Bond;4405994.304182187;0.0025;4.495134708445865;0.0;4.506156344842549;0.0;0.0
400804;XS2440108491;1922738.630136987;1.8138689536320731;1.8138689536320731;973.596006037529;-23217.58237286067;;0.0;0.0;XS2440108491;Bond;1899521.0477641262;0.0025;1.8094352801361981;0.0;1.8138689536320731;0.0;0.0
400804;XS2441055998;1921337.2602739728;1.805784231218277;1.805784231218277;965.1541166277882;-23169.03256892522;;0.0;0.0;XS2441055998;Bond;1898168.2277050475;0.0025;1.8013780088205642;0.0;1.805784231218277;0.0;0.0
400804;XS2443749648;2949431.506849136;2.7435802612135;2.743580261213499;3074.9028490093906;-50574.64744822908;;0.0;0.0;XS2443749648;Bond;2898856.859400907;0.0025;2.736334821428091;0.0;2.743580261213499;0.0;0.0
400804;XS2443920249;2963167.8080769205;0.8577605507706277;0.8577605507706278;465.145958360549;-16991.534855630125;;0.0;0.0;XS2443920249;Bond;2946176.27322129;0.0025;0.8556755359672289;0.0;0.8577605507706278;0.0;0.0
400804;XS2446386430;2978428.7671319125;5.323890783266422;5.323890783266421;10596.261418335947;-106703.12225698843;;0.0;0.0;XS2446386430;Bond;2871725.644874924;0.0025;5.3058086100440915;0.0;5.323890783266421;0.0;0.0
400804;XS2464405229;2017406.8493151907;2.803135796999113;2.803135796999114;2191.404382402781;-37792.55444456804;;0.0;0.0;XS2464405229;Bond;1979614.2948706227;0.0025;2.7956235199253086;0.0;2.803135796999114;0.0;0.0
400804;XS2466368938;1910808.7671232915;3.9141595339525432;3.9141595339525432;3732.4993202266223;-44836.333547878945;;0.0;0.0;XS2466368938;Bond;1865972.4335754125;0.0025;3.9036271211470415;0.0;3.9141595339525432;0.0;0.0
400804;XS2466426215;1952611.2328767127;1.8910002524010887;1.8910002524010887;1060.8339695572588;-24580.327539699378;;0.0;0.0;XS2466426215;Bond;1928030.9053370133;0.0025;1.8863577096837214;0.0;1.8910002524010887;0.0;0.0
400804;XS2475502832;3042113.01369863;1.0378270320408456;1.0378270320408456;640.4760122258323;-21155.313432657495;;0.0;0.0;XS2475502832;Bond;3020957.7002659724;0.0025;1.035256330385713;0.0;1.0378270320408456;0.0;0.0
400804;XS2475954900;4597141.780957875;6.606547753606673;6.606547753606673;23823.854584252906;-124926.14343629088;;0.0;0.0;XS2475954900;Bond;4472215.637521584;0.0025;6.58610596499143;0.0;6.606547753606673;0.0;0.0
400804;XS2484093393;4628233.561776383;6.593973161741857;6.593973161741859;23961.434348482428;-78478.91296175886;;0.0;0.0;XS2484093393;Bond;4549754.648814624;0.0025;6.573243591469209;0.0;6.593973161741859;0.0;0.0
400804;XS2486589596;3077171.589041096;1.1462044821586503;1.1462044821586506;755.4435810241955;-23582.953373552235;;0.0;0.0;XS2486589596;Bond;3053588.635667544;0.0025;1.1433514605528043;0.0;1.1462044821586506;0.0;0.0
400804;XS2487016250;2952856.8493157728;4.6185872472044975;4.6185872472044975;7935.143853589934;-81729.59760510903;;0.0;0.0;XS2487016250;Bond;2871127.2517106635;0.0025;4.604733696345626;0.0;4.6185872472044975;0.0;0.0
400804;XS2489775580;2981753.013698889;3.3844615057789293;3.3844615057789293;4500.956438312669;-60602.44061953305;;0.0;0.0;XS2489775580;Bond;2921150.573079356;0.0025;3.3753604527745895;0.0;3.3844615057789293;0.0;0.0
400804;XS2491542457;2105586.8493471323;5.997425881518952;5.997425881518951;9517.020252210625;-77322.18927726596;;0.0;0.0;XS2491542457;Bond;2028264.6600698663;0.0025;5.974351432749356;0.0;5.997425881518951;0.0;0.0
400804;XS2491738949;2073568.2191780875;2.320602582027679;2.320602582027679;1616.3263349966826;-29732.856433374094;;0.0;0.0;XS2491738949;Bond;2043835.3627447134;0.0025;2.314578315124624;0.0;2.320602582027679;0.0;0.0
400804;XS2498554992;2114258.9041095935;2.094348861806352;2.0943488618063517;1393.3994580384276;-27292.287120321365;;0.0;0.0;XS2498554992;Bond;2086966.6169892722;0.0025;2.0888383886620705;0.0;2.0943488618063517;0.0;0.0
400804;XS2502850865;1986696.438356166;2.202173235725611;2.202173235725611;1405.4290620180907;-11204.122164777158;;0.0;0.0;XS2502850865;Bond;1975492.3161913888;0.0025;2.196611649758626;0.0;2.202173235725611;0.0;0.0
400804;XS2524746687;3123000.0000000005;6.8448677867577405;6.8448677867577405;18376.12289001812;-266157.38779278385;;0.0;0.0;XS2524746687;Bond;2856842.6122072167;0.0025;6.8148951951804415;0.0;6.8448677867577405;0.0;0.0
400804;XS2525226622;3100749.8630137;2.2358809696214865;2.235880969621487;2269.4784185262392;-46404.8428100671;;0.0;0.0;XS2525226622;Bond;3054345.0202036332;0.0025;2.2300810596697636;0.0;2.235880969621487;0.0;0.0
400804;XS2526881532;3098013.698630128;2.2829252924187258;2.2829252924187258;2338.1267388877754;-44032.54178432797;;0.0;0.0;XS2526881532;Bond;3053981.1568458;0.0025;2.2770867118528297;0.0;2.2829252924187258;0.0;0.0
400804;XS2528323780;3112927.808219187;2.2722822760715853;2.2722822760715853;2341.824987262089;-47278.798859999755;;0.0;0.0;XS2528323780;Bond;3065649.009359187;0.0025;2.266383188699291;0.0;2.2722822760715853;0.0;0.0
400804;XS2528858033;3149350.4383561653;2.256388573123973;2.256388573123973;2346.718186441216;-47536.02329336798;;0.0;0.0;XS2528858033;Bond;3101814.4150627973;0.0025;2.2504882076926753;0.0;2.256388573123973;0.0;0.0
400804;XS2531479462;3100700.9589041104;1.718017227738626;1.7180172277386263;1445.1659136049973;-35547.84129227191;;0.0;0.0;XS2531479462;Bond;3065153.1176118385;0.0025;1.7137442565912402;0.0;1.7180172277386263;0.0;0.0
400804;XS2532312548;2028469.3150692647;3.952100507124943;3.952100507124943;4082.057199175355;-48195.64815247462;;0.0;0.0;XS2532312548;Bond;1980273.6669167902;0.0025;3.940838677758011;0.0;3.952100507124943;0.0;0.0
400804;XS2535308477;3055038.0821918;3.148785669403451;3.1487856694034515;4063.40753523162;-57707.641903879296;;0.0;0.0;XS2535308477;Bond;2997330.4402879206;0.0025;3.140321104393383;0.0;3.1487856694034515;0.0;0.0
400804;XS2536364081;3121133.835616448;2.309709160978052;2.309709160978052;2414.65880623802;-48176.13010672156;;0.0;0.0;XS2536364081;Bond;3072957.7055097264;0.0025;2.3037048531475897;0.0;2.309709160978052;0.0;0.0
400804;XS2538368221;3138890.54794609;3.885545249868589;3.885545249868589;6169.900986717702;-74092.71771199186;;0.0;0.0;XS2538368221;Bond;3064797.8302340982;0.0025;3.874148126244858;0.0;3.885545249868589;0.0;0.0
400804;XS2542914986;3096249.863016046;4.312378778352292;4.31237877835229;7302.29461651881;-81361.46442882682;;0.0;0.0;XS2542914986;Bond;3014888.3985872194;0.0025;4.299909506305991;0.0;4.31237877835229;0.0;0.0
400804;XS2545759099;2198470.684934929;4.201880642848807;4.201880642848807;5016.721229734648;-62007.887927542964;;0.0;0.0;XS2545759099;Bond;2136462.797007386;0.0025;4.188972292971042;0.0;4.201880642848807;0.0;0.0
400804;XS2548080832;3200497.4794520587;2.3688788410655968;2.3688788410655968;2594.075414474975;-50722.8491841634;;0.0;0.0;XS2548080832;Bond;3149774.6302678953;0.0025;2.362644744442254;0.0;2.3688788410655968;0.0;0.0
400804;XS2550081454;3121448.630136986;1.7358331217381404;1.7358331217381409;1480.0334824371944;-36195.212739931114;;0.0;0.0;XS2550081454;Bond;3085253.417397055;0.0025;1.7315121744013975;0.0;1.7358331217381409;0.0;0.0
400804;XS2553547444;3276864.2467463017;2.3763290002936417;2.3763290002936417;2680.009527773415;-96771.2727804858;;0.0;0.0;XS2553547444;Bond;3180092.9739658157;0.0025;2.3699998999371887;0.0;2.3763290002936417;0.0;0.0
400804;XS2553801502;2149595.8904109662;2.404664528291732;2.404664528291732;1788.6636882736686;-34570.59778228955;;0.0;0.0;XS2553801502;Bond;2115025.2926286766;0.0025;2.398318232083549;0.0;2.404664528291732;0.0;0.0
400804;XS2554488978;3106239.863013723;2.677002329353659;2.677002329353659;3086.203732572118;-51446.18894421408;;0.0;0.0;XS2554488978;Bond;3054793.674069509;0.0025;2.6700794401413512;0.0;2.677002329353659;0.0;0.0
400804;XS2554489513;3211818.4931531907;4.380287552829357;4.380287552829357;8065.806223022831;-87470.89859325605;;0.0;0.0;XS2554489513;Bond;3124347.5945599345;0.0025;4.365472611656682;0.0;4.380287552829357;0.0;0.0
400804;XS2554746185;3148643.835616439;1.5349899013490682;1.5349899013490682;1224.6766201151615;-32423.11376086415;;0.0;0.0;XS2554746185;Bond;3116220.7218555748;0.0025;1.53115654423703;0.0;1.5349899013490682;0.0;0.0
400804;XS2555925218;2156047.9452054827;2.64540964215928;2.64540964215928;2109.4180802096434;-38224.23669142942;;0.0;0.0;XS2555925218;Bond;2117823.7085140534;0.0025;2.6384458093781515;0.0;2.64540964215928;0.0;0.0
400804;XS2558591967;3184027.3972602743;1.7028584985400814;1.7028584985400816;1464.7279789059555;-36339.08897499691;;0.0;0.0;XS2558591967;Bond;3147688.3082852773;0.0025;1.6986072243748234;0.0;1.7028584985400816;0.0;0.0
400804;XS2563002653;3143517.12328769;2.6479620565673097;2.6479620565673097;3069.960186064253;-55780.74935700935;;0.0;0.0;XS2563002653;Bond;3087736.3739306806;0.0025;2.641076303356421;0.0;2.6479620565673097;0.0;0.0
400804;XS2569069375;2099699.4520547967;2.5823255814647927;2.5823255814647927;1964.889571049083;-36290.05048162481;;0.0;0.0;XS2569069375;Bond;2063409.4015731718;0.0025;2.5756017042424313;0.0;2.5823255814647927;0.0;0.0
400804;XS2573569576;3575239.726028535;4.27475089310184;4.2747508931018405;8346.706056115363;-102486.01920239492;;0.0;0.0;XS2573569576;Bond;3472753.70682614;0.0025;4.262069970992213;0.0;4.2747508931018405;0.0;0.0
400804;XS2573712044;3175520.547945243;4.229942559564544;4.229942559564544;7299.25065731857;-90412.54128246507;;0.0;0.0;XS2573712044;Bond;3085108.0066627776;0.0025;4.217208601589827;0.0;4.229942559564544;0.0;0.0
400804;XS2574870759;3076061.506849317;5.334434765246704;5.334434765246703;11023.560494522662;-100110.6335907076;;0.0;0.0;XS2574870759;Bond;2975950.8732586093;0.0025;5.315983735345571;0.0;5.334434765246703;0.0;0.0
400804;XS2575952697;3321363.726027444;2.616905846190259;2.616905846190259;3173.9845525188034;-58099.65908628395;;0.0;0.0;XS2575952697;Bond;3263264.0669411602;0.0025;2.610135663974656;0.0;2.616905846190259;0.0;0.0
400804;XS2575971994;3117388.767123301;2.6115091769419383;2.6115091769419383;2969.275405551537;-54462.55662797439;;0.0;0.0;XS2575971994;Bond;3062926.2104953267;0.0025;2.6047469272865493;0.0;2.6115091769419383;0.0;0.0
400804;XS2576362839;3224816.7123287674;2.0963922134953266;2.0963922134953266;2136.015584408582;-45264.58192868375;;0.0;0.0;XS2576362839;Bond;3179552.1304000835;0.0025;2.090820162817588;0.0;2.0963922134953266;0.0;0.0
400804;XS2577127967;3147228.575342482;2.6138344652167262;2.6138344652167262;3007.734694637823;-102210.14040740344;;0.0;0.0;XS2577127967;Bond;3045018.4349350785;0.0025;2.60702286093542;0.0;2.6138344652167262;0.0;0.0
400804;XS2577396430;3126790.684931541;2.5407253048438068;2.5407253048438068;2840.270135063619;-48839.35413406436;;0.0;0.0;XS2577396430;Bond;3077951.3307974767;0.0025;2.534154369227478;0.0;2.5407253048438068;0.0;0.0
400804;XS2578472339;2154889.589041125;2.9689568947544576;2.9689568947544576;2626.0519581112203;-42950.468006874595;;0.0;0.0;XS2578472339;Bond;2111939.1210342506;0.0025;2.9605274565472426;0.0;2.9689568947544576;0.0;0.0
400804;XS2579324869;3086544.246575356;2.6391450617767944;2.6391450617767944;2989.6099529307253;-54493.93800436301;;0.0;0.0;XS2579324869;Bond;3032050.308570993;0.0025;2.632342914528904;0.0;2.6391450617767944;0.0;0.0
400804;XS2579897633;3180207.1232960057;4.874708368127279;4.87470836812728;9574.605643459545;-95237.18560036886;;0.0;0.0;XS2579897633;Bond;3084969.937695637;0.0025;4.858848167751572;0.0;4.87470836812728;0.0;0.0
400804;XS2582860909;2121722.4657535986;3.708968413652668;3.708968413652668;3858.73841842046;-47955.873654881405;;0.0;0.0;XS2582860909;Bond;2073766.592098717;0.0025;3.6978924808463693;0.0;3.708968413652668;0.0;0.0
400804;XS2583742668;1954776.438356135;12.252772005047833;12.252772005047833;31997.60914498909;-146647.55812874547;;0.0;0.0;XS2583742668;Bond;1808128.8802273895;0.0025;12.218874675793584;0.0;12.252772005047833;0.0;0.0
400804;XS2586942448;4981252.05506682;6.9644186672913815;6.9644186672913815;29001.990666161186;-142663.17433756014;;0.0;0.0;XS2586942448;Bond;4838588.88072926;0.0025;6.940120758241153;0.0;6.9644186672913815;0.0;0.0
400804;XS2587298204;5159321.232876902;3.097637471920499;3.097637471920499;6681.045872144294;-40913.8574060458;;0.0;0.0;XS2587298204;Bond;5118407.375470856;0.0025;3.089252199831687;0.0;3.097637471920499;0.0;0.0
400804;XS2588885025;3116977.397260276;2.672910504079153;2.6729105040791534;3090.2912095955503;-55879.39863157706;;0.0;0.0;XS2588885025;Bond;3061097.998628699;0.0025;2.6659856694754427;0.0;2.6729105040791534;0.0;0.0
400804;XS2588986997;3143527.39726028;4.277848646785049;4.277848646785049;7379.583963911706;-167885.32700864814;;0.0;0.0;XS2588986997;Bond;2975642.0702516316;0.0025;4.264909899439152;0.0;4.277848646785049;0.0;0.0
400804;XS2589790109;2085360.0000020345;5.469949629064272;5.469949629064272;7791.606334615353;-69516.16421883566;;0.0;0.0;XS2589790109;Bond;2015843.8357831987;0.0025;5.45134209310984;0.0;5.469949629064272;0.0;0.0
400804;XS2592650373;3021511.98630137;1.8367958490587468;1.8367958490587468;1571.3986014631612;-37127.2075418553;;0.0;0.0;XS2592650373;Bond;2984384.7787595144;0.0025;1.8322286393981706;0.0;1.8367958490587468;0.0;0.0
400804;XS2595028536;3147687.8630137104;2.710860801589715;2.7108608015897158;3200.3850702904697;-57174.274659895214;;0.0;0.0;XS2595028536;Bond;3090513.588353815;0.0025;2.703814178287368;0.0;2.7108608015897158;0.0;0.0
400804;XS2597113989;3110232.08219178;1.8439501433609031;1.843950143360904;1627.2600134037432;-38367.72783896698;;0.0;0.0;XS2597113989;Bond;3071864.354352813;0.0025;1.8393706314943568;0.0;1.843950143360904;0.0;0.0
400804;XS2597905905;2135150.410958923;2.7746580399531022;2.7746580399531022;2310.743258961947;-39558.97190401727;;0.0;0.0;XS2597905905;Bond;2095591.4390549057;0.0025;2.7668488805516533;0.0;2.7746580399531022;0.0;0.0
400804;XS2598331242;2198869.863013748;2.8342457292397976;2.8342457292397976;2486.0376379730865;-41768.108496669825;;0.0;0.0;XS2598331242;Bond;2157101.7545170784;0.0025;2.8260631540050993;0.0;2.8342457292397976;0.0;0.0
400804;XS2601458602;3147576.1643835623;0.8715098510852294;0.8715098510852294;515.6648798879747;-18292.83910963775;;0.0;0.0;XS2601458602;Bond;3129283.3252739245;0.0025;0.8693129446767819;0.0;0.8715098510852294;0.0;0.0
400804;XS2601459162;3235373.4246587083;3.371002519208708;3.371002519208708;5009.4390128948635;-72020.636675463;;0.0;0.0;XS2601459162;Bond;3163352.787983245;0.0025;3.36070331156751;0.0;3.371002519208708;0.0;0.0
400804;XS2609970848;3394294.9315069653;5.99392014847464;5.99392014847464;16006.461853328165;-250694.47856198624;;0.0;0.0;XS2609970848;Bond;3143600.452944979;0.0025;5.965845454016685;0.0;5.99392014847464;0.0;0.0
400804;XS2613209670;2152569.041134695;6.393229418999221;6.393229418999222;11262.013750900993;-84721.75790690375;;0.0;0.0;XS2613209670;Bond;2067847.2832277913;0.0025;6.364615516879263;0.0;6.393229418999222;0.0;0.0
400804;XS2613658041;3756132.3972602873;2.752665109187559;2.752665109187559;4022.743028687488;-69324.63955271777;;0.0;0.0;XS2613658041;Bond;3686807.7577075697;0.0025;2.744833519840626;0.0;2.752665109187559;0.0;0.0
400804;XS2613658710;2336769.1780822286;3.2187583025740505;3.21875830257405;3261.2679938862284;-50418.30360016751;;0.0;0.0;XS2613658710;Bond;2286350.8744820612;0.0025;3.2097685348672633;0.0;3.21875830257405;0.0;0.0
400804;XS2616652637;3376736.3013698617;6.6031648621495656;6.6031648621495656;19021.042247982718;-277106.2190183262;;0.0;0.0;XS2616652637;Bond;3099630.0823515356;0.0025;6.571345166747723;0.0;6.6031648621495656;0.0;0.0
400804;XS2618906585;3215203.5616438477;2.78790632299334;2.78790632299334;3515.2900257365623;-60027.513043308834;;0.0;0.0;XS2618906585;Bond;3155176.048600539;0.0025;2.7800040376169393;0.0;2.78790632299334;0.0;0.0
400804;XS2621007231;3111494.3835617127;3.265586489744198;3.2655864897441984;4426.79996855418;-62400.932565506424;;0.0;0.0;XS2621007231;Bond;3049093.450996206;0.0025;3.2566785096060853;0.0;3.2655864897441984;0.0;0.0
400804;XS2623957078;2102527.1232876726;1.9795539739564103;1.9795539739564103;1261.3772115699492;-25634.511941008186;;0.0;0.0;XS2623957078;Bond;2076892.6113466644;0.0025;1.9743522123108936;0.0;1.9795539739564103;0.0;0.0
400804;XS2624938739;2094782.4657534217;5.877052253889784;5.877052253889785;9147.242258700184;-75484.99702128048;;0.0;0.0;XS2624938739;Bond;2019297.4687321412;0.0025;5.854234640983477;0.0;5.877052253889785;0.0;0.0
400804;XS2624976077;3231647.260273995;2.8113099700200435;2.8113099700200435;3590.8695350535545;-60979.77210011278;;0.0;0.0;XS2624976077;Bond;3170667.488173882;0.0025;2.80328968845065;0.0;2.8113099700200435;0.0;0.0
400804;XS2625985945;3158862.328767127;2.448185781665052;2.4481857816650527;2701.416343953268;-47805.992223493115;;0.0;0.0;XS2625985945;Bond;3111056.3365436336;0.0025;2.4417901538122257;0.0;2.4481857816650527;0.0;0.0
400804;XS2626699982;3280222.602739726;2.77636091068423;2.776360910684231;3558.995511632236;-113429.03879276373;;0.0;0.0;XS2626699982;Bond;3166793.5639469624;0.0025;2.768506711130183;0.0;2.776360910684231;0.0;0.0
400804;XS2629468278;3144609.452056087;4.40582919969896;4.40582919969896;7883.30925416338;-84357.51646737324;;0.0;0.0;XS2629468278;Bond;3060251.9355887137;0.0025;4.391684328871858;0.0;4.40582919969896;0.0;0.0
400804;XS2629470845;2098311.7808219176;7.893452753345536;7.893452753345537;16541.169919768083;-102005.23592412758;;0.0;0.0;XS2629470845;Bond;1996306.54489779;0.0025;7.852142121710655;0.0;7.893452753345537;0.0;0.0
400804;XS2630117328;2121710.95890415;2.698306773169008;2.698306773169008;2182.66583800543;-34710.84237946753;;0.0;0.0;XS2630117328;Bond;2087000.1165246824;0.0025;2.6907906938879482;0.0;2.698306773169008;0.0;0.0
400804;XS2631822868;2067895.3425135128;6.730630578890209;6.730630578890208;6711.268013760637;-85291.98618943451;;0.0;0.0;XS2631822868;Bond;1982603.3563240783;0.0025;6.762747592441499;0.0;6.730630578890208;0.0;0.0
400804;XS2631835332;2074767.123287672;6.732694417482879;6.732694417482879;11727.37019006371;-56995.93641066048;;0.0;0.0;XS2631835332;Bond;2017771.1868770116;0.0025;6.704707876907275;0.0;6.732694417482879;0.0;0.0
400804;XS2634593938;2089720.000000517;3.6446822268315695;3.64468222683157;3669.5729007492782;-45989.24158463093;;0.0;0.0;XS2634593938;Bond;2043730.758415886;0.0025;3.6339912041005373;0.0;3.64468222683157;0.0;0.0
400804;XS2634616572;2082400.0000016612;7.406168355314626;7.406168355314626;14259.25978195044;-94710.67331416669;;0.0;0.0;XS2634616572;Bond;1987689.3266874945;0.0025;7.372108870060851;0.0;7.406168355314626;0.0;0.0
400804;XS2634690114;3246705.164385164;5.095169919314048;5.095169919314048;10831.10607545425;-101656.00372267087;;0.0;0.0;XS2634690114;Bond;3145049.160662493;0.0025;5.076671058687217;0.0;5.095169919314048;0.0;0.0
400804;XS2635428274;3216780.821917808;3.07549595853943;3.0754959585394293;4165.792291122447;-123039.65201260502;;0.0;0.0;XS2635428274;Bond;3093741.169905203;0.0025;3.066767171955489;0.0;3.0754959585394293;0.0;0.0
400804;XS2636592102;3284352.7397260284;2.8411331403701023;2.8411331403701023;3704.5998602104473;-116034.37205877062;;0.0;0.0;XS2636592102;Bond;3168318.367667258;0.0025;2.833114376180739;0.0;2.8411331403701023;0.0;0.0
400804;XS2636745882;2201778.356164384;6.307115680747434;6.307115680747434;11344.022502979476;-85767.55492320814;;0.0;0.0;XS2636745882;Bond;2116010.801241176;0.0025;6.277759723544282;0.0;6.307115680747434;0.0;0.0
400804;XS2637069357;3737250.000000001;7.946991333995715;7.946991333995715;26467.24485577676;-369834.1643835617;;0.0;0.0;XS2637069357;Bond;3367415.835616439;0.0025;7.927827742195859;0.0;7.946991333995715;0.0;0.0
400804;XS2637421848;3282986.30136989;3.686689163525144;3.686689163525144;5970.1945187934425;-81273.28239930925;;0.0;0.0;XS2637421848;Bond;3201713.018970581;0.0025;3.6752052168696983;0.0;3.686689163525144;0.0;0.0
400804;XS2637967139;3251342.4657535325;2.864516988564398;2.864516988564397;3712.965541691427;-115914.55798324465;;0.0;0.0;XS2637967139;Bond;3135427.9077702877;0.0025;2.856481151941958;0.0;2.864516988564397;0.0;0.0
400804;XS2643234011;3316848.9041102896;4.459901350056891;4.459901350056891;8637.73073093181;-99509.95496513638;;0.0;0.0;XS2643234011;Bond;3217338.949145153;0.0025;4.444523204343953;0.0;4.459901350056891;0.0;0.0
400804;XS2643673952;2121009.315172442;5.768093068675128;5.768093068675128;8790.79525720858;-81723.74324089648;;0.0;0.0;XS2643673952;Bond;2039285.5719315454;0.0025;5.747654605002923;0.0;5.768093068675128;0.0;0.0
400804;XS2644240975;2207980.547995908;6.458156848465331;6.458156848465332;11801.55945306371;-87970.96750178424;;0.0;0.0;XS2644240975;Bond;2120009.580494124;0.0025;6.428802416651385;0.0;6.458156848465332;0.0;0.0
400804;XS2652069480;3199315.068493152;2.115695349060656;2.115695349060656;2148.045767924624;-45278.80606755125;;0.0;0.0;XS2652069480;Bond;3154036.2624256006;0.0025;2.1101005658011736;0.0;2.115695349060656;0.0;0.0
400804;XS2655865546;3177539.589046372;4.649515000481937;4.649515000481937;8795.841981449506;-91441.2518945244;;0.0;0.0;XS2655865546;Bond;3086098.337151848;0.0025;4.634356730190518;0.0;4.649515000481937;0.0;0.0
400804;XS2656537664;3151786.0271364003;1.1678384670029178;1.1678384670029178;798.3445791010295;-22686.14229689287;;0.0;0.0;XS2656537664;Bond;3129099.8848395073;0.0025;1.164915606096191;0.0;1.1678384670029178;0.0;0.0
400804;XS2673437484;2111942.0821917504;12.291164874761588;12.29116487476159;42544.35199674302;-159436.95353671312;;0.0;0.0;XS2673437484;Bond;1952505.1286550374;0.0025;12.165230247454106;0.0;12.29116487476159;0.0;0.0
400804;XS2673969650;2171818.9041026207;2.892458013592071;2.892458013592071;2523.583561645536;-38611.42564234547;;0.0;0.0;XS2673969650;Bond;2133207.478460275;0.0025;2.8843246028259153;0.0;2.892458013592071;0.0;0.0
400804;XS2675722750;3229273.9726027404;2.227802306814771;2.227802306814771;2365.839451012901;-48198.10304856883;;0.0;0.0;XS2675722750;Bond;3181075.8695541713;0.0025;2.2218944968459;0.0;2.227802306814771;0.0;0.0
400804;XS2676395077;2136565.7534270906;3.7831809261841896;3.7831809261841896;4025.870516420433;-49414.98067945616;;0.0;0.0;XS2676395077;Bond;2087150.7727476344;0.0025;3.771855276939696;0.0;3.7831809261841896;0.0;0.0
400804;XS2676818482;3142099.7260274137;3.4181909403760447;3.4181909403760447;4842.137115453464;-65565.78830416362;;0.0;0.0;XS2676818482;Bond;3076533.93772325;0.0025;3.4088747291655768;0.0;3.4181909403760447;0.0;0.0
400804;XS2678111050;3127994.383561644;1.3021018937624838;1.3021018937624838;937.1126306999347;-25072.258355551086;;0.0;0.0;XS2678111050;Bond;3102922.125206093;0.0025;1.2988508427456462;0.0;1.3021018937624838;0.0;0.0
400804;XS2696803696;3190129.315073241;4.6846134725033615;4.6846134725033615;8917.529085077276;-91265.41985362349;;0.0;0.0;XS2696803696;Bond;3098863.8952196175;0.0025;4.6695937223171065;0.0;4.6846134725033615;0.0;0.0
400804;XS2697970536;2064940.547945205;8.525396325384897;8.525396325384897;18594.912405488816;-108507.95196417798;;0.0;0.0;XS2697970536;Bond;1956432.595981027;0.0025;8.481975795269667;0.0;8.525396325384897;0.0;0.0
400804;XS2699159278;3016098.2465755497;3.3814433469515004;3.3814433469515004;4689.941877037296;-62080.57147072212;;0.0;0.0;XS2699159278;Bond;2954017.6751048276;0.0025;3.3711544981500534;0.0;3.3814433469515004;0.0;0.0
400804;XS2699159351;3281161.6438385225;5.637905884418235;5.637905884418235;13438.63513159784;-113776.3846144174;;0.0;0.0;XS2699159351;Bond;3167385.259224105;0.0025;5.614978483139827;0.0;5.637905884418235;0.0;0.0
400804;XS2704918478;3265407.534290264;5.363854380825714;5.363854380825714;11950.398769566707;-116877.44643169569;;0.0;0.0;XS2704918478;Bond;3148530.0878585684;0.0025;5.344289316306852;0.0;5.363854380825714;0.0;0.0
400804;XS2705604077;3141092.4657534254;1.4652924971857837;1.4652924971857837;1134.235485533708;-30831.24585781209;;0.0;0.0;XS2705604077;Bond;3110261.2198956134;0.0025;1.4616328059393837;0.0;1.4652924971857837;0.0;0.0
400804;XS2705604234;3266142.3287716177;5.479012215401852;5.479012215401853;12465.494756436725;-120571.17485712317;;0.0;0.0;XS2705604234;Bond;3145571.1539144944;0.0025;5.458646642842926;0.0;5.479012215401853;0.0;0.0
400804;XS2716710756;2118158.9041276565;6.588767882157514;6.588767882157514;11592.786976214613;-85719.90224165595;;0.0;0.0;XS2716710756;Bond;2032439.0018860006;0.0025;6.560471318522406;0.0;6.588767882157514;0.0;0.0
400804;XS2717291970;3205053.36986976;4.86854257043194;4.86854257043194;9655.698054465209;-104857.42056606387;;0.0;0.0;XS2717291970;Bond;3100195.949303696;0.0025;4.852483133979428;0.0;4.86854257043194;0.0;0.0
400804;XS2720896047;3107275.890410959;1.7106341244063803;1.7106341244063807;1436.7319132104617;-32861.68520156887;;0.0;0.0;XS2720896047;Bond;3074414.20520939;0.0025;1.7063903801499296;0.0;1.7106341244063807;0.0;0.0
400804;XS2723860990;3134424.657534285;3.5055132924472;3.5055132924472003;5071.640714061653;-136827.69578151297;;0.0;0.0;XS2723860990;Bond;2997596.961752772;0.0025;3.495783721517206;0.0;3.5055132924472003;0.0;0.0
400804;XS2742660660;3015560.547939076;7.203941612438363;7.203941612438363;19253.27188432737;-133791.38758103448;;0.0;0.0;XS2742660660;Bond;2881769.1603580415;0.0025;7.174067521243135;0.0;7.203941612438363;0.0;0.0
400804;XS2745719000;2071438.356164577;3.4618865163008747;3.4618865163008747;3268.949519970499;-48128.844373358035;;0.0;0.0;XS2745719000;Bond;2023309.511791219;0.0025;3.452395509257253;0.0;3.4618865163008747;0.0;0.0
400804;XS2747181969;2034922.4657537243;3.471885412755201;3.471885412755201;3211.4032058628704;-43246.32715137981;;0.0;0.0;XS2747181969;Bond;1991676.1386023446;0.0025;3.4625667525194928;0.0;3.471885412755201;0.0;0.0
400804;XS2747590896;3058590.0000001634;3.372591423124275;3.372591423124275;4585.422724452116;-67360.54587730776;;0.0;0.0;XS2747590896;Bond;2991229.454122856;0.0025;3.3635474812965995;0.0;3.372591423124275;0.0;0.0
400804;XS2747776487;3101520.0000004065;3.4868255850177134;3.4868255850177134;4951.19428125812;-72458.25016046401;;0.0;0.0;XS2747776487;Bond;3029061.7498399424;0.0025;3.47731104901803;0.0;3.4868255850177134;0.0;0.0
400804;XS2753310825;2024453.5890503407;5.79248153735152;5.79248153735152;8389.046348221153;-71730.50509302723;;0.0;0.0;XS2753310825;Bond;1952723.0839573136;0.0025;5.772767216128147;0.0;5.79248153735152;0.0;0.0
400804;XS2757519017;1988601.91780822;7.576441564227097;7.576441564227097;13779.35935575782;-62129.841669059926;;0.0;0.0;XS2757519017;Bond;1926472.0761391602;0.0025;7.546718498705685;0.0;7.576441564227097;0.0;0.0
400804;XS2760217880;2020192.8767146063;3.4507540189940245;3.450754018994024;3150.4852979194047;-41872.680793310275;;0.0;0.0;XS2760217880;Bond;1978320.195921296;0.0025;3.441535845223139;0.0;3.450754018994024;0.0;0.0
400804;XS2765559443;3017025.6164750694;5.153509503175179;5.153509503175179;9908.814953573736;-94354.0845684212;;0.0;0.0;XS2765559443;Bond;2922671.531906648;0.0025;5.137798672554777;0.0;5.153509503175179;0.0;0.0
400804;XS2768793676;1964502.7397260184;8.839711252187389;8.839711252187389;18648.34846816512;-71096.84612020302;;0.0;0.0;XS2768793676;Bond;1893405.8936058155;0.0025;8.797746092938121;0.0;8.839711252187389;0.0;0.0
400804;XS2775056067;5116674.657534247;2.6712761979009745;2.671276197900975;5054.8407984511;-84031.04596686942;;0.0;0.0;XS2775056067;Bond;5032643.611567378;0.0025;2.664417608575479;0.0;2.671276197900975;0.0;0.0
400804;XS2776889995;3047711.91780852;4.386470362243246;4.386470362243246;4172.483019965142;-81667.36155597366;;0.0;0.0;XS2776889995;Bond;2966044.5562525466;0.0025;4.40034681104802;0.0;4.386470362243246;0.0;0.0
400804;XS2776890068;1971244.383561619;8.674563604509393;8.674563604509393;18203.933672587904;-105469.20553515339;;0.0;0.0;XS2776890068;Bond;1865775.1780264657;0.0025;8.631815184120267;0.0;8.674563604509393;0.0;0.0
400804;XS2777383840;2038124.657534301;7.357572197209862;7.357572197209862;13577.35004869944;-93429.66747862988;;0.0;0.0;XS2777383840;Bond;1944694.9900556712;0.0025;7.326364675241279;0.0;7.357572197209862;0.0;0.0
400804;XS2779792337;3014376.5753508373;6.011802616917038;6.011802616917038;13297.829746354311;-110771.74775885226;;0.0;0.0;XS2779792337;Bond;2903604.827591985;0.0025;5.9918703109670215;0.0;6.011802616917038;0.0;0.0
400804;XS2779793061;2999473.972602585;10.623134317063505;10.623134317063506;40788.38731852419;-194951.77524233737;;0.0;0.0;XS2779793061;Bond;2804522.1973602474;0.0025;10.565298936282844;0.0;10.623134317063506;0.0;0.0
400804;XS2788435050;15276433.561643831;7.609136244287841;7.609136244287844;107167.85319163951;-479182.29731048143;;0.0;0.0;XS2788435050;Bond;14797251.26433335;0.0025;7.57850262139033;0.0;7.609136244287844;0.0;0.0
400804;XS2790333889;3000490.6850935817;7.422741020705235;7.422741020705236;20262.811236666348;-150105.532485083;;0.0;0.0;XS2790333889;Bond;2850385.1526084985;0.0025;7.391654585032653;0.0;7.422741020705236;0.0;0.0
400804;XS2792222379;1981064.931697058;7.714923600503617;7.714923600503616;14177.634334560931;-63042.237433937815;;0.0;0.0;XS2792222379;Bond;1918022.6942631202;0.0025;7.6848094094187545;0.0;7.714923600503616;0.0;0.0
400804;XS2803804314;2123320.000005028;4.996047869750654;4.996047869750654;6883.696638171488;-65330.50765686178;;0.0;0.0;XS2803804314;Bond;2057989.4923481664;0.0025;4.9774003630292;0.0;4.996047869750654;0.0;0.0
400804;XS2806495896;1994962.4657460293;12.540266980002064;12.540266980002064;42004.74474177017;-151449.9343593609;;0.0;0.0;XS2806495896;Bond;1843512.5313866683;0.0025;12.407027568940077;0.0;12.540266980002064;0.0;0.0
400804;XS2808189760;5211654.109589041;7.484675886076735;7.484675886076736;36344.3141360118;-241239.8160031793;;0.0;0.0;XS2808189760;Bond;4970414.293585862;0.0025;7.450385269284352;0.0;7.484675886076736;0.0;0.0
400804;XS2809670099;3125818.767123287;8.351992735313633;8.351992735313635;27928.408673349568;-160317.25900312117;;0.0;0.0;XS2809670099;Bond;2965501.508120166;0.0025;8.303013446388938;0.0;8.351992735313635;0.0;0.0
400804;XS2811886584;2073127.9453157275;7.279686462079197;7.279686462079197;13817.938927582763;-92838.12991482991;;0.0;0.0;XS2811886584;Bond;1980289.8154008975;0.0025;7.245539523511668;0.0;7.279686462079197;0.0;0.0
400804;XS2815980664;3117626.301370038;5.190504945105928;5.190504945105928;10740.53768662158;-109077.63681266061;;0.0;0.0;XS2815980664;Bond;3008548.664557378;0.0025;5.171730772479939;0.0;5.190504945105928;0.0;0.0
400804;XS2818300407;3138236.301369876;3.829073511922676;3.829073511922677;6062.681343623924;-149878.02521040154;;0.0;0.0;XS2818300407;Bond;2988358.2761594746;0.0025;3.817431138147368;0.0;3.829073511922677;0.0;0.0
400804;XS2827708145;1983352.602739725;12.611097727285763;12.611097727285763;42135.82569817804;-153920.56175112457;;0.0;0.0;XS2827708145;Bond;1829432.0409886003;0.0025;12.477578498837673;0.0;12.611097727285763;0.0;0.0
400804;XS2828791074;3156246.575344529;4.244151382738176;4.244151382738176;7430.883102219293;-166720.13451559495;;0.0;0.0;XS2828791074;Bond;2989526.440828934;0.0025;4.230324891255757;0.0;4.244151382738176;0.0;0.0
400804;XS2831084657;5098882.876760488;8.740684692074025;8.740684692074025;48714.81426329673;-273970.4744428337;;0.0;0.0;XS2831084657;Bond;4824912.402317654;0.0025;8.692833186457095;0.0;8.740684692074025;0.0;0.0
400804;XS2831094706;3161439.0410961816;4.622898570422877;4.622898570422877;9811.299457247213;-143866.2088242817;;0.0;0.0;XS2831094706;Bond;3017572.8322719;0.0025;4.598740840363152;0.0;4.622898570422877;0.0;0.0
400804;XS2831195644;3206756.8767154715;5.038970401790188;5.038970401790189;10625.728623660263;-202504.86848790542;;0.0;0.0;XS2831195644;Bond;3004252.0082275663;0.0025;5.019609869360181;0.0;5.038970401790189;0.0;0.0
400804;XS2831536227;3084523.972602739;3.8991159241560256;3.8991159241560256;6103.9180709880575;-150366.6959852285;;0.0;0.0;XS2831536227;Bond;2934157.2766175107;0.0025;3.8876515628511337;0.0;3.8991159241560256;0.0;0.0
400804;XS2839008948;2026723.0136995004;7.199749225708737;7.199749225708737;12923.120740498052;-89765.32564484968;;0.0;0.0;XS2839008948;Bond;1936957.6880546506;0.0025;7.169931134035209;0.0;7.199749225708737;0.0;0.0
400804;XS2841150316;3143926.438358245;5.242139088206147;5.242139088206147;10940.91196812328;-100622.33874355999;;0.0;0.0;XS2841150316;Bond;3043304.099614685;0.0025;5.223838762365182;0.0;5.242139088206147;0.0;0.0
400804;XS2844410287;3198551.5068494524;3.6052026255030976;3.6052026255030976;5550.498538304872;-70503.10583476904;;0.0;0.0;XS2844410287;Bond;3128048.4010146833;0.0025;3.5943134331486615;0.0;3.6052026255030976;0.0;0.0
400804;XS2859392248;3114053.835616438;2.293867400364155;2.293867400364155;2378.8598192035447;-43933.909090424786;;0.0;0.0;XS2859392248;Bond;3070119.9265260133;0.0025;2.287924195778128;0.0;2.293867400364155;0.0;0.0
400804;XS2859413341;3115273.97260274;6.39434981510172;6.39434981510172;17275.406376763298;-204012.64174080238;;0.0;0.0;XS2859413341;Bond;2911261.3308619377;0.0025;6.357934361130684;0.0;6.39434981510172;0.0;0.0
400804;XS2884003778;3050094.6575344377;4.36619978638656;4.36619978638656;7467.68999755112;-81016.91043913511;;0.0;0.0;XS2884003778;Bond;2969077.7470953027;0.0025;4.3526503636996905;0.0;4.36619978638656;0.0;0.0
400804;XS2897313859;3046614.6575344456;4.731987652864045;4.731987652864045;8616.16760022024;-87477.71781887687;;0.0;0.0;XS2897313859;Bond;2959136.939715569;0.0025;4.7172641196819;0.0;4.731987652864045;0.0;0.0
400804;XS2900306171;3022544.7945205835;2.8075129002226067;2.8075129002226067;3247.755731018443;-52424.44108848808;;0.0;0.0;XS2900306171;Bond;2970120.3534320956;0.0025;2.8003554626392693;0.0;2.8075129002226067;0.0;0.0
400804;XS2902578249;3035003.4246618142;5.565763122012946;5.565763122012946;11759.789375637089;-113820.03498539365;;0.0;0.0;XS2902578249;Bond;2921183.3896764205;0.0025;5.546339412375661;0.0;5.565763122012946;0.0;0.0
400804;XS2905504671;3045176.7123293933;3.984392645095853;3.984392645095853;6221.386405757362;-73099.65810261403;;0.0;0.0;XS2905504671;Bond;2972077.0542267794;0.0025;3.9730053649582584;0.0;3.984392645095853;0.0;0.0
400804;XS2927515598;2964742.60277722;5.788311682507755;5.788311682507755;12218.53756521084;-115277.96122602024;;0.0;0.0;XS2927515598;Bond;2849464.6415511994;0.0025;5.769041036101143;0.0;5.788311682507755;0.0;0.0
400804;XS2930111096;2991297.9452054724;5.67355435034574;5.67355435034574;11983.105352175804;-211497.605849072;;0.0;0.0;XS2930111096;Bond;2779800.3393564005;0.0025;5.653877683727031;0.0;5.67355435034574;0.0;0.0
400804;XS2941605409;2973184.9315075427;5.678235329881888;5.678235329881888;11942.08460471486;-210862.48845007614;;0.0;0.0;XS2941605409;Bond;2762322.4430574668;0.0025;5.658426305046422;0.0;5.678235329881888;0.0;0.0
400804;XS2944871586;2997594.657540086;5.699343276629942;5.69934327662994;12040.767912376208;-104210.79776128635;;0.0;0.0;XS2944871586;Bond;2893383.8597788;0.0025;5.680129313460486;0.0;5.69934327662994;0.0;0.0
400804;XS2948048462;3023291.095890411;4.886826947993828;4.886826947993828;9135.337486483251;-184795.69024729368;;0.0;0.0;XS2948048462;Bond;2838495.4056431176;0.0025;4.87098830979327;0.0;4.886826947993828;0.0;0.0
400804;XS2954183039;2967018.493180102;5.712329581555236;5.712329581555236;11982.437276244813;-103564.59468997082;;0.0;0.0;XS2954183039;Bond;2863453.8984901314;0.0025;5.692942733251112;0.0;5.712329581555236;0.0;0.0
400804;XS2975280509;2022684.3835621327;4.388889402472128;4.388889402472129;4907.04316291731;-36545.93619722458;;0.0;0.0;XS2975280509;Bond;1986138.4473649082;0.0025;4.376395143855822;0.0;4.388889402472129;0.0;0.0
400804;XS2976328760;1982992.6027400813;5.940685624509816;5.940685624509816;8526.825100576421;-71554.35766314778;;0.0;0.0;XS2976328760;Bond;1911438.2450769334;0.0025;5.921415531992751;0.0;5.940685624509816;0.0;0.0
400804;XS2978917156;1993526.8493142433;6.548237758111503;6.548237758111502;10488.077389668244;-80185.96309855847;;0.0;0.0;XS2978917156;Bond;1913340.886215685;0.0025;6.52390963912709;0.0;6.548237758111502;0.0;0.0
400804;XS2980741099;3045299.829330653;4.411960758889621;4.411960758889621;7473.875625057699;-90012.94563758724;;0.0;0.0;XS2980741099;Bond;2955286.8836930655;0.0025;4.399268425861902;0.0;4.411960758889621;0.0;0.0
400804;XS2986720907;3088623.110414637;4.718324043955462;4.718324043955462;8651.249984891994;-181721.90912648902;;0.0;0.0;XS2986720907;Bond;2906901.201288148;0.0025;4.703955363624881;0.0;4.718324043955462;0.0;0.0
400804;XS2997384776;1925531.7808219169;9.433877464618986;9.433877464618986;15820.663448534948;-111530.43975572774;;0.0;0.0;XS2997384776;Bond;1814001.341066189;0.0025;9.450966156470663;0.0;9.433877464618986;0.0;0.0
400804;XS2999658136;2988489.452056552;4.4201586899955805;4.4201586899955805;7329.154382826123;-80968.71614197709;;0.0;0.0;XS2999658136;Bond;2907520.735914575;0.0025;4.407691667483481;0.0;4.4201586899955805;0.0;0.0
400804;XS3007600581;1986642.4659022675;6.164557091716521;6.164557091716521;9140.88267813456;-81915.87065120891;;0.0;0.0;XS3007600581;Bond;1904726.5952510587;0.0025;6.144532214768811;0.0;6.164557091716521;0.0;0.0
400804;XS3040316898;3000758.614410926;2.8020194330999875;2.8020194330999875;-11722.78787151283;-51472.56088295976;;0.0;0.0;XS3040316898;Bond;2949286.053527966;0.0025;2.9193129175446613;0.0;2.8020194330999875;0.0;0.0
400805;2000019;8339242.695797074;0.0;0.0;0.0;-1042405.3369746341;;83392.42695797073;83392.42695797073;US0231351067;Equity;7296837.35882244;0.0;0.0;0.0;0.0;72968.3735882244;72968.3735882244
400805;2007849;372173.3197556008;0.0;0.0;0.0;-46521.6649694501;;3721.733197556008;3721.733197556008;US0079031078;Equity;325651.6547861507;0.0;0.0;0.0;0.0;3256.5165478615068;3256.5165478615068
400805;2008154;733542.8439177929;0.0;0.0;0.0;-91692.85548972411;;7335.428439177928;7335.428439177929;US00724F1012;Equity;641849.9884280688;0.0;0.0;0.0;0.0;6418.499884280687;6418.499884280688
400805;2009834;9104151.768191077;0.0;0.0;0.0;-1138018.9710238844;;91041.51768191076;91041.51768191076;CA0084741085;Equity;7966132.797167192;0.0;0.0;0.0;0.0;79661.32797167191;79661.32797167191
400805;2020459;2043989.3075356416;0.0;0.0;0.0;-255498.66344195523;;20439.893075356416;20439.893075356416;US4385161066;Equity;1788490.6440936862;0.0;0.0;0.0;0.0;17884.906440936862;17884.906440936862
400805;2041364;480499.0742455101;0.0;0.0;0.0;-60062.38428068876;;4804.990742455101;4804.9907424551;US91913Y1001;Equity;420436.68996482133;0.0;0.0;0.0;0.0;4204.366899648214;4204.366899648213
400805;2046251;10361062.81244214;0.0;0.0;0.0;-1295132.8515552678;;103610.6281244214;103610.6281244214;US0378331005;Equity;9065929.960886873;0.0;0.0;0.0;0.0;90659.29960886872;90659.29960886872
400805;2113434;4101973.930753564;0.0;0.0;0.0;-512746.74134419544;;41019.73930753564;41019.73930753564;US1011371077;Equity;3589227.1894093687;0.0;0.0;0.0;0.0;35892.27189409368;35892.27189409368
400805;2124533;2557182.299574153;0.0;0.0;0.0;-319647.7874467691;;25571.822995741528;25571.822995741528;CA8787422044;Equity;2237534.512127384;0.0;0.0;0.0;0.0;22375.34512127384;22375.34512127384
400805;2134781;1076796.148861322;0.0;0.0;0.0;-134599.51860766526;;10767.96148861322;10767.96148861322;US9113631090;Equity;942196.6302536568;0.0;0.0;0.0;0.0;9421.966302536568;9421.966302536568
400805;2138158;1753677.615256434;0.0;0.0;0.0;-219209.70190705426;;17536.77615256434;17536.77615256434;US8168511090;Equity;1534467.9133493798;0.0;0.0;0.0;0.0;15344.679133493797;15344.679133493797
400805;2190385;8561655.804480651;0.0;0.0;0.0;-1070206.9755600814;;85616.55804480652;85616.55804480652;US46625H1005;Equity;7491448.82892057;0.0;0.0;0.0;0.0;74914.4882892057;74914.4882892057
400805;2262314;1451732.5217552304;0.0;0.0;0.0;-181466.56521940383;;14517.325217552305;14517.325217552305;US6174464486;Equity;1270265.9565358264;0.0;0.0;0.0;0.0;12702.659565358264;12702.659565358264
400805;2270726;1870932.4199222368;0.0;0.0;0.0;-233866.55249027957;;18709.324199222367;18709.324199222367;US2546871060;Equity;1637065.8674319573;0.0;0.0;0.0;0.0;16370.658674319571;16370.658674319571
400805;2297907;266097.49120533234;0.0;0.0;0.0;-33262.18640066655;;2660.974912053324;2660.974912053324;US1729674242;Equity;232835.3048046658;0.0;0.0;0.0;0.0;2328.3530480466584;2328.3530480466584
400805;2317087;2722985.502684688;0.0;0.0;0.0;-340373.187835586;;27229.85502684688;27229.85502684688;US29364G1031;Equity;2382612.314849102;0.0;0.0;0.0;0.0;23826.123148491017;23826.123148491017
400805;2328915;2477212.39585262;0.0;0.0;0.0;-309651.54948157753;;24772.1239585262;24772.1239585262;US65339F1012;Equity;2167560.846371042;0.0;0.0;0.0;0.0;21675.60846371042;21675.60846371042
400805;2379504;8686854.656545084;0.0;0.0;0.0;-1085856.8320681355;;86868.54656545083;86868.54656545084;US67066G1040;Equity;7600997.824476948;0.0;0.0;0.0;0.0;76009.97824476947;76009.97824476949
400805;2405302;2307467.4967598594;0.0;0.0;0.0;-288433.4370949825;;23074.6749675986;23074.6749675986;US4062161017;Equity;2019034.059664877;0.0;0.0;0.0;0.0;20190.340596648773;20190.340596648773
400805;2516152;3211277.5411960743;0.0;0.0;0.0;-401409.6926495093;;32112.775411960745;32112.775411960745;US5324571083;Equity;2809867.848546565;0.0;0.0;0.0;0.0;28098.67848546565;28098.67848546565
400805;2573209;2591177.272727273;0.0;0.0;0.0;-323897.1590909091;;25911.772727272728;25911.772727272728;US59156R1086;Equity;2267280.1136363638;0.0;0.0;0.0;0.0;22672.801136363636;22672.801136363636
400805;2588173;14823769.524162192;0.0;0.0;0.0;-1852971.190520274;;148237.69524162193;148237.69524162193;US5949181045;Equity;12970798.333641918;0.0;0.0;0.0;0.0;129707.98333641919;129707.98333641919
400805;2588184;5110197.009812998;0.0;0.0;0.0;-638774.6262266247;;51101.970098129976;51101.970098129976;US5951121038;Equity;4471422.383586373;0.0;0.0;0.0;0.0;44714.223835863726;44714.223835863726
400805;2671501;4700961.7663395675;0.0;0.0;0.0;-587620.2207924458;;47009.617663395664;47009.617663395664;US7010941042;Equity;4113341.5455471217;0.0;0.0;0.0;0.0;41133.41545547121;41133.41545547121
400805;2692665;4019017.9874097384;0.0;0.0;0.0;-502377.2484262174;;40190.17987409739;40190.17987409739;US6934751057;Equity;3516640.738983521;0.0;0.0;0.0;0.0;35166.407389835214;35166.407389835214
400805;2704407;2632974.8009627843;0.0;0.0;0.0;-329121.8501203481;;26329.748009627845;26329.748009627845;US7427181091;Equity;2303852.9508424364;0.0;0.0;0.0;0.0;23038.529508424363;23038.529508424363
400805;2730190;1816027.9485280504;0.0;0.0;0.0;-227003.49356600633;;18160.279485280505;18160.279485280505;US75886F1075;Equity;1589024.454962044;0.0;0.0;0.0;0.0;15890.24454962044;15890.24454962044
400805;2778844;3596715.274949084;0.0;0.0;0.0;-449589.40936863545;;35967.15274949084;35967.15274949084;US58933Y1055;Equity;3147125.8655804484;0.0;0.0;0.0;0.0;31471.258655804482;31471.258655804482
400805;2886907;3365548.60211072;0.0;0.0;0.0;-420693.57526384003;;33655.4860211072;33655.4860211072;US8835561023;Equity;2944855.0268468796;0.0;0.0;0.0;0.0;29448.5502684688;29448.5502684688
400805;2917766;2757421.079429735;0.0;0.0;0.0;-344677.63492871687;;27574.21079429735;27574.21079429735;US91324P1021;Equity;2412743.444501018;0.0;0.0;0.0;0.0;24127.43444501018;24127.43444501018
400805;2936921;3138805.397148676;0.0;0.0;0.0;-392350.6746435844;;31388.053971486755;31388.05397148676;US9311421039;Equity;2746454.7225050917;0.0;0.0;0.0;0.0;27464.547225050912;27464.547225050916
400805;2965839;1968922.3569709312;0.0;0.0;0.0;-246115.29462136648;;19689.223569709317;19689.223569709317;US12572Q1058;Equity;1722807.0623495646;0.0;0.0;0.0;0.0;17228.07062349565;17228.07062349565
400805;2989301;2765813.923347528;0.0;0.0;0.0;-345726.740418441;;27658.13923347528;27658.13923347528;US8725401090;Equity;2420087.182929087;0.0;0.0;0.0;0.0;24200.87182929087;24200.87182929087
400805;4012250;12078927.12;0.0;0.0;0.0;-1570260.5256;;120789.2712;0.0;NL0000235190;Equity;10508666.5944;0.0;0.0;0.0;0.0;105086.66594400001;0.0
400805;4031879;5189156.5;0.0;0.0;0.0;-674590.3450000001;;51891.565;0.0;FR0000124141;Equity;4514566.155;0.0;0.0;0.0;0.0;45145.661550000004;0.0
400805;4031976;2323457.4;0.0;0.0;0.0;-302049.46200000006;;23234.574;0.0;DE000A1EWWW0;Equity;2021407.9379999998;0.0;0.0;0.0;0.0;20214.07938;0.0
400805;4057808;9757168.15;0.0;0.0;0.0;-1268431.8595;;97571.6815;0.0;FR0000120321;Equity;8488736.2905;0.0;0.0;0.0;0.0;84887.362905;0.0
400805;4061412;12397314.500000002;0.0;0.0;0.0;-1611650.8850000005;;123973.14500000002;0.0;FR0000121014;Equity;10785663.615000002;0.0;0.0;0.0;0.0;107856.63615000002;0.0
400805;4076836;16309969.722;0.0;0.0;0.0;-2120296.06386;;163099.69722;0.0;IT0000072618;Equity;14189673.65814;0.0;0.0;0.0;0.0;141896.7365814;0.0
400805;4162791;5993376.8;0.0;0.0;0.0;-779138.9839999999;;59933.768;0.0;FR0000121329;Equity;5214237.816;0.0;0.0;0.0;0.0;52142.37816;0.0
400805;4163437;3286832.45;0.0;0.0;0.0;-427288.2185;;32868.3245;0.0;FR0000125338;Equity;2859544.2315;0.0;0.0;0.0;0.0;28595.442315;0.0
400805;4380429;3956124.66;0.0;0.0;0.0;-514296.2058;;39561.2466;0.0;FR0000130577;Equity;3441828.4542;0.0;0.0;0.0;0.0;34418.284542;0.0
400805;4792132;1904967.9;0.0;0.0;0.0;-247645.82700000002;;19049.679;0.0;FR0000121709;Equity;1657322.0729999999;0.0;0.0;0.0;0.0;16573.22073;0.0
400805;4834108;18406272.75;0.0;0.0;0.0;-2392815.4575;;184062.7275;0.0;FR0000121972;Equity;16013457.2925;0.0;0.0;0.0;0.0;160134.57292500001;0.0
400805;4846288;26759111.6;0.0;0.0;0.0;-3478684.508;;267591.116;0.0;DE0007164600;Equity;23280427.092;0.0;0.0;0.0;0.0;232804.27091999998;0.0
400805;4942904;7325077.24;0.0;0.0;0.0;-952260.0412;;73250.7724;0.0;DE000ENAG999;Equity;6372817.1988;0.0;0.0;0.0;0.0;63728.171988;0.0
400805;5165294;5620777.4;0.0;0.0;0.0;-730701.062;;56207.774;0.0;NL0000334118;Equity;4890076.338;0.0;0.0;0.0;0.0;48900.76338;0.0
400805;5231485;12665389.1;0.0;0.0;0.0;-1646500.583;;126653.89100000002;0.0;DE0008404005;Equity;11018888.516999999;0.0;0.0;0.0;0.0;110188.88517000001;0.0
400805;5253973;9865812.0;0.0;0.0;0.0;-1282555.56;;98658.12;0.0;FR0000052292;Equity;8583256.44;0.0;0.0;0.0;0.0;85832.56439999999;0.0
400805;5294121;13517504.0;0.0;0.0;0.0;-1757275.5200000003;;135175.04;0.0;DE0008430026;Equity;11760228.48;0.0;0.0;0.0;0.0;117602.28480000001;0.0
400805;5334588;1126426.0;0.0;0.0;0.0;-146435.38;;11264.26;0.0;DE0007030009;Equity;979990.62;0.0;0.0;0.0;0.0;9799.9062;0.0
400805;5501906;8988053.425;0.0;0.0;0.0;-1168446.94525;;89880.53425000001;0.0;ES0113211835;Equity;7819606.479750001;0.0;0.0;0.0;0.0;78196.0647975;0.0
400805;5596991;4151915.25;0.0;0.0;0.0;-539748.9824999999;;41519.1525;0.0;BE0003739530;Equity;3612166.2675;0.0;0.0;0.0;0.0;36121.662675;0.0
400805;5671735;12466854.4;0.0;0.0;0.0;-1620691.072;;124668.544;0.0;FR0000120578;Equity;10846163.328;0.0;0.0;0.0;0.0;108461.63328;0.0
400805;5705946;10676581.636;0.0;0.0;0.0;-1387955.61268;;106765.81636;0.0;ES0113900J37;Equity;9288626.02332;0.0;0.0;0.0;0.0;92886.26023320001;0.0
400805;5727973;12308211.5;0.0;0.0;0.0;-1600067.4950000003;;123082.11500000002;0.0;DE0007236101;Equity;10708144.004999999;0.0;0.0;0.0;0.0;107081.44005;0.0
400805;5842359;18389417.36;0.0;0.0;0.0;-2390624.2568;;183894.1736;0.0;DE0005557508;Equity;15998793.1032;0.0;0.0;0.0;0.0;159987.931032;0.0
400805;5889505;3106004.26;0.0;0.0;0.0;-403780.5538;;31060.0426;0.0;DE0006231004;Equity;2702223.7062;0.0;0.0;0.0;0.0;27022.237062;0.0
400805;5966516;4259569.07;0.0;0.0;0.0;-553743.9791;;42595.6907;0.0;FR0000130809;Equity;3705825.0909;0.0;0.0;0.0;0.0;37058.250909;0.0
400805;6597067;3734273.471665016;0.0;0.0;0.0;-354755.9798081765;;37342.73471665016;37342.73471665016;JP3900000005;Equity;3379517.4918568395;0.0;0.0;0.0;0.0;33795.174918568395;33795.174918568395
400805;6635677;1400192.8322954078;0.0;0.0;0.0;-133018.31906806375;;14001.928322954078;14001.928322954078;JP3164720009;Equity;1267174.513227344;0.0;0.0;0.0;0.0;12671.745132273441;12671.745132273441
400805;6895675;1195148.1797774856;0.0;0.0;0.0;-113539.07707886114;;11951.481797774855;11951.481797774855;JP3571400005;Equity;1081609.1026986244;0.0;0.0;0.0;0.0;10816.091026986243;10816.091026986243
400805;7088429;9688499.4;0.0;0.0;0.0;-1259504.922;;96884.994;0.0;FR0000120628;Equity;8428994.478;0.0;0.0;0.0;0.0;84289.94478;0.0
400805;7144569;8426215.665;0.0;0.0;0.0;-1095408.03645;;84262.15664999999;0.0;IT0003128367;Equity;7330807.628549999;0.0;0.0;0.0;0.0;73308.07628549998;0.0
400805;7145056;2890741.044;0.0;0.0;0.0;-375796.33572000003;;28907.41044;0.0;IT0003132476;Equity;2514944.7082800004;0.0;0.0;0.0;0.0;25149.4470828;0.0
400805;7212477;11518359.999999998;0.0;0.0;0.0;-1497386.8;;115183.6;0.0;FR0000121667;Equity;10020973.199999997;0.0;0.0;0.0;0.0;100209.73199999999;0.0
400805;7309681;8918483.6;0.0;0.0;0.0;-1159402.868;;89184.836;0.0;FR0000131104;Equity;7759080.732;0.0;0.0;0.0;0.0;77590.80731999999;0.0
400805;7380482;10961176.1;0.0;0.0;0.0;-1424952.8930000002;;109611.761;0.0;FR0000125007;Equity;9536223.206999999;0.0;0.0;0.0;0.0;95362.23206999998;0.0
400805;7792559;2517164.34;0.0;0.0;0.0;-327231.3642;;25171.6434;0.0;NL0000009165;Equity;2189932.9757999997;0.0;0.0;0.0;0.0;21899.329757999996;0.0
400805;989529;5133084.449041843;0.0;0.0;0.0;-795628.0896014859;;51330.84449041844;51330.84449041844;GB0009895292;Equity;4337456.359440357;0.0;0.0;0.0;0.0;43374.56359440358;43374.56359440358
400805;B058TZ6;9241738.0;0.0;0.0;0.0;-1201425.9400000002;;92417.38;0.0;FR0000073272;Equity;8040312.06;0.0;0.0;0.0;0.0;80403.12060000001;0.0
400805;B11ZRK9;3108665.56;0.0;0.0;0.0;-404126.5228;;31086.6556;0.0;FR0010307819;Equity;2704539.0372;0.0;0.0;0.0;0.0;27045.390371999998;0.0
400805;B15C557;11717880.26;0.0;0.0;0.0;-1523324.4338;;117178.8026;0.0;FR0000120271;Equity;10194555.8262;0.0;0.0;0.0;0.0;101945.55826199998;0.0
400805;B1W4V69;3898518.68;0.0;0.0;0.0;-506807.42840000003;;38985.1868;0.0;IT0004176001;Equity;3391711.2516;0.0;0.0;0.0;0.0;33917.112516;0.0
400805;B1XH026;7895025.5;0.0;0.0;0.0;-1026353.3150000001;;78950.255;0.0;FR0000125486;Equity;6868672.185;0.0;0.0;0.0;0.0;68686.72185;0.0
400805;B1Y9TB3;5502142.8;0.0;0.0;0.0;-715278.564;;55021.428;0.0;FR0000120644;Equity;4786864.236;0.0;0.0;0.0;0.0;47868.64236;0.0
400805;B1YXBJ7;13078579.499999998;0.0;0.0;0.0;-1700215.3349999997;;130785.79499999998;0.0;FR0000120073;Equity;11378364.165;0.0;0.0;0.0;0.0;113783.64165;0.0
400805;B288C92;11265551.82;0.0;0.0;0.0;-1464521.7366000002;;112655.5182;0.0;ES0144580Y14;Equity;9801030.0834;0.0;0.0;0.0;0.0;98010.30083400001;0.0
400805;B28DTJ6;4281441.78;0.0;0.0;0.0;-556587.4314000001;;42814.4178;0.0;FR0006174348;Equity;3724854.3486;0.0;0.0;0.0;0.0;37248.543486;0.0
400805;B29VF02;625455.7304202925;0.0;0.0;0.0;-78181.96630253657;;6254.5573042029255;6254.557304202925;CA3518581051;Equity;547273.7641177559;0.0;0.0;0.0;0.0;5472.737641177559;5472.7376411775585
400805;B5BKPQ4;7226985.84521385;0.0;0.0;0.0;-903373.2306517311;;72269.85845213849;72269.85845213849;US6200763075;Equity;6323612.614562118;0.0;0.0;0.0;0.0;63236.12614562118;63236.12614562118
400805;B616C79;1572665.9877800408;0.0;0.0;0.0;-196583.2484725051;;15726.659877800408;15726.659877800408;US88160R1014;Equity;1376082.7393075358;0.0;0.0;0.0;0.0;13760.827393075358;13760.827393075358
400805;B6Z1355;1808901.629327902;0.0;0.0;0.0;-226112.7036659878;;18089.016293279023;18089.016293279023;US9837931008;Equity;1582788.9256619143;0.0;0.0;0.0;0.0;15827.889256619144;15827.889256619144
400805;B7FBFL2;1149440.4739862988;0.0;0.0;0.0;-143680.05924828735;;11494.404739862988;11494.404739862988;US03027X1000;Equity;1005760.4147380114;0.0;0.0;0.0;0.0;10057.604147380114;10057.604147380114
400805;B7TL820;4453690.909090909;0.0;0.0;0.0;-556711.3636363636;;44536.90909090909;44536.909090909096;US30303M1027;Equity;3896979.5454545454;0.0;0.0;0.0;0.0;38969.795454545456;38969.795454545456
400805;B87ZMX0;1260290.612849472;0.0;0.0;0.0;-157536.32660618404;;12602.906128494722;12602.906128494722;US6974351057;Equity;1102754.286243288;0.0;0.0;0.0;0.0;11027.542862432882;11027.542862432882
400805;B929F46;19448964.0;0.0;0.0;0.0;-2528365.3200000003;;194489.64;0.0;NL0010273215;Equity;16920598.68;0.0;0.0;0.0;0.0;169205.9868;0.0
400805;B92SR70;644736.604332531;0.0;0.0;0.0;-80592.07554156637;;6447.36604332531;6447.36604332531;US00287Y1091;Equity;564144.5287909646;0.0;0.0;0.0;0.0;5641.445287909646;5641.445287909646
400805;B94Q9V0;3570289.3908535447;0.0;0.0;0.0;-446286.17385669315;;35702.89390853545;35702.89390853545;US8725901040;Equity;3124003.2169968514;0.0;0.0;0.0;0.0;31240.032169968516;31240.032169968516
400805;BDHLTQ5;2514410.340677652;0.0;0.0;0.0;-314301.29258470656;;25144.10340677652;25144.10340677652;US05722G1004;Equity;2200109.0480929455;0.0;0.0;0.0;0.0;22001.090480929455;22001.090480929455
400805;BDZ78H9;7196452.018144788;0.0;0.0;0.0;-899556.5022680984;;71964.52018144788;71964.52018144788;US11135F1012;Equity;6296895.51587669;0.0;0.0;0.0;0.0;62968.9551587669;62968.9551587669
400805;BF0LBX7;3691515.0;0.0;0.0;0.0;-479896.95;;36915.15;0.0;FR0013280286;Equity;3211618.05;0.0;0.0;0.0;0.0;32116.180500000002;0.0
400805;BG0SCK9;1218720.78;0.0;0.0;0.0;-158433.70139999996;;12187.207799999998;0.0;NL0012866412;Equity;1060287.0786000001;0.0;0.0;0.0;0.0;10602.870786;0.0
400805;BJYRDP5;4443721.9;0.0;0.0;0.0;-577683.847;;44437.219;0.0;FR0011726835;Equity;3866038.0530000003;0.0;0.0;0.0;0.0;38660.380529999995;0.0
400805;BK6H543;518102.9068690983;0.0;0.0;0.0;-80305.95056471025;;5181.029068690984;5181.029068690983;US09075V1026;Equity;437796.95630438806;0.0;0.0;0.0;0.0;4377.969563043881;4377.96956304388
400805;BM5M5Y3;5696319.551934825;0.0;0.0;0.0;-712039.9439918534;;56963.19551934826;56963.19551934826;US75513E1010;Equity;4984279.607942972;0.0;0.0;0.0;0.0;49842.796079429725;49842.796079429725
400805;BN0SDX8;1087047.0;0.0;0.0;0.0;-141316.11000000002;;10870.47;0.0;DE000HAG0005;Equity;945730.89;0.0;0.0;0.0;0.0;9457.3089;0.0
400805;BN320L4;1410703.9603092049;0.0;0.0;0.0;-141070.39603092047;;14107.039603092047;14107.039603092047;CA7397211086;Equity;1269633.5642782843;0.0;0.0;0.0;0.0;12696.335642782842;12696.335642782842
400805;BNC0116;1693988.56;0.0;0.0;0.0;-220218.5128;;16939.8856;0.0;NL0014559478;Equity;1473770.0472000001;0.0;0.0;0.0;0.0;14737.700472000002;0.0
400805;BP6H4Y1;1721686.5024995368;0.0;0.0;0.0;-215210.81281244208;;17216.865024995368;17216.865024995368;US36828A1016;Equity;1506475.6896870947;0.0;0.0;0.0;0.0;15064.756896870947;15064.756896870947
400805;BP6KMJ1;884296.9823191601;0.0;0.0;0.0;-114958.60770149081;;8842.9698231916;8842.9698231916;DK0062498333;Equity;769338.3746176693;0.0;0.0;0.0;0.0;7693.3837461766925;7693.3837461766925
400805;BP9DL90;5909744.05;0.0;0.0;0.0;-768266.7265;;59097.4405;0.0;ES0148396007;Equity;5141477.3235;0.0;0.0;0.0;0.0;51414.773235;0.0
400805;BPBPJ01;4745212.92;0.0;0.0;0.0;-616877.6795999998;;47452.12919999999;0.0;FR001400AJ45;Equity;4128335.2404;0.0;0.0;0.0;0.0;41283.35240399999;0.0
400805;BPCPSD6;4172411.2;0.0;0.0;0.0;-542413.456;;41724.112;0.0;CH1216478797;Equity;3629997.744;0.0;0.0;0.0;0.0;36299.97744;0.0
400805;BQT3XY6;1400562.8587298647;0.0;0.0;0.0;-175070.35734123312;;14005.628587298648;14005.62858729865;IL0011334468;Equity;1225492.5013886315;0.0;0.0;0.0;0.0;12254.925013886315;12254.925013886317
400805;BR4T3B3;1088423.2734678762;0.0;0.0;0.0;-136052.90918348453;;10884.232734678762;10884.232734678762;US4435731009;Equity;952370.3642843917;0.0;0.0;0.0;0.0;9523.703642843917;9523.703642843917
400805;BVLZX12;1947419.9222366228;0.0;0.0;0.0;-243427.49027957788;;19474.199222366227;19474.199222366227;US29444U7000;Equity;1703992.4319570449;0.0;0.0;0.0;0.0;17039.924319570448;17039.924319570448
400805;BYPC1T4;2191170.597867089;0.0;0.0;0.0;-284852.1777227216;;21911.70597867089;21911.70597867089;SE0007100581;Equity;1906318.4201443673;0.0;0.0;0.0;0.0;19063.184201443673;19063.184201443673
400805;BYVY8G0;5502446.806147008;0.0;0.0;0.0;-687805.8507683761;;55024.468061470085;55024.468061470085;US02079K3059;Equity;4814640.955378632;0.0;0.0;0.0;0.0;48146.409553786325;48146.409553786325
400805;BZ57390;10680285.21;0.0;0.0;0.0;-1388437.0773;;106802.8521;0.0;NL0011821202;Equity;9291848.1327;0.0;0.0;0.0;0.0;92918.48132699999;0.0
400805;CSH_CAD_DB;338526.1197359955;0.0;0.0;0.0;0.0;;0.0;3385.261197359955;;Cash;338526.1197359955;0.0;0.0;0.0;0.0;0.0;3385.261197359955
400805;CSH_CHF_DB;66058.34560479024;0.0;0.0;0.0;0.0;;0.0;660.5834560479025;;Cash;66058.34560479024;0.0;0.0;0.0;0.0;0.0;660.5834560479025
400805;CSH_DKK_DB;995093.8537212256;0.0;0.0;0.0;0.0;;0.0;9950.938537212256;;Cash;995093.8537212256;0.0;0.0;0.0;0.0;0.0;9950.938537212256
400805;CSH_EUR_DB;174259.89;0.0;0.0;0.0;0.0;;0.0;0.0;;Cash;174259.89;0.0;0.0;0.0;0.0;0.0;0.0
400805;CSH_GBP_DB;530985.1191793187;0.0;0.0;0.0;-13274.627979482962;;0.0;5309.8511917931855;;Cash;517710.49119983567;0.0;0.0;0.0;0.0;0.0;5177.104911998355
400805;CSH_JPY_DB;48192.052368607925;0.0;0.0;0.0;-1204.8013092151982;;0.0;481.92052368607926;;Cash;46987.25105939273;0.0;0.0;0.0;0.0;0.0;469.8725105939273
400805;CSH_NOK_DB;66747.2533065567;0.0;0.0;0.0;0.0;;0.0;667.472533065567;;Cash;66747.2533065567;0.0;0.0;0.0;0.0;0.0;667.472533065567
400805;CSH_SEK_DB;958931.997841374;0.0;0.0;0.0;0.0;;0.0;9589.31997841374;;Cash;958931.997841374;0.0;0.0;0.0;0.0;0.0;9589.31997841374
400805;CSH_USD_DB;713109.0075911868;0.0;0.0;0.0;-17827.72518977967;;0.0;7131.090075911868;;Cash;695281.2824014071;0.0;0.0;0.0;0.0;0.0;6952.81282401407
400805;FR0010582452;292105.3721000001;0.0331490112565469;0.2961243488183436;3.6653447704798072;-331.145132381108;;0.0;1.3563885184217586e-09;FR0010582452;Fund Unit;291774.226967619;0.0025;0.032838057837356716;0.0;0.2961243488183436;0.0;1.354850849147606e-09
400805;FR0010722413;4860145.214100001;0.0;0.0;0.0;-461603.82108004094;;48585.10601789512;48603.23158191003;FR0010722413;Fund Unit;4398541.39301996;0.0;0.0;0.0;0.0;43970.62031891332;43987.02436448795
900200;2I666V.S43.5Y;-3946007.920694463;2.6204898071851663;277.5003164970522;0.0;3898641.456692876;;0.0;0.0;;CDS Index;-47366.46400158713;0.0025;2.63765722425907;0.0;277.5003164970522;0.0;0.0
900200;2I667D.S43.5Y;2165131.740457643;2.6114700433279023;324.6611409688063;0.0;-2880537.957208506;;0.0;0.0;;CDS Index;-715406.216750863;0.0025;2.6285194827959;0.0;324.6611409688063;0.0;0.0
900200;2I667E.S43.5Y;240721.8730172655;2.7161501589237877;-486.5010511693261;0.0;1127290.8670045985;;0.0;0.0;;CDS Index;1368012.740021864;0.0025;2.734593838138342;0.0;-486.5010511693261;0.0;0.0
900200;2I667K.S43.5Y;-1096847.0703994385;2.5007031065629013;61.4064845399712;0.0;985889.7002819533;;0.0;0.0;;CDS Index;-110957.37011748517;0.0025;2.516336896630835;0.0;61.4064845399712;0.0;0.0
900200;BE0390201672;6850213.424657532;8.134215073525286;8.134215073525286;5374.808575452634;-342158.4436121107;;0.0;0.0;BE0390201672;Bond;6508054.981045421;0.0025;8.280013232146963;0.0;8.134215073525286;0.0;0.0
900200;BE6362152199;3946842.7480315054;4.95433606859128;4.95433606859128;12143.7932385601;-130179.29205201732;;0.0;0.0;BE6362152199;Bond;3816663.455979488;0.0025;4.938778749182606;0.0;4.95433606859128;0.0;0.0
900200;BTSM25 Cmdty;0.0;0.0;0.0;-2785.0318698967044;61799.71817955386;;0.0;0.0;;Bond Future;61799.71817955386;0.0025;0.0;0.0;0.0;0.0;0.0
900200;CDSB100001026;416065.98142907495;0.9670801731875956;21.94831106539865;0.0;-128853.16108134476;MORGAN STANLEY EUROPE SE;0.0;0.0;;Credit Default Swap;287212.8203477302;0.0025;0.969418283341027;0.0;21.94831106539865;0.0;0.0
900200;CDSB100001110;-395966.25029391696;1.2102235178698135;123.58691516819688;0.0;172474.8850168727;JP MORGAN SE;0.0;0.0;;Credit Default Swap;-223491.36527704427;0.0025;1.2138851202778265;0.0;123.58691516819688;0.0;0.0
900200;CDSB100001112;198988.32829989243;1.2029920684948183;166.4209456722856;0.0;-116503.84365862317;JP MORGAN SE;0.0;0.0;;Credit Default Swap;82484.48464126926;0.0025;1.206610043286972;0.0;166.4209456722856;0.0;0.0
900200;CDSB100001503;22381.10667285836;1.3342738971158985;1182.396989378885;0.0;-92696.39233739932;JP MORGAN SE;0.0;0.0;;Credit Default Swap;-70315.28566454095;0.0025;1.3387246141972107;0.0;1182.396989378885;0.0;0.0
900200;CDSB100001504;-351629.43467395974;1.4496760514865716;161.2137029506122;0.0;199680.56323187953;JP MORGAN SE;0.0;0.0;;Credit Default Swap;-151948.8714420802;0.0025;1.454929953122206;0.0;161.2137029506122;0.0;0.0
900200;CDSB100001670;-2045419.6497582505;1.6984748933576204;24.921844992282477;0.0;492953.73363045306;GOLDMAN SACHS BANK EUROPE SE;0.0;0.0;;Credit Default Swap;-1552465.9161277974;0.0025;1.7056869357660358;0.0;24.921844992282477;0.0;0.0
900200;CDSB100001671;322498.06401685503;1.6726651267796753;193.9820832868572;0.0;-133854.43330977563;BNP PARIBAS;0.0;3224.9806401685505;;Credit Default Swap;188643.6307070794;0.00125;1.6761623875626064;0.0;193.9820832868572;0.0;1886.436307070794
900200;CDSB100001684;440462.0428599146;1.7002470826601994;127.5825071317072;0.0;-198555.61679396263;MORGAN STANLEY EUROPE SE;0.0;0.0;;Credit Default Swap;241906.42606595196;0.0025;1.7074741830154356;0.0;127.5825071317072;0.0;0.0
900200;CDSB100001686;-281430.1818450265;1.6976162766417664;142.12368029918628;0.0;141187.02731239135;MORGAN STANLEY EUROPE SE;0.0;0.0;;Credit Default Swap;-140243.15453263515;0.0025;1.704821029198564;0.0;142.12368029918628;0.0;0.0
900200;CDSB100001740;-368922.2761990109;1.6947157544202087;155.60245303090366;0.0;202481.28502416486;MORGAN STANLEY EUROPE SE;0.0;0.0;;Credit Default Swap;-166440.99117484604;0.0025;1.7018959081409089;0.0;155.60245303090366;0.0;0.0
900200;CDSB100001742;364157.04982637666;1.690580690113751;174.42672462554214;0.0;-223854.6172683164;MORGAN STANLEY EUROPE SE;0.0;0.0;;Credit Default Swap;140302.43255806027;0.0025;1.6977258477882147;0.0;174.42672462554214;0.0;0.0
900200;CDSB100001851;-389970.17401761207;1.6909946656174992;175.18227008900485;0.0;240754.10493996768;SOCIETE GENERALE;0.0;0.0;;Credit Default Swap;-149216.06907764438;0.0025;1.6981433230153664;0.0;175.18227008900485;0.0;0.0
900200;CDSB100001853;150350.92480843642;1.6694221988789213;313.1790213258122;0.0;-165431.1421330221;SOCIETE GENERALE;0.0;0.0;;Credit Default Swap;-15080.217324585683;0.0025;1.6763896250741956;0.0;313.1790213258122;0.0;0.0
900200;CH1142231682;34526229.45152775;0.5786116463224997;0.5786116463224997;3100.1787247612046;-133422.5935380271;;0.0;0.0;CH1142231682;Bond;34392806.85798973;0.0025;0.5772038252560797;0.0;0.5786116463224997;0.0;0.0
900200;CH1174335732;40243561.643532686;0.5222358895181864;0.5222358895181863;3141.4968403972584;-140466.56858591968;;0.0;0.0;CH1174335732;Bond;40103095.07494677;0.0025;0.5209661628866971;0.0;0.5222358895181863;0.0;0.0
900200;CSH_CAD_DB;0.1415084160361582;0.0;0.0;0.0;0.0;;0.0;0.0014150841603615;;Cash;0.1415084160361582;0.0;0.0;0.0;0.0;0.0;0.0014150841603615
900200;CSH_CHF_DB;23.239341306453824;0.0;0.0;0.0;0.0;;0.0;0.2323934130645382;;Cash;23.239341306453824;0.0;0.0;0.0;0.0;0.0;0.2323934130645382
900200;CSH_EUR_DB;18303574.630000003;0.0;0.0;0.0;0.0;;0.0;0.0;;Cash;18303574.630000003;0.0;0.0;0.0;0.0;0.0;0.0
900200;CSH_GBP_DB;6986.8624907424555;0.0;0.0;0.0;-174.6715622685614;;0.0;69.86862490742455;;Cash;6812.190928473894;0.0;0.0;0.0;0.0;0.0;68.12190928473893
900200;CSH_USD_DB;380599.0742455101;0.0;0.0;0.0;-9514.976856137753;;0.0;3805.9907424551006;;Cash;371084.09738937236;0.0;0.0;0.0;0.0;0.0;3710.840973893723
900200;DE000A289RN6;22564224.65769437;0.0185988468878315;0.0185988468878315;41.47979293407939;-2596.431330474421;;0.0;0.0;DE000A289RN6;Bond;22561628.226363894;0.0025;0.01855375420414391;0.0;0.0185988468878315;0.0;0.0
900200;DE000A3LKBD0;10008200.4;0.0629578993772984;0.7926877100609538;6.369009319939778;-33519.63374921414;;0.0;0.0;DE000A3LKBD0;Bond;9974680.766250785;0.0025;0.06295189914314099;0.0;0.7926877100609538;0.0;0.0
900200;DE000A4DE9Y3;4663826.095892733;4.395486904036344;4.395486904036344;11363.953271045835;-138130.8543390683;;0.0;0.0;DE000A4DE9Y3;Bond;4525695.241553664;0.0025;4.38287226692791;0.0;4.395486904036344;0.0;0.0
900200;DE000NRW0N26;8024472.73972603;22.716086268187055;22.71608626818705;636055.9528033625;-738245.4071984189;;0.0;0.0;DE000NRW0N26;Bond;7286227.332527611;0.0025;22.024524791175292;0.0;22.71608626818705;0.0;0.0
900200;DUM25 Cmdty;0.0;0.0;0.0;-290.5085280898374;4123.375420056874;;0.0;0.0;;Bond Future;4123.375420056874;0.0025;0.0;0.0;0.0;0.0;0.0
900200;ES0813211028;10263000.000000002;0.7619010133375568;0.761901013337557;801.5036634389886;-95156.39690957277;;0.0;0.0;ES0813211028;Bond;10167843.60309043;0.0025;0.7613998354671467;0.0;0.761901013337557;0.0;0.0
900200;FR0012599645;50743702.152000025;0.230690403526216;0.5082472453835561;3876.2395438049007;-126147.2268456175;;0.0;2.084721434473003e-08;FR0012599645;Fund Unit;50617554.92515441;0.0025;0.22891373408708882;0.0;0.5082472453835561;0.0;2.079538883406535e-08
900200;FR0012737963;2712838.4999996554;0.2878308724248783;0.2878308724248783;41.9619519131888;-9399.600670109558;;0.0;0.0;FR0012737963;Bond;2703438.899329546;0.0025;0.2876512911091377;0.0;0.2878308724248783;0.0;0.0
900200;FR0013413887;4086095.89041096;0.0389757815552729;0.0389757815552729;15.725012403322586;-1007.5304935259902;;0.0;0.0;FR0013413887;Bond;4085088.3599174344;0.0025;0.03888336883868996;0.0;0.0389757815552729;0.0;0.0
900200;FR0014009A50;5834150.082191716;0.141182605125601;0.141182605125601;91.71501247350596;-5506.4786392193055;;0.0;0.0;FR0014009A50;Bond;5828643.603552497;0.0025;0.14083942713324518;0.0;0.141182605125601;0.0;0.0
900200;FR001400A5N5;6864745.315068487;0.0929890186185941;0.0929890186185941;67.83888420815575;-3949.5794963407734;;0.0;0.0;FR001400A5N5;Bond;6860795.735572146;0.0025;0.09276358065545481;0.0;0.0929890186185941;0.0;0.0
900200;FR001400N6I8;100764.34246575343;7.376149768623145;7.376149768623145;671.5227862663645;-5001.110722050944;;0.0;0.0;FR001400N6I8;Bond;95763.23174370249;0.0025;7.345561485516465;0.0;7.376149768623145;0.0;0.0
900200;FR001400Y969;5015594.520547946;8.191878368966679;8.191878368966679;40824.502825454365;-252217.77728268434;;0.0;0.0;FR001400Y969;Bond;4763376.743265262;0.0025;8.15615769197654;0.0;8.191878368966679;0.0;0.0
900200;FR0128910454;3494273.525435;0.0622722195791372;0.0622722195791372;22.56402065192675;-1321.1225931781642;;0.0;0.0;FR0128910454;Bond;3492952.4028418222;0.0025;0.06212047844567491;0.0;0.0622722195791372;0.0;0.0
900200;FR0128957760;16987825.39246228;0.0270705272859782;0.0270705272859782;46.0609783664252;-2792.5192425965392;;0.0;0.0;FR0128957760;Bond;16985032.873219684;0.0025;0.027004574042049312;0.0;0.0270705272859782;0.0;0.0
900200;FR0128962497;19995591.84081565;0.0081157909728521;0.0081157909728521;15.936074682100465;-986.0839811909092;;0.0;0.0;FR0128962497;Bond;19994605.75683446;0.0025;0.008096031153142214;0.0;0.0081157909728521;0.0;0.0
900200;FR0129030898;9971499.4234;0.0944095824535604;0.0944095824535604;100.30479780098482;-15776.824430173972;;0.0;0.0;FR0129030898;Bond;9955722.598969826;0.0025;0.09418038665334373;0.0;0.0944095824535604;0.0;0.0
900200;FR0129061653;19836694.535999823;0.2919122286938837;0.2919122286938837;732.4803652503042;-96846.54702233337;;0.0;0.0;FR0129061653;Bond;19739847.98897749;0.0025;0.2912021224354275;0.0;0.2919122286938837;0.0;0.0
900200;FR0129084762;10023380.513505604;0.0028283356467447;0.0080949090527649;-0.0063948846218409;-1224.249002983115;;0.0;0.0;FR0129084762;Bond;10022156.26450262;0.0025;0.0028283715953708495;0.0;0.0080949090527649;0.0;0.0
900200;FR0129101236;9994868.3500999;0.0189378635543252;0.0189378635543252;18.7934667829838;-1150.0944402854686;;0.0;0.0;FR0129101236;Bond;9993718.255659616;0.0025;0.01889175237130581;0.0;0.0189378635543252;0.0;0.0
900200;FR0129105872;17676103.70466937;0.0458903791480086;0.0458903791480086;82.55097772169675;-13583.96462783496;;0.0;0.0;FR0129105872;Bond;17662519.740041535;0.0025;0.045778888911226515;0.0;0.0458903791480086;0.0;0.0
900200;FR0129106383;6958360.416839971;0.2135585456503635;0.2135585456503635;176.35113147557556;-9036.33654132095;;0.0;0.0;FR0129106383;Bond;6949324.08029865;0.0025;0.2130389693679631;0.0;0.2135585456503635;0.0;0.0
900200;FR0129107795;12975226.13033154;0.0647861970444555;0.0647861970444555;87.1364647136686;-14077.231637291206;;0.0;0.0;FR0129107795;Bond;12961148.898694249;0.0025;0.06462880010319388;0.0;0.0647861970444555;0.0;0.0
900200;FR0129109759;13968359.745711954;0.0811011969354974;0.0811011969354974;119.43820155124384;-6888.506175967539;;0.0;0.0;FR0129109759;Bond;13961471.239535987;0.0025;0.08090387482891123;0.0;0.0811011969354974;0.0;0.0
900200;IKM25 Cmdty;0.0;0.0;0.0;-19875.9704992228;138662.81142631825;;0.0;0.0;;Bond Future;138662.81142631825;0.0025;0.0;0.0;0.0;0.0;0.0
900200;INFS10000294;337818.9704720788;8.96164383561639;0.0;-48.69983947987938;-332792.5737386868;JP MORGAN SE;0.0;0.0;;Index Linked Swap;5026.39673339203;0.0025;9.166025475602451;0.0;0.0;0.0;0.0
900200;INFS10000295;-1357239.567416324;18.96986301369862;0.0;1746.489229204141;1380023.7833402862;JP MORGAN SE;0.0;0.0;;Index Linked Swap;22784.215923962183;0.0025;19.901672148174544;0.0;0.0;0.0;0.0
900200;INFS10000296;1045590.03176928;28.97534246575347;0.0;-5227.462631761314;-1021033.6634602637;JP MORGAN SE;0.0;0.0;;Index Linked Swap;24556.368309016223;0.0025;31.199256986526994;0.0;0.0;0.0;0.0
900200;INFS10000345;717423.2938995262;19.1369863013699;0.0;-1170.7719146807192;-595233.4179299328;JP MORGAN SE;0.0;0.0;;Index Linked Swap;122189.87596959341;0.0025;20.093344721211423;0.0;0.0;0.0;0.0
900200;INFS10000347;705347.6431237764;19.136986301369877;0.0;-1131.6908057268174;-594655.6890212437;CITIBANK EUROPE PUBLIC LIMITED COMPANY;0.0;0.0;;Index Linked Swap;110691.9541025327;0.0025;20.092658013535253;0.0;0.0;0.0;0.0
900200;INFS10000349;-539589.4920262587;19.136986301369927;0.0;946.1288287757332;418452.37478575914;GOLDMAN SACHS INTERNATIONAL  PARIS BRANCH;0.0;0.0;;Index Linked Swap;-121137.11724049959;0.0025;20.096382497517578;0.0;0.0;0.0;0.0
900200;INFS10000350;-239383.74973853177;19.13698630136992;0.0;411.4967215943095;189132.31162272143;CREDIT AGRICOLE CORPORATE AND INVESTMENT BANK;0.0;0.0;;Index Linked Swap;-50251.438115810335;0.0025;20.095521501204484;0.0;0.0;0.0;0.0
900200;INFS10000353;-728042.6122863288;19.136986301369856;0.0;1226.2525069093203;586334.9051004994;GOLDMAN SACHS INTERNATIONAL  PARIS BRANCH;0.0;0.0;;Index Linked Swap;-141707.7071858294;0.0025;20.09465476800806;0.0;0.0;0.0;0.0
900200;IRSB100007718;590202.823181414;30.00365995407931;0.0;-834935.435696348;516551.18408843357;JP MORGAN SE;0.0;0.0;;Swap;1106754.0072698477;0.0025;67.62067127561272;0.0;0.0;0.0;0.0
900200;IRSB100008990;26202.0754542239;0.6575556905896622;0.0;-693.0207336592557;26279.499362457955;CREDIT AGRICOLE CORPORATE AND INVESTMENT BANK;0.0;0.0;;Swap;52481.57481668185;0.0025;1.31986358568777;0.0;0.0;0.0;0.0
900200;IRSB100009460;-3641.2195972129703;0.5890601619725003;0.0;-1551.6337758612353;65664.4488240029;BNP PARIBAS;0.0;0.0;;Swap;62023.22922678993;0.0025;-10.063328324068372;0.0;0.0;0.0;0.0
900200;LU2550878602;18646872.537600003;0.5360026175322387;0.7416979329101698;429.3950903835528;-25686.844787045324;;-4066.5773704186818;212.07267262650475;LU2550878602;Fund Unit;18621185.692812957;0.0025;0.5361451713719956;0.0;0.7416979329101698;-4060.975490450991;211.7805336732113
900200;OEM25 Cmdty;0.0;0.0;0.0;-26492.178986517905;186533.6549726389;;0.0;0.0;;Bond Future;186533.6549726389;0.0025;0.0;0.0;0.0;0.0;0.0
900200;PTCGDNOM0026;3068291.095890069;0.2024642043624468;0.2024642043624468;72.98238013928454;-4207.341626008163;;0.0;0.0;PTCGDNOM0026;Bond;3064083.754264061;0.0025;0.20197203368130512;0.0;0.2024642043624468;0.0;0.0
900200;RXM25 Cmdty;0.0;0.0;0.0;-312270.0598926951;1371935.3164363853;;0.0;0.0;;Bond Future;1371935.3164363853;0.0025;0.0;0.0;0.0;0.0;0.0
900200;XS0207764712;12182155.47777786;0.2291351792395992;2.123445354116449;116.36132182246683;-256186.704830223;;0.0;0.0;XS0207764712;Bond;11925968.772947636;0.0025;0.22902764195721242;0.0;2.123445354116449;0.0;0.0
900200;XS1684385161;8324972.3132008705;0.4594029894912147;0.4594029894912146;362.83504782503377;-63224.17329367895;;0.0;0.0;XS1684385161;Bond;8261748.1399071915;0.0025;0.4588410188961624;0.0;0.4594029894912146;0.0;0.0
900200;XS1739839998;18308060.10989232;0.1711131588475445;0.1711131588475445;206.0460602138185;-38522.16483396521;;0.0;0.0;XS1739839998;Bond;18269537.945058353;0.0025;0.17090499836454012;0.0;0.1711131588475445;0.0;0.0
900200;XS1808351214;38487253.46575344;0.0450183659411111;0.0450183659411111;175.27127904592948;-21510.684128804663;;0.0;0.0;XS1808351214;Bond;38465742.78162464;0.0025;0.044909582362037154;0.0;0.0450183659411111;0.0;0.0
900200;XS2010031057;8373292.341650883;0.2256536129372009;0.2256536129372009;135.01536103355247;-23124.051179134498;;0.0;0.0;XS2010031057;Bond;8350168.290471748;0.0025;0.2253777986967556;0.0;0.2256536129372009;0.0;0.0
900200;XS2052337503;16066292.602358129;0.6361666521426775;0.6361666521426775;1643.2229798462545;-173581.98596547748;;0.0;0.0;XS2052337503;Bond;15892710.616392652;0.0025;0.6346214804051264;0.0;0.6361666521426775;0.0;0.0
900200;XS2110110686;15350044.52054794;0.0739211646545826;0.0739211646545825;117.72849362046114;-7653.994802026646;;0.0;0.0;XS2110110686;Bond;15342390.525745913;0.0025;0.07374308583953373;0.0;0.0739211646545825;0.0;0.0
900200;XS2152062209;20588536.986607827;0.0158910624454902;0.0158910624454902;32.14801758181339;-2369.0919272261062;;0.0;0.0;XS2152062209;Bond;20586167.8946806;0.0025;0.01585265745368591;0.0;0.0158910624454902;0.0;0.0
900200;XS2183818637;20430363.013631187;0.4306814448211825;0.4306814448211825;1232.7755212140703;-108812.6731465727;;0.0;0.0;XS2183818637;Bond;20321550.340484615;0.0025;0.42963665201254814;0.0;0.4306814448211825;0.0;0.0
900200;XS2187689034;30750616.43836727;0.2042262176636068;0.2042262176636068;728.4268521703793;-39428.187652481865;;0.0;0.0;XS2187689034;Bond;30711188.250714786;0.0025;0.2037382834523784;0.0;0.2042262176636068;0.0;0.0
900200;XS2189784288;15986847.853914062;0.4735890991365954;0.4735890991365954;1099.3818855309096;-95393.47118483888;;0.0;0.0;XS2189784288;Bond;15891454.382729223;0.0025;0.4724306183315527;0.0;0.4735890991365954;0.0;0.0
900200;XS2189964773;14226911.328766393;0.2057988625800997;0.2057988625800996;345.8821359324088;-19508.40854807556;;0.0;0.0;XS2189964773;Bond;14207402.920218317;0.0025;0.20529694995952624;0.0;0.2057988625800996;0.0;0.0
900200;XS2278566299;3758678.356166169;4.43049175386021;4.43049175386021;9185.88962174244;-99819.49867099444;;0.0;0.0;XS2278566299;Bond;3658858.8574951747;0.0025;4.418467027087677;0.0;4.43049175386021;0.0;0.0
900200;XS2286011528;15209589.04109589;0.0628042200922343;0.7299542762931297;297.62659004006764;-114512.06818715627;;0.0;0.0;XS2286011528;Bond;15095076.972908733;0.0025;0.06232487222082548;0.0;0.7299542762931297;0.0;0.0
900200;XS2462324232;30121097.25969569;0.5602693782435377;0.5602693782435378;2588.887104613201;-112644.65139584831;;0.0;0.0;XS2462324232;Bond;30008452.60829984;0.0025;0.5589054002837035;0.0;0.5602693782435378;0.0;0.0
900200;XS2487667276;6037040.547945205;0.8163625784976348;0.8163625784976348;882.2493801531004;-33112.75390955151;;0.0;0.0;XS2487667276;Bond;6003927.794035654;0.0025;0.814375213574336;0.0;0.8163625784976348;0.0;0.0
900200;XS2532681074;7924437.328767128;1.8820992499228013;1.8820992499228013;4383.452251177668;-91897.11928128774;;0.0;0.0;XS2532681074;Bond;7832540.209485841;0.0025;1.8771260869608035;0.0;1.8820992499228013;0.0;0.0
900200;XS2538366878;30683498.629927214;0.4802418428264874;0.4802418428264874;2142.638333397119;-99448.1613128874;;0.0;0.0;XS2538366878;Bond;30584050.46861433;0.0025;0.47907266555408606;0.0;0.4802418428264874;0.0;0.0
900200;XS2710354544;20957863.013698623;1.5078511748509444;1.5078511748509444;7926.3916319405325;-211094.65381867552;;0.0;0.0;XS2710354544;Bond;20746768.35987995;0.0025;1.5040800602680384;0.0;1.5078511748509444;0.0;0.0
900200;XS2904849879;4140630.1371053937;3.9018436894384134;3.9018436894384134;8233.93931727402;-202702.57785253317;;0.0;0.0;XS2904849879;Bond;3937927.5592528605;0.0025;3.8901903609640778;0.0;3.9018436894384134;0.0;0.0
900200;XS2987792269;5971417.808639263;4.241425343291009;4.241425343291009;13754.94919394662;-318015.4236745045;;0.0;0.0;XS2987792269;Bond;5653402.3849647585;0.0025;4.228812952071501;0.0;4.241425343291009;0.0;0.0
900200;XS3003295519;5713463.013698629;8.105571750004742;8.105571750004742;45621.13060737734;-284473.55038705224;;0.0;0.0;XS3003295519;Bond;5428989.463311577;0.0025;8.070201297101887;0.0;8.105571750004742;0.0;0.0
900200;XS3004055177;6127008.904171441;5.9920063968037285;5.9920063968037285;26942.786536082687;-247595.1104825422;;0.0;0.0;XS3004055177;Bond;5879413.793688899;0.0025;5.971832247958121;0.0;5.9920063968037285;0.0;0.0
900200;XS3011736108;3430099.726027555;6.663852872123573;6.6638528721235755;18587.186136464014;-140352.64909074572;;0.0;0.0;XS3011736108;Bond;3289747.0769368093;0.0025;6.639399031040378;0.0;6.6638528721235755;0.0;0.0
900200;XS3025207807;1617740.9246575946;5.8161732196734635;5.816173219673464;6742.8716038625225;-117423.10508337572;;0.0;0.0;XS3025207807;Bond;1500317.819574219;0.0025;5.7965409277198265;0.0;5.816173219673464;0.0;0.0
900200;XS3037678862;7268975.000006282;9.354587753618368;9.354587753618368;78865.48817544717;-419970.94763139595;;0.0;0.0;XS3037678862;Bond;6849004.052374885;0.0025;9.302118475198176;0.0;9.354587753618368;0.0;0.0
900200;XS3037682112;12686538.000000004;8.013387609865513;8.013387609865513;99989.61611651939;-627086.7118222628;;0.0;0.0;XS3037682112;Bond;12059451.288177742;0.0025;7.976884748202128;0.0;8.013387609865513;0.0;0.0
900200;XS3038544790;3494074.076150994;6.736100482391644;6.736100482391644;19315.29754845593;-144380.0147946144;;0.0;0.0;XS3038544790;Bond;3349694.0613563797;0.0025;6.711337705588387;0.0;6.736100482391644;0.0;0.0
981001;237400;4284747.507406035;0.0;0.0;0.0;-664135.8636479357;;42847.47507406036;42847.47507406036;GB0002374006;Equity;3620611.6437580995;0.0;0.0;0.0;0.0;36206.116437581004;36206.116437581004
981001;3134865;5192849.041844104;0.0;0.0;0.0;-804891.6014858361;;51928.49041844103;51928.49041844103;GB0031348658;Equity;4387957.440358268;0.0;0.0;0.0;0.0;43879.57440358267;43879.57440358267
981001;4012250;2523090.0;0.0;0.0;0.0;-328001.7;;25230.9;0.0;NL0000235190;Equity;2195088.3;0.0;0.0;0.0;0.0;21950.882999999998;0.0
981001;4057808;7954120.000000002;0.0;0.0;0.0;-1034035.6;;79541.2;0.0;FR0000120321;Equity;6920084.400000002;0.0;0.0;0.0;0.0;69200.84400000001;0.0
981001;4061412;7146250.000000001;0.0;0.0;0.0;-929012.5;;71462.5;0.0;FR0000121014;Equity;6217237.500000001;0.0;0.0;0.0;0.0;62172.375;0.0
981001;4076836;21066300.0;0.0;0.0;0.0;-2738619.0;;210663.0;0.0;IT0000072618;Equity;18327681.0;0.0;0.0;0.0;0.0;183276.81;0.0
981001;4163437;1725625.0000000002;0.0;0.0;0.0;-224331.25;;17256.25;0.0;FR0000125338;Equity;1501293.7500000002;0.0;0.0;0.0;0.0;15012.9375;0.0
981001;4834108;19410075.0;0.0;0.0;0.0;-2523309.75;;194100.75;0.0;FR0000121972;Equity;16886765.25;0.0;0.0;0.0;0.0;168867.6525;0.0
981001;4846288;26517400.0;0.0;0.0;0.0;-3447262.0000000005;;265174.0;0.0;DE0007164600;Equity;23070138.0;0.0;0.0;0.0;0.0;230701.38;0.0
981001;5165294;6106380.0;0.0;0.0;0.0;-793829.4;;61063.8;0.0;NL0000334118;Equity;5312550.6;0.0;0.0;0.0;0.0;53125.505999999994;0.0
981001;5294121;21898240.0;0.0;0.0;0.0;-2846771.2;;218982.4;0.0;DE0008430026;Equity;19051468.8;0.0;0.0;0.0;0.0;190514.688;0.0
981001;5334588;2967750.0;0.0;0.0;0.0;-385807.5;;29677.5;0.0;DE0007030009;Equity;2581942.5;0.0;0.0;0.0;0.0;25819.425;0.0
981001;53673;6539449.4908350315;0.0;0.0;0.0;-1013614.6710794298;;65394.49490835031;65394.49490835031;GB0000536739;Equity;5525834.819755602;0.0;0.0;0.0;0.0;55258.348197556006;55258.348197556006
981001;540528;19401951.2835586;0.0;0.0;0.0;-3007302.4489515834;;194019.512835586;194019.512835586;GB0005405286;Equity;16394648.834607016;0.0;0.0;0.0;0.0;163946.48834607017;163946.48834607017
981001;5501906;7476820.0;0.0;0.0;0.0;-971986.6;;74768.2;0.0;ES0113211835;Equity;6504833.4;0.0;0.0;0.0;0.0;65048.333999999995;0.0
981001;5596991;5240550.0;0.0;0.0;0.0;-681271.5;;52405.5;0.0;BE0003739530;Equity;4559278.5;0.0;0.0;0.0;0.0;45592.784999999996;0.0
981001;5633962;4806000.0;0.0;0.0;0.0;-624780.0;;48060.0;0.0;DE0006452907;Equity;4181220.0;0.0;0.0;0.0;0.0;41812.2;0.0
981001;5842359;27033800.0;0.0;0.0;0.0;-3514394.0;;270338.0;0.0;DE0005557508;Equity;23519406.0;0.0;0.0;0.0;0.0;235194.06;0.0
981001;5962309;5331341.369862382;0.0;0.0;0.0;-693074.3780821097;;53313.41369862382;53313.41369862382;CH0010570759;Equity;4638266.991780273;0.0;0.0;0.0;0.0;46382.66991780273;46382.66991780273
981001;5983816;13063104.751932587;0.0;0.0;0.0;-1698203.6177512363;;130631.04751932588;130631.04751932588;CH0011075394;Equity;11364901.13418135;0.0;0.0;0.0;0.0;113649.01134181352;113649.01134181352
981001;7021963;16108320.000000002;0.0;0.0;0.0;-2094081.6000000003;;161083.2;0.0;DE0005810055;Equity;14014238.400000002;0.0;0.0;0.0;0.0;140142.38400000002;0.0
981001;7088429;12875920.0;0.0;0.0;0.0;-1673869.6;;128759.19999999998;0.0;FR0000120628;Equity;11202050.4;0.0;0.0;0.0;0.0;112020.50399999999;0.0
981001;7103065;20915105.828203928;0.0;0.0;0.0;-2718963.7576665105;;209151.05828203927;209151.05828203927;CH0012005267;Equity;18196142.070537418;0.0;0.0;0.0;0.0;181961.42070537416;181961.42070537416
981001;7110388;13100825.5197893;0.0;0.0;0.0;-1703107.317572609;;131008.255197893;131008.255197893;CH0012032048;Equity;11397718.202216692;0.0;0.0;0.0;0.0;113977.1820221669;113977.1820221669
981001;7123870;14769925.0277504;0.0;0.0;0.0;-1920090.2536075523;;147699.250277504;147699.250277504;CH0038863350;Equity;12849834.774142848;0.0;0.0;0.0;0.0;128498.34774142849;128498.34774142849
981001;7144569;9176328.0;0.0;0.0;0.0;-1192922.64;;91763.28;0.0;IT0003128367;Equity;7983405.36;0.0;0.0;0.0;0.0;79834.0536;0.0
981001;718875;7343856.07526384;0.0;0.0;0.0;-1138297.691665895;;73438.5607526384;73438.5607526384;GB0007188757;Equity;6205558.383597945;0.0;0.0;0.0;0.0;62055.58383597944;62055.58383597944
981001;7309681;13805345.0;0.0;0.0;0.0;-1794694.8500000003;;138053.45;0.0;FR0000131104;Equity;12010650.15;0.0;0.0;0.0;0.0;120106.50150000001;0.0
981001;7333378;3574170.931790336;0.0;0.0;0.0;-464642.22113274375;;35741.70931790336;35741.70931790336;CH0013841017;Equity;3109528.7106575924;0.0;0.0;0.0;0.0;31095.287106575925;31095.287106575925
981001;7380482;14213500.0;0.0;0.0;0.0;-1847755.0;;142135.0;0.0;FR0000125007;Equity;12365745.0;0.0;0.0;0.0;0.0;123657.45;0.0
981001;7792559;6218850.0;0.0;0.0;0.0;-808450.4999999999;;62188.49999999999;0.0;NL0000009165;Equity;5410399.5;0.0;0.0;0.0;0.0;54103.994999999995;0.0
981001;989529;22121306.538141083;0.0;0.0;0.0;-3428802.5134118674;;221213.0653814108;221213.0653814108;GB0009895292;Equity;18692504.024729215;0.0;0.0;0.0;0.0;186925.0402472921;186925.0402472921
981001;B07DRZ5;4602400.0;0.0;0.0;0.0;-598312.0;;46024.0;0.0;IT0003828271;Equity;4004088.0;0.0;0.0;0.0;0.0;40040.88;0.0
981001;B15C557;9306960.0;0.0;0.0;0.0;-1209904.8;;93069.6;0.0;FR0000120271;Equity;8097055.2;0.0;0.0;0.0;0.0;80970.55200000001;0.0
981001;B19NLV4;11617944.917607848;0.0;0.0;0.0;-1800781.4622292165;;116179.44917607847;116179.4491760785;GB00B19NLV48;Equity;9817163.455378631;0.0;0.0;0.0;0.0;98171.63455378631;98171.63455378634
981001;B1VP0K0;1784160.0;0.0;0.0;0.0;-231940.80000000005;;17841.600000000002;0.0;FR0010451203;Equity;1552219.2;0.0;0.0;0.0;0.0;15522.192000000001;0.0
981001;B1W4V69;4683480.0;0.0;0.0;0.0;-608852.4;;46834.8;0.0;IT0004176001;Equity;4074627.6;0.0;0.0;0.0;0.0;40746.276000000005;0.0
981001;B1XH026;4093760.0;0.0;0.0;0.0;-532188.8;;40937.6;0.0;FR0000125486;Equity;3561571.2;0.0;0.0;0.0;0.0;35615.712;0.0
981001;B1YXBJ7;10560942.0;0.0;0.0;0.0;-1372922.4599999997;;105609.41999999998;0.0;FR0000120073;Equity;9188019.540000001;0.0;0.0;0.0;0.0;91880.1954;0.0
981001;B288C92;22350240.0;0.0;0.0;0.0;-2905531.2;;223502.4;0.0;ES0144580Y14;Equity;19444708.8;0.0;0.0;0.0;0.0;194447.088;0.0
981001;B2B0DG9;5275824.1205332335;0.0;0.0;0.0;-817752.7386826512;;52758.241205332335;52758.241205332335;GB00B2B0DG97;Equity;4458071.381850583;0.0;0.0;0.0;0.0;44580.71381850583;44580.71381850583
981001;B63H849;20137348.986298837;0.0;0.0;0.0;-3121289.0928763193;;201373.48986298835;201373.48986298832;GB00B63H8491;Equity;17016059.893422518;0.0;0.0;0.0;0.0;170160.59893422519;170160.59893422516
981001;B929F46;18301200.0;0.0;0.0;0.0;-2379156.0;;183012.0;0.0;NL0010273215;Equity;15922044.0;0.0;0.0;0.0;0.0;159220.44;0.0
981001;BCRWZ18;9570308.136819554;0.0;0.0;0.0;-1244140.0577865418;;95703.08136819552;95703.08136819555;CH0210483332;Equity;8326168.0790330125;0.0;0.0;0.0;0.0;83261.6807903301;83261.68079033012
981001;BD0Q398;7257600.000000002;0.0;0.0;0.0;-943488.0000000001;;72576.0;0.0;NL0011794037;Equity;6314112.000000002;0.0;0.0;0.0;0.0;63141.12;0.0
981001;BD6G507;7255700.0;0.0;0.0;0.0;-943241.0;;72557.0;0.0;NL0011585146;Equity;6312459.0;0.0;0.0;0.0;0.0;63124.59;0.0
981001;BF2DSG3;6134725.712730246;0.0;0.0;0.0;-797514.3426549319;;61347.25712730245;61347.25712730246;CH0418792922;Equity;5337211.370075313;0.0;0.0;0.0;0.0;53372.113700753136;53372.113700753136
981001;BJYRDP5;6341560.000000001;0.0;0.0;0.0;-824402.8;;63415.6;0.0;FR0011726835;Equity;5517157.200000001;0.0;0.0;0.0;0.0;55171.572;0.0
981001;BLDBN41;10613722.557479432;0.0;0.0;0.0;-1379783.9324723263;;106137.22557479433;106137.22557479433;SE0017486889;Equity;9233938.625007106;0.0;0.0;0.0;0.0;92339.38625007107;92339.38625007107
981001;BLPLD38;8061383.251424507;0.0;0.0;0.0;-1047979.8226851863;;80613.83251424509;80613.83251424509;CH1243598427;Equity;7013403.4287393205;0.0;0.0;0.0;0.0;70134.03428739322;70134.03428739322
981001;BMD58R8;6505201.441517271;0.0;0.0;0.0;-845676.1873972454;;65052.01441517272;65052.01441517272;SE0015658109;Equity;5659525.254120026;0.0;0.0;0.0;0.0;56595.252541200265;56595.252541200265
981001;BMD8F98;1848960.0;0.0;0.0;0.0;-240364.79999999996;;18489.6;0.0;NL00150001Q9;Equity;1608595.2;0.0;0.0;0.0;0.0;16085.952;0.0
981001;BNGN9Z1;9588765.0;0.0;0.0;0.0;-1246539.45;;95887.65;0.0;IT0000072170;Equity;8342225.55;0.0;0.0;0.0;0.0;83422.2555;0.0
981001;BP0QDP8;4585192.144935222;0.0;0.0;0.0;-596074.9788415789;;45851.92144935222;45851.92144935222;CH1101098163;Equity;3989117.1660936433;0.0;0.0;0.0;0.0;39891.17166093644;39891.17166093644
981001;BP6KMJ1;11586601.491613291;0.0;0.0;0.0;-1506258.1939097284;;115866.01491613296;115866.01491613292;DK0062498333;Equity;10080343.297703562;0.0;0.0;0.0;0.0;100803.43297703566;100803.43297703563
981001;BP6MXD8;10126926.726532124;0.0;0.0;0.0;-1569673.6426124792;;101269.26726532122;101269.26726532124;GB00BP6MXD84;Equity;8557253.083919644;0.0;0.0;0.0;0.0;85572.53083919644;85572.53083919644
981001;BQ7ZV06;5210436.10700958;0.0;0.0;0.0;-677356.6939112454;;52104.3610700958;52104.3610700958;CH1175448666;Equity;4533079.413098335;0.0;0.0;0.0;0.0;45330.794130983355;45330.794130983355
981001;CSH_CHF_DB;2107456.297142134;0.0;0.0;0.0;0.0;;0.0;21074.562971421336;;Cash;2107456.297142134;0.0;0.0;0.0;0.0;0.0;21074.562971421336
981001;CSH_DKK_DB;20223.55029402969;0.0;0.0;0.0;0.0;;0.0;202.2355029402969;;Cash;20223.55029402969;0.0;0.0;0.0;0.0;0.0;202.2355029402969
981001;CSH_EUR_DB;4249785.530000001;0.0;0.0;0.0;0.0;;0.0;0.0;;Cash;4249785.530000001;0.0;0.0;0.0;0.0;0.0;0.0
981001;CSH_GBP_DB;3062944.4804133507;0.0;0.0;0.0;-76573.61201033377;;0.0;30629.44480413351;;Cash;2986370.868403017;0.0;0.0;0.0;0.0;0.0;29863.70868403017
981001;CSH_NOK_DB;171231.89210961477;0.0;0.0;0.0;0.0;;0.0;1712.3189210961475;;Cash;171231.89210961477;0.0;0.0;0.0;0.0;0.0;1712.3189210961475
981001;CSH_SEK_DB;28389.70175263124;0.0;0.0;0.0;0.0;;0.0;283.8970175263124;;Cash;28389.70175263124;0.0;0.0;0.0;0.0;0.0;283.8970175263124
981001;CSH_USD_DB;144363.2475467506;0.0;0.0;0.0;-3609.081188668765;;0.0;1443.632475467506;;Cash;140754.16635808183;0.0;0.0;0.0;0.0;0.0;1407.5416635808185
981001;FR0010582452;5582202.6621;0.033149011256547;0.2961243488183439;70.04560439334243;-6328.261703062593;;0.0;2.592090499377644e-08;FR0010582452;Fund Unit;5575874.4003969375;0.0025;0.03283805783735681;0.0;0.2961243488183439;0.0;2.5891519770718425e-08
981007;AT0000A0U299;1075381.5369727495;19.933225096115503;19.933225096115507;61842.05070714385;-88058.5708135069;;0.0;0.0;AT0000A0U299;Bond;987322.9661592427;0.0025;19.48888178479734;0.0;19.933225096115507;0.0;0.0
981007;AT0000A2L583;2572696.428571286;2.3219447296417255;2.3219447296417255;1741.8824699597253;-73697.78300298745;;0.0;0.0;AT0000A2L583;Bond;2498998.6455682986;0.0025;2.3184966752679155;0.0;2.3219447296417255;0.0;0.0
981007;BE0000336454;1726757.7990410952;11.061094837565252;11.061094837565252;25135.47079618842;-78757.04648165466;;0.0;0.0;BE0000336454;Bond;1648000.7525594404;0.0025;11.00305303036951;0.0;11.061094837565252;0.0;0.0
981007;BE0000343526;2154298.206021321;19.790261269339307;19.790261269339307;116558.39876669573;-174804.17898529294;;0.0;0.0;BE0000343526;Bond;1979494.027036028;0.0025;19.41677127744007;0.0;19.790261269339307;0.0;0.0
981007;BE0002592708;3040343.4067103504;0.5415348554545989;0.5415348554545989;170.89437199349152;-20308.788999450724;;0.0;0.0;BE0002592708;Bond;3020034.6177108996;0.0025;0.5408627828429363;0.0;0.5415348554545989;0.0;0.0
981007;BE6350792089;4180689.863027421;5.394732702837233;5.394732702837233;15381.1425835208;-138399.0753006695;;0.0;0.0;BE6350792089;Bond;4042290.7877267515;0.0025;5.375513255450108;0.0;5.394732702837233;0.0;0.0
981007;CDSO100000054;504008.29734094365;1.5159386547943627;-316.70053781158606;0.0;2232765.6694606114;MORGAN STANLEY EUROPE SE;0.0;0.0;;CDS Index Option;2736773.966801555;0.0025;1.521683829807112;0.0;-316.70053781158606;0.0;0.0
981007;CDSO100000055;-194883.74759340772;1.4033796784409267;-350.7363443713352;0.0;-956255.6451885923;MORGAN STANLEY EUROPE SE;0.0;0.0;;CDS Index Option;-1151139.392782;0.0025;1.4083033647455792;0.0;-350.7363443713352;0.0;0.0
981007;CH1174335732;5030445.205441587;0.5222358895181864;0.5222358895181863;392.6871050496573;-17558.32107323996;;0.0;0.0;CH1174335732;Bond;5012886.884368347;0.0025;0.5209661628866971;0.0;0.5222358895181863;0.0;0.0
981007;CSH_AUD_DB;10182.19715885947;0.0;0.0;0.0;0.0;;0.0;101.82197158859468;;Cash;10182.19715885947;0.0;0.0;0.0;0.0;0.0;101.82197158859468
981007;CSH_CAD_DB;2703.273864743104;0.0;0.0;0.0;0.0;;0.0;27.03273864743104;;Cash;2703.273864743104;0.0;0.0;0.0;0.0;0.0;27.03273864743104
981007;CSH_CHF_DB;37194.361723538794;0.0;0.0;0.0;0.0;;0.0;371.94361723538793;;Cash;37194.361723538794;0.0;0.0;0.0;0.0;0.0;371.94361723538793
981007;CSH_EUR_DB;12295226.33;0.0;0.0;0.0;0.0;;0.0;0.0;;Cash;12295226.33;0.0;0.0;0.0;0.0;0.0;0.0
981007;CSH_GBP_DB;41762.70497130161;0.0;0.0;0.0;-1044.0676242825405;;0.0;417.6270497130161;;Cash;40718.63734701907;0.0;0.0;0.0;0.0;0.0;407.1863734701907
981007;CSH_HUF_DB;6179.575976354803;0.0;0.0;0.0;0.0;;0.0;61.795759763548034;;Cash;6179.575976354803;0.0;0.0;0.0;0.0;0.0;61.795759763548034
981007;CSH_ILS_DB;1563.89031538494;0.0;0.0;0.0;0.0;;0.0;15.6389031538494;;Cash;1563.89031538494;0.0;0.0;0.0;0.0;0.0;15.6389031538494
981007;CSH_JPY_DB;3146.828574610228;0.0;0.0;0.0;-78.6707143652557;;0.0;31.46828574610228;;Cash;3068.157860244972;0.0;0.0;0.0;0.0;0.0;30.681578602449722
981007;CSH_MXN_DB;9590.2264435552;0.0;0.0;0.0;0.0;;0.0;95.902264435552;;Cash;9590.2264435552;0.0;0.0;0.0;0.0;0.0;95.902264435552
981007;CSH_NOK_DB;10799.407493575396;0.0;0.0;0.0;0.0;;0.0;107.99407493575396;;Cash;10799.407493575396;0.0;0.0;0.0;0.0;0.0;107.99407493575396
981007;CSH_NZD_DB;5387.350634141825;0.0;0.0;0.0;0.0;;0.0;53.87350634141825;;Cash;5387.350634141825;0.0;0.0;0.0;0.0;0.0;53.87350634141825
981007;CSH_PLN_DB;5602.719646114471;0.0;0.0;0.0;0.0;;0.0;56.02719646114471;;Cash;5602.719646114471;0.0;0.0;0.0;0.0;0.0;56.02719646114471
981007;CSH_SEK_DB;12036.76952954027;0.0;0.0;0.0;0.0;;0.0;120.3676952954027;;Cash;12036.76952954027;0.0;0.0;0.0;0.0;0.0;120.3676952954027
981007;CSH_TRY_DB;61.15914324429848;0.0;0.0;0.0;0.0;;0.0;0.6115914324429848;;Cash;61.15914324429848;0.0;0.0;0.0;0.0;0.0;0.6115914324429848
981007;CSH_USD_DB;2509431.2071838547;0.0;0.0;0.0;-62735.780179596375;;0.0;25094.312071838547;;Cash;2446695.427004258;0.0;0.0;0.0;0.0;0.0;24466.954270042585
981007;CSH_ZAR_DB;4709.059638834854;0.0;0.0;0.0;0.0;;0.0;47.090596388348544;;Cash;4709.059638834854;0.0;0.0;0.0;0.0;0.0;47.090596388348544
981007;DE0001102432;10360869.511350391;18.890913525237135;18.89091352523713;436897.5657005282;-804097.2491282048;;0.0;0.0;DE0001102432;Bond;9556772.262222186;0.0025;18.728879046001587;0.0;18.89091352523713;0.0;0.0
981007;DE0001102549;10702696.368;10.816550832274952;10.816550832274952;136476.55353462583;-476548.55170612625;;0.0;0.0;DE0001102549;Bond;10226147.816293875;0.0025;10.79025514401557;0.0;10.816550832274952;0.0;0.0
981007;DE0001102622;55322130.72904334;4.326985818839437;4.326985818839437;130005.5145972379;-979669.2276518957;;0.0;0.0;DE0001102622;Bond;54342461.50139145;0.0025;4.315043509041796;0.0;4.326985818839437;0.0;0.0
981007;DE000A4DE982;4516719.83561644;4.767222131950756;4.767222131950756;13355.0610337263;-276866.8139453255;;0.0;0.0;DE000A4DE982;Bond;4239853.0216711145;0.0025;4.7501180172247945;0.0;4.767222131950756;0.0;0.0
981007;DE000BU27006;70988717.83634758;5.1645916007897;5.1645916007897;232916.1966479156;-1501555.2155257757;;0.0;0.0;DE000BU27006;Bond;69487162.6208218;0.0025;5.149248337297549;0.0;5.1645916007897;0.0;0.0
981007;DE000BU2Z015;17862994.88293256;7.322435518589287;7.322435518589287;115688.31274367576;-536668.6508375595;;0.0;0.0;DE000BU2Z015;Bond;17326326.232095;0.0025;7.294570095830917;0.0;7.322435518589287;0.0;0.0
981007;DE000CB94MF6;1753435.6164272935;3.625595114906452;3.625595114906453;3198.789975990838;-80551.95798164314;;0.0;0.0;DE000CB94MF6;Bond;1672883.6584456505;0.0025;3.612850002091333;0.0;3.625595114906453;0.0;0.0
981007;DE000CZ439B6;1060863.0136986338;2.755198333168289;2.755198333168289;1110.5615138619444;-19638.33886550057;;0.0;0.0;DE000CZ439B6;Bond;1041224.6748331332;0.0025;2.748004946901382;0.0;2.755198333168289;0.0;0.0
981007;DE000CZ439T8;842240.000000066;4.23447957345397;4.234479573453972;1939.238405425836;-24016.143005059217;;0.0;0.0;DE000CZ439T8;Bond;818223.8569950068;0.0025;4.2217446863467325;0.0;4.234479573453972;0.0;0.0
981007;DE000DL19VZ9;5298472.602739031;2.216843873957142;2.216843873957142;3863.967765748584;-151624.1683410349;;0.0;0.0;DE000DL19VZ9;Bond;5146848.434397996;0.0025;2.2108983487074845;0.0;2.216843873957142;0.0;0.0
981007;DK0030045703;1054494.383561656;2.9812314271838245;2.981231427183825;1288.640973929352;-21089.30066311477;;0.0;0.0;DK0030045703;Bond;1033405.0828985414;0.0025;2.972899621404971;0.0;2.981231427183825;0.0;0.0
981007;DK0030352471;3852915.5219780216;0.9881534852782632;0.9881534852782632;571.2451893735537;-46739.293479685766;;0.0;0.0;DK0030352471;Bond;3806176.228498336;0.0025;0.9868880261190133;0.0;0.9881534852782632;0.0;0.0
981007;ES0000012B47;10002997.815677973;16.118871123020224;16.118871123020224;338323.33941594686;-658589.9878714418;;0.0;0.0;ES0000012B47;Bond;9344407.82780653;0.0025;15.922861271945315;0.0;16.118871123020224;0.0;0.0
981007;ES0000012E69;5422396.355342465;8.991600724264742;8.991600724264742;51796.06294619045;-201204.84123935548;;0.0;0.0;ES0000012E69;Bond;5221191.51410311;0.0025;8.95491678760412;0.0;8.991600724264742;0.0;0.0
981007;ES0000012M85;19763800.61643836;7.535838235500026;7.535838235500026;139212.19588913282;-613833.4918622168;;0.0;0.0;ES0000012M85;Bond;19149967.124576144;0.0025;7.501715459834807;0.0;7.535838235500026;0.0;0.0
981007;ES0840609012;3018423.9130434776;0.9478596781589648;0.9478596781589648;345.0820895700696;-34736.218292263875;;0.0;0.0;ES0840609012;Bond;2983687.694751214;0.0025;0.947247641657859;0.0;0.9478596781589648;0.0;0.0
981007;ES0840609020;828574.9999999823;2.3087743330573605;2.3087743330573613;512.9100753009448;-23293.034638519435;;0.0;0.0;ES0840609020;Bond;805281.9653614629;0.0025;2.306624762034656;0.0;2.3087743330573613;0.0;0.0
981007;ES0840609061;805166.6666666665;5.7649737811060655;5.7649737811060655;3204.930054678808;-56446.179355287095;;0.0;0.0;ES0840609061;Bond;748720.4873113794;0.0025;5.74854970134396;0.0;5.7649737811060655;0.0;0.0
981007;FR0010070060;13590734.222465752;7.758285253423376;7.758285253423376;105387.66942230696;-488693.18775791663;;0.0;0.0;FR0010070060;Bond;13102041.034707835;0.0025;7.714903317302994;0.0;7.758285253423376;0.0;0.0
981007;FR0013259132;10908626.8564;3.2823062217222474;4.689988881160376;16833.276515443533;-827408.0552894997;;4.215953495856748;-219.6521302113892;FR0013259132;Fund Unit;10081218.8011105;0.0025;3.270662157340915;0.0;4.689988881160376;3.8961777872256262;-202.99174350178467
981007;FR0013455854;3905961.538417411;3.98907796880456;3.989077968804561;7452.938595080735;-192166.1329190962;;0.0;0.0;FR0013455854;Bond;3713795.4054983146;0.0025;3.981157496764936;0.0;3.989077968804561;0.0;0.0
981007;FR0013461795;1396405.9060773477;1.08032163397762;1.08032163397762;239.48756955329128;-18573.27614576351;;0.0;0.0;FR0013461795;Bond;1377832.6299315842;0.0025;1.0789518002232068;0.0;1.08032163397762;0.0;0.0
981007;FR0013476611;1251005.1369863015;1.7235008306079949;1.7235008306079949;581.319481551823;-26768.561922568617;;0.0;0.0;FR0013476611;Bond;1224236.575063733;0.0025;1.7193099201396196;0.0;1.7235008306079949;0.0;0.0
981007;FR0014000OZ2;1285023.2876774624;0.630868859307809;0.630868859307809;129.57748185543707;-10054.86714960776;;0.0;0.0;FR0014000OZ2;Bond;1274968.4205278547;0.0025;0.6293429311057455;0.0;0.630868859307809;0.0;0.0
981007;FR0014009HA0;6868750.000000001;1.9088236133035363;1.9088236133035363;3785.0514233994654;-162818.79467525022;;0.0;0.0;FR0014009HA0;Bond;6705931.20532475;0.0025;1.904156284960383;0.0;1.9088236133035363;0.0;0.0
981007;FR001400L9Q7;1640667.7397261462;3.2222964947043407;3.2222964947043407;2382.041617254052;-89953.15576859152;;0.0;0.0;FR001400L9Q7;Bond;1550714.5839575548;0.0025;3.2119576499934026;0.0;3.2222964947043407;0.0;0.0
981007;FR001400M1X9;4182509.589041095;6.311294750451732;6.311294750451732;22362.74435225145;-330381.7530401408;;0.0;0.0;FR001400M1X9;Bond;3852127.8360009543;0.0025;6.277207634759123;0.0;6.311294750451732;0.0;0.0
981007;FR001400MLX3;4600329.589039872;3.2824913670390363;3.2824913670390363;6624.162230834789;-256206.44801746402;;0.0;0.0;FR001400MLX3;Bond;4344123.141022408;0.0025;3.273429938557286;0.0;3.2824913670390363;0.0;0.0
981007;FR001400NBC6;35668257.49794527;2.358937764868005;2.358937764868005;28469.06039032732;-387233.07118936337;;0.0;0.0;FR001400NBC6;Bond;35281024.426755905;0.0025;2.352895174448403;0.0;2.358937764868005;0.0;0.0
981007;FR001400OHF4;2550800.214793005;17.451911136370192;17.451911136370192;110836.00213606596;-205075.74587751436;;0.0;0.0;FR001400OHF4;Bond;2345724.4689154904;0.0025;17.12704755751933;0.0;17.451911136370192;0.0;0.0
981007;FR001400Q6Z9;3299498.164383498;3.456511951720709;3.456511951720709;5342.734281385069;-191992.14476572815;;0.0;0.0;FR001400Q6Z9;Bond;3107506.01961777;0.0025;3.4458992231286887;0.0;3.456511951720709;0.0;0.0
981007;FR001400QMF9;15390451.306849316;8.140880852764038;8.14088085276404;123484.4563265687;-581756.7760801477;;0.0;0.0;FR001400QMF9;Bond;14808694.530769167;0.0025;8.105979553217665;0.0;8.14088085276404;0.0;0.0
981007;FR001400UM87;1995796.703296704;6.860237418705398;6.860237418705398;11788.748710550604;-168955.3483382074;;0.0;0.0;FR001400UM87;Bond;1826841.3549584965;0.0025;6.8302248536261905;0.0;6.860237418705398;0.0;0.0
981007;FR001400WK95;3456916.0000000545;2.4695205454518496;2.4695205454518496;2982.2052275844867;-51230.22900286574;;0.0;0.0;FR001400WK95;Bond;3405685.7709971885;0.0025;2.4631999258727015;0.0;2.4695205454518496;0.0;0.0
981007;FR001400WKP0;3530157.534254154;4.610589329962095;4.610589329962095;9534.848215443348;-203461.89953251576;;0.0;0.0;FR001400WKP0;Bond;3326695.6347216386;0.0025;4.596208924657876;0.0;4.610589329962095;0.0;0.0
981007;FXF11703;-44109.32244320959;0.0767123273656177;0.0;-0.006316071741027329;0.0;NATIXIS;0.0;269299.6633227903;;Currency Forward;-44109.32244320959;0.0;0.0767123273656177;0.0;0.0;0.0;269299.6633227903
981007;FXW1023886;1409.752344218883;0.0767123273119251;0.0;0.00020850242467380237;2940.153710245103;GOLDMAN SACHS BANK EUROPE SE;0.0;-1176.061484098041;;Currency Forward;4349.906054463986;0.0;0.0767123273119251;0.0;0.0;0.0;-3628.8338097671426
981007;FXW1023897;-2604.867170963553;0.07671232737828179;0.0;-0.0003838906521586999;11928.59667645798;NATIXIS;0.0;-4771.438670583192;;Currency Forward;9323.729505494428;0.0;0.07671232737828179;0.0;0.0;0.0;-17078.64570311946
981007;FXW1023899;-5084.513512098696;0.076712327339341;0.0;-0.0007436751359762017;23104.93023132549;BNP PARIBAS;0.0;-9241.972092530195;;Currency Forward;18020.416719226792;0.0;0.076712327339341;0.0;0.0;0.0;-32755.18651264541
981007;GR0124039737;2723767.5493387105;6.69975662414793;6.699756624147931;15468.772452041789;-112910.14647477726;;0.0;0.0;GR0124039737;Bond;2610857.4028639332;0.0025;6.669993913736878;0.0;6.699756624147931;0.0;0.0
981007;GR0138018842;1293976.7760271518;16.064375011339;16.064375011339;48810.696330720704;-128322.23791365552;;0.0;0.0;GR0138018842;Bond;1165654.5381134963;0.0025;15.766498812073129;0.0;16.064375011339;0.0;0.0
981007;IKM25 Cmdty;0.0;0.0;0.0;-414337.5388684138;2890586.2997332495;;0.0;0.0;;Bond Future;2890586.2997332495;0.0025;0.0;0.0;0.0;0.0;0.0
981007;INFS10000252;-110227.19045226026;0.6273972602739714;0.0;0.0367891196443563;13477.873953132515;JP MORGAN SE;0.0;0.0;;Index Linked Swap;-96749.31649912774;0.0025;0.6283896725097406;0.0;0.0;0.0;0.0
981007;INFS10000290;24022.655415443016;0.794520547945169;0.0;0.0040477135424635;12221.009243139288;CITIBANK EUROPE PUBLIC LIMITED COMPANY;0.0;0.0;;Index Linked Swap;36243.664658582304;0.0025;0.7960944928060587;0.0;0.0;0.0;0.0
981007;INFS10000380;252817.88344830743;9.934246575342478;0.0;9.678699415728074;1122245.8498420008;JP MORGAN SE;0.0;2528.1788344830748;;Index Linked Swap;1375063.7332903082;0.00125;10.057129603038263;0.0;0.0;0.0;13750.637332903085
981007;INFS10000393;-283506.04467756225;4.931506849315044;0.0;-2.9992692159695067;-592000.9629992902;JP MORGAN SE;0.0;-2835.0604467756225;;Index Linked Swap;-875507.0076768524;0.00125;4.96177430897991;0.0;0.0;0.0;-8755.070076768523
981007;INFS10000398;-161946.64195243135;4.958904109589107;0.0;1.040216251962658;591412.9352292613;GOLDMAN SACHS BANK EUROPE SE;0.0;0.0;;Index Linked Swap;429466.29327682994;0.0025;5.020541514599104;0.0;0.0;0.0;0.0
981007;INFS10000403;-554.102344672458;9.96164383559629;0.0;-4.914171878759666e-05;-1156490.6297041844;GOLDMAN SACHS BANK EUROPE SE;0.0;0.0;;Index Linked Swap;-1157044.7320488568;0.0025;10.209727488187482;0.0;0.0;0.0;0.0
981007;INFS10000408;-15602.272852397207;9.96164383561692;0.0;0.0640082417132223;704363.9987025488;GOLDMAN SACHS BANK EUROPE SE;0.0;0.0;;Index Linked Swap;688761.7258501516;0.0025;10.209832267753677;0.0;0.0;0.0;0.0
981007;INFS10000413;90156.4135989873;9.961643835616188;0.0;-2.1372405957499323;-704204.1714521104;GOLDMAN SACHS BANK EUROPE SE;0.0;0.0;;Index Linked Swap;-614047.7578531231;0.0025;10.210322353348618;0.0;0.0;0.0;0.0
981007;IRSB100002822;34746.0339703256;6.793954502481813;0.0;-4519.605956242248;15856.30651070708;NOMURA FINANCIAL PRODUCTS EUROPE GMBH;0.0;0.0;;Swap;50602.34048103268;0.0025;10.161235262282599;0.0;0.0;0.0;0.0
981007;IT0004286966;4900632.429874032;10.31903694468903;10.31903694468903;65645.33071889848;-305674.5672502292;;0.0;0.0;IT0004286966;Bond;4594957.862623802;0.0025;10.250361318938802;0.0;10.31903694468903;0.0;0.0
981007;IT0004532559;9270088.566965217;10.880993446681968;10.880993446681968;139123.63418281707;-608996.7043510239;;0.0;0.0;IT0004532559;Bond;8661091.862614192;0.0025;10.80178849537932;0.0;10.880993446681968;0.0;0.0
981007;IT0005441883;1314003.1134260867;23.33121747326969;23.331217473269696;109188.9060535642;-185882.10730271635;;0.0;0.0;IT0005441883;Bond;1128121.0061233705;0.0025;22.614672168764972;0.0;23.331217473269696;0.0;0.0
981007;IT0005495731;13093395.23923366;3.91576391243235;3.9157639124323502;23406.84529915259;-311836.30604204955;;0.0;0.0;IT0005495731;Bond;12781558.93319161;0.0025;3.9094048450146652;0.0;3.9157639124323502;0.0;0.0
981007;IT0005508590;9327666.905084616;8.13623288083629;8.13623288083629;73941.9384938907;-461434.7381031852;;0.0;0.0;IT0005508590;Bond;8866232.16698143;0.0025;8.10354951278988;0.0;8.13623288083629;0.0;0.0
981007;IT0005584856;20043045.684156455;7.6747129876640034;7.6747129876640034;139259.22743722552;-936091.668098659;;0.0;0.0;IT0005584856;Bond;19106954.016057797;0.0025;7.648265854133928;0.0;7.6747129876640034;0.0;0.0
981007;IT0005633794;12090599.131491711;1.84775523698387;1.84775523698387;5282.4297469555895;-135613.2524594104;;0.0;0.0;IT0005633794;Bond;11954985.8790323;0.0025;1.8453681383685376;0.0;1.84775523698387;0.0;0.0
981007;IT0005636532;4467971.504135758;6.049478670532488;6.049478670532488;19923.849469076493;-332103.8845110711;;0.0;0.0;IT0005636532;Bond;4135867.6196246864;0.0025;6.02948763499532;0.0;6.049478670532488;0.0;0.0
981007;LU0571101129;5970483.947200007;3.01280837520172;3.3082405594351463;-17832.41398905499;-329253.57669932285;;1.2885837660957633;6.123252575293582;LU0571101129;Fund Unit;5641230.370500684;0.0025;3.110169958511979;0.0;3.3082405594351463;1.2175223885565631;5.785574285011225
981007;LU2023296168;7746359.743200003;3.2365855539827217;3.262438622231945;13229.254559378129;-436934.62464905006;;1.6896082779756272;129.8018746471041;LU2023296168;Fund Unit;7309425.118550953;0.0025;3.2200792000711105;0.0;3.262438622231945;1.594305660589536;122.48037974397086
981007;LU2550878602;40888908.51840002;0.53600261753224;0.7416979329101712;941.5786230928984;-56326.177191695875;;-8917.200980848578;465.03348445119053;LU2550878602;Fund Unit;40832582.341208324;0.0025;0.536145171371997;0.0;0.7416979329101712;-8904.91716451058;464.39288142718266
981007;NL0000102234;9679032.417095888;9.387590139342183;9.387590139342183;105254.39059017522;-373304.1203101613;;0.0;0.0;NL0000102234;Bond;9305728.296785727;0.0025;9.336045399989308;0.0;9.387590139342183;0.0;0.0
981007;OATM25 Cmdty;0.0;0.0;0.0;241201.33912311716;-1136341.5089538512;;0.0;0.0;;Bond Future;-1136341.5089538512;0.0025;0.0;0.0;0.0;0.0;0.0
981007;OEM25 Cmdty;0.0;0.0;0.0;21969.124037600213;-154686.4455870664;;0.0;0.0;;Bond Future;-154686.4455870664;0.0025;0.0;0.0;0.0;0.0;0.0
981007;PTBSPHOM0027;2048335.6164531657;5.280522743592871;5.280522743592871;7045.568817305317;-72369.05905426093;;0.0;0.0;PTBSPHOM0027;Bond;1975966.5573989048;0.0025;5.264241157837555;0.0;5.280522743592871;0.0;0.0
981007;PTEDP4OM0025;4432740.383561695;2.4435506542958625;2.4435506542958625;3900.344101026624;-186038.547590001;;0.0;0.0;PTEDP4OM0025;Bond;4246701.835971694;0.0025;2.4364806400688894;0.0;2.4435506542958625;0.0;0.0
981007;RXK25C 131;-325000.0032924212;794.3509741711696;794.3509741711696;0.0;1032656.2768838725;;0.0;0.0;;Bond Future Option;707656.2735914512;0.0025;2371.834649587885;0.0;794.3509741711696;0.0;0.0
981007;RXK25P 125;-117000.00769154044;-860.3128475746782;-860.3128475746782;0.0;-402626.4391334738;;0.0;0.0;;Bond Future Option;-519626.4468250142;0.0025;990.0326416804505;0.0;-860.3128475746782;0.0;0.0
981007;RXM25 Cmdty;0.0;0.0;0.0;-282666.4762331429;1241874.1702298778;;0.0;0.0;;Bond Future;1241874.1702298778;0.0025;0.0;0.0;0.0;0.0;0.0
981007;TUM25 Cmdty;0.0;0.0;0.0;159017.34217481513;-1869804.0028889803;;0.0;0.0;;Bond Future;-1869804.0028889803;0.00125;0.0;0.0;0.0;0.0;0.0
981007;UBM25 Cmdty;0.0;0.0;0.0;-116786.94180260376;185073.4837921505;;0.0;0.0;;Bond Future;185073.4837921505;0.0025;0.0;0.0;0.0;0.0;0.0
981007;UXYM25 Cmdty;0.0;0.0;0.0;-636312.6592815844;1924028.4466555752;;0.0;0.0;;Bond Future;1924028.4466555752;0.00125;0.0;0.0;0.0;0.0;0.0
981007;XS1819574929;1951967.39726028;2.9181161245097917;2.9181161245097917;2256.07177422583;-34175.43088367014;;0.0;0.0;XS1819574929;Bond;1917791.9663766099;0.0025;2.9105097843294363;0.0;2.9181161245097917;0.0;0.0
981007;XS2125121769;3576333.092362553;0.7250201223947248;0.7250201223947248;427.72384266851776;-33740.4074860867;;0.0;0.0;XS2125121769;Bond;3542592.684876466;0.0025;0.7233442969519523;0.0;0.7250201223947248;0.0;0.0
981007;XS2181959110;3739227.3972602743;6.176077477572278;6.176077477572278;17604.87197879966;-288412.7029743803;;0.0;0.0;XS2181959110;Bond;3450814.694285894;0.0025;6.153733369491246;0.0;6.176077477572278;0.0;0.0
981007;XS2183818637;606842.4657514214;0.4306814448211825;0.4306814448211825;36.61709468952685;-3232.0595984130514;;0.0;0.0;XS2183818637;Bond;603610.4061530083;0.0025;0.42963665201254814;0.0;0.4306814448211825;0.0;0.0
981007;XS2185997884;841593.9383069555;0.8849719645798535;0.8849719645798535;139.2205902886765;-4636.41210664401;;0.0;0.0;XS2185997884;Bond;836957.5262003115;0.0025;0.8827942806081516;0.0;0.8849719645798535;0.0;0.0
981007;XS2193658619;1919121.6438356184;3.911983882081684;3.911983882081684;3759.7409178135135;-45000.30416958951;;0.0;0.0;XS2193658619;Bond;1874121.339666029;0.0025;3.9012655609217957;0.0;3.911983882081684;0.0;0.0
981007;XS2209344543;973137.5000013316;2.9200755244492536;2.9200755244492536;-946.9448581567513;-46797.037396841166;;0.0;0.0;XS2209344543;Bond;926340.4626044903;0.0025;2.9657197355238445;0.0;2.9200755244492536;0.0;0.0
981007;XS2225893630;4004520.547931397;0.4111189342108391;0.4111189342108391;227.0686128004227;-20406.59786069151;;0.0;0.0;XS2225893630;Bond;3984113.9500707053;0.0025;0.4101239043819415;0.0;0.4111189342108391;0.0;0.0
981007;XS2242931603;2926880.136985345;3.823959962194236;3.823959962194236;5551.8067976194425;-70124.99129125016;;0.0;0.0;XS2242931603;Bond;2856755.1456940947;0.0025;3.813095777793406;0.0;3.823959962194236;0.0;0.0
981007;XS2243298069;3753566.753435128;4.920264062816657;4.920264062816657;11349.978437539712;-230388.40554249246;;0.0;0.0;XS2243298069;Bond;3523178.3478926355;0.0025;4.90519193665366;0.0;4.920264062816657;0.0;0.0
981007;XS2262077675;3098025.53144614;0.626354251535661;0.6263542515356609;308.7259906602068;-24240.98881591829;;0.0;0.0;XS2262077675;Bond;3073784.5426302217;0.0025;0.6248437381455042;0.0;0.6263542515356609;0.0;0.0
981007;XS2280835260;415692.4657544764;5.920406674847904;5.920406674847904;1718.4571397758318;-15959.018769306014;;0.0;0.0;XS2280835260;Bond;399733.44698517036;0.0025;5.9046856458374855;0.0;5.920406674847904;0.0;0.0
981007;XS2286011528;1520958.9041095893;0.0628042200922343;0.7299542762931295;29.762659004006764;-11451.206818715626;;0.0;0.0;XS2286011528;Bond;1509507.6972908736;0.0025;0.06232487222082548;0.0;0.7299542762931295;0.0;0.0
981007;XS2307437629;4236602.739726027;0.8729901898046221;0.8729901898046222;689.7367388295321;-46086.593788025966;;0.0;0.0;XS2307437629;Bond;4190516.1459380006;0.0025;0.8708253643708249;0.0;0.8729901898046222;0.0;0.0
981007;XS2322423539;305263.9315068744;3.519995982084533;3.519995982084533;493.9414801322845;-6519.191639304163;;0.0;0.0;XS2322423539;Bond;298744.7398675702;0.0025;3.51051990990826;0.0;3.519995982084533;0.0;0.0
981007;XS2382950330;1903815.8356164396;2.1026970341380795;2.1026970341380795;1234.809130501447;-49778.59738114268;;0.0;0.0;XS2382950330;Bond;1854037.238235297;0.0025;2.0975354476132666;0.0;2.1026970341380795;0.0;0.0
981007;XS2384273715;1295854.5205490862;5.172552313691385;5.172552313691385;4151.8815226921215;-40126.56101156275;;0.0;0.0;XS2384273715;Bond;1255727.9595375233;0.0025;5.159341258775832;0.0;5.172552313691385;0.0;0.0
981007;XS2433361719;2937165.616435868;0.7749552801360496;0.7749552801360494;395.3845540935261;-14750.20431486834;;0.0;0.0;XS2433361719;Bond;2922415.412121;0.0025;0.7730913113353225;0.0;0.7749552801360494;0.0;0.0
981007;XS2463450408;3805367.1025769054;3.1053353127971164;3.1053353127971164;4451.355027664952;-146238.77173128753;;0.0;0.0;XS2463450408;Bond;3659128.3308456177;0.0025;3.100199154851859;0.0;3.1053353127971164;0.0;0.0
981007;XS2558978883;4079924.657534253;2.6356876485377527;2.6356876485377527;3966.15502440414;-133849.21943554177;;0.0;0.0;XS2558978883;Bond;3946075.438098711;0.0025;2.628751902712869;0.0;2.6356876485377527;0.0;0.0
981007;XS2578472339;1077444.7945205627;2.9689568947544576;2.9689568947544576;1313.0259790556102;-21475.234003437297;;0.0;0.0;XS2578472339;Bond;1055969.5605171255;0.0025;2.9605274565472426;0.0;2.9689568947544576;0.0;0.0
981007;XS2580221658;3292221.2328768205;2.7308528132583447;2.7308528132583447;3457.1756422076182;-56061.59111569874;;0.0;0.0;XS2580221658;Bond;3236159.641761122;0.0025;2.7232440987128568;0.0;2.7308528132583447;0.0;0.0
981007;XS2582389156;4341882.821918944;3.944374819414326;3.944374819414326;9189.94999632679;-296018.92641070666;;0.0;0.0;XS2582389156;Bond;4045863.895508237;0.0025;3.930355507138785;0.0;3.944374819414326;0.0;0.0
981007;XS2583203950;4254917.808219184;2.631755245763413;2.631755245763413;4119.882683895331;-75083.67039170755;;0.0;0.0;XS2583203950;Bond;4179834.1378274765;0.0025;2.6248639911329823;0.0;2.631755245763413;0.0;0.0
981007;XS2588884481;4284403.767123348;2.945176398513412;2.945176398513412;5183.646321516122;-157604.99856744148;;0.0;0.0;XS2588884481;Bond;4126798.7685559066;0.0025;2.9366143724672065;0.0;2.945176398513412;0.0;0.0
981007;XS2592804434;4246321.0833333535;3.6470487939418583;3.6470487939418583;6854.562655455717;-260241.32637558994;;0.0;0.0;XS2592804434;Bond;3986079.756957764;0.0025;3.6399453162423816;0.0;3.6470487939418583;0.0;0.0
981007;XS2615937187;4579302.916666558;1.8861463530847116;1.886146353084711;-43019.03549783376;-55740.95279143354;;0.0;0.0;XS2615937187;Bond;4523561.963875124;0.0025;2.1298960314390047;0.0;1.886146353084711;0.0;0.0
981007;XS2619991883;12139225.47;1.6698664654353743;1.6698664654353743;5386.844041911926;-84755.00806980266;;0.0;0.0;XS2619991883;Bond;12054470.461930199;0.0025;1.6657437212579314;0.0;1.6698664654353743;0.0;0.0
981007;XS2623496085;4491714.520547952;2.704324558389057;2.704324558389057;4726.2076119381545;-208031.60174788622;;0.0;0.0;XS2623496085;Bond;4283682.918800065;0.0025;2.6963028442338914;0.0;2.704324558389057;0.0;0.0
981007;XS2626699982;4154948.6301369863;2.77636091068423;2.77636091068423;4508.060981400833;-143676.7824708341;;0.0;0.0;XS2626699982;Bond;4011271.8476661523;0.0025;2.768506711130183;0.0;2.77636091068423;0.0;0.0
981007;XS2648077191;2637891.0596733573;5.229975749148667;5.229975749148667;9177.864434345904;-91664.54520118651;;0.0;0.0;XS2648077191;Bond;2546226.5144721707;0.0025;5.211376285913114;0.0;5.229975749148667;0.0;0.0
981007;XS2673808726;1118417.945219591;5.328199738880452;5.328199738880452;4078.96681769588;-40065.06401276999;;0.0;0.0;XS2673808726;Bond;1078352.881206821;0.0025;5.307996861361356;0.0;5.328199738880452;0.0;0.0
981007;XS2745719000;621431.5068493731;3.4618865163008747;3.4618865163008747;980.6848559911496;-14438.653312007407;;0.0;0.0;XS2745719000;Bond;606992.8535373657;0.0025;3.452395509257253;0.0;3.4618865163008747;0.0;0.0
981007;XS2763026395;1011766.958905866;5.082663550544555;5.082663550544555;3250.242880933886;-31348.341155837785;;0.0;0.0;XS2763026395;Bond;980418.6177500283;0.0025;5.066936167326787;0.0;5.082663550544555;0.0;0.0
981007;XS2767246908;3029820.4109591423;4.2840530807638615;4.2840530807638615;7102.987331642792;-223329.82637338553;;0.0;0.0;XS2767246908;Bond;2806490.5845857565;0.0025;4.271326877951778;0.0;4.2840530807638615;0.0;0.0
981007;XS2770921315;8764010.556164384;7.763512147343044;7.763512147343044;68794.76590230931;-285178.54817797185;;0.0;0.0;XS2770921315;Bond;8478832.007986411;0.0025;7.717950199841091;0.0;7.763512147343044;0.0;0.0
981007;XS2771418097;1030131.9178082315;4.264871061541576;4.264871061541576;2382.604633838123;-26774.97254988771;;0.0;0.0;XS2771418097;Bond;1003356.9452583438;0.0025;4.252521070598279;0.0;4.264871061541576;0.0;0.0
981007;XS2774944008;4176725.5434764577;5.1953193224959735;5.1953193224959735;13725.97420563663;-266927.32508107007;;0.0;0.0;XS2774944008;Bond;3909798.2183953878;0.0025;5.1806401733552665;0.0;5.1953193224959735;0.0;0.0
981007;XS2778270772;4267933.333333436;1.8989594244869727;1.8989594244869727;2452.6582082408545;-133148.26176484567;;0.0;0.0;XS2778270772;Bond;4134785.0715685906;0.0025;1.8936077626752124;0.0;1.8989594244869727;0.0;0.0
981007;XS2799494633;3718684.4245033055;3.80062996318255;3.80062996318255;7388.6390356543725;-180749.75440022827;;0.0;0.0;XS2799494633;Bond;3537934.6701030773;0.0025;3.787069534635869;0.0;3.80062996318255;0.0;0.0
981007;XS2801962155;837166.0273972603;3.649685041854958;3.649685041854958;1481.3326254990402;-18612.248721782882;;0.0;0.0;XS2801962155;Bond;818553.7786754774;0.0025;3.638749019430525;0.0;3.649685041854958;0.0;0.0
981007;XS2802883731;3601408.615000088;3.7001237458320047;3.7001237458320047;751.5254949540797;-218434.95304683532;;0.0;0.0;XS2802883731;Bond;3382973.6619532523;0.0025;3.729134149393097;0.0;3.7001237458320047;0.0;0.0
981007;XS2818300407;4498138.698630156;3.829073511922676;3.829073511922677;8689.843259194291;-214825.1694682422;;0.0;0.0;XS2818300407;Bond;4283313.529161913;0.0025;3.817431138147368;0.0;3.829073511922677;0.0;0.0
981007;XS2821714735;3275409.592481357;5.842564409194607;5.842564409194607;14201.347413788728;-127446.10026533715;;0.0;0.0;XS2821714735;Bond;3147963.49221602;0.0025;5.819509630624767;0.0;5.842564409194607;0.0;0.0
981007;XS2822575648;2053788.4931507248;3.287118041268003;3.287118041268003;2963.323044724836;-115667.99659559796;;0.0;0.0;XS2822575648;Bond;1938120.4965551267;0.0025;3.2780594795309317;0.0;3.287118041268003;0.0;0.0
981007;XS2830446535;852150.4657536863;4.284731157524734;4.284731157524734;2050.4974141402954;-24254.018181547588;;0.0;0.0;XS2830446535;Bond;827896.4475721386;0.0025;4.270471906438141;0.0;4.284731157524734;0.0;0.0
981007;XS2844410287;746328.6849315389;3.6052026255030984;3.6052026255030984;1295.11632560447;-16450.72469477944;;0.0;0.0;XS2844410287;Bond;729877.9602367594;0.0025;3.5943134331486624;0.0;3.6052026255030984;0.0;0.0
981007;XS2890435865;2057580.780987045;1.3694480686864416;1.3694480686864416;665.4792716886961;-18994.735550389978;;0.0;0.0;XS2890435865;Bond;2038586.045436655;0.0025;1.3660508382950118;0.0;1.3694480686864416;0.0;0.0
981007;XS2905432584;2903847.1301369346;3.065865170956572;3.065865170956573;3740.67858299736;-60451.70154536839;;0.0;0.0;XS2905432584;Bond;2843395.428591566;0.0025;3.057159487298171;0.0;3.065865170956573;0.0;0.0
981007;XS2980761956;2594007.638121549;7.171304490279698;7.171304490279698;16833.816790273424;-229763.79273164383;;0.0;0.0;XS2980761956;Bond;2364243.8453899054;0.0025;7.13763596981394;0.0;7.171304490279698;0.0;0.0
981017;2I666V.S43.5Y;-1972558.687505808;2.6204898071851668;277.50031649705227;0.0;1948880.8004005235;;0.0;0.0;;CDS Index;-23677.88710528449;0.0025;2.6376572242590703;0.0;277.50031649705227;0.0;0.0
981017;2I667D.S43.5Y;2257950.1615271308;2.6114700433279014;324.66114096880625;0.0;-3004025.5861702003;;0.0;0.0;;CDS Index;-746075.4246430695;0.0025;2.628519482795899;0.0;324.66114096880625;0.0;0.0
981017;2I667E.S43.5Y;275110.712019732;2.7161501589237877;-486.5010511693261;0.0;1288332.419433827;;0.0;0.0;;CDS Index;1563443.131453559;0.0025;2.734593838138342;0.0;-486.5010511693261;0.0;0.0
981017;2I667K.S43.5Y;-239105.07070991216;2.5007031065629013;61.4064845399712;0.0;214917.13189537392;;0.0;0.0;;CDS Index;-24187.93881453824;0.0025;2.516336896630835;0.0;61.4064845399712;0.0;0.0
981017;BE0390201672;6850213.424657532;8.134215073525286;8.134215073525286;5374.808575452634;-342158.4436121107;;0.0;0.0;BE0390201672;Bond;6508054.981045421;0.0025;8.280013232146963;0.0;8.134215073525286;0.0;0.0
981017;BE6362152199;3946842.7480315054;4.95433606859128;4.95433606859128;12143.7932385601;-130179.29205201732;;0.0;0.0;BE6362152199;Bond;3816663.455979488;0.0025;4.938778749182606;0.0;4.95433606859128;0.0;0.0
981017;CDSB100002643;-351966.2404422965;0.719237764236259;21.742923040590178;0.0;107771.71683317386;CITIBANK EUROPE PUBLIC LIMITED COMPANY;0.0;0.0;;Credit Default Swap;-244194.5236091226;0.0025;0.7205310216400179;0.0;21.742923040590178;0.0;0.0
981017;CDSB100003202;78110.14653200777;2.4986704507435964;-393.20569429530326;0.0;429499.03279315704;DEUTSCHE BANK AKTIENGESELLSCHAFT;0.0;0.0;;Credit Default Swap;507609.1793251648;0.0025;2.5142788357971444;0.0;-393.20569429530326;0.0;0.0
981017;CH1142231682;4932318.493075393;0.5786116463224997;0.5786116463224997;442.8826749658864;-19060.37050543244;;0.0;0.0;CH1142231682;Bond;4913258.122569961;0.0025;0.5772038252560797;0.0;0.5786116463224997;0.0;0.0
981017;CH1174335732;20121780.821766347;0.5222358895181864;0.5222358895181863;1570.7484201986292;-70233.28429295984;;0.0;0.0;CH1174335732;Bond;20051547.537473388;0.0025;0.5209661628866971;0.0;0.5222358895181863;0.0;0.0
981017;CSH_AUD_DB;49783.91616089612;0.0;0.0;0.0;0.0;;0.0;497.8391616089612;;Cash;49783.91616089612;0.0;0.0;0.0;0.0;0.0;497.8391616089612
981017;CSH_CAD_DB;41586.38395729379;0.0;0.0;0.0;0.0;;0.0;415.8638395729378;;Cash;41586.38395729379;0.0;0.0;0.0;0.0;0.0;415.8638395729378
981017;CSH_CHF_DB;10846.232728557638;0.0;0.0;0.0;0.0;;0.0;108.46232728557638;;Cash;10846.232728557638;0.0;0.0;0.0;0.0;0.0;108.46232728557638
981017;CSH_CNH_DB;6131.519711583424;0.0;0.0;0.0;0.0;;0.0;61.315197115834245;;Cash;6131.519711583424;0.0;0.0;0.0;0.0;0.0;61.315197115834245
981017;CSH_EUR_DB;-1603696.669999999;0.0;0.0;0.0;0.0;;0.0;0.0;;Cash;-1603696.669999999;0.0;0.0;0.0;0.0;0.0;0.0
981017;CSH_GBP_DB;-246936.05672560635;0.0;0.0;0.0;6173.401418140159;;0.0;-2469.3605672560634;;Cash;-240762.6553074662;0.0;0.0;0.0;0.0;0.0;-2407.626553074662
981017;CSH_HUF_DB;2492.8019295642366;0.0;0.0;0.0;0.0;;0.0;24.92801929564237;;Cash;2492.8019295642366;0.0;0.0;0.0;0.0;0.0;24.92801929564237
981017;CSH_JPY_DB;11647.81649592231;0.0;0.0;0.0;-291.19541239805784;;0.0;116.47816495922312;;Cash;11356.621083524253;0.0;0.0;0.0;0.0;0.0;113.56621083524254
981017;CSH_MXN_DB;9045.03484663073;0.0;0.0;0.0;0.0;;0.0;90.4503484663073;;Cash;9045.03484663073;0.0;0.0;0.0;0.0;0.0;90.4503484663073
981017;CSH_NOK_DB;9805.15983450292;0.0;0.0;0.0;0.0;;0.0;98.05159834502922;;Cash;9805.15983450292;0.0;0.0;0.0;0.0;0.0;98.05159834502922
981017;CSH_NZD_DB;4419.165819292723;0.0;0.0;0.0;0.0;;0.0;44.19165819292724;;Cash;4419.165819292723;0.0;0.0;0.0;0.0;0.0;44.19165819292724
981017;CSH_PLN_DB;109.9470720519637;0.0;0.0;0.0;0.0;;0.0;1.099470720519637;;Cash;109.9470720519637;0.0;0.0;0.0;0.0;0.0;1.099470720519637
981017;CSH_SEK_DB;2171.114586858888;0.0;0.0;0.0;0.0;;0.0;21.71114586858888;;Cash;2171.114586858888;0.0;0.0;0.0;0.0;0.0;21.71114586858888
981017;CSH_USD_DB;468515.0620255508;0.0;0.0;0.0;-11712.87655063877;;0.0;4685.150620255507;;Cash;456802.18547491205;0.0;0.0;0.0;0.0;0.0;4568.0218547491195
981017;DE000A4DE9Y3;3869983.35616631;4.395486904036344;4.395486904036344;9429.663352569949;-114619.21955795029;;0.0;0.0;DE000A4DE9Y3;Bond;3755364.13660836;0.0025;4.38287226692791;0.0;4.395486904036344;0.0;0.0
981017;DE000NRW0N26;1510488.9863013704;22.716086268187052;22.71608626818705;119728.1793512212;-138963.8413549965;;0.0;0.0;DE000NRW0N26;Bond;1371525.144946374;0.0025;22.024524791175285;0.0;22.71608626818705;0.0;0.0
981017;DUM25 Cmdty;0.0;0.0;0.0;-4996.746683145204;70922.05722497823;;0.0;0.0;;Bond Future;70922.05722497823;0.0025;0.0;0.0;0.0;0.0;0.0
981017;ES0813211028;6157800.000000001;0.7619010133375568;0.7619010133375568;480.90219806339314;-57093.83814574366;;0.0;0.0;ES0813211028;Bond;6100706.161854257;0.0025;0.7613998354671467;0.0;0.7619010133375568;0.0;0.0
981017;FR0011949403;2068730.1369862908;0.1731552942131187;0.1731552942131188;40.505012677271914;-4488.861009570252;;0.0;0.0;FR0011949403;Bond;2064241.2759767205;0.0025;0.17274075984504114;0.0;0.1731552942131188;0.0;0.0
981017;FR0012329845;2845972.317840464;0.6319592053609839;0.6319592053609839;287.2419058188896;-22362.32495223685;;0.0;0.0;FR0012329845;Bond;2823609.992888227;0.0025;0.6304344047274599;0.0;0.6319592053609839;0.0;0.0
981017;FR0012599645;39752636.66400003;0.2306904035262158;0.5082472453835571;3036.647616800504;-98823.78821994124;;0.0;1.6331716097894492e-08;FR0012599645;Fund Unit;39653812.87578008;0.0025;0.22891373408708862;0.0;0.5082472453835571;0.0;1.629111597200679e-08
981017;FR0013416146;3366208.849315067;0.0649788325352718;0.0649788325352718;22.172268101385175;-3804.2771242259314;;0.0;0.0;FR0013416146;Bond;3362404.5721908407;0.0025;0.06482472020932879;0.0;0.0649788325352718;0.0;0.0
981017;FR0013428414;4621109.589041074;0.2251633694501576;0.2251633694501576;124.0325018252484;-17547.55586413953;;0.0;0.0;FR0013428414;Bond;4603562.033176934;0.0025;0.22461910541793365;0.0;0.2251633694501576;0.0;0.0
981017;FR0013510179;6575546.123197918;0.7870890616086575;0.7870890616086574;896.4625941693939;-85310.95525042122;;0.0;0.0;FR0013510179;Bond;6490235.167947496;0.0025;0.7852295146632318;0.0;0.7870890616086574;0.0;0.0
981017;FR00140009W6;1973068.4931412744;0.5528703209876851;0.5528703209876851;165.6358450386395;-13622.281103331537;;0.0;0.0;FR00140009W6;Bond;1959446.2120379428;0.0025;0.5515357762096244;0.0;0.5528703209876851;0.0;0.0
981017;FR0014000NZ4;6059887.396994678;1.083835657997533;1.083835657997533;1361.5692571847535;-108976.42747022415;;0.0;0.0;FR0014000NZ4;Bond;5950910.969524454;0.0025;1.081155268067971;0.0;1.083835657997533;0.0;0.0
981017;FR0014003G27;4956855.479454435;2.9097029397024774;2.909702939702477;5707.797140550409;-93733.06602185548;;0.0;0.0;FR0014003G27;Bond;4863122.4134325795;0.0025;2.902081478370973;0.0;2.909702939702477;0.0;0.0
981017;FR001400KWR6;7263115.616438365;3.3333931402905588;3.3333931402905588;10724.134795737313;-409754.47434097616;;0.0;0.0;FR001400KWR6;Bond;6853361.142097388;0.0025;3.3242589171806878;0.0;3.3333931402905588;0.0;0.0
981017;FR001400Y969;5015594.520547946;8.191878368966679;8.191878368966679;40824.502825454365;-252217.77728268434;;0.0;0.0;FR001400Y969;Bond;4763376.743265262;0.0025;8.15615769197654;0.0;8.191878368966679;0.0;0.0
981017;FR0128910454;3494273.525435;0.0622722195791372;0.0622722195791372;22.56402065192675;-1321.1225931781642;;0.0;0.0;FR0128910454;Bond;3492952.4028418222;0.0025;0.06212047844567491;0.0;0.0622722195791372;0.0;0.0
981017;FR0128957760;7994270.772923424;0.0270705272859782;0.0270705272859782;21.67575452537657;-1314.1267023983714;;0.0;0.0;FR0128957760;Bond;7992956.646221026;0.0025;0.027004574042049312;0.0;0.0270705272859782;0.0;0.0
981017;FR0129030898;4985749.711700001;0.0944095824535604;0.0944095824535604;50.15239890049241;-7888.412215086986;;0.0;0.0;FR0129030898;Bond;4977861.299484914;0.0025;0.09418038665334373;0.0;0.0944095824535604;0.0;0.0
981017;FR0129061653;9918347.267999912;0.2919122286938837;0.2919122286938837;366.2401826251521;-48423.273511166684;;0.0;0.0;FR0129061653;Bond;9869923.994488746;0.0025;0.2912021224354275;0.0;0.2919122286938837;0.0;0.0
981017;FR0129084481;9957505.492499933;0.1624621056867005;0.1624621056867005;183.97243728426196;-9821.101307671168;;0.0;0.0;FR0129084481;Bond;9947684.391192261;0.0025;0.16206619663761915;0.0;0.1624621056867005;0.0;0.0
981017;FR0129107795;3992377.2708712425;0.0647861970444555;0.0647861970444555;26.81121991189803;-4331.455888397294;;0.0;0.0;FR0129107795;Bond;3988045.814982845;0.0025;0.06462880010319388;0.0;0.0647861970444555;0.0;0.0
981017;FR0129109759;10975139.80020225;0.0811011969354974;0.0811011969354974;93.84430121883443;-5412.39770968878;;0.0;0.0;FR0129109759;Bond;10969727.402492562;0.0025;0.08090387482891123;0.0;0.0811011969354974;0.0;0.0
981017;FXW1023898;-8643.672970567597;0.076712327339341;0.0;-0.001264247731159518;39278.38139325333;BNP PARIBAS;0.0;-15711.35255730133;;Currency Forward;30634.708422685733;0.0;0.076712327339341;0.0;0.0;0.0;-55683.817071498735
981017;FXW1023970;6764.901518523577;0.0767123273393409;0.0;0.0009909185800156817;-23104.93023132549;MORGAN STANLEY EUROPE SE;0.0;9241.972092530195;;Currency Forward;-16340.028712801912;0.0;0.0767123273393409;0.0;0.0;0.0;22323.17631547958
981017;FXW1023996;-193507.12770932168;0.0767123273393409;0.0;-0.02837851830016458;485203.5348578353;MORGAN STANLEY EUROPE SE;0.0;-194081.4139431341;;Currency Forward;291696.4071485136;0.0;0.0767123273393409;0.0;0.0;0.0;-292562.0973846354
981017;FXW1023998;-189222.0109610185;0.9972600751487697;0.0;-4.704628161147241;471407.316744118;NATIXIS;0.0;-188562.9266976472;;Currency Forward;282185.3057830995;0.0;0.9972600751487697;0.0;0.0;0.0;-281202.41857324645
981017;FXW1023999;213238.78992976993;0.0767123273393409;0.0;0.031281731192279505;-485203.5348578353;MORGAN STANLEY EUROPE SE;0.0;194081.4139431341;;Currency Forward;-271964.74492806534;0.0;0.0767123273393409;0.0;0.0;0.0;247531.42829082304
981017;FXW1024000;-163969.24299793318;0.2356164306853754;0.0;-0.2267562989586942;358947.7841503651;MORGAN STANLEY EUROPE SE;0.0;-143579.11366014602;;Currency Forward;194978.54115243192;0.0;0.2356164306853754;0.0;0.0;0.0;-170732.30082404756
981017;IKM25 Cmdty;0.0;0.0;0.0;12231.366461060185;-85330.9608777343;;0.0;0.0;;Bond Future;-85330.9608777343;0.0025;0.0;0.0;0.0;0.0;0.0
981017;INFS10000297;95282.273722894;8.961643835616393;0.0;-13.73585216099162;-93864.57208014245;JP MORGAN SE;0.0;0.0;;Index Linked Swap;1417.7016427515482;0.0025;9.166025475602453;0.0;0.0;0.0;0.0
981017;INFS10000298;-382811.1600405017;18.96986301369862;0.0;492.5995261857834;389237.47735238844;JP MORGAN SE;0.0;0.0;;Index Linked Swap;6426.317311886756;0.0025;19.901672148174544;0.0;0.0;0.0;0.0
981017;INFS10000299;294910.00896056613;28.975342465753467;0.0;-1474.4125371634475;-287983.85379648465;JP MORGAN SE;0.0;0.0;;Index Linked Swap;6926.155164081487;0.0025;31.19925698652699;0.0;0.0;0.0;0.0
981017;INFS10000325;217230.24253670985;8.9616438356164;0.0;-34.452701193080216;-194956.90647981016;CITIBANK EUROPE PUBLIC LIMITED COMPANY;0.0;0.0;;Index Linked Swap;22273.336056899687;0.0025;9.166386484449777;0.0;0.0;0.0;0.0
981017;INFS10000327;638318.235813768;28.97534246575341;0.0;-3800.9263402487495;-530767.4021720472;CITIBANK EUROPE PUBLIC LIMITED COMPANY;0.0;0.0;;Index Linked Swap;107550.83364172082;0.0025;31.223133509063416;0.0;0.0;0.0;0.0
981017;INFS10000328;-846370.654913342;18.969863013698596;0.0;1288.9014686594946;733400.3624080565;CITIBANK EUROPE PUBLIC LIMITED COMPANY;0.0;0.0;;Index Linked Swap;-112970.29250528547;0.0025;19.907573695365315;0.0;0.0;0.0;0.0
981017;INFS10000342;614934.2519138796;19.1369863013699;0.0;-1003.518784012045;-510200.0725113711;JP MORGAN SE;0.0;0.0;;Index Linked Swap;104734.17940250854;0.0025;20.093344721211423;0.0;0.0;0.0;0.0
981017;INFS10000344;604583.6941060941;19.136986301369877;0.0;-970.0206906229864;-509704.87630392326;CITIBANK EUROPE PUBLIC LIMITED COMPANY;0.0;0.0;;Index Linked Swap;94878.81780217082;0.0025;20.092658013535253;0.0;0.0;0.0;0.0
981017;INFS10000351;-462505.2788796504;19.136986301369927;0.0;810.967567522057;358673.4641020793;GOLDMAN SACHS INTERNATIONAL  PARIS BRANCH;0.0;0.0;;Index Linked Swap;-103831.81477757113;0.0025;20.096382497517578;0.0;0.0;0.0;0.0
981017;INFS10000352;-205119.01693282035;19.13698630136992;0.0;352.5962104641436;162060.43172378282;CREDIT AGRICOLE CORPORATE AND INVESTMENT BANK;0.0;0.0;;Index Linked Swap;-43058.58520903753;0.0025;20.095521501204484;0.0;0.0;0.0;0.0
981017;INFS10000354;-624102.2267040733;19.136986301369856;0.0;1051.1842399721716;502625.68933757284;GOLDMAN SACHS INTERNATIONAL  PARIS BRANCH;0.0;0.0;;Index Linked Swap;-121476.53736650042;0.0025;20.09465476800806;0.0;0.0;0.0;0.0
981017;IRSB100002012;108945.40802662866;6.217072936531302;0.0;-2504.09944578366;2140.0578756996397;BNP PARIBAS;0.0;1089.4540802662877;;Swap;111085.4659023283;0.00125;6.552699197103642;0.0;0.0;0.0;1110.854659023284
981017;IRSB100007718;110565.70038490859;30.003659954079303;0.0;-156412.70695103085;96768.16377382263;JP MORGAN SE;0.0;0.0;;Swap;207333.86415873122;0.0025;67.62067127561275;0.0;0.0;0.0;0.0
981017;IRSB100008421;-17688.203256400302;0.2356264903425601;0.0;-28.12416760648146;2959.0990425081754;BNP PARIBAS;0.0;0.0;;Swap;-14729.104213892126;0.0025;0.19601539676010113;0.0;0.0;0.0;0.0
981017;IRSB100008428;-14655.68091335427;0.23562649107738962;0.0;-23.040423441276616;2424.091990102054;NATIXIS;0.0;0.0;;Swap;-12231.588923252217;0.0025;0.19646240264942783;0.0;0.0;0.0;0.0
981017;IRSB100008429;-13581.923351451755;0.0657578124368324;0.0;-2.5526241343037137;927.9512802855483;CITIBANK EUROPE PUBLIC LIMITED COMPANY;0.0;0.0;;Swap;-12653.972071166207;0.0025;0.061070053710308554;0.0;0.0;0.0;0.0
981017;OEM25 Cmdty;0.0;0.0;0.0;-45876.70019616516;323021.69519652106;;0.0;0.0;;Bond Future;323021.69519652106;0.0025;0.0;0.0;0.0;0.0;0.0
981017;RXM25 Cmdty;0.0;0.0;0.0;-367657.40996540553;1615275.5254679152;;0.0;0.0;;Bond Future;1615275.5254679152;0.0025;0.0;0.0;0.0;0.0;0.0
981017;TRS100000144;946086.0171181406;0.059604172519033;0.059604172519033;5.836124073555412;-940.90198414763;BNP PARIBAS;0.0;0.0;TRS100000144;Bond;945145.115133993;0.0025;0.059458836576349185;0.0;0.059604172519033;0.0;0.0
981017;TRS100000147;976798.283125496;0.006278932080539;0.1817151777639321;-2.968332278672392;-2525.5709048388653;BNP PARIBAS;0.0;0.0;TRS100000147;Bond;974272.7122206572;0.0025;0.006355001606767801;0.0;0.1817151777639321;0.0;0.0
981017;TRS100000148;5003810.976142007;0.0069945321544751;0.2197423171989941;-22.492144440761308;-15633.58499587786;BNP PARIBAS;0.0;0.0;TRS100000148;Bond;4988177.391146129;0.0025;0.007107029533636559;0.0;0.2197423171989941;0.0;0.0
981017;US91282CCM10;906426.5525992285;6.265287372194424;6.26528737219442;3570.1060084144915;-27075.16745136311;;0.0;9064.265525992287;US91282CCM10;Bond;879351.3851478654;0.00125;6.265121404476669;0.0;6.26528737219442;0.0;8793.513851478656
981017;USF43628B413;18634923.57403853;0.4811045658776788;0.4811045658776789;865.0635804486664;-521624.696317676;;0.0;186349.23574038537;USF43628B413;Bond;18113298.877720855;0.00125;0.4808136224711176;0.0;0.4811045658776789;0.0;181132.98877720858
981017;VGM25 Index;0.0;0.0;0.0;0.0;1214226.0;;-93402.0;0.0;;Equity Index Future;1214226.0;0.0;0.0;0.0;0.0;-93402.0;0.0
981017;XS0207764712;19932981.911111247;0.2291351792395992;2.123445354116449;190.3955443083305;-419184.0239244359;;0.0;0.0;XS0207764712;Bond;19513797.88718681;0.0025;0.22902764195721242;0.0;2.123445354116449;0.0;0.0
981017;XS1684385161;5573203.222226524;0.4594029894912147;0.4594029894912146;242.90212406696827;-42325.80638907377;;0.0;0.0;XS1684385161;Bond;5530877.41583745;0.0025;0.4588410188961624;0.0;0.4594029894912146;0.0;0.0
981017;XS1739839998;10171144.505495733;0.1711131588475445;0.1711131588475445;114.47003345212138;-21401.202685536224;;0.0;0.0;XS1739839998;Bond;10149743.302810196;0.0025;0.17090499836454012;0.0;0.1711131588475445;0.0;0.0
981017;XS1808351214;3062646.1643835623;0.0450183659411111;0.0450183659411111;13.9473166349546;-1711.7255274910872;;0.0;0.0;XS1808351214;Bond;3060934.4388560713;0.0025;0.044909582362037154;0.0;0.0450183659411111;0.0;0.0
981017;XS2010031057;10295148.689691914;0.2256536129372009;0.2256536129372009;166.00438161207265;-28431.53391564232;;0.0;0.0;XS2010031057;Bond;10266717.155776272;0.0025;0.2253777986967556;0.0;0.2256536129372009;0.0;0.0
981017;XS2076169668;14328321.401386438;0.1158916997163613;0.1158916997163613;99.8013562594096;-368335.9992033122;;0.0;143283.21401386437;XS2076169668;Bond;13959985.402183127;0.00125;0.1158214218129167;0.0;0.1158916997163613;0.0;139599.85402183127
981017;XS2110110686;10898531.609589037;0.0739211646545826;0.0739211646545825;83.5872304705274;-5434.336309438917;;0.0;0.0;XS2110110686;Bond;10893097.273279598;0.0025;0.07374308583953373;0.0;0.0739211646545825;0.0;0.0
981017;XS2119468572;12061824.65751282;0.3703662236340918;0.3703662236340918;596.8141447697269;-76336.47933932772;;0.0;0.0;XS2119468572;Bond;11985488.178173492;0.0025;0.3694721617205454;0.0;0.3703662236340918;0.0;0.0
981017;XS2131567138;9998199.72825731;0.4647580583653471;0.4647580583653471;443.0289024524666;-57523.8888475078;;0.0;0.0;XS2131567138;Bond;9940675.839409802;0.0025;0.46419028681224855;0.0;0.4647580583653471;0.0;0.0
981017;XS2182055009;6368569.928078664;0.4120615508845582;0.4120615508845582;361.1430502977993;-17692.410704306203;;0.0;0.0;XS2182055009;Bond;6350877.517374357;0.0025;0.4110683605086674;0.0;0.4120615508845582;0.0;0.0
981017;XS2187689034;18245365.75343125;0.2042262176636068;0.2042262176636068;432.1999322877584;-23394.058007139247;;0.0;0.0;XS2187689034;Bond;18221971.69542411;0.0025;0.2037382834523784;0.0;0.2042262176636068;0.0;0.0
981017;XS2189784288;8526318.855420833;0.4735890991365955;0.4735890991365955;586.3370056164852;-50876.51796524742;;0.0;0.0;XS2189784288;Bond;8475442.337455586;0.0025;0.4724306183315528;0.0;0.4735890991365955;0.0;0.0
981017;XS2229875989;15279016.438304346;0.4469187272390626;0.4469187272390626;968.2119439467475;-116036.80429309495;;0.0;0.0;XS2229875989;Bond;15162979.634011252;0.0025;0.4458338497356161;0.0;0.4469187272390626;0.0;0.0
981017;XS2234516164;2864238.7500000363;3.556972704735504;3.556972704735504;2926.339353314164;-168140.57636121134;;0.0;0.0;XS2234516164;Bond;2696098.173638825;0.0025;3.563060807687662;0.0;3.556972704735504;0.0;0.0
981017;XS2244936659;2888723.4246619567;3.354530474591431;3.3545304745914315;-3364.0184818778303;-159716.86386866277;;0.0;0.0;XS2244936659;Bond;2729006.560793294;0.0025;3.4117760272541355;0.0;3.3545304745914315;0.0;0.0
981017;XS2278566299;704752.1917811567;4.43049175386021;4.43049175386021;1722.3543040767074;-18716.156000811457;;0.0;0.0;XS2278566299;Bond;686036.0357803452;0.0025;4.418467027087677;0.0;4.43049175386021;0.0;0.0
981017;XS2322423539;1017546.4383562478;3.519995982084533;3.519995982084532;1646.4716004409484;-21730.63879768054;;0.0;0.0;XS2322423539;Bond;995815.7995585673;0.0025;3.51051990990826;0.0;3.519995982084532;0.0;0.0
981017;XS2491664137;-1043479.8630137056;3.6338894812973153;3.6338894812973153;-1830.9742985644157;23085.441427010563;;0.0;0.0;XS2491664137;Bond;-1020394.421586695;0.0025;3.623035337986161;0.0;3.6338894812973153;0.0;0.0
981017;XS2592659671;-4958022.602739726;3.450863758392183;3.450863758392183;-7758.125557613763;284487.63600925455;;0.0;0.0;XS2592659671;Bond;-4673534.966730472;0.0025;3.4415158591129167;0.0;3.450863758392183;0.0;0.0
981017;XS2597110027;5153938.356164808;4.2634305170167766;4.2634305170167766;11943.47832613942;-134501.62036686577;;0.0;0.0;XS2597110027;Bond;5019436.735797943;0.0025;4.250938869959896;0.0;4.2634305170167766;0.0;0.0
981017;XS2618867159;-951855.0000000001;3.9955921073571874;3.995592107357188;-1624.751703250062;24572.452491725744;;0.0;0.0;XS2618867159;Bond;-927282.5475082743;0.0025;3.9928306995386924;0.0;3.995592107357188;0.0;0.0
981017;XS2641927574;4583931.506848985;2.816130577216561;2.816130577216561;5173.825385895791;-86789.11020764231;;0.0;0.0;XS2641927574;Bond;4497142.396641343;0.0025;2.8077398726862266;0.0;2.816130577216561;0.0;0.0
981017;XS2904849879;4140630.1371053937;3.9018436894384134;3.9018436894384134;8233.93931727402;-202702.57785253317;;0.0;0.0;XS2904849879;Bond;3937927.5592528605;0.0025;3.8901903609640778;0.0;3.9018436894384134;0.0;0.0
981017;XS2919680236;4970542.191784944;8.317427464384354;8.317427464384354;42707.20855674758;-255239.63808398345;;0.0;0.0;XS2919680236;Bond;4715302.553700961;0.0025;8.275574904035562;0.0;8.317427464384354;0.0;0.0
981017;XS2977890313;4417953.205479452;4.20125940640656;4.20125940640656;10026.141304742008;-320361.6766812247;;0.0;0.0;XS2977890313;Bond;4097591.5287982277;0.0025;4.188650641175753;0.0;4.20125940640656;0.0;0.0
981017;XS2987792269;5971417.808639263;4.241425343291009;4.241425343291009;13754.94919394662;-318015.4236745045;;0.0;0.0;XS2987792269;Bond;5653402.3849647585;0.0025;4.228812952071501;0.0;4.241425343291009;0.0;0.0
981017;XS3003295519;5713463.013698629;8.105571750004742;8.105571750004742;45621.13060737734;-284473.55038705224;;0.0;0.0;XS3003295519;Bond;5428989.463311577;0.0025;8.070201297101887;0.0;8.105571750004742;0.0;0.0
981017;XS3004055177;6127008.904171441;5.9920063968037285;5.9920063968037285;26942.786536082687;-247595.1104825422;;0.0;0.0;XS3004055177;Bond;5879413.793688899;0.0025;5.971832247958121;0.0;5.9920063968037285;0.0;0.0
981017;XS3011736108;3430099.726027555;6.663852872123573;6.6638528721235755;18587.186136464014;-140352.64909074572;;0.0;0.0;XS3011736108;Bond;3289747.0769368093;0.0025;6.639399031040378;0.0;6.6638528721235755;0.0;0.0
981017;XS3025207807;1617740.9246575946;5.8161732196734635;5.816173219673464;6742.8716038625225;-117423.10508337572;;0.0;0.0;XS3025207807;Bond;1500317.819574219;0.0025;5.7965409277198265;0.0;5.816173219673464;0.0;0.0
981017;XS3032018239;8660665.342467021;3.670648784753813;3.670648784753813;15080.904514164324;-196787.0858348772;;0.0;0.0;XS3032018239;Bond;8463878.256632144;0.0025;3.660800187119024;0.0;3.670648784753813;0.0;0.0
981017;XS3037678862;3684275.0000031833;9.354587753618368;9.354587753618368;39972.91866426774;-212861.98715563904;;0.0;0.0;XS3037678862;Bond;3471413.012847544;0.0025;9.302118475198176;0.0;9.354587753618368;0.0;0.0
981017;XS3037682112;12786432.000000004;8.013387609865513;8.013387609865513;100776.93592846049;-632024.4024665325;;0.0;0.0;XS3037682112;Bond;12154407.597533472;0.0025;7.976884748202128;0.0;8.013387609865513;0.0;0.0
981017;XS3038544790;3494074.076150994;6.736100482391644;6.736100482391644;19315.29754845593;-144380.0147946144;;0.0;0.0;XS3038544790;Bond;3349694.0613563797;0.0025;6.711337705588387;0.0;6.736100482391644;0.0;0.0
