;Portfolio;Identifier;TV;Duration_t;SpreadDuration_t;DollarRateConvexity1pc;TotalEffect;Counterparty;EquityDelta_t;FXDelta_t;NetExposure;LiquidityScore;ISIN;AssetClass;TV_before_stress;TV_after_stress;shock_rates_dec;Duration_next;shock_spreads_dec;SpreadDuration_next
0;300128;AT0000A04967;1715528.48224;9.449735924;9.449735924;19668.50148;-64845.1645090741;;0.0;0.0;1784910.874;10.0;AT0000A04967;Bond;1715528.48224;1650683.317730926;0.0025;9.386355171202123;0.0015;9.411707472321275
1;300128;AT0000A0U299;955411.4506;19.9332251;19.9332251;59843.2381;-76177.72603170932;;0.0;0.0;1040623.858;9.0;AT0000A0U299;Bond;955411.4506;879233.7245682906;0.0025;19.36065649431306;0.0015;19.589683936587836
2;300128;AT0000A0VRQ6;1013865.8461199999;13.73366337;13.73366337;26050.06297;-55696.36893180919;;0.0;0.0;1074380.548;10.0;AT0000A0VRQ6;Bond;1013865.8461199999;958169.4771881907;0.0025;13.562852225446457;0.0015;13.631176683267874
3;300128;AT0000A1PEF7;273115.45404;30.0887093;30.0887093;43850.69797;-32870.76600778828;;0.0;0.0;312313.9726;9.0;AT0000A1PEF7;Bond;273115.45404;240244.6880322117;0.0025;28.338101213274665;0.0015;29.0383444479648
4;300128;AT0000A269M8;1831510.911232;3.770954672;3.770954672;3343.031521;-27626.178510117148;;0.0;0.0;1860268.493;10.0;AT0000A269M8;Bond;1831510.911232;1803884.7327218829;0.0025;3.760872765806941;0.0015;3.7649055282841646
5;300128;AT0000A2CQD2;2382138.89924;4.771944434;4.771944434;6663.558489;-45469.73784497281;;0.0;0.0;2429721.5;10.0;AT0000A2CQD2;Bond;2382138.89924;2336669.1613950273;0.0025;4.7589405540753615;0.0015;4.764142106045217
6;300128;AT0000A2EJ08;608238.4995599999;21.81019763;21.81019763;36332.60901;-53063.20752631306;;0.0;0.0;668352.526;10.0;AT0000A2EJ08;Bond;608238.4995599999;555175.2920336869;0.0025;21.506055712824907;0.0015;21.627712479694946
7;300128;AT0000A2HLC4;71367.982812;40.51501812;40.51501812;23837.36018;-11565.900467264113;;0.0;0.0;86098.9589;9.0;AT0000A2HLC4;Bond;71367.982812;59802.082344735885;0.0025;36.26852584600629;0.0015;37.967122755603775
8;300128;AT0000A2L583;1922306.650692;2.32194473;2.32194473;1339.909592;-53561.877564218885;;0.0;0.0;1978997.253;5.0;AT0000A2L583;Bond;1922306.650692;1868744.7731277812;0.0025;2.317997493866639;0.0095;2.3069452326932276
9;300128;AT0000A2NW83;225273.918576;5.737991191;5.737991191;888.5171551;-5170.4790414045565;;0.0;0.0;230715.0;10.0;AT0000A2NW83;Bond;225273.918576;220103.43953459544;0.0025;5.721698462107182;0.0015;5.728215553664309
10;300128;AT0000A324S8;2157427.38116;6.941810178;6.941810178;12879.40341;-59905.80541132949;;0.0;0.0;2220884.959;10.0;AT0000A324S8;Bond;2157427.38116;2097521.5757486704;0.0025;6.913037075501371;0.0015;6.924546316500822
11;300128;BE0000320292;1954985.6778;11.64055724;11.64055724;35268.62212;-91028.49074324439;;0.0;0.0;2052875.334;10.0;BE0000320292;Bond;1954985.6778;1863957.1870567556;0.0025;11.528304970130566;0.0015;11.573205878078339
12;300128;BE0000333428;2072036.2286800002;7.759112333;7.759112333;15790.42644;-64308.64742549519;;0.0;0.0;2140433.251;10.0;BE0000333428;Bond;2072036.2286800002;2007727.581254505;0.0025;7.71910367014267;0.0015;7.735107135285602
13;300128;BE0000336454;2017531.8942;11.06109484;11.06109484;30771.59639;-89264.44649788419;;0.0;0.0;2113948.63;10.0;BE0000336454;Bond;2017531.8942;1928267.4477021159;0.0025;10.985661910120795;0.0015;11.015835082072478
14;300128;BE0000338476;1898563.08956;16.95792156;16.95792156;71959.02111;-128782.73579787894;;0.0;0.0;2040784.932;10.0;BE0000338476;Bond;1898563.08956;1769780.353762121;0.0025;16.729303494752326;0.0015;16.820750720851393
15;300128;BE0000343526;646217.22442;19.79026127;19.79026127;38051.1605;-51155.23083378409;;0.0;0.0;703283.0553;10.0;BE0000343526;Bond;646217.22442;595061.9935862159;0.0025;19.29732424239127;0.0015;19.49449905343476
16;300128;BE0000346552;2155164.40116;7.367802949;7.367802949;14180.96909;-63515.30652178587;;0.0;0.0;2222616.439;10.0;BE0000346552;Bond;2155164.40116;2091649.094638214;0.0025;7.339014396706519;0.0015;7.3505298176239116
17;300128;BE0000353624;278905.15103999997;32.21637608;32.21637608;42847.50699;-35941.25294621537;;0.0;0.0;321879.9958;10.0;BE0000353624;Bond;278905.15103999997;242963.8980937846;0.0025;30.970425270591644;0.0015;31.46880559435499
18;300128;BE0000358672;213594.936932;17.29964049;17.29964049;9686.13191;-14780.462477631296;;0.0;0.0;229828.8236;10.0;BE0000358672;Bond;213594.936932;198814.47445436873;0.0025;16.914131032374762;0.0015;17.06833481542486
19;300128;BE0002592708;2416027.693796;0.541534855;0.541534855;136.7154976;-15700.358482029615;;0.0;0.0;2432274.725;4.0;BE0002592708;Bond;2416027.693796;2400327.33531397;0.0025;0.5408533327039289;0.0095;0.53894507027493
20;300128;BE0002963446;3318521.028515;3.959401871;3.959401871;6969.886855;-85405.82940015837;;0.0;0.0;3408968.767;7.0;BE0002963446;Bond;3318521.028515;3233115.1991148414;0.0025;3.9460865504949036;0.004;3.9380973581918455
21;300128;BE6321529396;1573652.6751879998;4.78335446;4.78335446;4533.539149;-45164.031254108704;;0.0;0.0;1620087.781;7.0;BE6321529396;Bond;1573652.6751879998;1528488.643933891;0.0025;4.768533109570181;0.0035;4.7626045693982535
22;300128;BE6350792089;2425374.4728200003;5.394732703;5.394732703;9228.68555;-78505.48191326064;;0.0;0.0;2508413.918;7.0;BE6350792089;Bond;2425374.4728200003;2346868.9909067396;0.0025;5.3723641567856415;0.0035;5.3634167382998985
23;300128;CDSB100003448;-1687590.25;4.0;0.0;0.0;16875.9025;;0.0;0.0;0.0;;CDSB100003448;CDS;-1687590.25;-1670714.3475;0.0025;4.04;0.014;0.0
24;300128;CDSO100000058;1778903.077902;1.515938655;-316.7005378;0.0;7880572.090670715;MORGAN STANLEY EUROPE SE;0.0;0.0;327605.3933;;;CDS Index Option;1778903.077902;9659475.168572715;0.0025;1.521683830014308;0.014;1087.4886911993294
25;300128;CDSO100000059;-748240.605337;1.403379678;-350.7363444;0.0;-3671467.2809161344;MORGAN STANLEY EUROPE SE;0.0;0.0;-126674.4359;;;CDS Index Option;-748240.605337;-4419707.886253134;0.0025;1.4083033643015586;0.014;1371.487421563056
26;300128;CSH_CAD_DB;32257.30655;0.0;0.0;0.0;0.0;;0.0;322.5730655;32257.30655;;;Cash;32257.30655;32257.30655;0.0;0.0;0.0;0.0
27;300128;CSH_DKK_DB;745.595136;0.0;0.0;0.0;0.0;;0.0;7.45595136;745.595136;;;Cash;745.595136;745.595136;0.0;0.0;0.0;0.0
28;300128;CSH_EUR_DB;5450072.962491324;0.0;0.0;0.0;0.0;;0.0;0.0;4573221.42;;;Cash;5450072.962491324;5450072.962491324;0.0;0.0;0.0;0.0
29;300128;CSH_GBP_DB;319755.2702175;0.0;0.0;0.0;-8409.08008461539;;0.0;3279.541233;327954.1233;;;Cash;319755.2702175;311346.1901328846;0.0;0.0;0.0;0.0
30;300128;CSH_JPY_DB;98.60269633499999;0.0;0.0;0.0;-2.5931018102564125;;0.0;1.011309706;101.1309706;;;Cash;98.60269633499999;96.00959452474358;0.0;0.0;0.0;0.0
31;300128;CSH_SEK_DB;9421.103676;0.0;0.0;0.0;0.0;;0.0;94.21103676;9421.103676;;;Cash;9421.103676;9421.103676;0.0;0.0;0.0;0.0
32;300128;CSH_USD_DB;1626493.717875;0.0;0.0;0.0;-42774.325256410295;;0.0;16681.98685;1668198.685;;;Cash;1626493.717875;1583719.3926185898;0.0;0.0;0.0;0.0
33;300128;DE0001030708;10844997.6432;5.255071777;5.255071777;36301.85299;-227964.96414564742;;0.0;0.0;11083427.99;10.0;DE0001030708;Bond;10844997.6432;10617032.679054353;0.0025;5.2404278209376445;0.0015;5.246285403362587
34;300128;DE0001102341;3478359.41588;15.8103206;15.8103206;116449.0169;-219975.91010836617;;0.0;0.0;3719305.753;10.0;DE0001102341;Bond;3478359.41588;3258383.505771634;0.0025;15.598282597342324;0.0015;15.683097798405395
35;300128;DE0001102416;13409986.77052;1.840183463;1.840183463;7016.319688;-98707.3435766387;;0.0;0.0;13511426.43;10.0;DE0001102416;Bond;13409986.77052;13311279.426943362;0.0025;1.8355687508507645;0.0015;1.8374146357104586
36;300128;DE0001102432;6545454.2272;18.89091353;18.89091353;299232.0984;-494598.43928243255;;0.0;0.0;7096182.192;10.0;DE0001102432;Bond;6545454.2272;6050855.787917567;0.0025;18.64017963359115;0.0015;18.74047319215469
37;300128;DE0001102465;7930278.18944;3.783089855;3.783089855;14539.51188;-120003.81986319293;;0.0;0.0;8054856.176;10.0;DE0001102465;Bond;7930278.18944;7810274.369576807;0.0025;3.773033836261889;0.0015;3.7770562437571336
38;300128;DE0001102481;1094801.55372;24.62871896;24.62871896;76828.01795;-107854.2391341649;;0.0;0.0;1218568.0;10.0;DE0001102481;Bond;1094801.55372;986947.3145858351;0.0025;24.390771171480843;0.0015;24.485950286888507
39;300128;DE0001102507;20813264.6184;5.254762596;5.254762596;69660.79594;-437475.05766967416;;0.0;0.0;21270850.14;10.0;DE0001102507;Bond;20813264.6184;20375789.560730327;0.0025;5.2401203631254845;0.0015;5.245977256275291
40;300128;DE0001102515;3942243.25756;9.850576783;9.850576783;43806.66387;-155333.4796234353;;0.0;0.0;4108707.837;10.0;DE0001102515;Bond;3942243.25756;3786909.7779365648;0.0025;9.815358543617386;0.0015;9.82944583937043
41;300128;DE0001102531;9463737.29788;5.744383029;5.744383029;37421.11757;-217453.32769942476;;0.0;0.0;9691990.308;10.0;DE0001102531;Bond;9463737.29788;9246283.970180575;0.0025;5.728023906688766;0.0015;5.73456755561326
42;300128;DE0001102572;4954449.6326;26.57008174;26.57008174;407161.7081;-526560.5268595798;;0.0;0.0;5564159.567;10.0;DE0001102572;Bond;4954449.6326;4427889.1057404205;0.0025;26.28047943115097;0.0015;26.39632035469058
43;300128;DE0001102580;8288850.99012;6.712951395;6.712951395;43993.81696;-222570.61526829275;;0.0;0.0;8523588.276;10.0;DE0001102580;Bond;8288850.99012;8066280.374851707;0.0025;6.692920953170265;0.0015;6.700933129902159
44;300128;DE0001102622;10811740.488680001;4.326985819;4.326985819;25865.33343;-187128.99109290596;;0.0;0.0;11006651.23;10.0;DE0001102622;Bond;10811740.488680001;10624611.497587096;0.0025;4.313984394376653;0.0015;4.319184964225991
45;300128;DE0001135085;13245872.4562;2.947774176;2.947774176;16194.59444;-156183.3630599042;;0.0;0.0;13407443.84;10.0;DE0001135085;Bond;13245872.4562;13089689.093140095;0.0025;2.9389322474166417;0.0015;2.942469018849985
46;300128;DE0001135226;6574329.489399999;7.417513387;7.417513387;47302.27296;-195060.7079926935;;0.0;0.0;6780501.515;10.0;DE0001135226;Bond;6574329.489399999;6379268.781407306;0.0025;7.3751872545114745;0.0015;7.392117707506885
47;300128;DE0001135275;5397309.004679999;9.395062107;9.395062107;61105.73127;-202832.21323855576;;0.0;0.0;5613673.288;10.0;DE0001135275;Bond;5397309.004679999;5194476.791441443;0.0025;9.332692135957894;0.0015;9.357640124374736
48;300128;DE0001135325;6819466.0136;10.62093499;10.62093499;102693.1978;-289716.42078784027;;0.0;0.0;7129657.491;10.0;DE0001135325;Bond;6819466.0136;6529749.59281216;0.0025;10.526474822662355;0.0015;10.564258889597413
49;300128;DE0001141869;14239747.37748;2.454125032;2.454125032;12210.54302;-139784.4819537201;;0.0;0.0;14383797.92;10.0;DE0001141869;Bond;14239747.37748;14099962.89552628;0.0025;2.4477444270330304;0.0015;2.450296669019818
50;300128;DE000A4DE982;2027755.7928400002;4.767222132;4.767222132;6387.203103;-116001.14752701668;;0.0;0.0;2160170.356;5.0;DE000A4DE982;Bond;2027755.7928400002;1911754.6453129835;0.0025;4.745290955745367;0.0095;4.683883662232395
51;300128;DE000BU2F009;3603449.86992;12.56044035;12.56044035;74030.52366;-181043.66858138167;;0.0;0.0;3799184.663;10.0;DE000BU2F009;Bond;3603449.86992;3422406.201338618;0.0025;12.44124333546417;0.0015;12.488922141278502
52;300128;DE000BU3Z005;6206381.08912;7.087781504;7.087781504;38182.52982;-175957.89236096042;;0.0;0.0;6392246.918;10.0;DE000BU3Z005;Bond;6206381.08912;6030423.19675904;0.0025;7.059569602630026;0.0015;7.070854363178015
53;300128;DE000CZ439B6;1561837.0126989998;2.755198333;2.755198333;1665.842271;-27970.609769738898;;0.0;0.0;1591294.521;6.0;DE000CZ439B6;Bond;1561837.0126989998;1533866.4029292609;0.0025;2.7475113371122144;0.004;2.7428991395795435
54;300128;DE000CZ45YV9;4691072.915365;5.311327174;5.311327174;17447.14492;-161952.84982885793;;0.0;0.0;4866069.671;7.0;DE000CZ45YV9;Bond;4691072.915365;4529120.065536142;0.0025;5.288872097128993;0.004;5.2753990510063895
55;300128;DE000DL19VZ9;2668736.22486;2.216843874;2.216843874;2003.538841;-70994.05861683331;;0.0;0.0;2747356.164;6.0;DE000DL19VZ9;Bond;2668736.22486;2597742.1662431667;0.0025;2.210361255294303;0.0095;2.1922099229183503
56;300128;DE000HCB0B44;3939640.5302150003;2.961459964;2.961459964;4868.94069;-75836.07006809246;;0.0;0.0;4019875.288;6.0;DE000HCB0B44;Bond;3939640.5302150003;3863804.4601469077;0.0025;2.9524884641491247;0.004;2.9471055642386
57;300128;DUM25 Cmdty;0.0;0.0;0.0;6507.391029;-92363.6094;;0.0;0.0;11978960.0;;;Bond Future;0.0;-92363.6094;0.0025;0.0;0.0015;0.0
58;300128;ES0000011868;4664837.544960001;3.449348628;3.449348628;7558.115373;-96543.90591330401;;0.0;0.0;4765925.343;10.0;ES0000011868;Bond;4664837.544960001;4568293.639046697;0.0025;3.438587862680821;0.0035;3.4342835565531495
59;300128;ES00000124H4;2433315.63962;12.61380344;12.61380344;56681.99045;-184160.19111386733;;0.0;0.0;2636907.872;10.0;ES00000124H4;Bond;2433315.63962;2249155.4485061327;0.0025;12.429220081586829;0.0035;12.355386738221561
60;300128;ES00000128C6;2052108.8301;15.02568361;15.02568361;65912.41636;-185006.02808621904;;0.0;0.0;2260515.423;10.0;ES00000128C6;Bond;2052108.8301;1867102.802013781;0.0025;14.787127601907168;0.0035;14.691705198670034
61;300128;ES00000128E2;621290.86072;19.77205432;19.77205432;42886.26115;-73705.17988005235;;0.0;0.0;705593.7229;10.0;ES00000128E2;Bond;621290.86072;547585.6808399477;0.0025;19.023697874241062;0.0035;18.724355295937485
62;300128;ES00000128Q6;6403157.81768;7.29191605;7.29191605;42951.2916;-280147.7355685426;;0.0;0.0;6705437.894;10.0;ES00000128Q6;Bond;6403157.81768;6123010.082111457;0.0025;7.2571504089777035;0.0035;7.243244152568784
63;300128;ES0000012E69;2252692.90996;8.991600724;8.991600724;22786.56256;-121531.89120087601;;0.0;0.0;2385466.516;10.0;ES0000012E69;Bond;2252692.90996;2131161.018759124;0.0025;8.940841565284563;0.0035;8.920537901798388
64;300128;ES0000012F76;7287998.20954;4.872309842;4.872309842;21609.73203;-213056.31242892073;;0.0;0.0;7513605.391;10.0;ES0000012F76;Bond;7287998.20954;7074941.89711108;0.0025;4.857530546276407;0.0035;4.85161882798697
65;300128;ES0000012H58;279723.416572;25.63598008;25.63598008;31893.42356;-43025.90361089601;;0.0;0.0;331494.2137;10.0;ES0000012H58;Bond;279723.416572;236697.512961104;0.0025;24.428546001543634;0.0035;23.945572370161088
66;300128;ES0000012K20;6619099.35662;6.669732174;6.669732174;35861.61409;-264885.7196505067;;0.0;0.0;6903717.26;10.0;ES0000012K20;Bond;6619099.35662;6354213.636969493;0.0025;6.645498008476859;0.0035;6.635804342267602
67;300128;ES0000012K46;2313066.71172;18.97488832;18.97488832;121810.8837;-263341.0951895798;;0.0;0.0;2617401.096;10.0;ES0000012K46;Bond;2313066.71172;2049725.6165304203;0.0025;18.55845250865236;0.0035;18.3918781841133
68;300128;ES0000012L60;404735.901742;10.61358816;10.61358816;6226.399203;-25774.20104793489;;0.0;0.0;433094.1904;10.0;ES0000012L60;Bond;404735.901742;378961.70069406513;0.0025;10.51061237106202;0.0035;10.469422055486827
69;300128;ES0840609012;1193475.077684;0.947859678;0.947859678;138.0328358;-13574.962834014974;;0.0;0.0;1207369.565;3.0;ES0840609012;Bond;1193475.077684;1179900.1148499849;0.0025;0.9472143670113146;0.0095;0.945407496242995
70;300128;ES0840609020;2013204.9134;2.308774333;2.308774333;1282.275188;-55776.429973528895;;0.0;0.0;2071437.5;5.0;ES0840609020;Bond;2013204.9134;1957428.483426471;0.0025;2.3061771233961643;0.0095;2.298904936505424
71;300128;ES0840609061;748720.48734;5.764973781;5.764973781;3204.930055;-51796.24774575171;;0.0;0.0;805166.6667;6.0;ES0840609061;Bond;748720.48734;696924.2395942482;0.0025;5.741047518950969;0.0095;5.674053985213681
72;300128;FI4000507231;1973067.4918799999;6.257802632;6.257802632;9188.340567;-49388.26777520121;;0.0;0.0;2025183.116;10.0;FI4000507231;Bond;1973067.4918799999;1923679.2241047986;0.0025;6.239280840789403;0.0015;6.246689557273642
73;300128;FI4000517677;1139670.11492;16.3106033;16.3106033;36002.84149;-74354.82854930212;;0.0;0.0;1222049.041;9.0;FI4000517677;Bond;1139670.11492;1065315.286370698;0.0025;16.18592821600169;0.0015;16.235798249601014
74;300128;FI4000566294;613785.22174;18.4171125;18.4171125;31181.05409;-45216.6059184921;;0.0;0.0;663734.0063;9.0;FI4000566294;Bond;613785.22174;568568.6158215079;0.0025;17.9950564300893;0.0015;18.16387885805358
75;300128;FR0010171975;3897283.4940400003;16.60496717;16.60496717;170022.6855;-291214.1901182269;;0.0;0.0;4219562.599;10.0;FR0010171975;Bond;3897283.4940400003;3606069.303921773;0.0025;16.203630816749182;0.002;16.283898087399344
76;300128;FR0010371401;6525041.856670001;10.24526991;10.24526991;90701.08092;-300828.6674803426;;0.0;0.0;6849735.616;10.0;FR0010371401;Bond;6525041.856670001;6224213.189189658;0.0025;10.160172308043915;0.002;10.17719182843513
77;300128;FR0013067196;2710553.5991680003;1.120125631;1.120125631;649.5522719;-36433.92672752853;;0.0;0.0;2748812.671;5.0;FR0013067196;Bond;2710553.5991680003;2674119.6724404716;0.0025;1.1172713787762478;0.0095;1.1092794725497417
78;300128;FR0013154044;6135410.61996;9.888794075;9.888794075;72869.49608;-273023.15483858634;;0.0;0.0;6431331.507;10.0;FR0013154044;Bond;6135410.61996;5862387.465121414;0.0025;9.83634285701904;0.002;9.846833100615234
79;300128;FR0013257524;3890120.787475;16.67814805;16.67814805;148860.9701;-291960.0469165079;;0.0;0.0;4214780.548;10.0;FR0013257524;Bond;3890120.787475;3598160.740558492;0.0025;16.416889271776224;0.002;16.46914102742098
80;300128;FR0013259132;21101338.16576;3.282306222;4.689988881;33431.0188;-563280.0742400001;;8.372916612;-436.2308483;21664803.9;;FR0013259132;Fund Unit;21101338.16576;20538058.09152;0.0;3.282306222;0.0;4.689988881
81;300128;FR0013404969;4418301.15804;18.57429095;18.57429095;207946.5512;-369300.650463706;;0.0;0.0;4833822.117;10.0;FR0013404969;Bond;4418301.15804;4049000.5075762942;0.0025;18.26018114664303;0.002;18.323003107314427
82;300128;FR0013426368;1549722.9478200001;8.352504684;8.352504684;13210.61024;-77664.40908341303;;0.0;0.0;1632310.137;7.0;FR0013426368;Bond;1549722.9478200001;1472058.5387365872;0.0025;8.313803069099201;0.0035;8.298322423138883
83;300128;FR0013451507;9039814.843940001;4.534326261;4.534326261;23062.47609;-184452.61428654645;;0.0;0.0;9233451.71;10.0;FR0013451507;Bond;9039814.843940001;8855362.229653455;0.0025;4.5219462697761115;0.002;4.524422268020889
84;300128;FR0013455854;1856897.7025400002;3.989077969;3.989077969;3726.469298;-88887.71659066837;;0.0;0.0;1952980.769;4.0;FR0013455854;Bond;1856897.7025400002;1768009.985949332;0.0025;3.9786891939853173;0.0095;3.9496006239442067
85;300128;FR0013460607;1447719.844248;1.744901964;1.744901964;695.6899283;-15156.775197300656;;0.0;0.0;1463113.767;6.0;FR0013460607;Bond;1447719.844248;1432563.0690506995;0.0025;1.7405001256686492;0.0035;1.7387393903361088
86;300128;FR0013461795;1968332.3283640002;1.080321634;1.080321634;342.1250994;-25517.18396679865;;0.0;0.0;1994865.58;3.0;FR0013461795;Bond;1968332.3283640002;1942815.1443972015;0.0025;1.078894003502901;0.0095;1.0748966381110248
87;300128;FR0013476611;1224236.575072;1.723500831;1.723500831;581.3194816;-25319.67305372623;;0.0;0.0;1251005.137;7.0;FR0013476611;Bond;1224236.575072;1198916.9020182737;0.0025;1.7190559078033882;0.0095;1.7066101228528754
88;300128;FR0013516549;6624661.006685;5.49938034;5.49938034;24194.0649;-163941.88724697646;;0.0;0.0;6797723.6;10.0;FR0013516549;Bond;6624661.006685;6460719.119438023;0.0025;5.483685270330052;0.002;5.486824284264041
89;300128;FR00140007L3;1798988.532439;3.429185656;3.429185656;2980.162757;-101789.58356734712;;0.0;0.0;1912260.274;7.0;FR00140007L3;Bond;1798988.532439;1697198.9488716528;0.0025;3.4171695203979224;0.014;3.361895296628365
90;300128;FR0014000OZ2;1961489.8776160001;0.630868859;0.630868859;199.3499721;-14849.31457237987;;0.0;0.0;1976958.904;7.0;FR0014000OZ2;Bond;1961489.8776160001;1946640.5630436202;0.0025;0.6293230499234321;0.0095;0.6249947845090423
91;300128;FR0014009HA0;3544563.637096;1.908823613;1.908823613;2000.670038;-81191.36121924009;;0.0;0.0;3630625.0;8.0;FR0014009HA0;Bond;3544563.637096;3463372.27587676;0.0025;1.9038217974378486;0.0095;1.8898167138638244
92;300128;FR001400DTA3;1581709.41344;6.408588551;6.408588551;8324.89225;-60819.14902788306;;0.0;0.0;1646218.301;6.0;FR001400DTA3;Bond;1581709.41344;1520890.264412117;0.0025;6.379682948426932;0.0035;6.368120707397705
93;300128;FR001400F0H3;3351011.94362;3.224765432;3.224765432;4773.70152;-64837.36486802944;;0.0;0.0;3418662.137;6.0;FR001400F0H3;Bond;3351011.94362;3286174.5787519705;0.0025;3.215149332001355;0.0035;3.211302892001897
94;300128;FR001400FTH3;856331.5981449999;17.48289664;17.48289664;39895.79922;-67370.20568970773;;0.0;0.0;931347.3973;10.0;FR001400FTH3;Bond;856331.5981449999;788961.3924552922;0.0025;17.0822959695556;0.002;17.162416103644482
95;300128;FR001400H7V7;15644243.669300001;6.937582303;6.937582303;95871.97916;-488399.5261077996;;0.0;0.0;16164471.23;10.0;FR001400H7V7;Bond;15644243.669300001;15155844.143192202;0.0025;6.904700945178701;0.002;6.911277216742961
96;300128;FR001400H9B5;3343059.712545;4.319425774;4.319425774;8435.057147;-93860.63886152138;;0.0;0.0;3443156.164;7.0;FR001400H9B5;Bond;3343059.712545;3249199.073683479;0.0025;4.302990501642905;0.004;4.293129338228649
97;300128;FR001400I7P8;1287842.9184680001;2.769179012;2.769179012;1456.243622;-42795.21096689296;;0.0;0.0;1333779.452;6.0;FR001400I7P8;Bond;1287842.9184680001;1245047.7075011071;0.0025;2.760080847120015;0.0095;2.734605985456056
98;300128;FR001400M1X9;3317110.0805599997;6.31129475;6.31129475;19256.80764;-251223.11323932483;;0.0;0.0;3601605.479;7.0;FR001400M1X9;Bond;3317110.0805599997;3065886.967320675;0.0025;6.2657434403057275;0.0095;6.138199773161764
99;300128;FR001400MLX3;2369521.7133575003;3.282491367;3.282491367;3613.179399;-128335.92037224822;;0.0;0.0;2509270.685;6.0;FR001400MLX3;Bond;2369521.7133575003;2241185.792985252;0.0025;3.271306840965019;0.014;3.2198580212041072
100;300128;FR001400O671;1160184.199772;5.045635092;5.045635092;3977.836196;-70246.3933386425;;0.0;0.0;1238289.041;6.0;FR001400O671;Bond;1160184.199772;1089937.8064333575;0.0025;5.023565558374028;0.0095;4.9617708642213065
101;300128;FR001400Q6Z9;2405811.1121799997;3.456511952;3.456511952;4136.310411;-137209.29524782562;;0.0;0.0;2554450.192;6.0;FR001400Q6Z9;Bond;2405811.1121799997;2268601.816932174;0.0025;3.4433981457757894;0.014;3.383074637144421
102;300128;FR001400UM87;639394.474276;6.860237419;6.860237419;4126.062049;-52636.77477516058;;0.0;0.0;698528.8462;4.0;FR001400UM87;Bond;639394.474276;586757.6995008395;0.0025;6.8165676269336695;0.0095;6.694292209147945
103;300128;FR001400WK95;1803010.114056;2.469520545;2.469520545;1578.814532;-26715.42311702451;;0.0;0.0;1830132.0;7.0;FR001400WK95;Bond;1803010.114056;1776294.6909389754;0.0025;2.4628755033185055;0.0035;2.4602174866459077
104;300128;FR001400WKP0;1805920.487544;4.61058933;4.61058933;5176.06046;-99916.29276838517;;0.0;0.0;1916371.233;7.0;FR001400WKP0;Bond;1805920.487544;1706004.1947756147;0.0025;4.592079117920755;0.0095;4.540250524098869
105;300128;FXF11704;-20552.83999999985;0.076712328;0.0;-0.0029402819999999608;0.0;NATIXIS;0.0;129669.6507;-20552.83999999985;;;Currency Forward;-20552.83999999985;-20552.83999999985;0.0;0.076712328;0.0;0.0
106;300128;FXW1023888;16206.290784999957;0.076712328;0.0;-0.0006880280000000072;21410.301728205148;CREDIT AGRICOLE CORPORATE AND INVESTMENT BANK;0.0;-8350.017674;-4668.753400000045;;;Currency Forward;16206.290784999957;37616.592513205105;0.0;0.076712328;0.0;0.0
107;300128;FXW1023891;23063.238299999914;0.076712328;0.0;-0.001020231999999982;30806.573641025665;GOLDMAN SACHS BANK EUROPE SE;0.0;-12014.56372;-6973.171000000089;;;Currency Forward;23063.238299999914;53869.811941025575;0.0;0.076712328;0.0;0.0
108;300128;IE00BFZRPZ02;1162441.191072;7.424100375;7.424100375;7765.810878;-34520.32033021232;;0.0;0.0;1199079.547;10.0;IE00BFZRPZ02;Bond;1162441.191072;1127920.8707417876;0.0025;7.394878406380867;0.0015;7.40656719382852
109;300128;IE00BJ38CR43;1194162.251184;4.662737018;4.662737018;3333.790891;-22272.258136375403;;0.0;0.0;1217449.315;10.0;IE00BJ38CR43;Bond;1194162.251184;1171889.9930476246;0.0025;4.647296301545944;0.0015;4.653472588127566
110;300128;IE00BKFVC345;326660.70608;9.566273126;9.566273126;3485.255338;-12499.702135573154;;0.0;0.0;340080.2192;10.0;IE00BKFVC345;Bond;326660.70608;314161.00394442683;0.0025;9.528323487949939;0.0015;9.543503343169963
111;300128;IE00BV8C9186;529619.6911480001;15.57777024;15.57777024;16565.1818;-33001.175453133226;;0.0;0.0;565842.6027;10.0;IE00BV8C9186;Bond;529619.6911480001;496618.51569486683;0.0025;15.402499963960949;0.0015;15.47260807437657
112;300128;IKM25 Cmdty;0.0;0.0;0.0;-205639.8486;1434626.7798;;0.0;0.0;-31612880.0;;;Bond Future;0.0;1434626.7798;0.0025;0.0;0.0035;0.0
113;300128;INFS10000293;241624.4310575;0.794520548;0.0;0.026984757;81311.56424156502;CITIBANK EUROPE PUBLIC LIMITED COMPANY;0.0;0.0;60000000.0;;;Index Linked Swap;241624.4310575;322935.995299065;0.0025;0.7960959132384445;0.0;0.0
114;300128;INFS10000308;517340.88575250003;3.95890411;0.0;7.059076797;180698.08245986578;GOLDMAN SACHS INTERNATIONAL  PARIS BRANCH;0.0;3355.279965;24995371.23;;;Index Linked Swap;517340.88575250003;698038.9682123659;0.00125;3.978324700646771;0.0;0.0
115;300128;INFS10000384;773473.3498699999;9.934246575;0.0;5.444268421;623333.223699513;JP MORGAN SE;0.0;1422.100594;36659877.8;;;Index Linked Swap;773473.3498699999;1396806.573569513;0.00125;10.057520159667805;0.0;0.0
116;300128;INFS10000395;-492472.69184675;4.931506849;0.0;-1.687088934;-330845.5729442717;JP MORGAN SE;0.0;-1594.721501;-36659877.8;;;Index Linked Swap;-492472.69184675;-823318.2647910217;0.00125;4.9618637268616865;0.0;0.0
117;300128;INFS10000400;242440.64940375;4.95890411;0.0;0.587218852;329723.1649681017;GOLDMAN SACHS BANK EUROPE SE;0.0;0.0;35000000.0;;;Index Linked Swap;242440.64940375;572163.8143718517;0.0025;5.020320382084468;0.0;0.0
118;300128;INFS10000405;-653170.413312425;9.961643836;0.0;-2.77e-05;-636598.7760459217;GOLDMAN SACHS BANK EUROPE SE;0.0;0.0;-35000000.0;;;Index Linked Swap;-653170.413312425;-1289769.1893583466;0.0025;10.20972970472808;0.0;0.0
119;300128;IT0001174611;6692306.9509;2.347504979;2.347504979;4757.067074;-94261.34332940435;;0.0;0.0;6789151.21;10.0;IT0001174611;Bond;6692306.9509;6598045.607570595;0.0025;2.3435112732347076;0.0035;2.341913790928591
120;300128;IT0001278511;11014744.18244;4.027687739;4.027687739;22048.30996;-266183.700551011;;0.0;0.0;11291496.44;10.0;IT0001278511;Bond;11014744.18244;10748560.481888989;0.0025;4.018200691214509;0.0035;4.014405872100313
121;300128;IT0003934657;1920436.46726;9.32350178;9.32350178;21274.51888;-107431.15692525315;;0.0;0.0;2035705.28;10.0;IT0003934657;Bond;1920436.46726;1813005.310334747;0.0025;9.263871986924006;0.0035;9.240020069693607
122;300128;IT0004286966;4659150.6045200005;10.31903694;10.31903694;66562.41285;-288467.68318239134;;0.0;0.0;4969095.524;10.0;IT0004286966;Bond;4659150.6045200005;4370682.921337609;0.0025;10.22808365808115;0.0035;10.19170234531361
123;300128;IT0005162828;2944213.74524;15.43169207;15.43169207;97714.6001;-272605.19942883065;;0.0;0.0;3245438.225;10.0;IT0005162828;Bond;2944213.74524;2671608.5458111693;0.0025;15.19731759645127;0.0035;15.103567807031778
124;300128;IT0005217390;437953.18112;20.81768432;20.81768432;32945.84097;-54703.02642897566;;0.0;0.0;500618.8214;10.0;IT0005217390;Bond;437953.18112;383250.15469102433;0.0025;20.02045286660011;0.0035;19.701560285240156
125;300128;IT0005363111;2510495.33262;15.2440115;15.2440115;86445.39382;-229620.11832693362;;0.0;0.0;2762084.049;10.0;IT0005363111;Bond;2510495.33262;2280875.2142930664;0.0025;14.96412119925589;0.0035;14.852165078958247
126;300128;IT0005403396;7921124.60834;5.126335729;5.126335729;23922.43145;-243638.0645615668;;0.0;0.0;8176279.7;10.0;IT0005403396;Bond;7921124.60834;7677486.5437784325;0.0025;5.116532019462268;0.0035;5.112610535647176
127;300128;IT0005425233;2307583.32792;19.02218074;19.02218074;117682.7413;-263371.6028178296;;0.0;0.0;2606014.266;10.0;IT0005425233;Bond;2307583.32792;2044211.7251021704;0.0025;18.65183256690634;0.0035;18.503693297668875
128;300128;IT0005436693;2465896.5145199997;6.11447242;6.11447242;10477.17693;-90465.93737164003;;0.0;0.0;2561328.678;10.0;IT0005436693;Bond;2465896.5145199997;2375430.5771483597;0.0025;6.101718583760453;0.0035;6.096617049264634
129;300128;IT0005466013;8997900.60096;6.786109625;6.786109625;47505.0539;-366364.4392378076;;0.0;0.0;9386454.438;10.0;IT0005466013;Bond;8997900.60096;8631536.161722193;0.0025;6.769248562867363;0.0035;6.762504138014308
130;300128;IT0005508590;2714435.6493;8.136232881;8.136232881;22637.64698;-132511.6834991595;;0.0;0.0;2855705.907;10.0;IT0005508590;Bond;2714435.6493;2581923.965800841;0.0025;8.093235468494612;0.0035;8.076036503492457
131;300128;IT0005548315;2874963.648308;3.115493235;3.115493235;3400.516547;-53741.57878304696;;0.0;0.0;2930421.194;10.0;IT0005548315;Bond;2874963.648308;2821222.069524953;0.0025;3.110188897252875;0.0035;3.108067162154025
132;300128;IT0005584856;8518943.38476;7.674712988;7.674712988;62089.51324;-392282.67263432546;;0.0;0.0;8936305.143;10.0;IT0005584856;Bond;8518943.38476;8126660.712125674;0.0025;7.639755900821569;0.0035;7.625773065950198
133;300128;IT0005636532;2359358.24444;6.049478671;6.049478671;11365.81313;-171274.64852385342;;0.0;0.0;2548811.126;5.0;IT0005636532;Bond;2359358.24444;2188083.5959161464;0.0025;6.0205358391900194;0.0095;5.939495910122074
134;300128;LU1717592346;25822611.687099997;1.07422244;1.035547903;-58858.9456;-689309.9629000002;;0.0;10061.81589;33452283.36;;LU1717592346;Fund Unit;25822611.687099997;25133301.724199995;0.0;1.07422244;0.0;1.035547903
135;300128;LU2023296085;3207878.163392;3.236585554;3.262438622;5624.664461;-85631.24460800002;;0.718368491;55.18768937;3293538.814;;LU2023296085;Fund Unit;3207878.163392;3122246.918784;0.0;3.236585554;0.0;3.262438622
136;300128;LU2550878602;10300556.90856;0.536002618;0.741697933;243.5301976;-274963.5314400001;;-2306.347726;120.2764098;8158538.582;;LU2550878602;Fund Unit;10300556.90856;10025593.37712;0.0;0.536002618;0.0;0.741697933
137;300128;NL0000102234;3292338.9782000002;9.387590139;9.387590139;37238.69016;-123628.51570398263;;0.0;0.0;3424412.865;10.0;NL0000102234;Bond;3292338.9782000002;3168710.4624960176;0.0025;9.325139519991682;0.0015;9.35011976759501
138;300128;NL0009446418;1438332.4145600002;12.44025433;12.44025433;29508.17905;-71572.88419283759;;0.0;0.0;1515647.671;10.0;NL0009446418;Bond;1438332.4145600002;1366759.5303671625;0.0025;12.3142654258642;0.0015;12.36466098751852
139;300128;NL0010071189;2682257.8175600003;6.947491259;6.947491259;15954.85131;-74539.85096753007;;0.0;0.0;2761112.066;10.0;NL0010071189;Bond;2682257.8175600003;2607717.96659247;0.0025;6.919453059109184;0.0015;6.930668339065511
140;300128;NL0010721999;620304.54442;15.86142867;15.86142867;20980.89611;-39355.66513997871;;0.0;0.0;663433.8497;10.0;NL0010721999;Bond;620304.54442;580948.8792800213;0.0025;15.64480244688522;0.0015;15.731452936131133
141;300128;NL0011819040;1467587.402004;1.258991656;1.258991656;416.448519;-7390.721174295015;;0.0;0.0;1475171.918;10.0;NL0011819040;Bond;1467587.402004;1460196.680829705;0.0025;1.2558602051662628;0.0015;1.2571127854997577
142;300128;NL0012818504;2366363.0117719998;3.17386397;3.17386397;3183.793476;-30042.057212015345;;0.0;0.0;2397554.795;10.0;NL0012818504;Bond;2366363.0117719998;2336320.9545599846;0.0025;3.165411564369793;0.0015;3.1687925266218757
143;300128;NL0015001DQ7;1485367.227856;4.449302561;4.449302561;3747.786148;-26435.392843700676;;0.0;0.0;1512955.479;10.0;NL0015001DQ7;Bond;1485367.227856;1458931.8350122992;0.0025;4.435714850064834;0.0015;4.4411499344389
144;300128;NL0015001XZ6;1518164.37196;8.009685126;8.009685126;12137.8846;-48640.074355644574;;0.0;0.0;1569886.684;10.0;NL0015001XZ6;Bond;1518164.37196;1469524.2976043553;0.0025;7.9701951234359925;0.0015;7.985991124461596
145;300128;NL0015614579;1173885.08056;25.982244;25.982244;92078.71619;-122000.6743642783;;0.0;0.0;1314900.0;10.0;NL0015614579;Bond;1173885.08056;1051884.4061957216;0.0025;25.70895417450772;0.0015;25.81827010470463
146;300128;OEM25 Cmdty;0.0;0.0;0.0;-18415.29515;129663.6382;;0.0;0.0;-6714030.0;;;Bond Future;0.0;129663.6382;0.0025;0.0;0.0015;0.0
147;300128;PTEDP4OM0025;2548021.101449;2.443550654;2.443550654;2340.206461;-102732.60737604983;;0.0;0.0;2659644.23;6.0;PTEDP4OM0025;Bond;2548021.101449;2445288.4940729504;0.0025;2.435516984260308;0.014;2.398562103457725
148;300128;PTEDPUOM0008;1247624.383576;2.772732422;2.772732422;1365.355271;-20755.971472913636;;0.0;0.0;1268968.438;7.0;PTEDPUOM0008;Bond;1247624.383576;1226868.4121030865;0.0025;2.7645934335058917;0.0035;2.7613378381082483
149;300128;PTOTE5OE0007;953205.3976675;9.163103215;9.163103215;10683.48376;-39304.4374976509;;0.0;0.0;995412.8317;10.0;PTOTE5OE0007;Bond;953205.3976675;913900.9601698491;0.0025;9.092810476708388;0.002;9.10686902436671
150;300128;PTOTECOE0037;231093.5457105;20.97843161;20.97843161;13591.70789;-21815.9106489006;;0.0;0.0;255940.9065;9.0;PTOTECOE0037;Bond;231093.5457105;209277.6350615994;0.0025;20.608299474839455;0.002;20.682325901871565
151;300128;PTOTELOE0028;887755.4313635;5.339105012;5.339105012;3092.330735;-21329.187628603882;;0.0;0.0;910188.578;10.0;PTOTELOE0028;Bond;887755.4313635;866426.2437348961;0.0025;5.323287273107149;0.002;5.32645082088572
152;300128;PTOTENOE0034;1134530.8891750001;9.660021499;9.660021499;12606.73189;-49318.167513195396;;0.0;0.0;1187815.303;10.0;PTOTENOE0034;Bond;1134530.8891750001;1085212.7216618047;0.0025;9.615515401345968;0.002;9.624416620876776
153;300128;PTOTEWOE0017;414329.7872385;7.829116746;7.829116746;3179.28683;-14597.26324036001;;0.0;0.0;429925.0257;10.0;PTOTEWOE0017;Bond;414329.7872385;399732.52399814;0.0025;7.790521310732288;0.002;7.798240397785831
154;300128;RXK25C 131;-325000.0033;794.3509742;794.3509742;0.0;1032656.2768000001;;0.0;0.0;-31709318.83;;;Bond Future Option;-325000.0033;707656.2735000001;0.0025;794.3509742;0.0015;794.3509742
155;300128;RXK25P 125;-117000.0077;-860.3128476;-860.3128476;0.0;-402626.4392;;0.0;0.0;12363271.7;;;Bond Future Option;-117000.0077;-519626.44690000004;0.0025;-860.3128476;0.0015;-860.3128476
156;300128;RXM25 Cmdty;0.0;0.0;0.0;-98360.29409;432138.6472;;0.0;0.0;-13269490.0;;;Bond Future;0.0;432138.6472;0.0025;0.0;0.0015;0.0
157;300128;TUM25 Cmdty;0.0;0.0;0.0;78444.01293;-922383.2279750002;;0.0;0.0;176638861.1;;;Bond Future;0.0;-922383.2279750002;0.00125;0.0;0.0015;0.0
158;300128;UBM25 Cmdty;0.0;0.0;0.0;-885122.0852;1402662.1927999998;;0.0;0.0;-17173440.0;;;Bond Future;0.0;1402662.1927999998;0.0025;0.0;0.0015;0.0
159;300128;UXYM25 Cmdty;0.0;0.0;0.0;-313534.2038;948038.229875;;0.0;0.0;-43000254.58;;;Bond Future;0.0;948038.229875;0.00125;0.0;0.0015;0.0
160;300128;XS1069439740;2077304.5726599998;0.505123;0.505123;155.2643072;-12591.531811868845;;0.0;0.0;2090431.336;5.0;XS1069439740;Bond;2077304.5726599998;2064713.040848131;0.0025;0.5038922941229685;0.0095;0.5004463176672805
161;300128;XS1310032260;1667152.523005;9.040334174;9.040334174;16895.04837;-67822.27167146592;;0.0;0.0;1740470.137;7.0;XS1310032260;Bond;1667152.523005;1599330.2513335343;0.0025;8.991301408961096;0.002;9.001107961968877
162;300128;XS2010032451;1254258.0391159998;6.131109103;6.131109103;6012.11553;-46139.957286810226;;0.0;0.0;1302606.863;6.0;XS2010032451;Bond;1254258.0391159998;1208118.0818291896;0.0025;6.105251246123892;0.0035;6.094908103373449
163;300128;XS2115091808;2942722.1037;6.49482177;6.49482177;15043.73665;-114674.73349302573;;0.0;0.0;3066327.459;8.0;XS2115091808;Bond;2942722.1037;2828047.370206974;0.0025;6.472473946301592;0.0035;6.463534816822229
164;300128;XS2125121769;2604876.054484;0.725020122;0.725020122;314.5062655;-22663.050657802418;;0.0;0.0;2629685.449;4.0;XS2125121769;Bond;2604876.054484;2582213.0038261977;0.0025;0.7233158195318056;0.0095;0.7185437726208614
165;300128;XS2181959110;2415570.2859199997;6.176077478;6.176077478;12323.41039;-179024.99087275838;;0.0;0.0;2617459.178;7.0;XS2181959110;Bond;2415570.2859199997;2236545.2950472413;0.0025;6.1438958924507405;0.0095;6.053787452912814
166;300128;XS2182055009;1527877.5100855;0.412061551;0.412061551;86.88285091;-4092.267247535021;;0.0;0.0;1532133.904;3.0;XS2182055009;Bond;1527877.5100855;1523785.242837965;0.0025;0.4110644112288326;0.004;0.4104661273661321
167;300128;XS2185997884;2048855.632964;0.884971965;0.884971965;340.8092786;-10879.07877303282;;0.0;0.0;2060205.479;4.0;XS2185997884;Bond;2048855.632964;2037976.5541909672;0.0025;0.8827713713241242;0.0035;0.8818911338537738
168;300128;XS2243298069;1219561.735308;4.920264063;4.920264063;3928.83869;-72006.78934615046;;0.0;0.0;1299311.568;6.0;XS2243298069;Bond;1219561.735308;1147554.9459618495;0.0025;4.9002486376672865;0.0095;4.844205446735686
169;300128;XS2265371042;3880937.04732;2.831396102;2.831396102;4267.046292;-71425.05518128004;;0.0;0.0;3955893.596;6.0;XS2265371042;Bond;3880937.04732;3809511.9921387197;0.0025;2.823950895098182;0.004;2.8194837709570915
170;300128;XS2280835260;1836375.4557700001;5.920406675;5.920406675;7894.5921;-70668.5817899547;;0.0;0.0;1909691.188;7.0;XS2280835260;Bond;1836375.4557700001;1765706.8739800453;0.0025;5.900559522187644;0.004;5.888651230500231
171;300128;XS2286011528;2717113.8547294997;0.06280422;0.729954276;53.57278621;-19268.619868810787;;0.0;0.0;2737726.027;5.0;XS2286011528;Bond;2717113.8547294997;2697845.234860689;0.0025;0.06232116096414506;0.0095;0.7331430959762595
172;300128;XS2312733871;1179146.0113925;3.882137223;3.882137223;2207.249659;-75530.5092659503;;0.0;0.0;1259682.278;5.0;XS2312733871;Bond;1179146.0113925;1103615.5021265498;0.0025;3.8730170642405506;0.014;3.8310643339470842
173;300128;XS2369244087;3296904.9949439997;1.769765052;1.769765052;1610.568557;-23338.988959264512;;0.0;0.0;3320398.698;6.0;XS2369244087;Bond;3296904.9949439997;3273566.005984735;0.0025;1.7653824918211478;0.0015;1.7671355158926887
174;300128;XS2451372499;1475340.736936;0.897384303;0.897384303;249.2489815;-7943.685713416912;;0.0;0.0;1483534.726;6.0;XS2451372499;Bond;1475340.736936;1467397.051222583;0.0025;0.895173966141629;0.0035;0.8942898313982806
175;300128;XS2457496359;1620772.40218;2.589272433;2.589272433;1527.970437;-25179.72780679118;;0.0;0.0;1647145.603;6.0;XS2457496359;Bond;1620772.40218;1595592.6743732088;0.0025;2.5824647089214956;0.0035;2.5797416192900937
176;300128;XS2459544339;2140930.953148;4.14084708;4.14084708;4754.647212;-53191.60611494708;;0.0;0.0;2195445.781;8.0;XS2459544339;Bond;2140930.953148;2087739.347033053;0.0025;4.128192825207475;0.0035;4.123131123290466
177;300128;XS2462324828;1548492.088456;4.654980329;4.654980329;4246.67665;-43249.20126824884;;0.0;0.0;1593386.014;7.0;XS2462324828;Bond;1548492.088456;1505242.887187751;0.0025;4.6405909492043245;0.0035;4.634835197286055
178;300128;XS2463450408;3337565.58832;3.105335313;3.105335313;4060.171718;-124371.1233703646;;0.0;0.0;3470952.955;5.0;XS2463450408;Bond;3337565.58832;3213194.4649496353;0.0025;3.099030407887298;0.0095;3.0813766735717327
179;300128;XS2464732770;3184913.4517200002;5.969861983;5.969861983;14664.8878;-114080.96240741122;;0.0;0.0;3304713.921;7.0;XS2464732770;Bond;3184913.4517200002;3070832.489312589;0.0025;5.943847975796686;0.0035;5.93344237291536
180;300128;XS2484340075;3351638.42724;3.732148494;3.732148494;6244.642635;-75052.87385193777;;0.0;0.0;3429065.808;7.0;XS2484340075;Bond;3351638.42724;3276585.5533880624;0.0025;3.720391795244536;0.0035;3.7156891157423497
181;300128;XS2553817763;2862692.79036;6.538146243;6.538146243;15558.85514;-112300.22467293251;;0.0;0.0;2981732.466;7.0;XS2553817763;Bond;2862692.79036;2750392.5656870673;0.0025;6.509138587306363;0.0035;6.4975355250289075
182;300128;XS2555187801;3333327.233625;4.028291271;4.028291271;7275.158116;-87279.48449088805;;0.0;0.0;3426041.438;7.0;XS2555187801;Bond;3333327.233625;3246047.7491341117;0.0025;4.014295311693083;0.004;4.005897736108933
183;300128;XS2555420103;2642757.77874;1.529431416;1.529431416;1034.339669;-26272.459015941662;;0.0;0.0;2670118.151;7.0;XS2555420103;Bond;2642757.77874;2616485.3197240583;0.0025;1.5254946550981796;0.004;1.5231325985570872
184;300128;XS2555925218;3322865.3986319997;2.645409642;2.645409642;3309.676968;-57137.211069960234;;0.0;0.0;3382839.226;6.0;XS2555925218;Bond;3322865.3986319997;3265728.1875620396;0.0025;2.63800434726843;0.004;2.6335611704294877
185;300128;XS2557526345;2233324.9551;7.820409086;7.820409086;17648.6707;-104793.08862512748;;0.0;0.0;2346000.0;7.0;XS2557526345;Bond;2233324.9551;2128531.8664748725;0.0025;7.775745593901338;0.0035;7.757880197061873
186;300128;XS2558972415;2030850.29093;2.318448761;2.318448761;1598.411165;-28250.53404469889;;0.0;0.0;2059654.247;6.0;XS2558972415;Bond;2030850.29093;2002599.756885301;0.0025;2.3122101478801897;0.0035;2.3097147026322657
187;300128;XS2558978883;3115322.7146;2.635687649;2.635687649;3131.175019;-98532.21121824445;;0.0;0.0;3220993.151;6.0;XS2558978883;Bond;3115322.7146;3016790.5033817557;0.0025;2.6279275600799723;0.0095;2.606199311103895
188;300128;XS2576362839;2013716.349447;2.096392213;2.096392213;1352.80987;-27440.00528211461;;0.0;0.0;2042383.918;6.0;XS2576362839;Bond;2013716.349447;1986276.3441648856;0.0025;2.0905844230398625;0.004;2.08709974906378
189;300128;XS2580221658;2505413.915848;2.730852813;2.730852813;2676.523078;-41051.49983893713;;0.0;0.0;2548816.438;6.0;XS2580221658;Bond;2505413.915848;2464362.416009063;0.0025;2.7227893115694455;0.0035;2.719563910997224
190;300128;XS2582389156;2489762.39682;3.944374819;3.944374819;5655.353844;-162039.17570461327;;0.0;0.0;2671927.89;7.0;XS2582389156;Bond;2489762.39682;2327723.2211153866;0.0025;3.9264839710015274;0.014;3.8441860702085537
191;300128;XS2588884481;2010491.707616;2.945176399;2.945176399;2525.366157;-71055.03273187023;;0.0;0.0;2087273.63;6.0;XS2588884481;Bond;2010491.707616;1939436.6748841298;0.0025;2.9354592142008897;0.0095;2.90825109676338
192;300128;XS2615937187;2629977.8863055;1.886146353;1.886146353;-25011.06715;-32243.40079171749;;0.0;0.0;2662385.417;4.0;XS2615937187;Bond;2629977.8863055;2597734.485513782;0.0025;2.1327900088186604;0.004;2.2807762023098563
193;300128;XS2625194225;2573262.15308;4.254032538;4.254032538;6297.485264;-65680.44556803754;;0.0;0.0;2642235.617;6.0;XS2625194225;Bond;2573262.15308;2507581.7075119624;0.0025;4.2380925952627555;0.0035;4.231716618167858
194;300128;XS2626699982;2533434.85096;2.776360911;2.776360911;2847.196409;-84404.75388924545;;0.0;0.0;2624178.082;7.0;XS2626699982;Bond;2533434.85096;2449030.0970707545;0.0025;2.7675351536789776;0.0095;2.7428230331801164
195;300128;XS2637421848;3335117.727815;3.686689164;3.686689164;6218.952624;-79921.0255206991;;0.0;0.0;3419777.397;7.0;XS2637421848;Bond;3335117.727815;3255196.702294301;0.0025;3.674051166836673;0.004;3.666468368538676
196;300128;XS2654097927;1574748.069844;2.076964152;2.076964152;1036.795904;-19624.171736983084;;0.0;0.0;1595124.247;7.0;XS2654097927;Bond;1574748.069844;1555123.898107017;0.0025;2.071288891556669;0.0035;2.069018787379336
197;300128;XS2676395077;1774078.156424;3.783180926;3.783180926;3421.989939;-40269.951855699124;;0.0;0.0;1816080.89;6.0;XS2676395077;Bond;1774078.156424;1733808.2045683009;0.0025;3.7707399853353203;0.0035;3.7657636090694484
198;300128;XS2676818482;4102045.24992;3.41819094;3.41819094;6456.182821;-84129.44345247948;;0.0;0.0;4189466.301;6.0;XS2676818482;Bond;4102045.24992;4017915.8064675205;0.0025;3.4080536729190807;0.0035;3.4039987660867133
199;300128;XS2757511113;1714545.8457695001;1.871274378;1.871274378;929.6180006;-20854.507122116236;;0.0;0.0;1736285.918;6.0;XS2757511113;Bond;1714545.8457695001;1693691.338647384;0.0025;1.8664736751809259;0.004;1.8635932534894815
200;300128;XS2774944008;2345878.931;5.195319322;5.195319322;8235.584523;-146251.08164756402;;0.0;0.0;2506035.326;5.0;XS2774944008;Bond;2345878.931;2199627.8493524357;0.0025;5.175031166407749;0.0095;5.118224330749447
201;300128;XS2778270772;2584240.669394;1.898959424;1.898959424;1532.91138;-80971.57485499178;;0.0;0.0;2667458.333;3.0;XS2778270772;Bond;2584240.669394;2503269.094539008;0.0025;1.8931451234668024;0.014;1.8663993410140935
202;300128;XS2799494633;2558366.53236;3.800629963;3.800629963;5342.904431;-116680.8539906859;;0.0;0.0;2689071.072;4.0;XS2799494633;Bond;2558366.53236;2441685.6783693144;0.0025;3.7845318183249637;0.0095;3.739457013234862
203;300128;XS2801962155;2762619.0025400002;3.649685042;3.649685042;4999.497611;-60496.13550189119;;0.0;0.0;2825435.342;6.0;XS2801962155;Bond;2762619.0025400002;2702122.867038109;0.0025;3.6377431709368375;0.0035;3.6329664225115725
204;300128;XS2813211617;2368516.025;12.90704435;12.90704435;56354.78627;-183423.24827016424;;0.0;0.0;2567468.159;7.0;XS2813211617;Bond;2368516.025;2185092.7767298357;0.0025;12.728691609779476;0.0035;12.657350513691268
205;300128;XS2818300407;4482537.4141999995;3.829073512;3.829073512;9094.022015;-205967.58335114626;;0.0;0.0;4707354.452;8.0;XS2818300407;Bond;4482537.4141999995;4276569.830848853;0.0025;3.8150088578721824;0.0095;3.775627826314294
206;300128;XS2821714735;3569344.432495;5.842564409;5.842564409;16102.31518;-135551.81084092433;;0.0;0.0;3713850.247;6.0;XS2821714735;Bond;3569344.432495;3433792.6216540756;0.0025;5.815121284970888;0.004;5.79865541055342
207;300128;XS2844410287;1355487.640138;3.605202626;3.605202626;2405.216033;-29320.845598416367;;0.0;0.0;1386038.986;5.0;XS2844410287;Bond;1355487.640138;1326166.7945395836;0.0025;3.5933356259843827;0.0035;3.5885888259781353
208;300128;XS2859413341;3687597.68612;6.394349815;6.394349815;21882.18141;-282957.4749844302;;0.0;0.0;3946013.699;7.0;XS2859413341;Bond;3687597.68612;3404640.21113557;0.0025;6.348219246578391;0.0095;6.219053654997886
209;300128;XS2886269013;3202080.946665;3.956945997;3.956945997;6679.97633;-82357.99899584427;;0.0;0.0;3289521.973;6.0;XS2886269013;Bond;3202080.946665;3119722.947669156;0.0025;3.9439361511184585;0.004;3.936130243589534
210;300128;XS2892988275;3011620.24284;3.082437463;3.082437463;3956.192982;-55698.786365155036;;0.0;0.0;3069642.705;6.0;XS2892988275;Bond;3011620.24284;2955921.456474845;0.0025;3.0733499469942096;0.0035;3.069714940591893
211;300128;XS2980761956;1249505.99596;7.17130449;7.17130449;8896.694415;-107527.05550931842;;0.0;0.0;1370936.464;4.0;XS2980761956;Bond;1249505.99596;1141978.9404506816;0.0025;7.121869274071299;0.0095;6.983450669470938
212;300154;CSH_EUR_DB;0.0;0.0;0.0;0.0;0.0;;0.0;0.0;9155355.34;;;Cash;0.0;0.0;0.0;;0.0;
213;300154;CSH_GBP_DB;133136.3298525;0.0;0.0;0.0;-3501.284151282054;;0.0;1365.500819;136550.0819;;;Cash;133136.3298525;129635.04570121794;0.0;0.0;0.0;0.0
214;300154;CSH_JPY_DB;187095.6708075;0.0;0.0;0.0;-4920.333223076927;;0.0;1918.929957;191892.9957;;;Cash;187095.6708075;182175.33758442308;0.0;0.0;0.0;0.0
215;300154;CSH_USD_DB;22737051.869999997;0.0;0.0;0.0;-597950.0820512825;;0.0;233200.532;23320053.2;;;Cash;22737051.869999997;22139101.787948716;0.0;0.0;0.0;0.0
216;300154;ECM25 Curncy;0.0;0.0;0.0;0.0;743579.4607692313;;0.0;-289995.9897;29035386.97;;;FX Future;0.0;743579.4607692313;0.0;0.0;0.0;0.0
217;300154;ESM25 Index;0.0;0.0;0.0;0.0;58150.23966666663;;-5233.52157;0.0;-523352.157;;;Equity Index Future;0.0;58150.23966666663;0.0;0.0;0.0;0.0
218;300154;FR0010582452;8282475.148941893;0.033149011;0.296124349;223.4128651;-16581.531829713127;;0.0;8.27e-08;17807522.18;;FR0010582452;Fund Unit;8282475.148941893;8265893.61711218;0.0;0.033149011;0.0;0.296124349
219;300154;FR0012599645;20825576.52934;0.230690404;0.508247245;1633.302154;-555918.8806600001;;0.0;8.78e-09;16929027.56;;FR0012599645;Fund Unit;20825576.52934;20269657.648679998;0.0;0.230690404;0.0;0.508247245
220;300154;FR001400ITZ9;12396001.050900001;0.0;0.0;0.0;-1709793.2483999995;;142390.488;56641.76854;14264545.52;;FR001400ITZ9;Fund Unit;12396001.050900001;10686207.802500002;0.0;0.0;0.0;0.0
221;300154;FR001400JWC0;136259218.5642;4.313248284;4.21234152;423675.5251;-3637309.7358000013;;0.0;22.15334153;140377232.8;;FR001400JWC0;Fund Unit;136259218.5642;132621908.82840002;0.0;4.313248284;0.0;4.21234152
222;300154;FR001400K2W1;78615124.9533;0.0;0.0;0.0;-10843465.510799995;;900289.6385;903765.7795;90362212.59;;FR001400K2W1;Fund Unit;78615124.9533;67771659.44250001;0.0;0.0;0.0;0.0
223;300154;FR001400K3P3;148701986.8456;6.952436748;6.951644832;1328642.666;-3969457.554400001;;0.0;1186.443276;150303071.2;;FR001400K3P3;Fund Unit;148701986.8456;144732529.2912;0.0;6.952436748;0.0;6.951644832
224;300154;FR001400LLB1;157901150.74879998;4.67189034;4.629945198;824862.2947;-4215020.451200001;;-563.7837879;35014.88319;198210985.0;;FR001400LLB1;Fund Unit;157901150.74879998;153686130.29759997;0.0;4.67189034;0.0;4.629945198
225;300154;LU1717592692;20729775.886040002;1.07422244;1.035547903;-47250.55566;-553361.5739600002;;0.0;8077.385468;26854694.06;;LU1717592692;Fund Unit;20729775.886040002;20176414.312080003;0.0;1.07422244;0.0;1.035547903
226;300154;LU1717594557;6172442.98959;0.000307037;0.002742805;0.824582158;-851371.4468399996;;69138.65309;29500.68732;7094772.741;;LU1717594557;Fund Unit;6172442.98959;5321071.542750001;0.0;0.000307037;0.0;0.002742805
227;300154;LU2527589415;2123268.865;0.106197074;1.934165179;-4387.9209;-56678.635000000024;;11.82251698;4.72e-08;2237004.225;;LU2527589415;Fund Unit;2123268.865;2066590.2300000002;0.0;0.106197074;0.0;1.934165179
228;300154;RPM25 Curncy;0.0;0.0;0.0;0.0;-64379.41423076928;;0.0;25107.97155;-2513210.459;;;FX Future;0.0;-64379.41423076928;0.0;0.0;0.0;0.0
229;300154;RXM25 Cmdty;0.0;0.0;0.0;237783.6236;-1044684.6904;;0.0;0.0;32078670.0;;;Bond Future;0.0;-1044684.6904;0.0025;0.0;0.0015;0.0
230;300154;TYK25C 111.5;88959.22051;457.122239;457.122239;0.0;-114110.41031910258;;0.0;889.5922051;6865470.159;;;Bond Future Option;88959.22051;-25151.18980910258;0.00125;457.122239;0.0015;457.122239
231;300154;TYK25C 112;62922.37549;505.4496034;505.4496034;0.0;-89074.64102833334;;0.0;629.2237549;5369451.636;;;Bond Future Option;62922.37549;-26152.26553833334;0.00125;505.4496034;0.0015;505.4496034
232;300154;TYM25 Cmdty;0.0;0.0;0.0;-51452.36773;212991.99762500002;;0.0;0.0;-13076079.66;;;Bond Future;0.0;212991.99762500002;0.00125;0.0;0.0015;0.0
233;300154;T_FR0010853556;1695578.16;2.855370798;2.859091385;-2175.365708;-45261.84000000001;;0.0;0.0;1740840.0;;T_FR0010853556;Fund Unit;1695578.16;1650316.3199999998;0.0;2.855370798;0.0;2.859091385
234;300154;T_IE00B3DKXQ41;39843347.07332;6.091999917;6.092017545;303172.6162;-1063580.1066800004;;0.0;10.51017667;40906927.18;;T_IE00B3DKXQ41;Fund Unit;39843347.07332;38779766.96664;0.0;6.091999917;0.0;6.092017545
235;300154;T_IE00BYZTVT56;42569176.48;4.268652037;4.268741437;130148.4677;-1136343.5200000003;;0.0;0.240899263;43705520.0;;T_IE00BYZTVT56;Fund Unit;42569176.48;41432832.95999999;0.0;4.268652037;0.0;4.268741437
236;300154;T_LU0524480265;17168473.98;6.091999917;6.092017545;130636.8956;-458296.02000000014;;0.0;4.528828725;17626770.0;;T_LU0524480265;Fund Unit;17168473.98;16710177.96;0.0;6.091999917;0.0;6.092017545
237;300154;T_LU1291102447;6274789.125779999;0.0;0.0;0.0;-865488.1552799996;;72124.01294;72124.01294;7212401.294;;T_LU1291102447;Fund Unit;6274789.125779999;5409300.9705;0.0;0.0;0.0;0.0
238;300154;T_LU1602144906;3373415.28036;0.0;0.0;0.0;-465298.6593599998;;38774.88828;38774.88828;3877488.828;;T_LU1602144906;Fund Unit;3373415.28036;2908116.6210000003;0.0;0.0;0.0;0.0
239;300154;T_LU1806495575;3587336.51187;6.53265813;6.527609812;35447.80812;-494805.0361199998;;0.0;1347.479555;4123375.301;;T_LU1806495575;Fund Unit;3587336.51187;3092531.47575;0.0;6.53265813;0.0;6.527609812
240;300154;T_LU2182388236;36734419.12638;6.091999917;6.092017545;279516.4254;-980590.2436200002;;0.0;9.690080359;37715009.37;;T_LU2182388236;Fund Unit;36734419.12638;35753828.882759996;0.0;6.091999917;0.0;6.092017545
241;300154;T_LU2244386053;16662724.48;2.249580876;2.420887114;-34381.16396;-444795.52000000014;;0.0;0.0;17107520.0;;T_LU2244386053;Fund Unit;16662724.48;16217928.96;0.0;2.249580876;0.0;2.420887114
242;300154;UBM25 Cmdty;0.0;0.0;0.0;1493643.519;-2366992.4507999998;;0.0;0.0;28980180.0;;;Bond Future;0.0;-2366992.4507999998;0.0025;0.0;0.0015;0.0
243;300154;UEAJ5C 1.1;16512.11556;0.216438356;0.0;0.0;54710.232051282095;;0.0;-21336.9905;2150211.166;;;FX Option;16512.11556;71222.3476112821;0.0;0.216438356;0.0;0.0
244;300155;BKSH1N2;1078897.44;0.0;0.0;0.0;-171049.9310344827;;12401.12;0.0;1240112.0;;IE00BMWXKN31;Equity;1078897.44;907847.5089655173;0.0;0.0;0.0;0.0
245;300155;BMBWYH3;9179283.7569;0.0;0.0;0.0;-1455296.6717241374;;105509.0087;0.0;10550900.87;;IE000LAP5Z18;Equity;9179283.7569;7723987.085175863;0.0;0.0;0.0;0.0
246;300155;CAM25 Curncy;0.0;0.0;0.0;0.0;0.0;;0.0;116337.8925;-11631147.57;;;FX Future;0.0;0.0;0.0;0.0;0.0;0.0
247;300155;CSH_CAD_DB;1265281.492;0.0;0.0;0.0;0.0;;0.0;12652.81492;1265281.492;;;Cash;1265281.492;1265281.492;0.0;0.0;0.0;0.0
248;300155;CSH_CHF_DB;61876.98018;0.0;0.0;0.0;0.0;;0.0;618.7698018;61876.98018;;;Cash;61876.98018;61876.98018;0.0;0.0;0.0;0.0
249;300155;CSH_EUR_DB;71109.67524019466;0.0;0.0;0.0;0.0;;0.0;0.0;-2033373.97;;;Cash;71109.67524019466;71109.67524019466;0.0;0.0;0.0;0.0
250;300155;CSH_GBP_DB;320109.630165;0.0;0.0;0.0;-8418.399215384621;;0.0;3283.175694;328317.5694;;;Cash;320109.630165;311691.23094961536;0.0;0.0;0.0;0.0
251;300155;CSH_JPY_DB;2028209.889225;0.0;0.0;0.0;-53338.85310256414;;0.0;20802.15271;2080215.271;;;Cash;2028209.889225;1974871.036122436;0.0;0.0;0.0;0.0
252;300155;CSH_USD_DB;6565908.3633;0.0;0.0;0.0;-172673.46123076938;;0.0;67342.64988;6734264.988;;;Cash;6565908.3633;6393234.902069231;0.0;0.0;0.0;0.0
253;300155;ECM25 Curncy;0.0;0.0;0.0;0.0;-1152387.2161538468;;0.0;449431.0143;-44998565.08;;;FX Future;0.0;-1152387.2161538468;0.0;0.0;0.0;0.0
254;300155;ESM25 Index;0.0;0.0;0.0;0.0;-5233521.5699999975;;471016.9413;0.0;47101694.13;;;Equity Index Future;0.0;-5233521.5699999975;0.0;0.0;0.0;0.0
255;300155;FR0010582452;24186837.67156;0.033149011;0.296124349;479.6983892;-48422.09744055947;;0.0;1.78e-07;38235218.47;;FR0010582452;Fund Unit;24186837.67156;24138415.57411944;0.0;0.033149011;0.0;0.296124349
256;300155;FR0012599645;8144092.0391999995;0.230690404;0.508247245;638.7224406;-217398.76080000005;;0.0;3.44e-09;6620299.726;;FR0012599645;Fund Unit;8144092.0391999995;7926693.278399999;0.0;0.230690404;0.0;0.508247245
257;300155;FR0013259199;24078997.66848;3.282306222;4.689988881;38148.54855;-642765.8515200003;;9.554438583;-497.7884101;24721975.37;;FR0013259199;Fund Unit;24078997.66848;23436231.81696;0.0;3.282306222;0.0;4.689988881
258;300155;FR001400IR05;12837719.8434;0.000220759;0.001972064;1.233078989;-1770719.9783999992;;145609.0883;131121.9734;14756351.98;;FR001400IR05;Fund Unit;12837719.8434;11066999.865;0.0;0.000220759;0.0;0.001972064
259;300155;FR001400ITZ9;28911907.86;0.0;0.0;0.0;-3987849.3599999985;;332105.5439;132108.8621;33270021.85;;FR001400ITZ9;Fund Unit;28911907.86;24924058.5;0.0;0.0;0.0;0.0
260;300155;FR001400JWC0;112700704.0158;4.313248284;4.21234152;350424.2168;-3008437.684200001;;0.0;18.3231433;116106734.9;;FR001400JWC0;Fund Unit;112700704.0158;109692266.3316;0.0;4.313248284;0.0;4.21234152
261;300155;FR001400K2R1;35691222.284099996;0.0;0.0;0.0;-4922927.211599997;;409637.4142;410243.6814;41024393.43;;FR001400K2R1;Fund Unit;35691222.284099996;30768295.072499998;0.0;0.0;0.0;0.0
262;300155;FR001400K2W1;86239078.7208;0.0;0.0;0.0;-11895045.340799995;;987598.1123;991411.3632;99125377.84;;FR001400K2W1;Fund Unit;86239078.7208;74344033.38;0.0;0.0;0.0;0.0
263;300155;FR001400K3P3;92887798.86104;6.952436748;6.951644832;829946.4945;-2479551.0989600006;;0.0;741.1205911;93887928.08;;FR001400K3P3;Fund Unit;92887798.86104;90408247.76208;0.0;6.952436748;0.0;6.951644832
264;300155;FR001400KDA2;12814387.403760001;1.819375407;1.821915351;6145.827666;-342067.8362400001;;0.0;1.6e-10;15056836.08;;FR001400KDA2;Fund Unit;12814387.403760001;12472319.56752;0.0;1.819375407;0.0;1.821915351
265;300155;FR001400LLB1;113615713.024;4.67189034;4.629945198;593518.903;-3032862.9760000007;;-405.6632695;25194.50239;142620128.4;;FR001400LLB1;Fund Unit;113615713.024;110582850.04800001;0.0;4.67189034;0.0;4.629945198
266;300155;FXW1023967;-134176.1813750001;0.131506846;0.0;0.02770003699999979;-203553.18089743605;State Street Bank International GmbH;0.0;79385.74055;64288.169999999925;;;Currency Forward;-134176.1813750001;-337729.36227243615;0.0;0.131506846;0.0;0.0
267;300155;LU0335978606;14961287.566200001;0.0;0.0;0.0;-2371983.7599999993;;171968.8226;0.0;17196882.26;;LU0335978606;Equity;14961287.566200001;12589303.806200001;0.0;0.0;0.0;0.0
268;300155;LU1717592692;20290271.49608;1.07422244;1.035547903;-46248.76836;-541629.4239200001;;0.0;7906.131986;26285331.63;;LU1717592692;Fund Unit;20290271.49608;19748642.072159998;0.0;1.07422244;0.0;1.035547903
269;300155;LU1717594557;21060667.593;0.000307037;0.002742805;2.813513348;-2904919.6679999987;;235904.3564;100657.7413;24207700.36;;LU1717594557;Fund Unit;21060667.593;18155747.925;0.0;0.000307037;0.0;0.002742805
270;300155;LU2527589415;4058725.991044;0.106197074;1.934165179;-8387.712407;-108343.81495600002;;22.5992844;9.01e-08;4276136.357;;LU2527589415;Fund Unit;4058725.991044;3950382.1760879997;0.0;0.106197074;0.0;1.934165179
271;300155;MESM25 Index;0.0;0.0;0.0;0.0;-936921.146333333;;84322.90317;0.0;8432290.317;;;Equity Index Future;0.0;-936921.146333333;0.0;0.0;0.0;0.0
272;300155;PTM25 Index;0.0;0.0;0.0;0.0;-1177350.0211111105;;105961.5019;0.0;10596150.19;;;Equity Index Future;0.0;-1177350.0211111105;0.0;0.0;0.0;0.0
273;300155;RFM25 Curncy;0.0;0.0;0.0;0.0;0.0;;0.0;37332.02128;-3736239.44;;;FX Future;0.0;0.0;0.0;0.0;0.0;0.0
274;300155;RPM25 Curncy;0.0;0.0;0.0;0.0;-193138.2426666668;;0.0;75323.91464;-7539631.376;;;FX Future;0.0;-193138.2426666668;0.0;0.0;0.0;0.0
275;300155;RTYM25 Index;0.0;0.0;0.0;0.0;-427447.0776666664;;38470.23699;0.0;3847023.699;;;Equity Index Future;0.0;-427447.0776666664;0.0;0.0;0.0;0.0
276;300155;RXM25 Cmdty;0.0;0.0;0.0;57297.2587;-251731.25071999998;;0.0;0.0;7729800.0;;;Bond Future;0.0;-251731.25071999998;0.0025;0.0;0.0015;0.0
277;300155;RYM25 Curncy;0.0;0.0;0.0;0.0;-271406.9776923079;;0.0;105848.7213;-10633346.45;;;FX Future;0.0;-271406.9776923079;0.0;0.0;0.0;0.0
278;300155;SXOM25 Index;0.0;0.0;0.0;0.0;-1061648.2758620684;;76969.5;0.0;7696950.0;;;Equity Index Future;0.0;-1061648.2758620684;0.0;0.0;0.0;0.0
279;300155;TPM25 Index;0.0;0.0;0.0;0.0;-1360895.485161289;;210938.8002;0.0;21093880.02;;;Equity Index Future;0.0;-1360895.485161289;0.0;0.0;0.0;0.0
280;300155;TYK25C 111.5;88959.22051;457.122239;457.122239;0.0;-114110.41031910258;;0.0;889.5922051;6865470.159;;;Bond Future Option;88959.22051;-25151.18980910258;0.00125;457.122239;0.0015;457.122239
281;300155;TYK25C 112;62922.37549;505.4496034;505.4496034;0.0;-89074.64102833334;;0.0;629.2237549;5369451.636;;;Bond Future Option;62922.37549;-26152.26553833334;0.00125;505.4496034;0.0015;505.4496034
282;300155;TYM25 Cmdty;0.0;0.0;0.0;-51452.36773;212991.99762500002;;0.0;0.0;-13076079.66;;;Bond Future;0.0;212991.99762500002;0.00125;0.0;0.0015;0.0
283;300155;T_IE000KXCEXR3;16625239.4742;0.0;0.0;0.0;-2293136.479199999;;191094.7066;191094.7066;19109470.66;;T_IE000KXCEXR3;Fund Unit;16625239.4742;14332102.995000001;0.0;0.0;0.0;0.0
284;300155;T_IE00B3DKXQ41;17022544.128060002;6.091999917;6.092017545;129526.4985;-454400.56194000016;;0.0;4.490334254;17476944.69;;T_IE00B3DKXQ41;Fund Unit;17022544.128060002;16568143.566120002;0.0;6.091999917;0.0;6.092017545
285;300155;T_IE00BFNM3G45;21530016.15;0.0;0.0;0.0;-2969657.3999999985;;247471.45;247471.45;24747145.0;;T_IE00BFNM3G45;Fund Unit;21530016.15;18560358.75;0.0;0.0;0.0;0.0
286;300155;T_IE00BYZTVT56;8328751.92;4.268652037;4.268741437;25463.83063;-222328.08000000005;;0.0;0.047132464;8551080.0;;T_IE00BYZTVT56;Fund Unit;8328751.92;8106423.84;0.0;4.268652037;0.0;4.268741437
287;300155;T_LU0456627131;4093371.36;2.811253143;2.814728418;-5341.041379;-109268.64000000003;;0.0;0.0;4202640.0;;T_LU0456627131;Fund Unit;4093371.36;3984102.7199999997;0.0;2.811253143;0.0;2.814728418
288;300155;T_LU1806495575;4065648.0463799997;6.53265813;6.527609812;40174.18253;-560779.0408799998;;0.0;1527.143495;4673158.674;;T_LU1806495575;Fund Unit;4065648.0463799997;3504869.0055;0.0;6.53265813;0.0;6.527609812
289;300155;T_LU2182388236;11162277.2664;6.091999917;6.092017545;84935.05314;-297966.33360000007;;0.0;2.944469146;11460243.6;;T_LU2182388236;Fund Unit;11162277.2664;10864310.9328;0.0;6.091999917;0.0;6.092017545
290;300155;UBM25 Cmdty;0.0;0.0;0.0;430267.6803;-681849.6772;;0.0;0.0;8348200.0;;;Bond Future;0.0;-681849.6772;0.0025;0.0;0.0015;0.0
291;300155;UEAJ5C 1.1;42931.50045;0.216438356;0.0;0.0;142246.60333333345;;0.0;-55476.1753;5590549.031;;;FX Option;42931.50045;185178.10378333344;0.0;0.216438356;0.0;0.0
292;300156;BMBWYH3;6045804.0;0.0;0.0;0.0;-958510.3448275859;;69492.0;0.0;6949200.0;;IE000LAP5Z18;Equity;6045804.0;5087293.655172414;0.0;0.0;0.0;0.0
293;300156;CAM25 Curncy;0.0;0.0;0.0;0.0;0.0;;0.0;160120.9703;-16008461.17;;;FX Future;0.0;0.0;0.0;0.0;0.0;0.0
294;300156;CSH_CAD_DB;1700623.618;0.0;0.0;0.0;0.0;;0.0;17006.23618;1700623.618;;;Cash;1700623.618;1700623.618;0.0;0.0;0.0;0.0
295;300156;CSH_CHF_DB;78168.04095;0.0;0.0;0.0;0.0;;0.0;781.6804095;78168.04095;;;Cash;78168.04095;78168.04095;0.0;0.0;0.0;0.0
296;300156;CSH_EUR_DB;0.0;0.0;0.0;0.0;0.0;;0.0;0.0;2704347.09;;;Cash;0.0;0.0;0.0;;0.0;
297;300156;CSH_GBP_DB;519188.443605;0.0;0.0;0.0;-13653.87096923078;;0.0;5325.009678;532500.9678;;;Cash;519188.443605;505534.5726357692;0.0;0.0;0.0;0.0
298;300156;CSH_JPY_DB;23164.9760355;0.0;0.0;0.0;-609.203840512821;;0.0;237.5894978;23758.94978;;;Cash;23164.9760355;22555.772194987177;0.0;0.0;0.0;0.0
299;300156;CSH_USD_DB;-197600.81835;0.0;0.0;0.0;5196.602717948722;;0.0;-2026.67506;-202667.506;;;Cash;-197600.81835;-192404.21563205126;0.0;0.0;0.0;0.0
300;300156;ECM25 Curncy;0.0;0.0;0.0;0.0;-1158825.1335897446;;0.0;451941.8021;-45249953.71;;;FX Future;0.0;-1158825.1335897446;0.0;0.0;0.0;0.0
301;300156;ESM25 Index;0.0;0.0;0.0;0.0;-4884620.132222219;;439615.8119;0.0;43961581.19;;;Equity Index Future;0.0;-4884620.132222219;0.0;0.0;0.0;0.0
302;300156;FR0010582452;43137183.881615706;0.033149011;0.296124349;657.1357093;-86360.7284917212;;0.0;2.43e-07;52378177.57;;FR0010582452;Fund Unit;43137183.881615706;43050823.15312398;0.0;0.033149011;0.0;0.296124349
303;300156;FR0012599645;6873232.4232;0.230690404;0.508247245;539.0518387;-183474.37680000006;;0.0;2.9e-09;5587223.046;;FR0012599645;Fund Unit;6873232.4232;6689758.0464;0.0;0.230690404;0.0;0.508247245
304;300156;FR0013073806;6616486.3725;0.000759901;0.00678829;2.187609103;-912618.8099999996;;67549.07128;15410.93938;7049653.167;;FR0013073806;Fund Unit;6616486.3725;5703867.5625;0.0;0.000759901;0.0;0.00678829
305;300156;FR0013259199;10995252.24;3.282306222;4.689988881;17419.86605;-293507.76000000007;;4.362866914;-227.3063525;11288856.74;;FR0013259199;Fund Unit;10995252.24;10701744.48;0.0;3.282306222;0.0;4.689988881
306;300156;FR001400IR05;17401804.2669;0.000220759;0.001972064;1.671464985;-2400248.864399999;;197376.2385;177738.644;20002551.24;;FR001400IR05;Fund Unit;17401804.2669;15001555.4025;0.0;0.000220759;0.0;0.001972064
307;300156;FR001400ITZ9;29477320.6425;0.0;0.0;0.0;-4065837.329999998;;338600.3321;134692.4356;33920663.64;;FR001400ITZ9;Fund Unit;29477320.6425;25411483.3125;0.0;0.0;0.0;0.0
308;300156;FR001400JWC0;36817299.055800006;4.313248284;4.21234152;114477.3078;-982802.6442000004;;0.0;5.985842346;37929988.26;;FR001400JWC0;Fund Unit;36817299.055800006;35834496.41160001;0.0;4.313248284;0.0;4.21234152
309;300156;FR001400K2R1;53559341.4006;0.0;0.0;0.0;-7387495.365599997;;614714.4512;615624.2343;61562461.38;;FR001400K2R1;Fund Unit;53559341.4006;46171846.035000004;0.0;0.0;0.0;0.0
310;300156;FR001400K2W1;95580449.646;0.0;0.0;0.0;-13183510.295999995;;1094574.212;1098800.512;109862585.8;;FR001400K2W1;Fund Unit;95580449.646;82396939.35000001;0.0;0.0;0.0;0.0
311;300156;FR001400K3P3;54467458.5996;6.952436748;6.951644832;486663.2312;-1453956.8004000005;;0.0;434.5775829;55053913.41;;FR001400K3P3;Fund Unit;54467458.5996;53013501.7992;0.0;6.952436748;0.0;6.951644832
312;300156;FR001400LLB1;12844993.0746;4.67189034;4.629945198;67101.16051;-342884.8254000001;;-45.86286304;2848.401863;16124130.3;;FR001400LLB1;Fund Unit;12844993.0746;12502108.2492;0.0;4.67189034;0.0;4.629945198
313;300156;FXW1023959;-112418.80114999964;0.131506846;0.0;0.02315386900000016;-170416.61656410273;NATIXIS;0.0;66462.48046;53737.40000000037;;;Currency Forward;-112418.80114999964;-282835.41771410237;0.0;0.131506846;0.0;0.0
314;300156;LU1717594557;41881117.5198;0.000307037;0.002742805;5.594935803;-5776705.864799998;;469117.9911;200167.3818;48139288.03;;LU1717594557;Fund Unit;41881117.5198;36104411.655;0.0;0.000307037;0.0;0.002742805
315;300156;LU1897556608;5295177.7944600005;0.000883148;0.007889271;2.034695213;-730369.3509599997;;58661.04425;55130.75732;6086437.622;;LU1897556608;Fund Unit;5295177.7944600005;4564808.443500001;0.0;0.000883148;0.0;0.007889271
316;300156;LU2527589415;2192131.639;0.106197074;1.934165179;-4530.231848;-58516.86100000001;;12.20594996;4.87e-08;2309555.713;;LU2527589415;Fund Unit;2192131.639;2133614.778;0.0;0.106197074;0.0;1.934165179
317;300156;MESM25 Index;0.0;0.0;0.0;0.0;-2228044.188888888;;200523.977;0.0;20052397.7;;;Equity Index Future;0.0;-2228044.188888888;0.0;0.0;0.0;0.0
318;300156;PTM25 Index;0.0;0.0;0.0;0.0;-1669696.3944444438;;150272.6755;0.0;15027267.55;;;Equity Index Future;0.0;-1669696.3944444438;0.0;0.0;0.0;0.0
319;300156;RFM25 Curncy;0.0;0.0;0.0;0.0;0.0;;0.0;49776.02837;-4981652.587;;;FX Future;0.0;0.0;0.0;0.0;0.0;0.0
320;300156;RPM25 Curncy;0.0;0.0;0.0;0.0;-241422.80333333352;;0.0;94154.8933;-9424539.22;;;FX Future;0.0;-241422.80333333352;0.0;0.0;0.0;0.0
321;300156;RTYM25 Index;0.0;0.0;0.0;0.0;-969575.078666666;;87261.75708;0.0;8726175.708;;;Equity Index Future;0.0;-969575.078666666;0.0;0.0;0.0;0.0
322;300156;SXOM25 Index;0.0;0.0;0.0;0.0;-886531.0344827584;;64273.5;0.0;6427350.0;;;Equity Index Future;0.0;-886531.0344827584;0.0;0.0;0.0;0.0
323;300156;T_FR0010853556;1695578.16;2.855370798;2.859091385;-2175.365708;-45261.84000000001;;0.0;0.0;1740840.0;;T_FR0010853556;Fund Unit;1695578.16;1650316.3199999998;0.0;2.855370798;0.0;2.859091385
324;300156;T_FR0011026707;6578462.329399999;6.091999917;6.092017545;50056.27743;-175605.77060000002;;0.0;1.735316091;6754068.1;;T_FR0011026707;Fund Unit;6578462.329399999;6402856.558799999;0.0;6.091999917;0.0;6.092017545
325;300156;T_IE000KXCEXR3;27480346.6893;0.0;0.0;0.0;-3790392.6467999984;;315866.0539;315866.0539;31586605.39;;T_IE000KXCEXR3;Fund Unit;27480346.6893;23689954.042500004;0.0;0.0;0.0;0.0
326;300156;T_IE00BFNM3G45;58791621.1461;0.0;0.0;0.0;-8109189.123599997;;675765.7603;675765.7603;67576576.03;;T_IE00BFNM3G45;Fund Unit;58791621.1461;50682432.0225;0.0;0.0;0.0;0.0
327;300156;T_LU0456627131;3306184.56;2.811253143;2.814728418;-4313.918037;-88255.44000000003;;0.0;0.0;3394440.0;;T_LU0456627131;Fund Unit;3306184.56;3217929.12;0.0;2.811253143;0.0;2.814728418
328;300156;T_LU1291102447;24028262.7012;0.0;0.0;0.0;-3314243.131199999;;276186.9276;276186.9276;27618692.76;;T_LU1291102447;Fund Unit;24028262.7012;20714019.57;0.0;0.0;0.0;0.0
329;300156;T_LU1602144906;15615714.711900001;0.0;0.0;0.0;-2153891.684399999;;179490.9737;179490.9737;17949097.37;;T_LU1602144906;Fund Unit;15615714.711900001;13461823.027500002;0.0;0.0;0.0;0.0
330;300156;T_LU1806495575;14349346.044;6.53265813;6.527609812;141791.2325;-1979220.1439999992;;0.0;5389.918219;16493501.2;;T_LU1806495575;Fund Unit;14349346.044;12370125.9;0.0;6.53265813;0.0;6.527609812
331;300156;UEAJ5C 1.1;42931.50045;0.216438356;0.0;0.0;142246.60333333345;;0.0;-55476.1753;5590549.031;;;FX Option;42931.50045;185178.10378333344;0.0;0.216438356;0.0;0.0
332;300191;BE6359531173;13467131.4523675;0.075862824;0.075862824;107.4542055;-6640.755050512829;;0.0;0.0;13473849.92;8.0;BE6359531173;Bond;13467131.4523675;13460490.697316987;0.0025;0.07567773698765791;0.004;0.07556668478025265
333;300191;BE6360390031;7974444.10158575;0.100268439;0.100268439;86.08034285;-5197.3029027319435;;0.0;0.0;7979701.959;8.0;BE6360390031;Bond;7974444.10158575;7969246.7986830175;0.0025;0.10002371025385003;0.004;0.09987687300616004
334;300191;CSH_EUR_DB;199206793.05;0.0;0.0;0.0;0.0;;0.0;0.0;199206793.05;;;Cash;199206793.05;199206793.05;0.0;0.0;0.0;0.0
335;300191;DE000CZ450R9;24326281.959234998;0.884312588;0.884312588;4026.451727;-139828.2428126273;;0.0;0.0;24468332.36;8.0;DE000CZ450R9;Bond;24326281.959234998;24186453.71642237;0.0025;0.8821296453005829;0.004;0.8808198796809327
336;300191;DE000CZ451J4;9800562.5054;0.653786181;0.653786181;1049.174714;-41648.570158372175;;0.0;0.0;9842805.669;8.0;DE000CZ451J4;Bond;9800562.5054;9758913.935241628;0.0025;0.6521784594353733;0.004;0.6512138264965973
337;300191;DE000CZ452E3;19431661.011905;0.933139022;0.933139022;3484.059174;-117860.86749114966;;0.0;0.0;19551433.63;8.0;DE000CZ452E3;Bond;19431661.011905;19313800.14441385;0.0025;0.9308334415190623;0.004;0.9294500932304998
338;300191;FR0014003N51;129999999.0;0.0;0.0;0.0;0.0;;0.0;0.0;0.0;;FR0014003N51;Bond;129999999.0;129999999.0;0.0025;0.0;0.002;0.0
339;300191;FR0128580331;15501850.387905;0.005852417;0.067803606;-5.410338844;-4431.133655743911;;0.0;0.0;15506325.57;8.0;FR0128580331;Bond;15501850.387905;15497419.254249256;0.0025;0.0058612279383095595;0.004;0.06783595581410275
340;300191;FR0128584150;20667877.443943247;0.005845441;0.067852994;-7.214850939;-5911.541602270968;;0.0;0.0;20673843.63;8.0;FR0128584150;Bond;20667877.443943247;20661965.902340975;0.0025;0.005854253553928459;0.004;0.06788537352474265
341;300191;FR0128585413;25821211.06843525;0.006484781;0.081379407;-13.45767942;-8823.871626418337;;0.0;0.0;25830121.92;8.0;FR0128585413;Bond;25821211.06843525;25812387.196808834;0.0025;0.006497915805852019;0.004;0.08142674491135944
342;300191;FR0128607365;25805384.438521497;0.006865703;0.094948132;-18.85580581;-10243.622455307217;;0.0;0.0;25815729.47;8.0;FR0128607365;Bond;25805384.438521497;25795140.81606619;0.0025;0.006884088161981153;0.004;0.09501342029874027
343;300191;FR0128614064;11449563.75259;0.140947231;0.140947231;180.3712563;-9682.705842513178;;0.0;0.0;11459359.15;8.0;FR0128614064;Bond;11449563.75259;11439881.046747487;0.0025;0.1406030575957669;0.0035;0.1404653882340737
344;300191;FR0128614254;9952068.54256;0.154512935;0.154512935;173.9848154;-9226.339918992708;;0.0;0.0;9961402.235;8.0;FR0128614254;Bond;9952068.54256;9942842.202641007;0.0025;0.15413556370170897;0.0035;0.15398461518239256
345;300191;FR0128614551;15427869.60365225;0.010868672;0.179106461;-42.91527134;-10090.51007513086;;0.0;0.0;15438059.47;8.0;FR0128614551;Bond;15427869.60365225;15417779.093577119;0.0025;0.010938509117555987;0.0035;0.17931609645177152
346;300191;FR0128615376;15406551.30703425;0.012545517;0.217123169;-63.81148943;-12191.125229339716;;0.0;0.0;15418863.07;8.0;FR0128615376;Bond;15406551.30703425;15394360.18180491;0.0025;0.012649456505765386;0.0035;0.21743313208989087
347;300191;FR0128633858;25756000.150441498;0.008931229;0.135721537;-40.07771892;-14557.657548229674;;0.0;0.0;25770696.49;8.0;FR0128633858;Bond;25756000.150441498;25741442.492893267;0.0025;0.008970329759229404;0.004;0.1358574604897838
348;300191;FR0128635192;20599056.73599475;0.009308167;0.143833137;-36.26272616;-12330.656448669208;;0.0;0.0;20611507.99;8.0;FR0128635192;Bond;20599056.73599475;20586726.07954608;0.0025;0.009352393782952481;0.004;0.14398630517002942
349;300191;FR0128635606;10298378.21823175;0.009293037;0.143832763;-18.13384998;-6164.234798744213;;0.0;0.0;10304602.76;8.0;FR0128635606;Bond;10298378.21823175;10292213.983433006;0.0025;0.009337274031649141;0.004;0.14398594826334074
350;300191;FR0128656842;30554166.19608725;0.019669473;0.401919881;-448.0096294;-50623.768233921066;;0.0;0.0;30605310.47;8.0;FR0128656842;Bond;30554166.19608725;30503542.427853327;0.0025;0.02003701022148394;0.004;0.4031525513646741
351;300191;FR0128662154;7949273.3591615;0.200574557;0.200574557;187.8061529;-10363.742886157177;;0.0;0.0;7959762.8;8.0;FR0128662154;Bond;7949273.3591615;7938909.616275343;0.0025;0.20008449301056755;0.004;0.1997904546169081
352;300191;FR0128666064;15391145.935205251;0.01345348;0.23892457;-77.62577248;-15226.952882545564;;0.0;0.0;15406521.91;8.0;FR0128666064;Bond;15391145.935205251;15375918.982322706;0.0025;0.013580020847874415;0.004;0.23935465117270135
353;300191;FR0128692607;66594759.78911125;0.014914813;0.274222833;-445.898074;-75530.33574188456;;0.0;0.0;66671040.55;8.0;FR0128692607;Bond;66594759.78911125;66519229.453369364;0.0025;0.015082761456761178;0.004;0.27479145337278477
354;300191;FR0128768654;51034185.677885495;0.017928463;0.352895291;-573.7712527;-74326.30649713449;;0.0;0.0;51109289.69;8.0;FR0128768654;Bond;51034185.677885495;50959859.37138836;0.0025;0.0182103385878009;0.004;0.3538431465669792
355;300191;FR0128787282;7409130.148302;0.404264889;0.404264889;414.6635035;-17971.50706193917;;0.0;0.0;7427322.002;8.0;FR0128787282;Bond;7409130.148302;7391158.641240061;0.0025;0.4032743003304651;0.0035;0.4028780648626511
356;300191;FR0128789924;25471385.42015175;0.016346508;0.333936278;-257.1436397;-35064.19908468975;;0.0;0.0;25506809.57;8.0;FR0128789924;Bond;25471385.42015175;25436321.221067064;0.0025;0.016599560839556486;0.004;0.3347861474610532
357;300191;FR0128806710;12721194.231935998;0.020564555;0.423543026;-207.6064876;-22205.9066434325;;0.0;0.0;12743635.78;8.0;FR0128806710;Bond;12721194.231935998;12698988.325292567;0.0025;0.02097360556609164;0.004;0.42491337008155017
358;300191;FR0128813492;15227301.4201505;0.022747472;0.485951866;-329.0581141;-26765.030919159133;;0.0;0.0;15254352.07;8.0;FR0128813492;Bond;15227301.4201505;15200536.389231341;0.0025;0.02328900926566064;0.0035;0.4875347293619776
359;300191;FR0128816198;10146946.8158645;0.023121006;0.496811907;-229.3688794;-18230.45303788848;;0.0;0.0;10165372.54;8.0;FR0128816198;Bond;10146946.8158645;10128716.362826612;0.0025;0.023687460422170053;0.0035;0.4984669494061029
360;300191;FR0128816420;4491050.7216114;0.059503631;0.059503631;27.62057583;-1603.4029496462908;;0.0;0.0;4492675.468;8.0;FR0128816420;Bond;4491050.7216114;4489447.318661754;0.0025;0.059358729287947755;0.0035;0.05930076860312686
361;300191;FR0128867167;20111495.49972525;0.009871681;0.268492376;-134.422784;-22095.468516553712;;0.0;0.0;20133836.22;8.0;FR0128867167;Bond;20111495.49972525;20089400.031208694;0.0025;0.010039021577305615;0.004;0.2690480837472264
362;300191;FR0128867399;30128480.349259;0.011163653;0.341802487;-330.7807361;-42032.81780172053;;0.0;0.0;30170983.15;8.0;FR0128867399;Bond;30128480.349259;30086447.53145728;0.0025;0.011438439692624387;0.004;0.34270896296008335
363;300191;FR0128867449;10040165.37530675;0.010926857;0.311938338;-91.2119269;-12801.918629954154;;0.0;0.0;10053109.67;8.0;FR0128867449;Bond;10040165.37530675;10027363.456676796;0.0025;0.01115427308143193;0.004;0.3126909482523323
364;300191;FR0128902766;10107935.17340475;0.026339656;0.592076545;-326.5146375;-24604.284176558293;;0.0;0.0;10132810.11;8.0;FR0128902766;Bond;10107935.17340475;10083330.889228191;0.0025;0.027148960515867855;0.004;0.5947708756560323
365;300191;FR0128902923;15312296.758280499;0.031055147;0.665441053;-606.6343428;-41946.5375815547;;0.0;0.0;15354209.03;;FR0128902923;Bond;15312296.758280499;15270350.220698943;0.0025;0.03204799461819811;0.004;0.6687969986805672
366;300191;FR0128910587;9980107.0920776;0.062295965;0.062295965;64.51938983;-3730.3224126259074;;0.0;0.0;9983881.824;8.0;FR0128910587;Bond;9980107.0920776;9976376.769664973;0.0025;0.06214404698441775;0.0035;0.06208327977818485
367;300191;FR0128913656;9759543.308654001;0.819747902;0.819747902;1444.782716;-48002.190910483536;;0.0;0.0;9808235.15;8.0;FR0128913656;Bond;9759543.308654001;9711541.117743518;0.0025;0.817726919982167;0.0035;0.8169185271750337
368;300191;FR0128913979;30098165.305570997;0.03251917;0.790164136;-1749.713174;-85685.6361291658;;0.0;0.0;30184847.4;8.0;FR0128913979;Bond;30098165.305570997;30012479.66944183;0.0025;0.033975152471358405;0.0035;0.7943840679888128
369;300191;FR0128958545;4975896.6580586;0.151692966;0.151692966;85.13488248;-4528.851135422381;;0.0;0.0;4980481.425;8.0;FR0128958545;Bond;4975896.6580586;4971367.806923177;0.0025;0.1513227565021521;0.0035;0.1511746727030129
370;300191;FR0128963560;29895458.305604;0.1193093;0.1193093;390.9472079;-16050.627916293593;;0.0;0.0;29911684.37;8.0;FR0128963560;Bond;29895458.305604;29879407.677687705;0.0025;0.11901795817710534;0.002;0.11907622654168427
371;300191;FR0128984541;20104680.790799;0.012061202;0.333746862;-208.7302775;-27445.713042171745;;0.0;0.0;20132425.25;8.0;FR0128984541;Bond;20104680.790799;20077235.077756826;0.0025;0.012321120010737137;0.004;0.33460769679838404
372;300191;FR0128985662;15986240.712763999;0.027090495;0.027090495;43.41632831;-2598.4510445875776;;0.0;0.0;15988869.02;8.0;FR0128985662;Bond;15986240.712763999;15983642.261719411;0.0025;0.027024433336433874;0.0035;0.026998008671007427
373;300191;FR0129012466;30150080.096665002;0.0107529;0.306813995;-264.1321828;-19311.435038734126;;0.0;0.0;30169571.46;8.0;FR0129012466;Bond;30150080.096665002;30130768.66162627;0.0025;0.010972203557259436;0.002;0.30717747625114644
374;300191;FR0129014306;25085772.035194248;0.011312553;0.328234157;-252.8453003;-33645.48926089977;;0.0;0.0;25119791.99;8.0;FR0129014306;Bond;25085772.035194248;25052126.545933347;0.0025;0.011564853718751116;0.004;0.3290682769018663
375;300191;FR0129014868;24899002.143914253;0.038349812;0.979966268;-2243.254249;-99987.90895959936;;0.0;0.0;25000304.35;8.0;FR0129014868;Bond;24899002.143914253;24799014.23495465;0.0025;0.04060584233444652;0.004;0.9874113692484641
376;300191;FR0129025500;9950961.261034;0.154404391;0.154404391;173.7211375;-9218.83268024728;;0.0;0.0;9960293.923;8.0;FR0129025500;Bond;9950961.261034;9941742.428353753;0.0025;0.1540275496841968;0.0035;0.15387681315787552
377;300191;FR0129026011;4995242.5872996;0.029794106;0.029794106;14.95812363;-892.9727228503114;;0.0;0.0;4996145.996;8.0;FR0129026011;Bond;4995242.5872996;4994349.6145767495;0.0025;0.029721463373989662;0.0035;0.029692406323585527
378;300191;FR0129026433;2196741.9543496;0.046034866;0.046034866;10.32682118;-606.7603290303716;;0.0;0.0;2197356.005;8.0;FR0129026433;Bond;2196741.9543496;2196135.1940205693;0.0025;0.04592263973631523;0.0035;0.04587774923084132
379;300191;FR0129026458;7448745.07871;0.211163332;0.211163332;186.7483834;-9437.410980234035;;0.0;0.0;7458308.058;8.0;FR0129026458;Bond;7448745.07871;7439307.667729766;0.0025;0.21064802887630726;0.0035;0.21044190762683018
380;300191;FR0129026656;9974794.0;0.08;0.08;0.0;-4787.90112;;0.0;0.0;0.0;8.0;FR0129026656;Bond;9974794.0;9970006.09888;0.0025;0.080016;0.0035;0.08002240000000001
381;300191;FR0129030120;29920741.8616;0.081248803;0.081248803;256.9104263;-15801.658997325445;;0.0;0.0;29936735.46;8.0;FR0129030120;Bond;29920741.8616;29904940.202602673;0.0025;0.08105064728193327;0.004;0.08093175385109325
382;300191;FR0129030807;11963177.423684001;0.094756277;0.094756277;121.294601;-6801.516922552484;;0.0;0.0;11970064.31;8.0;FR0129030807;Bond;11963177.423684001;11956375.906761449;0.0025;0.09452524899480165;0.0035;0.09443283779272231
383;300191;FR0129052264;20019005.1244655;0.034140738;0.844567974;-1332.786681;-69338.30142029937;;0.0;0.0;20089188.13;8.0;FR0129052264;Bond;20019005.1244655;19949666.823045198;0.0025;0.03580805371811351;0.004;0.8500841970398428
384;300191;FR0129053411;19935117.74997;0.100170439;0.100170439;214.7588107;-11981.456979187122;;0.0;0.0;19947250.05;8.0;FR0129053411;Bond;19935117.74997;19923136.292990815;0.0025;0.09992620206715166;0.0035;0.09982850729401234
385;300191;FR0129053510;9973928.7333822;0.081242745;0.081242745;85.62350828;-4861.856092406059;;0.0;0.0;9978849.808;8.0;FR0129053510;Bond;9973928.7333822;9969066.877289794;0.0025;0.08104462765122544;0.0035;0.0809653807117156
386;300191;FR0129059954;14990894.0218996;0.018958447;0.018958447;28.25211731;-1705.2244187808024;;0.0;0.0;14992619.2;8.0;FR0129059954;Bond;14990894.0218996;14989188.797480818;0.0025;0.018912230092439197;0.0035;0.018893743329414875
387;300191;FR0129061463;14977914.0311434;0.046043199;0.046043199;70.43624017;-4137.786458044968;;0.0;0.0;14982100.81;8.0;FR0129061463;Bond;14977914.0311434;14973776.244685356;0.0025;0.045930932101649384;0.0035;0.045886025342309136
388;300191;FR0129061638;9980840.1948416;0.059574647;0.059574647;61.53013654;-3567.630188226597;;0.0;0.0;9984451.006;8.0;FR0129061638;Bond;9980840.1948416;9977272.564653372;0.0025;0.059429399212932096;0.0035;0.059371300098104936
389;300191;FR0129065985;24904218.407282;0.119205328;0.119205328;325.187155;-19296.650904853974;;0.0;0.0;24923747.7;8.0;FR0129065985;Bond;24904218.407282;24884921.756377146;0.0025;0.11891441495116924;0.004;0.11873986712187076
390;300191;FR0129066371;14936850.0;0.13;0.13;0.0;-11650.742999999999;;0.0;0.0;0.0;8.0;FR0129066371;Bond;14936850.0;14925199.257;0.0025;0.13004225;0.0035;0.13005915
391;300191;FR0129083459;19755912.7151145;0.401582911;0.401582911;1096.467295;-51568.64009438436;;0.0;0.0;19808119.32;8.0;FR0129083459;Bond;19755912.7151145;19704344.075020116;0.0025;0.4005985651935125;0.004;0.40000795770962
392;300191;FR0129101939;4968714.6754773;0.19227382;0.19227382;111.6484571;-6209.799382436526;;0.0;0.0;4975004.985;8.0;FR0129101939;Bond;4968714.6754773;4962504.876094864;0.0025;0.19180448581765103;0.004;0.19152288530824166
393;300191;FR0129102523;4995594.071441401;0.024363047;0.024363047;12.15921448;-730.2473589326892;;0.0;0.0;4996415.397;8.0;FR0129102523;Bond;4995594.071441401;4994863.824082468;0.0025;0.02430368120286841;0.0035;0.024279934884015773
394;300191;FR0129104735;24933213.77482475;0.036890496;0.939460622;-2062.014337;-95994.58664299159;;0.0;0.0;25030432.15;8.0;FR0129104735;Bond;24933213.77482475;24837219.188181758;0.0025;0.03896143593016237;0.004;0.9462990272946338
395;300191;FR0129105732;5493347.1866224;0.037920967;0.037920967;21.10762565;-1249.8782243007051;;0.0;0.0;5494611.7;8.0;FR0129105732;Bond;5493347.1866224;5492097.308398099;0.0025;0.03782850205204509;0.0035;0.03779151607286313
396;300191;FR0129106086;7488593.8086153;0.046018628;0.046018628;35.17965919;-2239.9962826915094;;0.0;0.0;7490861.587;8.0;FR0129106086;Bond;7488593.8086153;7486353.812332609;0.0025;0.045906478142625044;0.004;0.04583918822820007
397;300191;FR0129106409;13972442.40952865;0.059552841;0.059552841;86.07720536;-5408.641167776058;;0.0;0.0;13977918.69;8.0;FR0129106409;Bond;13972442.40952865;13967033.768360874;0.0025;0.05940769489888398;0.004;0.05932060723821436
398;300191;FR0129107100;12476341.0;0.06;0.06;0.0;-4491.48276;;0.0;0.0;0.0;8.0;FR0129107100;Bond;12476341.0;12471849.51724;0.0025;0.060009;0.0035;0.0600126
399;300191;FR0129107423;15806742.64175;0.390336451;0.390336451;844.9244859;-37019.68694790635;;0.0;0.0;15844247.93;8.0;FR0129107423;Bond;15806742.64175;15769722.954802094;0.0025;0.3893810218108268;0.0035;0.3889988501351575
400;300191;FR0129108546;14940652.792978501;0.038087711;0.974537997;-1331.245381;-59663.57355129266;;0.0;0.0;15001099.21;8.0;FR0129108546;Bond;14940652.792978501;14880989.219427207;0.0025;0.040318893266140785;0.004;0.9819009831612955
401;300191;FR0129108900;8908137.184805999;0.322357579;0.322357579;373.3374909;-17229.633217763625;;0.0;0.0;8925597.124;8.0;FR0129108900;Bond;8908137.184805999;8890907.551588235;0.0025;0.32156962214599405;0.0035;0.3212544394043917
402;300191;FR0129108918;15876725.578808;0.238237739;0.238237739;459.4159542;-22694.611227712106;;0.0;0.0;15899725.73;8.0;FR0129108918;Bond;15876725.578808;15854030.967580289;0.0025;0.23765622099230277;0.0035;0.2374236137892239
403;300191;FR0129109825;3984606.55431975;0.038593326;0.991460683;-367.1664928;-16186.770992660042;;0.0;0.0;4000996.567;8.0;FR0129109825;Bond;3984606.55431975;3968419.78332709;0.0025;0.04090070549244464;0.004;0.9990785095524037
404;300191;FR0129110146;29471254.345739998;0.577648235;0.577648235;2654.795097;-102144.10833631674;;0.0;0.0;29575294.56;8.0;FR0129110146;Bond;29471254.345739998;29369110.23740368;0.0025;0.5762304079208372;0.0035;0.5756632770891721
405;300191;IRSB100008195;-38357.69252349791;0.123294097;0.0;-29.432939937;11.823192656720817;SOCIETE GENERALE;0.0;0.0;0.0;;;Swap;-38357.69252349791;-38345.86933084119;0.0025;0.10414889507960659;0.0;0.0
406;300191;IRSB100008252;-24805.24512130112;0.145212169;0.0;-23.510456889;9.005058616602009;NOMURA FINANCIAL PRODUCTS EUROPE GMBH;0.0;0.0;0.0;;;Swap;-24805.24512130112;-24796.240062684516;0.0025;0.12156983951430171;0.0;0.0
407;300191;IRSB100008289;-26697.52822729888;0.158911789;0.0;-24.540814177;10.606379931195159;NOMURA FINANCIAL PRODUCTS EUROPE GMBH;0.0;0.0;0.0;;;Swap;-26697.52822729888;-26686.921847367685;0.0025;0.13599450353423528;0.0;0.0
408;300191;IRSB100008398;-48666.93838472619;0.20548798699999998;0.0;-61.753485212;25.00117800532604;SOCIETE GENERALE;0.0;0.0;0.0;;;Swap;-48666.93838472619;-48641.93720672087;0.0025;0.17387104663701286;0.0;0.0
409;300191;IRSB100008403;-22824.396355550372;0.20548798799999998;0.0;-32.935190413;11.725348211041446;BNP PARIBAS;0.0;0.0;0.0;;;Swap;-22824.396355550372;-22812.67100733933;0.0025;0.16951900422826172;0.0;0.0
410;300191;IRSB100008630;-4390.534430399591;0.41097379;0.0;-124.029418392;4.510986437467027;SOCIETE GENERALE;0.0;0.0;0.0;;;Swap;-4390.534430399591;-4386.023443962124;0.0025;-0.2948358583997097;0.0;0.0
411;300191;IRSB100008770;18969.486665923956;0.45481013;0.0;-506.278067112;-21.56878674140535;NATIXIS;0.0;0.0;0.0;;;Swap;18969.486665923956;18947.91787918255;0.0025;1.1225541551061657;0.0;0.0
412;300191;IRSB100008780;10906.125028477676;0.46850961300000005;0.0;-537.186009715;-12.774061041054226;NATIXIS;0.0;0.0;0.0;;;Swap;10906.125028477676;10893.350967436621;0.0025;1.7004444182756724;0.0;0.0
413;300191;IRSB100008821;166.11896752518635;0.063018093;0.0;-1.707579499;-0.02617125136141543;BNP PARIBAS;0.0;0.0;0.0;;;Swap;166.11896752518635;166.09279627382494;0.0025;0.3200094370551546;0.0;0.0
414;300191;IRSB100008858;25052.533470777533;0.53152449;0.0;-691.202999053;-33.2900876906574;NATIXIS;0.0;0.0;0.0;;;Swap;25052.533470777533;25019.243383086876;0.0025;1.2219843787527191;0.0;0.0
415;300191;IRSB100009066;10114.501220450744;0.123294099;0.0;-44.225275571;-3.117645787024687;CREDIT AGRICOLE CORPORATE AND INVESTMENT BANK;0.0;0.0;0.0;;;Swap;10114.501220450744;10111.38357466372;0.0025;0.23264366083178192;0.0;0.0
416;300191;IRSB100009071;22495.054519525598;0.27398381;0.0;-220.626049565;-15.408201858543357;CREDIT AGRICOLE CORPORATE AND INVESTMENT BANK;0.0;0.0;0.0;;;Swap;22495.054519525598;22479.646317667055;0.0025;0.5193654263096751;0.0;0.0
417;300191;IRSB100009075;685.8971148488079;0.024658228;0.0;-1.2539434980000002;-0.042282518606210226;CREDIT AGRICOLE CORPORATE AND INVESTMENT BANK;0.0;0.0;0.0;;;Swap;685.8971148488079;685.8548323302017;0.0025;0.07036425210085162;0.0;0.0
418;300191;IRSB100009088;7339.33761392485;0.276723523;0.0;-74.998855336;-5.077418402529246;CREDIT AGRICOLE CORPORATE AND INVESTMENT BANK;0.0;0.0;0.0;;;Swap;7339.33761392485;7334.260195522321;0.0025;0.5323837096833409;0.0;0.0
419;300191;IRSB100009103;18012.040744425445;0.27946290900000004;0.0;-191.20764853400001;-12.584243258659153;BNP PARIBAS;0.0;0.0;0.0;;;Swap;18012.040744425445;17999.456501166787;0.0025;0.5450468098169656;0.0;0.0
420;300191;IRSB100009104;589.8783524989568;0.030137338;0.0;-1.2100492809999999;-0.04444340822036051;CREDIT AGRICOLE CORPORATE AND INVESTMENT BANK;0.0;0.0;0.0;;;Swap;589.8783524989568;589.8339090907365;0.0025;0.08142345708345783;0.0;0.0
421;300191;IRSB100009109;504.0868927984353;0.030137338;0.0;-0.937895977;-0.037979592674090526;CREDIT AGRICOLE CORPORATE AND INVESTMENT BANK;0.0;0.0;0.0;;;Swap;504.0868927984353;504.0489132057612;0.0025;0.07665420714263348;0.0;0.0
422;300191;IRSB100009143;1432.2933104005217;0.06849716900000001;0.0;-5.8156003720000005;-0.245270092350185;BNP PARIBAS;0.0;0.0;0.0;;;Swap;1432.2933104005217;1432.0480403081715;0.0025;0.1700174432001953;0.0;0.0
423;300191;IRSB100009162;1567.0677109256335;0.156172069;0.0;-11.883696786000002;-0.6118305166958752;BNP PARIBAS;0.0;0.0;0.0;;;Swap;1567.0677109256335;1566.4558804089377;0.0025;0.34581797160884586;0.0;0.0
424;300191;IRSB100009163;26681.191185950593;0.7342692200000001;0.0;-1053.507526942;-48.97794360194705;CREDIT AGRICOLE CORPORATE AND INVESTMENT BANK;0.0;0.0;0.0;;;Swap;26681.191185950593;26632.213242348647;0.0025;1.7227427475193888;0.0;0.0
425;300191;IRSB100009168;12552.067774799252;0.830164168;0.0;-672.396651589;-26.050692252364584;CREDIT AGRICOLE CORPORATE AND INVESTMENT BANK;0.0;0.0;0.0;;;Swap;12552.067774799252;12526.017082546887;0.0025;2.1711020073237446;0.0;0.0
426;300191;IRSB100009187;1298.4137094000002;0.082196615;0.0;-6.496848282;-0.2668130294556843;JP MORGAN SE;0.0;0.0;0.0;;;Swap;1298.4137094000002;1298.1468963705445;0.0025;0.20730553598707468;0.0;0.0
427;300191;IRSB100009195;3151.1085091001487;0.084935974;0.0;-20.768193406;-0.6691061760002724;SOCIETE GENERALE;0.0;0.0;0.0;;;Swap;3151.1085091001487;3150.4394029241485;0.0025;0.24972295763930724;0.0;0.0
428;300191;IRSB100009204;24620.474325649702;0.6657745049999999;0.0;-1300.488568733;-40.9792102675616;NATIXIS;0.0;0.0;0.0;;;Swap;24620.474325649702;24579.495115382142;0.0025;1.9874183003779144;0.0;0.0
429;300191;IRSB100009211;7727.232665673437;0.33699877100000003;0.0;-166.991300577;-6.510169778907506;CREDIT AGRICOLE CORPORATE AND INVESTMENT BANK;0.0;0.0;0.0;;;Swap;7727.232665673437;7720.722495894529;0.0025;0.8775514648764002;0.0;0.0
430;300191;IRSB100009221;14212.522345400295;0.34795853499999996;0.0;-237.38260644300001;-12.363421134900625;NATIXIS;0.0;0.0;0.0;;;Swap;14212.522345400295;14200.158924265395;0.0025;0.7658201203436268;0.0;0.0
431;300191;IRSB100009226;60685.26270549911;0.7561890689999999;0.0;-1954.9128150899999;-114.72383076822948;CREDIT AGRICOLE CORPORATE AND INVESTMENT BANK;0.0;0.0;0.0;;;Swap;60685.26270549911;60570.53887473088;0.0025;1.5629677019216;0.0;0.0
432;300191;IRSB100009231;55332.407310700146;0.753449671;0.0;-1386.505958228;-104.22546020971255;NATIXIS;0.0;0.0;0.0;;;Swap;55332.407310700146;55228.18185049044;0.0025;1.3813127856360157;0.0;0.0
433;300191;IRSB100009239;23843.541285527386;0.282202622;0.0;-234.03759284699998;-16.8217746713527;NATIXIS;0.0;0.0;0.0;;;Swap;23843.541285527386;23826.719510856034;0.0025;0.5277905948590589;0.0;0.0
434;300191;IRSB100009245;34074.33466875194;0.6054990330000001;0.0;-717.838246341;-51.579941730119195;CREDIT AGRICOLE CORPORATE AND INVESTMENT BANK;0.0;0.0;0.0;;;Swap;34074.33466875194;34022.75472702182;0.0025;1.1330863780832443;0.0;0.0
435;300191;IRSB100009252;45846.33015027589;0.698652458;0.0;-1192.967461412;-80.0766281244244;SOCIETE GENERALE;0.0;0.0;0.0;;;Swap;45846.33015027589;45766.25352215147;0.0025;1.350397803165597;0.0;0.0
436;300191;IRSB100009258;71167.8159700515;0.868521273;0.0;-2206.499413653;-154.52690530734716;CREDIT AGRICOLE CORPORATE AND INVESTMENT BANK;0.0;0.0;0.0;;;Swap;71167.8159700515;71013.28906474415;0.0025;1.6455114685274979;0.0;0.0
437;300191;IRSB100009288;1128.964780199888;0.12055437999999999;0.0;-5.642350797;-0.34025412279708445;CREDIT AGRICOLE CORPORATE AND INVESTMENT BANK;0.0;0.0;0.0;;;Swap;1128.964780199888;1128.624526077091;0.0025;0.24553594853470123;0.0;0.0
438;300191;IRSB100009319;22576.348151774477;0.627417398;0.0;-577.787054581;-35.41198403432112;CREDIT AGRICOLE CORPORATE AND INVESTMENT BANK;0.0;0.0;0.0;;;Swap;22576.348151774477;22540.936167740154;0.0025;1.268216094146469;0.0;0.0
439;300191;IRSB100009346;43140.28555052351;0.895918679;0.0;-1955.495360156;-96.62546910526953;CREDIT AGRICOLE CORPORATE AND INVESTMENT BANK;0.0;0.0;0.0;;;Swap;43140.28555052351;43043.660081418246;0.0025;2.03114418670284;0.0;0.0
440;300191;IRSB100009375;9546.466344899774;0.408234076;0.0;-163.45089568999998;-9.742982168438143;NATIXIS;0.0;0.0;0.0;;;Swap;9546.466344899774;9536.723362731336;0.0025;0.8366910214076841;0.0;0.0
441;300191;IRSB100009384;18651.876143926194;0.408234076;0.0;-326.93271633800003;-19.035828558205385;NATIXIS;0.0;0.0;0.0;;;Swap;18651.876143926194;18632.84031536799;0.0025;0.8468542404919484;0.0;0.0
442;300191;IRSB100009392;16460.469561074402;0.663034805;0.0;-430.048938701;-27.284660564088504;NATIXIS;0.0;0.0;0.0;;;Swap;16460.469561074402;16433.184900510314;0.0025;1.3172879602434444;0.0;0.0
443;300191;IRSB100009413;22902.74105615037;0.6054990370000001;0.0;-538.475428242;-34.668969135398534;NATIXIS;0.0;0.0;0.0;;;Swap;22902.74105615037;22868.072087014974;0.0025;1.1942005247572716;0.0;0.0
444;300191;IRSB100009427;16888.600964525744;0.5205659109999999;0.0;-332.02855171;-21.97907486653455;NATIXIS;0.0;0.0;0.0;;;Swap;16888.600964525744;16866.62188965921;0.0025;1.0127413947680393;0.0;0.0
445;300191;IRSB100009437;25856.641795253578;0.945235455;0.0;-1739.547136671;-61.10153643027133;NOMURA FINANCIAL PRODUCTS EUROPE GMBH;0.0;0.0;0.0;;;Swap;25856.641795253578;25795.540258823305;0.0025;2.6293843131613697;0.0;0.0
446;300191;IRSB100009458;6902.44904720015;0.328779958;0.0;-95.416996266;-5.673467269589013;BNP PARIBAS;0.0;0.0;0.0;;;Swap;6902.44904720015;6896.7755799305605;0.0025;0.6746412910798827;0.0;0.0
447;300191;IRSB100009466;5032.953223474776;0.504127031;0.0;-99.67568785200001;-6.343119414280546;NATIXIS;0.0;0.0;0.0;;;Swap;5032.953223474776;5026.610104060495;0.0025;0.9998777013261148;0.0;0.0
448;300191;IRSB100009470;31429.98157905;-3331.664796106;0.0;-679.651765952;261785.40792295235;BNP PARIBAS;0.0;0.0;0.0;;;Swap;31429.98157905;293215.38950200233;0.0025;24418.851595754415;0.0;0.0
449;300191;SECL100006670;8929.21472876;0.002739726;0.244368219;0.0;-4.412959804175232;;0.0;0.0;8919.44;;SECL100006670;Bond;8929.21472876;8924.801768955826;0.002;0.00273974101219711;0.002;0.24448765065291447
450;300191;XS2812505829;25834867.151634753;0.005851474;0.067759734;-9.016565272;-7380.185038058546;;0.0;0.0;25842325.28;8.0;XS2812505829;Bond;25834867.151634753;25827486.966596693;0.0025;0.0058602847896516135;0.004;0.0677920598306577
451;300191;XS2823899161;19925790.4814435;0.119323639;0.119323639;260.6979743;-15454.515896283101;;0.0;0.0;19941415.81;8.0;XS2823899161;Bond;19925790.4814435;19910335.965547215;0.0025;0.1190321482140368;0.004;0.11885725374245888
452;300191;XS2840087667;20556073.54070625;0.01093343;0.181640205;-59.05302913;-15497.108625546247;;0.0;0.0;20571740.57;8.0;XS2840087667;Bond;20556073.54070625;20540576.432080705;0.0025;0.011005548291575453;0.004;0.18188708876324425
453;300191;XS2841263358;25690500.03163475;0.01080062;0.189877338;-81.23302031;-20205.85835271208;;0.0;0.0;25710917.71;8.0;XS2841263358;Bond;25690500.03163475;25670294.17328204;0.0025;0.010879961301850564;0.004;0.19014803108333522
454;300191;XS2843279691;10272945.089342251;0.011511337;0.195321437;-34.2533113;-8321.743920554472;;0.0;0.0;10281353.38;8.0;XS2843279691;Bond;10272945.089342251;10264623.345421696;0.0025;0.011595026338110525;0.004;0.19560741175246568
455;300191;XS2845159602;14910376.635308;0.200934163;0.200934163;353.5305049;-19474.0263199974;;0.0;0.0;14930051.58;8.0;XS2845159602;Bond;14910376.635308;14890902.608988002;0.0025;0.20044234016500917;0.004;0.20014724646401466
456;300191;XS2865535673;25585301.127384;0.01549297;0.290416272;-192.9718607;-30712.531842667846;;0.0;0.0;25616331.09;8.0;XS2865535673;Bond;25585301.127384;25554588.595541332;0.0025;0.015682127427874053;0.004;0.2910553302002903
457;300191;XS2895045164;20367991.1538755;0.019937579;0.407332841;-306.8679533;-34201.427890438135;;0.0;0.0;20402546.53;8.0;XS2895045164;Bond;20367991.1538755;20333789.72598506;0.0025;0.020315227430073888;0.004;0.40859916863332124
458;300191;XS2903381072;24671650.841454998;0.448169426;0.448169426;1581.379166;-71871.01737456747;;0.0;0.0;24744358.58;8.0;XS2903381072;Bond;24671650.841454998;24599779.82408043;0.0025;0.44706914021916966;0.004;0.4464089687506715
459;300191;XS2906220855;24644783.930014998;0.461077283;0.461077283;1638.385816;-73860.47509472695;;0.0;0.0;24719620.04;8.0;XS2906220855;Bond;24644783.930014998;24570923.45492027;0.0025;0.4599467630635495;0.004;0.45926845110167913
460;300191;XS2908892438;12693732.389850501;0.026961676;0.559664749;-362.9414547;-29272.54895717004;;0.0;0.0;12723313.31;8.0;XS2908892438;Bond;12693732.389850501;12664459.84089333;0.0025;0.0276782977774208;0.004;0.5620613346410752
461;300191;XS2914666057;20288283.534483;0.023259272;0.502537065;-469.13744;-41962.1846080818;;0.0;0.0;20330684.1;8.0;XS2914666057;Bond;20288283.534483;20246321.349874917;0.0025;0.023838713605579005;0.004;0.5044721816007858
462;300191;XS2920487852;24615483.36839;0.524188418;0.524188418;1944.671618;-83870.48335368084;;0.0;0.0;24700378.23;8.0;XS2920487852;Bond;24615483.36839;24531612.88503632;0.0025;0.5229003025554652;0.004;0.5221274332887442
463;300191;XS2924143154;20247843.034264002;0.024579909;0.540072255;-543.2399419;-44985.41833367524;;0.0;0.0;20293346.23;8.0;XS2924143154;Bond;20247843.034264002;20202857.615930326;0.0025;0.025252157469641788;0.004;0.5423121480262042
464;300191;XS2932960730;15171002.42811425;0.02583485;0.578654662;-467.5533294;-36094.93655916644;;0.0;0.0;15207482.65;8.0;XS2932960730;Bond;15171002.42811425;15134907.491555084;0.0025;0.026606990641676608;0.004;0.5812267821402018
465;300191;XS2942506978;15147062.46851225;0.027033793;0.616680088;-531.5432094;-38387.273642424094;;0.0;0.0;15185866.24;8.0;XS2942506978;Bond;15147062.46851225;15108675.194869826;0.0025;0.027912924179989942;0.004;0.6196049519078708
466;300191;XS2974163672;29757547.260259997;0.268722731;0.268722731;998.0441806;-51977.440889651116;;0.0;0.0;29810102.88;8.0;XS2974163672;Bond;29757547.260259997;29705569.819370344;0.0025;0.2680647808901244;0.004;0.26767001082419906
467;300191;XS2976487483;24982036.9381655;0.021653326;0.021653326;53.88856028;-3516.137234779907;;0.0;0.0;24985596.53;8.0;XS2976487483;Bond;24982036.9381655;24978520.80093072;0.0025;0.021600570858054242;0.004;0.021568917772886786
468;300191;XS2976509716;9918164.542922001;0.271282887;0.271282887;336.3167078;-16143.769865669494;;0.0;0.0;9934495.224;8.0;XS2976509716;Bond;9918164.542922001;9902020.773056332;0.0025;0.2706191438117903;0.0035;0.2703536465365064
469;300191;XS2977963219;37190238.01004;0.274000379;0.274000379;1276.534337;-61140.83585910699;;0.0;0.0;37252086.68;8.0;XS2977963219;Bond;37190238.01004;37129097.174180895;0.0025;0.2733299583553173;0.0035;0.2730617900974442
470;300191;XS2985295562;12974447.91787455;0.059555628;0.059555628;79.93655515;-5022.5590590650245;;0.0;0.0;12979533.05;8.0;XS2985295562;Bond;12974447.91787455;12969425.358815486;0.0025;0.05941046829079501;0.004;0.059323372465272015
471;300191;XS2989343293;19572481.820609998;0.725014897;0.725014897;2427.537482;-92237.21579282555;;0.0;0.0;19665989.56;8.0;XS2989343293;Bond;19572481.820609998;19480244.60481717;0.0025;0.7232283113221377;0.004;0.7221563599154203
472;300191;XS2993382667;29410421.897135;0.656870845;0.656870845;3170.429019;-125572.51644195421;;0.0;0.0;29537717.32;8.0;XS2993382667;Bond;29410421.897135;29284849.38069305;0.0025;0.6552545555603733;0.004;0.6542847818965972
473;300191;XS2994493786;14845599.203683;0.330814863;0.330814863;643.2792632;-31922.441633675455;;0.0;0.0;14877923.02;8.0;XS2994493786;Bond;14845599.203683;14813676.762049325;0.0025;0.3300051764306377;0.004;0.32951936448902036
474;300191;XS2996733593;7478725.7007769;0.086647065;0.086647065;68.82067416;-4212.062607430513;;0.0;0.0;7482989.982;8.0;XS2996733593;Bond;7478725.7007769;7474513.638169469;0.0025;0.08643577947015452;0.004;0.08630900815224722
475;300191;XS2996858960;19718184.785311;0.341623072;0.341623072;892.7046657;-111147.08320025647;;0.0;0.0;19831140.79;8.0;XS2996858960;Bond;19718184.785311;19607037.70211074;0.0025;0.34078300864221006;0.014;0.33691871719637634
476;300191;XS2997427682;34219364.45848;0.746444094;0.746444094;4424.249638;-166028.47625302838;;0.0;0.0;34387770.32;8.0;XS2997427682;Bond;34219364.45848;34053335.982226975;0.0025;0.7446047705021818;0.004;0.7435011764034909
477;300191;XS2998732262;24444436.093459997;0.743730827;0.743730827;3143.942495;-118170.52436369474;;0.0;0.0;24564296.4;8.0;XS2998732262;Bond;24444436.093459997;24326265.5690963;0.0025;0.7418982690255728;0.004;0.7407987342409164
478;300191;XS2999542348;29738928.548903503;0.276494834;0.276494834;1031.646168;-53447.290731035086;;0.0;0.0;29793045.78;8.0;XS2999542348;Bond;29738928.548903503;29685481.258172467;0.0025;0.27581870518251933;0.004;0.2754130278920309
479;300191;XS2999676203;19646699.192775;0.597370517;0.597370517;1855.612575;-76286.33255185465;;0.0;0.0;19723973.94;8.0;XS2999676203;Bond;19646699.192775;19570412.860223144;0.0025;0.595901418949441;0.004;0.5950199601191056
480;300191;XS3002279886;24485612.445865;0.689484831;0.689484831;2826.597373;-109735.97933459672;;0.0;0.0;24596871.17;8.0;XS3002279886;Bond;24485612.445865;24375876.466530405;0.0025;0.6877873265146495;0.004;0.6867688238234392
481;300191;XS3002353103;14944634.595586;0.113754011;0.113754011;185.2338782;-11050.07883315226;;0.0;0.0;14955820.73;8.0;XS3002353103;Bond;14944634.595586;14933584.516752848;0.0025;0.1134764940802887;0.004;0.11330998392846192
482;300191;XS3003206359;29251006.23627;0.858355755;0.858355755;4636.453687;-163200.5020258811;;0.0;0.0;29416544.82;8.0;XS3003206359;Bond;29251006.23627;29087805.73424412;0.0025;0.8562350468961825;0.004;0.854962622033892
483;300191;XS3005193340;3985131.2002144;0.116465203;0.116465203;50.69658471;-2784.7746852876226;;0.0;0.0;3987950.084;8.0;XS3005193340;Bond;3985131.2002144;3982346.425529112;0.0025;0.11618107750146534;0.0035;0.11606742730205147
484;300191;XS3006178597;14721451.628405;0.618826131;0.618826131;1459.81342;-59215.123200411836;;0.0;0.0;14781468.44;8.0;XS3006178597;Bond;14721451.628405;14662236.505204588;0.0025;0.6173044372425505;0.004;0.6163914209880808
485;300191;XS3010368689;9981151.4236621;0.059634466;0.059634466;61.65752353;-3868.934128898989;;0.0;0.0;9985063.381;8.0;XS3010368689;Bond;9981151.4236621;9977282.4895332;0.0025;0.05948892177721894;0.004;0.05940159524355031
486;300191;XS3015128211;9877819.454774;0.401370884;0.401370884;547.5359943;-23788.014759330224;;0.0;0.0;9901909.58;8.0;XS3015128211;Bond;9877819.454774;9854031.44001467;0.0025;0.40038785904983504;0.0035;0.399994649069769
487;300191;XS3020856848;12305617.254139;0.512841631;0.512841631;943.2888082;-41020.41334998351;;0.0;0.0;12347174.8;8.0;XS3020856848;Bond;12305617.254139;12264596.840789016;0.0025;0.5115827688567861;0.004;0.5108274515708577
488;300191;XS3020942176;14731316.9318665;0.597124585;0.597124585;1390.213861;-57176.80481138767;;0.0;0.0;14789258.41;8.0;XS3020942176;Bond;14731316.9318665;14674140.127055112;0.0025;0.5956566963625741;0.004;0.5947759631801187
489;300191;XS3033735351;24952227.50615;0.05957961;0.05957961;153.8517092;-8919.863900686138;;0.0;0.0;24961254.59;8.0;XS3033735351;Bond;24952227.50615;24943307.642249312;0.0025;0.059434338057555186;0.0035;0.05937622928057726
490;300191;XS3038488436;9712647.929755999;0.971942541;0.971942541;1851.986797;-61360.88210645533;;0.0;0.0;9774966.69;8.0;XS3038488436;Bond;9712647.929755999;9651287.047649544;0.0025;0.9695372755797208;0.004;0.9680941163275533
491;300191;XS3041239669;12475961.5031544;0.059567713;0.059567713;76.8942271;-4458.986965313699;;0.0;0.0;12480474.99;8.0;XS3041239669;Bond;12475961.5031544;12471502.516189087;0.0025;0.05942249900957663;0.0035;0.05936441341340728
492;300191;XS3041246524;9986881.57391;0.040614092;0.040614092;41.19365959;-2433.648762215313;;0.0;0.0;9989344.699;8.0;XS3041246524;Bond;9986881.57391;9984447.925147785;0.0025;0.040515096335741366;0.0035;0.04047549807003791
493;300191;XS3041382113;9961962.520002;0.119173441;0.119173441;130.0010322;-7123.208115730018;;0.0;0.0;9969173.101;8.0;XS3041382113;Bond;9961962.520002;9954839.31188627;0.0025;0.11888270324392983;0.0035;0.11876640814150176
494;300193;BE0002819002;5662609.424036;1.632135322;1.632135322;2458.60079;-110905.73826791078;;0.0;0.0;5779212.329;6.0;BE0002819002;Bond;5662609.424036;5551703.685768089;0.0025;1.6279404464053198;0.0095;1.616194794740215
495;300193;BE0002900810;3598810.1151684998;1.563098031;1.563098031;1454.799826;-36564.40453225797;;0.0;0.0;3636823.63;7.0;BE0002900810;Bond;3598810.1151684998;3562245.710636242;0.0025;1.5591001027570734;0.004;1.5567013458113177
496;300193;BE0002990712;6124245.39872;4.248782158;4.248782158;15476.41069;-312247.0149755416;;0.0;0.0;6466726.028;7.0;BE0002990712;Bond;6124245.39872;5811998.383744459;0.0025;4.23073572594508;0.0095;4.1802057161913035
497;300193;BE0390128917;1498133.26422;7.202555979;7.202555979;10277.83759;-64742.332197279284;;0.0;0.0;1567534.11;7.0;BE0390128917;Bond;1498133.26422;1433390.9320227208;0.0025;7.160737273924063;0.0035;7.144009791893688
498;300193;BE6312821612;3024469.037794;2.161017774;2.161017774;2092.432952;-39215.58808551307;;0.0;0.0;3064214.164;8.0;BE6312821612;Bond;3024469.037794;2985253.449708487;0.0025;2.1553968983824534;0.0035;2.153148548135435
499;300193;BE6321529396;874251.48609;4.78335446;4.78335446;2518.632861;-25091.128470901378;;0.0;0.0;900048.7671;7.0;BE6321529396;Bond;874251.48609;849160.3576190986;0.0025;4.768533109547128;0.0035;4.76260456936598
500;300193;BE6328785207;7045904.899719999;2.118821712;2.118821712;4695.282063;-97038.60583439047;;0.0;0.0;7147058.219;6.0;BE6328785207;Bond;7045904.899719999;6948866.293885609;0.0025;2.1133856122333636;0.004;2.110123952373382
501;300193;BE6340849569;2138954.5297000003;6.548811003;6.548811003;11720.69262;-84045.65375409633;;0.0;0.0;2228359.507;6.0;BE6340849569;Bond;2138954.5297000003;2054908.875945904;0.0025;6.519037412479767;0.0035;6.507127976271674
502;300193;BE6343825251;2919633.86152;6.589266279;6.589266279;16717.115;-125048.59217981191;;0.0;0.0;3053557.781;6.0;BE6343825251;Bond;2919633.86152;2794585.269340188;0.0025;6.554668420847754;0.004;6.533909705956407
503;300193;BE6344187966;4787918.035395;2.903119266;2.903119266;5703.975713;-90349.33110179662;;0.0;0.0;4882762.0;7.0;BE6344187966;Bond;4787918.035395;4697568.704293204;0.0025;2.8944063463333807;0.004;2.889178594533409
504;300193;BE6349118800;942690.4510280001;8.561576908;8.561576908;8982.520579;-48425.50078148058;;0.0;0.0;995172.7397;7.0;BE6349118800;Bond;942690.4510280001;894264.9502465195;0.0025;8.506613396667738;0.0035;8.484627992134834
505;300193;BE6351290216;3042096.07912;8.466398842;8.466398842;19239.01139;-167411.391689843;;0.0;0.0;3224533.37;7.0;BE6351290216;Bond;3042096.07912;2874684.687430157;0.0025;8.48749207559888;0.004;8.500148015758208
506;300193;BE6352705782;4135980.3028200003;5.161536405;5.161536405;14514.02903;-128088.07742021012;;0.0;0.0;4270790.274;6.0;BE6352705782;Bond;4135980.3028200003;4007892.2253997903;0.0025;5.14040976635219;0.0035;5.1319591108930664
507;300193;CDSO100000062;4292718.9514475;1.764982979;-219.4514615;0.0;13169666.828147281;BNP PARIBAS;0.0;0.0;1055264.511;;;CDS Index Option;4292718.9514475;17462385.77959478;0.0025;1.7727708912903992;0.014;454.77375386280374
508;300193;CDSO100000064;-2389557.8415895;1.661825405;-237.0264574;0.0;-7919510.449401219;;0.0;0.0;-553879.9934;;;CDS Index Option;-2389557.8415895;-10309068.29099072;0.0025;1.6687295641917586;0.014;549.5151237063161
509;300193;CH0576402181;5043686.848005;2.516229053;2.516229053;4507.4239;-82491.96397769715;;0.0;0.0;5130125.0;8.0;CH0576402181;Bond;5043686.848005;4961194.884027302;0.0025;2.509715664642947;0.004;2.5058076316287146
510;300193;CH1142231682;3930606.4975925004;0.578611646;0.578611646;354.30614;-14782.915519776896;;0.0;0.0;3945854.794;6.0;CH1142231682;Bond;3930606.4975925004;3915823.5820727237;0.0025;0.5771951165126306;0.004;0.576345198820209
511;300193;CH1236363391;3266324.52397;4.24589503;4.24589503;7767.497472;-90145.06190749368;;0.0;0.0;3362301.37;7.0;CH1236363391;Bond;3266324.52397;3176179.4620625065;0.0025;4.231512731009711;0.004;4.222883351615537
512;300193;CH1305916897;3626959.174075;5.947291841;5.947291841;16984.78324;-140208.80057350625;;0.0;0.0;3778520.548;8.0;CH1305916897;Bond;3626959.174075;3486750.3735014936;0.0025;5.918644379040918;0.004;5.901455901865469
513;300193;CSH_EUR_DB;45840458.7288;0.0;0.0;0.0;0.0;;0.0;0.0;46930088.25;;;Cash;45840458.7288;45840458.7288;0.0;0.0;0.0;0.0
514;300193;CSH_GBP_DB;98580.0914475;0.0;0.0;0.0;-2592.507335897438;;0.0;1011.077861;101107.7861;;;Cash;98580.0914475;95987.58411160257;0.0;0.0;0.0;0.0
515;300193;CSH_USD_DB;3885022.0431749998;0.0;0.0;0.0;-102170.20494871803;;0.0;39846.37993;3984637.993;;;Cash;3885022.0431749998;3782851.8382262816;0.0;0.0;0.0;0.0
516;300193;DE000A289DC9;5088686.79478;2.119692166;2.119692166;3387.920709;-64718.697204736905;;0.0;0.0;5154288.904;7.0;DE000A289DC9;Bond;5088686.79478;5023968.097575263;0.0025;2.114280526927978;0.0035;2.1121158712991694
517;300193;DE000A289FK7;1609493.103388;5.195712544;5.195712544;5843.602855;-100349.56208105423;;0.0;0.0;1723184.932;7.0;DE000A289FK7;Bond;1609493.103388;1509143.5413069457;0.0025;5.172433363776013;0.0095;5.10725165914885
518;300193;DE000A2LQJ75;847108.0906515;2.876536055;2.876536055;961.0334166;-15838.790274068115;;0.0;0.0;863283.6986;5.0;DE000A2LQJ75;Bond;847108.0906515;831269.3003774319;0.0025;2.8688600203308825;0.004;2.864254399529412
519;300193;DE000A2YPFA1;2491966.5967599996;4.193946805;4.193946805;5783.789681;-125414.10415977988;;0.0;0.0;2629329.652;7.0;DE000A2YPFA1;Bond;2491966.5967599996;2366552.49260022;0.0025;4.179895429497376;0.0095;4.140551578090025
520;300193;DE000A30VPM1;2209002.3671399998;6.164526279;6.164526279;9478.450779;-81704.71885564641;;0.0;0.0;2295790.11;7.0;DE000A30VPM1;Bond;2209002.3671399998;2127297.6482843533;0.0025;6.152259021842896;0.0035;6.147352118980054
521;300193;DE000A30VQB2;1579938.5959255002;4.683446442;4.683446442;4588.128872;-48097.12567182744;;0.0;0.0;1630851.37;6.0;DE000A30VQB2;Bond;1579938.5959255002;1531841.4702536727;0.0025;4.6656833211444395;0.004;4.655025448631103
522;300193;DE000A3514F3;2290349.07062;7.457250106;7.457250106;16739.74959;-102478.235097948;;0.0;0.0;2400297.959;7.0;DE000A3514F3;Bond;2290349.07062;2187870.835522052;0.0025;7.413556048448161;0.0035;7.396078425427424
523;300193;DE000A383BQ4;2642135.62548;12.47646389;12.47646389;59993.57216;-197787.05834270272;;0.0;0.0;2855777.781;6.0;DE000A383BQ4;Bond;2642135.62548;2444348.5671372972;0.0025;12.297957528933292;0.0035;12.22655498450661
524;300193;DE000A3E5MG8;2717104.272032;2.137836651;2.137836651;1836.936394;-37756.71313270145;;0.0;0.0;2755373.822;6.0;DE000A3E5MG8;Bond;2717104.272032;2679347.558899299;0.0025;2.132360914760703;0.004;2.129075473017125
525;300193;DE000A3LSYH6;2497630.58952;5.946855501;5.946855501;11240.41358;-89118.28926451731;;0.0;0.0;2593300.548;7.0;DE000A3LSYH6;Bond;2497630.58952;2408512.3002554826;0.0025;5.9227574573959085;0.0035;5.913118239954272
526;300193;DE000A3LXSR7;1803932.5933500002;6.99556063;6.99556063;11895.81436;-82026.8788898849;;0.0;0.0;1892526.164;6.0;DE000A3LXSR7;Bond;1803932.5933500002;1721905.7144601154;0.0025;6.953045838113732;0.004;6.9275369629819705
527;300193;DE000A3MQNP4;4461108.8615;3.622747101;3.622747101;7650.672194;-105049.54976908947;;0.0;0.0;4568608.455;6.0;DE000A3MQNP4;Bond;4461108.8615;4356059.31173091;0.0025;3.6126835681304;0.004;3.6066454484086403
528;300193;DE000A3MQNQ2;3809307.25226;7.872716803;7.872716803;29080.82467;-194932.3818822709;;0.0;0.0;4017900.0;6.0;DE000A3MQNQ2;Bond;3809307.25226;3614374.870377729;0.0025;7.836812216427038;0.004;7.8152694644832605
529;300193;DE000A3MQS72;1227333.852009;6.222565925;6.222565925;2339.259735;-49641.577739716275;;0.0;0.0;1279572.575;6.0;DE000A3MQS72;Bond;1227333.852009;1177692.2742692837;0.0025;6.2717175277183195;0.004;6.301208489349311
530;300193;DE000CZ40LW5;3007793.281396;1.901152509;1.901152509;1692.202107;-68619.28492175219;;0.0;0.0;3080205.007;6.0;DE000CZ40LW5;Bond;3007793.281396;2939173.996474248;0.0025;1.8961233148123038;0.0095;1.8820415710867544
531;300193;DE000CZ439B6;3123674.0244045;2.755198333;2.755198333;3331.684542;-55941.21952168542;;0.0;0.0;3182589.041;6.0;DE000CZ439B6;Bond;3123674.0244045;3067732.8048828146;0.0025;2.7475113371037336;0.004;2.742899139565974
532;300193;DE000CZ439T8;920501.8391225;4.234479573;4.234479573;2181.643206;-25336.00052537553;;0.0;0.0;947520.0;7.0;DE000CZ439T8;Bond;920501.8391225;895165.8385971246;0.0025;4.22005515369182;0.004;4.211400502106912
533;300193;DE000CZ43ZB3;5627896.12112;1.877032956;1.877032956;3071.407536;-68664.35219986425;;0.0;0.0;5699469.178;6.0;DE000CZ43ZB3;Bond;5627896.12112;5559231.768920136;0.0025;1.8721974122990879;0.004;1.8692960860785404
534;300193;DE000CZ45Y30;2820320.2919650003;7.672355638;7.672355638;21809.97055;-140650.2519046526;;0.0;0.0;2974438.356;6.0;DE000CZ45Y30;Bond;2820320.2919650003;2679670.040060348;0.0025;7.626189395882629;0.004;7.598489650612206
535;300193;DE000DL19VP0;6983159.179489501;0.414318444;0.414318444;401.4595301;-18806.13569542764;;0.0;0.0;7002613.014;5.0;DE000DL19VP0;Bond;6983159.179489501;6964353.043794073;0.0025;0.41331035163493296;0.004;0.4127054962158927
536;300193;DE000DL19VT2;5858783.0747825;0.859775094;0.859775094;927.8298795;-32742.032497503762;;0.0;0.0;5892678.082;6.0;DE000DL19VT2;Bond;5858783.0747825;5826041.042284996;0.0025;0.8576639862515179;0.004;0.8563973216024287
537;300193;DK0030485271;3960473.763705;1.097920173;1.097920173;907.7882628;-28263.84625875821;;0.0;0.0;3988927.068;6.0;DK0030485271;Bond;3960473.763705;3932209.9174462417;0.0025;1.0952034438158547;0.004;1.0935734063053675
538;300193;DK0030487996;3466557.325228;1.278563344;1.278563344;1015.840536;-53186.55751093448;;0.0;0.0;3522230.137;6.0;DK0030487996;Bond;3466557.325228;3413370.7677170658;0.0025;1.275324150397368;0.0095;1.2662544083099982
539;300193;ES0213679JR9;4113958.96535;2.430085471;2.430085471;3470.5214;-64982.26741491698;;0.0;0.0;4181874.086;6.0;ES0213679JR9;Bond;4113958.96535;4048976.6979350834;0.0025;2.4237588468955846;0.004;2.419962872432935
540;300193;ES0213679OO6;2432197.7054304997;3.58489071;3.58489071;4309.475501;-56674.55923402725;;0.0;0.0;2492152.397;6.0;ES0213679OO6;Bond;2432197.7054304997;2375523.1461964725;0.0025;3.5727232074439947;0.004;3.565422705910392
541;300193;ES0213679OP3;5274771.005765;4.656663194;4.656663194;15245.36509;-159658.40799560756;;0.0;0.0;5445393.836;6.0;ES0213679OP3;Bond;5274771.005765;5115112.597769393;0.0025;4.638618422413361;0.004;4.627791559461378
542;300193;ES0224244105;1866170.927684;4.452866928;4.452866928;5017.915898;-99717.72967054995;;0.0;0.0;1975852.055;6.0;ES0224244105;Bond;1866170.927684;1766453.19801345;0.0025;4.435214904451283;0.0095;4.385789238514875
543;300193;FR0010582452;30989649.8295;0.033149011;0.296124349;389.2480702;-62041.3409999986;;0.0;1.44e-07;31025713.95;;FR0010582452;Fund Unit;30989649.8295;30927608.488500003;0.0;0.033149011;0.0;0.296124349
544;300193;FR0013259140;53003257.53886;3.282306222;4.689988881;83973.48476;-1414871.3511400004;;21.03145554;-1095.743588;54418595.23;;FR0013259140;Fund Unit;53003257.53886;51588386.18772;0.0;3.282306222;0.0;4.689988881
545;300193;FR0013295722;502300.841016;7.111944163;7.111944163;2456.742771;-21434.013206002393;;0.0;0.0;524790.0;6.0;FR0013295722;Bond;502300.841016;480866.8278099976;0.0025;7.116119067127105;0.0035;7.117789028777946
546;300193;FR0013310224;1099556.83528;4.517023717;4.517023717;2845.660069;-29800.345818895334;;0.0;0.0;1130157.205;7.0;FR0013310224;Bond;1099556.83528;1069756.4894611046;0.0025;4.503332316465571;0.0035;4.4978557562518
547;300193;FR0013327988;485583.39366;2.844825427;2.844825427;547.5311507;-8288.399911277513;;0.0;0.0;494013.4932;6.0;FR0013327988;Bond;485583.39366;477294.9937487225;0.0025;2.8368686593037236;0.0035;2.833685952225213
548;300193;FR0013330099;2874970.790762;2.86414573;2.86414573;3273.644849;-49406.011885414235;;0.0;0.0;2925222.329;7.0;FR0013330099;Bond;2874970.790762;2825564.7788765854;0.0025;2.8561872907440677;0.0035;2.853003915041695
549;300193;FR0013382348;1816234.59737;4.524104026;4.524104026;2110.921742;-49301.00552473264;;0.0;0.0;1866862.466;6.0;FR0013382348;Bond;1816234.59737;1766933.5918452675;0.0025;4.546216526683159;0.0035;4.555061526956423
550;300193;FR0013397452;1407330.606584;3.589095282;3.589095282;2384.472662;-30306.261841828997;;0.0;0.0;1438313.219;8.0;FR0013397452;Bond;1407330.606584;1377024.344742171;0.0025;3.578941218529299;0.0035;3.574879593141018
551;300193;FR0013404571;1743658.3145939999;5.501171545;5.501171545;6543.445655;-57552.98102668302;;0.0;0.0;1803103.014;7.0;FR0013404571;Bond;1743658.3145939999;1686105.3335673169;0.0025;5.483010992100482;0.0035;5.475746770940674
552;300193;FR0013413887;102127.20903767999;0.038975782;0.038975782;0.39312531;-23.88292701432627;;0.0;0.0;102152.3973;2.0;FR0013413887;Bond;102127.20903767999;102103.32611066566;0.0025;0.038883345554574664;0.0035;0.03884637097640453
553;300193;FR0013415692;1376341.995318;3.800133853;3.800133853;2613.390296;-33996.84476313775;;0.0;0.0;1412393.836;6.0;FR0013415692;Bond;1376341.995318;1342345.1505548623;0.0025;3.7887665394703713;0.004;3.781946151352594
554;300193;FR0013425162;2705845.95176;3.886416653;3.886416653;5503.928746;-126192.53720847241;;0.0;0.0;2843285.342;7.0;FR0013425162;Bond;2705845.95176;2579653.4145515277;0.0025;3.873325039318914;0.0095;3.8366685210118723
555;300193;FR0013431277;2588240.6889199996;5.690015371;5.690015371;10919.41994;-176725.55164562917;;0.0;0.0;2785379.726;7.0;FR0013431277;Bond;2588240.6889199996;2411515.1372743705;0.0025;5.665484608270533;0.0095;5.596798472628025
556;300193;FR0013433596;4051805.2061205;1.247512237;1.247512237;1133.784634;-32855.397747741605;;0.0;0.0;4085862.986;6.0;FR0013433596;Bond;4051805.2061205;4018949.8083727583;0.0025;1.2444074015003546;0.004;1.242544500200567
557;300193;FR0013444684;1176540.447068;7.037307366;7.037307366;7009.757291;-49678.060527291425;;0.0;0.0;1228378.973;7.0;FR0013444684;Bond;1176540.447068;1126862.3865407086;0.0025;7.012168105538111;0.0035;7.002112401353354
558;300193;FR0013452893;1189712.7118930002;1.426389503;1.426389503;-32009.79365;-11030.459204893952;;0.0;0.0;1200847.397;5.0;FR0013452893;Bond;1189712.7118930002;1178682.2526881061;0.0025;2.1041130141263866;0.004;2.5107471208022187
559;300193;FR0013453040;5358155.44239;1.497575933;1.497575933;2002.719635;-48145.467814777396;;0.0;0.0;5406691.836;6.0;FR0013453040;Bond;5358155.44239;5310009.974575223;0.0025;1.4938385084380157;0.0035;1.492343538613222
560;300193;FR0013456621;882494.9879065;6.56279897;6.56279897;4627.627394;-37645.641784809115;;0.0;0.0;921918.7398;6.0;FR0013456621;Bond;882494.9879065;844849.3461216909;0.0025;6.539379790803937;0.004;6.525328283286299
561;300193;FR0013463775;1812646.8190040002;4.823246894;4.823246894;5568.664566;-104914.1176761603;;0.0;0.0;1928921.918;6.0;FR0013463775;Bond;1812646.8190040002;1707732.7013278399;0.0025;4.804603225387771;0.0095;4.752400953273527
562;300193;FR0013476090;5826716.6311;1.734500495;1.734500495;2770.999434;-60638.65728520609;;0.0;0.0;5887990.945;6.0;FR0013476090;Bond;5826716.6311;5766077.973814794;0.0025;1.7301325272383157;0.0035;1.728385340133642
563;300193;FR0013476595;1004119.00063;5.50636527;5.50636527;3739.758369;-33174.27595209684;;0.0;0.0;1038377.26;6.0;FR0013476595;Bond;1004119.00063;970944.7246779032;0.0025;5.489054978941452;0.0035;5.482130862518032
564;300193;FR0013476611;2542645.194004;1.723500831;1.723500831;1207.355846;-52587.0132576486;;0.0;0.0;2598241.438;7.0;FR0013476611;Bond;2542645.194004;2490058.1807463514;0.0025;1.7190559078055643;0.0095;1.7066101228611443
565;300193;FR0013486834;3289522.5501625002;2.80398629;2.80398629;3555.041733;-59954.54485345968;;0.0;0.0;3350584.603;4.0;FR0013486834;Bond;3289522.5501625002;3229568.0053090407;0.0025;2.7966242219733477;0.004;2.7922069811573564
566;300193;FR0013505260;5234137.49818;2.459468126;2.459468126;4545.180086;-77239.16606325057;;0.0;0.0;5312684.425;7.0;FR0013505260;Bond;5234137.49818;5156898.332116749;0.0025;2.4528812768313304;0.0035;2.4502465371638626
567;300193;FR0013506292;2223181.25746;2.172931985;2.172931985;1553.755291;-28984.92997672412;;0.0;0.0;2252536.822;6.0;FR0013506292;Bond;2223181.25746;2194196.327483276;0.0025;2.167263861912662;0.0035;2.1649966126777267
568;300193;FR0013506516;4950729.615026;1.733287209;1.733287209;2355.062024;-51486.21790165236;;0.0;0.0;5002756.973;6.0;FR0013506516;Bond;4950729.615026;4899243.397124347;0.0025;1.7289054206442274;0.0035;1.7271527053019182
569;300193;FR0013509643;1095651.627174;2.747080665;2.747080665;1171.61068;-18059.0604035129;;0.0;0.0;1114007.37;6.0;FR0013509643;Bond;1095651.627174;1077592.5667704872;0.0025;2.7392136019115556;0.0035;2.736066776676178
570;300193;FR0013515749;873249.751626;4.806574589;4.806574589;2562.260562;-27282.710429104613;;0.0;0.0;902458.2192;7.0;FR0013515749;Bond;873249.751626;845967.0411968954;0.0025;4.790978313400862;0.004;4.781620548041378
571;300193;FR0013516184;4233933.8694904;0.175017006;0.175017006;84.8752868;-8892.125153282454;;0.0;0.0;4243140.904;5.0;FR0013516184;Bond;4233933.8694904;4225041.744337117;0.0025;0.17459242246646506;0.0095;0.1734035885725672
572;300193;FR0013517059;1138655.8453060002;6.393339972;6.393339972;5656.893047;-43678.883580877795;;0.0;0.0;1183929.37;6.0;FR0013517059;Bond;1138655.8453060002;1094976.9617251223;0.0025;6.371325846478651;0.0035;6.362520196270112
573;300193;FR0013518024;5187228.540042;0.207727047;0.207727047;127.3017225;-7003.9298337907985;;0.0;0.0;5194443.836;5.0;FR0013518024;Bond;5187228.540042;5180224.610208209;0.0025;0.20722138893200237;0.004;0.2069179940912038
574;300193;FR0013519071;884283.9111479999;4.897871685;4.897871685;2667.32251;-25986.654779477067;;0.0;0.0;911060.9589;7.0;FR0013519071;Bond;884283.9111479999;858297.2563685229;0.0025;4.882435442580791;0.0035;4.876260945613107
575;300193;FR0013523602;2790558.67764;4.807083686;4.807083686;8520.161682;-160973.38912930776;;0.0;0.0;2968327.014;7.0;FR0013523602;Bond;2790558.67764;2629585.2885106923;0.0025;4.788523569714834;0.0095;4.736555244116369
576;300193;FR0013532280;6040922.794485;2.335105009;2.335105009;4751.748668;-91690.2289964973;;0.0;0.0;6136912.671;7.0;FR0013532280;Bond;6040922.794485;5949232.565488502;0.0025;2.329071968020258;0.004;2.3254521434324125
577;300193;FR0013533999;1883660.298708;2.560760521;2.560760521;1439.522976;-57883.235134878174;;0.0;0.0;1944239.13;5.0;FR0013533999;Bond;1883660.298708;1825777.0635731218;0.0025;2.5580488619303705;0.0095;2.5504562165354083
578;300193;FR0013535101;1592840.579092;5.458993104;5.458993104;6147.796996;-104343.66884441514;;0.0;0.0;1709691.781;5.0;FR0013535101;Bond;1592840.579092;1488496.9102475848;0.0025;5.4370035275033635;0.0095;5.3754327133127795
579;300193;FR00140003P3;4970524.135805001;2.451751225;2.451751225;4245.398103;-79212.17615253787;;0.0;0.0;5053302.247;7.0;FR00140003P3;Bond;4970524.135805001;4891311.959652463;0.0025;2.4454260658026747;0.004;2.4416309702842796
580;300193;FR00140009W6;4604698.598408;0.552870321;0.552870321;389.2442358;-30549.61430652097;;0.0;0.0;4636710.959;5.0;FR00140009W6;Bond;4604698.598408;4574148.984101479;0.0025;0.5515211857729301;0.0095;0.5477436071371344
581;300193;FR0014000OZ2;6276767.608576;0.630868859;0.630868859;637.9199107;-47517.806633165994;;0.0;0.0;6326268.493;7.0;FR0014000OZ2;Bond;6276767.608576;6229249.801942834;0.0025;0.6293230499235948;0.0095;0.6249947845096601
582;300193;FR0014000XY6;8929223.3424;2.836830815;2.836830815;9998.940271;-303968.35118085134;;0.0;0.0;9243763.014;6.0;FR0014000XY6;Bond;8929223.3424;8625254.991219148;0.0025;2.828954848959405;0.0095;2.8069021440457393
583;300193;FR0014001EW8;1310515.094958;3.67243818;3.67243818;2284.90211;-28876.714021140506;;0.0;0.0;1340010.0;6.0;FR0014001EW8;Bond;1310515.094958;1281638.3809368594;0.0025;3.6625673222118205;0.0035;3.658618979096549
584;300193;FR0014003GX7;412750.69809200004;5.842493738;5.842493738;1738.864639;-14468.960213745831;;0.0;0.0;427707.9452;4.0;FR0014003GX7;Bond;412750.69809200004;398281.7378782542;0.0025;5.822508844589226;0.0035;5.814514887224917
585;300193;FR00140057U9;4390571.83036;3.243183238;3.243183238;6297.02458;-170873.14758550236;;0.0;0.0;4575410.959;7.0;FR00140057U9;Bond;4390571.83036;4219698.682774497;0.0025;3.2336234533584873;0.0095;3.2068560563622523
586;300193;FR0014005V34;4758326.871363999;1.469859559;1.469859559;1737.281624;-83928.86684065126;;0.0;0.0;4847071.918;6.0;FR0014005V34;Bond;4758326.871363999;4674398.004523348;0.0025;1.4661331902057488;0.0095;1.4556993575818453
587;300193;FR0014005ZP8;3371872.2362;4.397052668;4.397052668;8212.216433;-88957.79887403;;0.0;0.0;3463132.685;7.0;FR0014005ZP8;Bond;3371872.2362;3282914.4373259703;0.0025;4.384500188251635;0.0035;4.379479196352289
588;300193;FR0014006IU2;10781761.812974999;0.615941112;0.615941112;1059.723677;-43166.04734261922;;0.0;0.0;10826297.94;7.0;FR0014006IU2;Bond;10781761.812974999;10738595.76563238;0.0025;0.6144323570182149;0.004;0.6135271040291438
589;300193;FR0014006IV0;4504003.60408;3.134800212;3.134800212;5912.061516;-84714.90871751247;;0.0;0.0;4590250.0;6.0;FR0014006IV0;Bond;4504003.60408;4419288.695362488;0.0025;3.126552052418895;0.0035;3.1232527885864525
590;300193;FR0014006KD4;2308319.50788;6.12721537;6.12721537;11103.70228;-169722.84921063806;;0.0;0.0;2499625.479;7.0;FR0014006KD4;Bond;2308319.50788;2138596.658669362;0.0025;6.100814866816677;0.0095;6.026893457903371
591;300193;FR0014007LL3;4749400.4542765;1.737689457;1.737689457;2265.359172;-53644.39012703735;;0.0;0.0;4805205.479;7.0;FR0014007LL3;Bond;4749400.4542765;4695756.064149463;0.0025;1.7333139205062387;0.004;1.7306885986099818
592;300193;FR0014009HA0;4215156.757628;1.908823613;1.908823613;2379.17518;-96551.88901748214;;0.0;0.0;4317500.0;8.0;FR0014009HA0;Bond;4215156.757628;4118604.868610518;0.0025;1.9038217974397733;0.0095;1.8898167138711381
593;300193;FR001400AFO9;4495697.33574;7.556856682;7.556856682;33131.413;-203840.0427110185;;0.0;0.0;4713482.877;7.0;FR001400AFO9;Bond;4495697.33574;4291857.293028981;0.0025;7.515382323504066;0.0035;7.498792580105692
594;300193;FR001400AJY0;6368578.358899999;9.522805832;9.522805832;76410.39247;-363880.4108260914;;0.0;0.0;6764780.822;7.0;FR001400AJY0;Bond;6368578.358899999;6004697.948073908;0.0025;9.449564666105266;0.0035;9.420268199747373
595;300193;FR001400D8K2;4487119.58476;6.366426382;6.366426382;23311.14692;-171401.4990216297;;0.0;0.0;4668847.507;7.0;FR001400D8K2;Bond;4487119.58476;4315718.08573837;0.0025;6.337876720379048;0.0035;6.326456855730667
596;300193;FR001400DTA3;1977136.7675800002;6.408588551;6.408588551;10406.11531;-76023.93631484604;;0.0;0.0;2057772.877;6.0;FR001400DTA3;Bond;1977136.7675800002;1901112.8312651543;0.0025;6.379682948510453;0.0035;6.368120707514635
597;300193;FR001400DZO1;10199691.4922;6.385182316;6.385182316;54171.73237;-423324.7833402321;;0.0;0.0;10656791.78;8.0;FR001400DZO1;Bond;10199691.4922;9776366.708859768;0.0025;6.354330829192132;0.004;6.335819937107411
598;300193;FR001400E946;4930149.6066499995;6.406042588;6.406042588;26339.53398;-205287.86424517375;;0.0;0.0;5152362.753;6.0;FR001400E946;Bond;4930149.6066499995;4724861.742404826;0.0025;6.375072478710199;0.004;6.356490413136318
599;300193;FR001400EHG3;5046845.97505;4.147789175;4.147789175;11503.52867;-136066.1451708306;;0.0;0.0;5191952.055;8.0;FR001400EHG3;Bond;5046845.97505;4910779.829879169;0.0025;4.1338158111305425;0.004;4.125431792808867
600;300193;FR001400F075;5239861.37752;2.953739405;2.953739405;6447.986889;-100601.70267886962;;0.0;0.0;5345771.233;7.0;FR001400F075;Bond;5239861.37752;5139259.67484113;0.0025;2.944786736101045;0.004;2.9394151347616724
601;300193;FR001400F0H3;9110563.72172;3.224765432;3.224765432;12978.50101;-176276.58573501554;;0.0;0.0;9294487.685;6.0;FR001400F0H3;Bond;9110563.72172;8934287.135984985;0.0025;3.2151493319945073;0.0035;3.21130289199231
602;300193;FR001400F0V4;5036981.971419999;4.289645272;4.289645272;12159.20981;-140444.62834253174;;0.0;0.0;5186215.753;8.0;FR001400F0V4;Bond;5036981.971419999;4896537.343077468;0.0025;4.27529823436999;0.004;4.266690011791986
603;300193;FR001400F1I9;6408459.4054;7.820849308;7.820849308;50863.04612;-300717.57183641207;;0.0;0.0;6732643.726;8.0;FR001400F1I9;Bond;6408459.4054;6107741.833563588;0.0025;7.77534201383075;0.0035;7.75713909616305
604;300193;FR001400F1U4;4168219.5431399997;2.952470356;2.952470356;5120.695104;-79992.54014973463;;0.0;0.0;4252493.151;7.0;FR001400F1U4;Bond;4168219.5431399997;4088227.002990265;0.0025;2.943550334719722;0.004;2.938198321951555
605;300193;FR001400F2H9;2075292.67922;4.232918069;4.232918069;4851.79723;-105414.5265640051;;0.0;0.0;2189574.176;6.0;FR001400F2H9;Bond;2075292.67922;1969878.152655995;0.0025;4.21926491311686;0.0095;4.181036076644069
606;300193;FR001400F323;1084024.6635719999;6.323974759;6.323974759;5929.969964;-82264.13532675355;;0.0;0.0;1176836.808;8.0;FR001400F323;Bond;1084024.6635719999;1001760.5282452463;0.0025;6.287198212546694;0.0095;6.184223882477436
607;300193;FR001400FAZ5;3556404.67284;5.046653752;5.046653752;11638.36821;-107687.65791490991;;0.0;0.0;3669136.767;5.0;FR001400FAZ5;Bond;3556404.67284;3448717.01492509;0.0025;5.02851279880152;0.0035;5.021256417522129
608;300193;FR001400FB06;4837100.514575;2.649500636;2.649500636;4799.102726;-83303.35578345552;;0.0;0.0;4924237.808;8.0;FR001400FB06;Bond;4837100.514575;4753797.158791545;0.0025;2.642246657268645;0.004;2.6378942700298316
609;300193;FR001400GDJ1;961804.022824;4.174554731;4.174554731;2307.487241;-24090.621202648566;;0.0;0.0;987614.3836;7.0;FR001400GDJ1;Bond;961804.022824;937713.4016213514;0.0025;4.158143895715988;0.0035;4.151579561602383
610;300193;FR001400H9B5;4596707.105225;4.319425774;4.319425774;11598.20358;-129058.37844794564;;0.0;0.0;4734339.726;7.0;FR001400H9B5;Bond;4596707.105225;4467648.726777054;0.0025;4.302990501633796;0.004;4.293129338214074
611;300193;FR001400HAC0;1661783.6345614998;0.986767198;0.986767198;329.1570181;-10658.658274930298;;0.0;0.0;1672786.63;7.0;FR001400HAC0;Bond;1661783.6345614998;1651124.9762865696;0.0025;0.9842496084215316;0.004;0.9827390546744506
612;300193;FR001400HQM5;5234348.057324;1.730447302;1.730447302;2545.245365;-54346.58084115153;;0.0;0.0;5290093.151;6.0;FR001400HQM5;Bond;5234348.057324;5180001.476482848;0.0025;1.725776963316942;0.0035;1.7239088278437187
613;300193;FR001400IIO6;8271568.651380001;3.614587173;3.614587173;14665.60586;-179389.83568720234;;0.0;0.0;8457130.959;6.0;FR001400IIO6;Bond;8271568.651380001;8092178.815692798;0.0025;3.6029249275866184;0.0035;3.598260029421266
614;300193;FR001400ION6;5758378.18789;4.328711267;4.328711267;14529.36359;-162021.31752018214;;0.0;0.0;5928818.425;6.0;FR001400ION6;Bond;5758378.18789;5596356.870369817;0.0025;4.312476385288035;0.004;4.302735456260856
615;300193;FR001400J150;3306732.33832;8.061000691;8.061000691;28338.29243;-159933.42998489738;;0.0;0.0;3479321.068;7.0;FR001400J150;Bond;3306732.33832;3146798.9083351027;0.0025;8.009203073528564;0.0035;7.98848402653999
616;300193;FR001400KHH8;2717113.84246;7.423816354;7.423816354;19731.45167;-121028.12507600596;;0.0;0.0;2847275.014;7.0;FR001400KHH8;Bond;2717113.84246;2596085.717383994;0.0025;7.380051084656274;0.0035;7.362544976918784
617;300193;FR001400KKC3;4112365.8506150004;3.435389537;3.435389537;6857.504419;-233105.04715606148;;0.0;0.0;4370907.893;5.0;FR001400KKC3;Bond;4112365.8506150004;3879260.803458939;0.0025;3.4232059733537206;0.014;3.3671615805808353
618;300193;FR001400KXW4;1660657.761936;1.192407596;1.192407596;436.2499783;-11881.085578133077;;0.0;0.0;1672925.151;6.0;FR001400KXW4;Bond;1660657.761936;1648776.676357867;0.0025;1.1893947581852844;0.0035;1.1881896230593982
619;300193;FR001400LCK1;7332744.45268;4.170222022;4.170222022;-29928.8964;-183475.03438958683;;0.0;0.0;7525145.671;6.0;FR001400LCK1;Bond;7332744.45268;7149269.418290413;0.0025;4.315737423806272;0.0035;4.373943584528781
620;300193;FR001400M1X9;5350177.55016;6.31129475;6.31129475;31059.36716;-405198.56980671204;;0.0;0.0;5809041.096;7.0;FR001400M1X9;Bond;5350177.55016;4944978.980353288;0.0025;6.265743440335348;0.0095;6.138199773274323
621;300193;FR001400M8W6;4191029.98952;6.491459889;6.491459889;24600.55904;-326470.836846782;;0.0;0.0;4556439.521;4.0;FR001400M8W6;Bond;4191029.98952;3864559.152673218;0.0025;6.450062212267226;0.0095;6.334148717415458
622;300193;FR001400N285;2912538.8288;8.526214153;8.526214153;27357.54712;-148997.5786996596;;0.0;0.0;3073417.712;7.0;FR001400N285;Bond;2912538.8288;2763541.25010034;0.0025;8.473129372455759;0.0035;8.451895460238061
623;300193;FR001400N2M9;3852699.11175;7.351733785;7.351733785;26855.0423;-184106.1184513978;;0.0;0.0;4053145.205;8.0;FR001400N2M9;Bond;3852699.11175;3668592.9932986023;0.0025;7.312592536519873;0.004;7.289107787431797
624;300193;FR001400N2U2;1956390.801128;4.237879767;4.237879767;4280.128078;-99491.38790934326;;0.0;0.0;2062826.087;6.0;FR001400N2U2;Bond;1956390.801128;1856899.4132186568;0.0025;4.228084643511294;0.0095;4.200658297742915
625;300193;FR001400N3I5;3133604.57204;7.106018988;7.106018988;21632.04594;-267209.4430775983;;0.0;0.0;3438519.206;8.0;FR001400N3I5;Bond;3133604.57204;2866395.1289624018;0.0025;7.059676581004261;0.0095;6.929917841416194
626;300193;FR001400N6I8;1915264.634565;7.376149769;7.376149769;13430.45573;-91827.31214683322;;0.0;0.0;2015286.849;7.0;FR001400N6I8;Bond;1915264.634565;1823437.3224181668;0.0025;7.336860638192822;0.004;7.313287159708516
627;300193;FR001400N8H6;1490241.56188;8.547496728;8.547496728;14167.20257;-76427.00924459346;;0.0;0.0;1573264.0;6.0;FR001400N8H6;Bond;1490241.56188;1413814.5526354064;0.0025;8.492479768617821;0.0035;8.47047298486495
628;300193;FR001400NDS8;6283072.932345;8.656550166;8.656550166;61669.56029;-353533.28423062793;;0.0;0.0;6671680.521;8.0;FR001400NDS8;Bond;6283072.932345;5929539.648114372;0.0025;8.598510045359973;0.004;8.563685972975955
629;300193;FR001400O671;1643594.282924;5.045635092;5.045635092;5635.267945;-99515.72389118293;;0.0;0.0;1754242.808;6.0;FR001400O671;Bond;1643594.282924;1544078.559032817;0.0025;5.023565558359386;0.0095;4.961770864165664
630;300193;FR001400O9D2;1143951.2634949998;8.632156139;8.632156139;11205.84429;-64185.978492318594;;0.0;0.0;1214543.342;8.0;FR001400O9D2;Bond;1143951.2634949998;1079765.2850026812;0.0025;8.573548044228133;0.004;8.538383187365012
631;300193;FR001400OF19;3143678.47194;6.153557069;6.153557069;15445.18196;-116068.82930201702;;0.0;0.0;3266879.562;6.0;FR001400OF19;Bond;3143678.47194;3027609.642637983;0.0025;6.125395427251522;0.0035;6.114130770552132
632;300193;FR001400OJE3;2783099.8437200002;12.62464228;12.62464228;63249.27367;-210813.83973893343;;0.0;0.0;3017170.973;6.0;FR001400OJE3;Bond;2783099.8437200002;2572286.003981067;0.0025;12.454941351557977;0.0035;12.387060980181168
633;300193;FR001400PGC0;4814710.992;5.010072381;5.010072381;16754.29091;-289464.6067621957;;0.0;0.0;5136190.068;7.0;FR001400PGC0;Bond;4814710.992;4525246.385237804;0.0025;4.9858291346887365;0.0095;4.917948045017199
634;300193;FR001400PST9;1352168.5732800001;12.61525346;12.61525346;31100.91812;-102347.69563544271;;0.0;0.0;1463996.712;6.0;FR001400PST9;Bond;1352168.5732800001;1249820.8776445575;0.0025;12.43809576399944;0.0035;12.367232685599218
635;300193;FR001400QR62;2476031.8699600003;5.140696619;5.140696619;8316.072999;-76371.17197463772;;0.0;0.0;2556539.836;7.0;FR001400QR62;Bond;2476031.8699600003;2399660.6979853627;0.0025;5.122797792711428;0.0035;5.115638262196001
636;300193;FR001400QR88;1715686.0734;11.7988638;11.7988638;35657.97871;-121458.87782162042;;0.0;0.0;1849048.767;8.0;FR001400QR88;Bond;1715686.0734;1594227.1955783798;0.0025;11.627309016747905;0.0035;11.558687103447067
637;300193;FR001400SCF6;1148273.922991;4.378319637;4.378319637;3100.031285;-82953.9193838276;;0.0;0.0;1242016.438;6.0;FR001400SCF6;Bond;1148273.922991;1065320.0036071725;0.0025;4.358750556511972;0.014;4.268732786267045
638;300193;FR001400SIL1;5881122.329115;7.502352216;7.502352216;43542.09397;-286794.6323996195;;0.0;0.0;6190818.055;6.0;FR001400SIL1;Bond;5881122.329115;5594327.69671538;0.0025;7.457972816433674;0.004;7.431345176693879
639;300193;FR001400U3P1;5004418.1063;5.605496226;5.605496226;20300.29195;-168313.48084914428;;0.0;0.0;5182361.885;7.0;FR001400U3P1;Bond;5004418.1063;4836104.625450856;0.0025;5.582638345766;0.0035;5.573495193672399
640;300193;FR001400U660;3357759.84338;4.958455756;4.958455756;10604.56117;-99895.82173603933;;0.0;0.0;3461622.26;6.0;FR001400U660;Bond;3357759.84338;3257864.021643961;0.0025;4.940965839050551;0.0035;4.933969872270771
641;300193;FR001400UND4;492132.98;0.0;0.0;0.0;-13137.020000000002;;5016.343468;0.0;505270.0;;FR001400UND4;Fund Unit;492132.98;478995.95999999996;0.0;0.0;0.0;0.0
642;300193;FR001400WKP0;2661356.50732;4.61058933;4.61058933;7627.878572;-147245.0629917079;;0.0;0.0;2824126.027;7.0;FR001400WKP0;Bond;2661356.50732;2514111.444328292;0.0025;4.592079117909468;0.0095;4.540250524055978
643;300193;FR001400WP90;3166585.92019;6.542776782;6.542776782;17524.88646;-134668.72143937706;;0.0;0.0;3312940.068;8.0;FR001400WP90;Bond;3166585.92019;3031917.198750623;0.0025;6.511438707285847;0.004;6.492635862457355
644;300193;FR001400WRF6;4455667.6836;4.196725121;4.196725121;10274.93497;-112195.274991552;;0.0;0.0;4572253.356;6.0;FR001400WRF6;Bond;4455667.6836;4343472.408608448;0.0025;4.183105447929684;0.0035;4.177657578701558
645;300193;FR001400WTD7;2060036.4299340001;4.172430474;4.172430474;4711.543329;-51572.15266684072;;0.0;0.0;2113784.055;6.0;FR001400WTD7;Bond;2060036.4299340001;2008464.2772671594;0.0025;4.1587755014143015;0.0035;4.153313512380022
646;300193;FR001400YD27;2303207.87904;5.910718252;5.910718252;10280.42535;-81681.67709275162;;0.0;0.0;2390080.767;6.0;FR001400YD27;Bond;2303207.87904;2221526.2019472485;0.0025;5.886471609130431;0.0035;5.876772951982604
647;300193;FXW1023850;659401.819500002;0.05479452;0.0;-0.0022161699999996287;734968.7071794878;MORGAN STANLEY EUROPE SE;0.0;-286637.7958;-57192.66999999806;;;Currency Forward;659401.819500002;1394370.5266794898;0.0;0.05479452;0.0;0.0
648;300193;LU2023296085;48097334.149440005;3.236585554;3.262438622;84333.42923;-1283912.4105600005;;10.77086086;827.4568427;49381687.47;;LU2023296085;Fund Unit;48097334.149440005;46813421.73888001;0.0;3.236585554;0.0;3.262438622
649;300193;OEM25 Cmdty;0.0;0.0;0.0;154753.0943;-1089629.5211999998;;0.0;0.0;56421410.0;;;Bond Future;0.0;-1089629.5211999998;0.0025;0.0;0.0015;0.0
650;300193;PTBCP2OM0058;4354613.0661615;0.491803448;0.491803448;314.1642879;-13920.489184186505;;0.0;0.0;4369006.849;5.0;PTBCP2OM0058;Bond;4354613.0661615;4340692.5769773135;0.0025;0.4906044953977978;0.004;0.48988512383647653
651;300193;US00206RDR03;4357661.715705;8.514215324;8.514215324;41490.25423;-229039.39377768332;;0.0;45915.94149;4591594.149;7.0;US00206RDR03;Bond;4357661.715705;4128622.3219273165;0.00125;8.485814906964647;0.00175;8.474454740150506
652;300193;US05584KAC27;880452.31828125;2.377494764;2.377494764;639.5760323;-30147.593511341838;;0.0;9104.34076;910434.076;7.0;US05584KAC27;Bond;880452.31828125;850304.7247699081;0.00125;2.37548014608376;0.002;2.374271375334015
653;300193;US25156PAC77;5343641.667855;4.181082597;4.181082597;12137.02723;-209433.99070006405;;0.0;55538.87397;5553887.397;9.0;US25156PAC77;Bond;5343641.667855;5134207.677154936;0.00125;4.174543129065464;0.00175;4.17192734189165
654;300193;US92343VES97;965194.452708;3.379869413;3.379869413;1359.250827;-35436.80226594079;;0.0;10003.54237;1000354.237;7.0;US92343VES97;Bond;965194.452708;929757.6504420592;0.00125;3.37654548072952;0.00175;3.3752159078213277
655;300193;US92343VEU44;3506090.94777;4.015325445;4.015325445;6966.771102;-135600.90689288755;;0.0;36412.98114;3641298.114;9.0;US92343VEU44;Bond;3506090.94777;3370490.040877112;0.00125;4.010640892692837;0.00175;4.008767071769973
656;300193;US92857WCA62;4193356.19247;13.43875537;13.43875537;126023.1319;-284001.83830348315;;0.0;44827.13592;4482713.592;9.0;US92857WCA62;Bond;4193356.19247;3909354.354166517;0.00125;13.288842461410654;0.00175;13.228877297974917
657;300193;USU04644CU90;234385.200852;15.27860402;15.27860402;8557.848365;-17211.787000513013;;0.0;2522.734884;252273.4884;5.0;USU04644CU90;Bond;234385.200852;217173.41385148698;0.00125;15.113999980664476;0.00175;15.048158364930265
658;300193;USU31520AL04;854383.315665;5.41645013;5.41645013;3000.561922;-36734.358432841356;;0.0;8911.961982;891196.1982;6.0;USU31520AL04;Bond;854383.315665;817648.9572321586;0.00125;5.409223017322195;0.00175;5.406332172251074
659;300193;USX10001AD18;2045255.3198550001;6.895212419;6.895212419;12767.33386;-140852.8378786837;;0.0;21932.82725;2193282.725;8.0;USX10001AD18;Bond;2045255.3198550001;1904402.4819763163;0.00125;6.876612165990553;0.00475;6.824531457564101
660;300193;XS1382791975;1156565.4757979999;2.841717661;2.841717661;1299.11855;-19719.795232068267;;0.0;0.0;1177196.055;8.0;XS1382791975;Bond;1156565.4757979999;1136845.6805659316;0.0025;2.833824671268697;0.0035;2.830667475376176
661;300193;XS1405766624;3267546.45714;3.408867423;3.408867423;5043.871809;-66831.79602530165;;0.0;0.0;3337855.548;7.0;XS1405766624;Bond;3267546.45714;3200714.6611146983;0.0025;3.39932769938397;0.0035;3.395511809937558
662;300193;XS1550938978;539671.5172067999;1.678818202;1.678818202;207.744749;-19781.444976613584;;0.0;5594.699284;559469.9284;7.0;XS1550938978;Bond;539671.5172067999;519890.0722301864;0.00125;1.6775294069221087;0.00475;1.6739207807040135
663;300193;XS1700429480;373833.472227;17.16119686;17.16119686;21606.37151;-49407.689150777034;;0.0;4256.893014;425689.3014;6.0;XS1700429480;Bond;373833.472227;324425.783076223;0.00125;16.80687043839111;0.00475;15.814756457886217
664;300193;XS1708167652;467418.801716;4.2579524;4.2579524;1092.766349;-11941.482051430597;;0.0;0.0;480056.8493;7.0;XS1708167652;Bond;467418.801716;455477.3196645694;0.0025;4.244830942036326;0.0035;4.239582358850855
665;300193;XS1789751531;7509082.499596001;0.962530068;0.962530068;1409.172248;-43366.30613372248;;0.0;0.0;7552660.315;8.0;XS1789751531;Bond;7509082.499596001;7465716.193462278;0.0025;0.9601546689809619;0.0035;0.9592045093733467
666;300193;XS1808395930;401957.6204764;0.978601134;0.978601134;78.06392136;-2360.13709930888;;0.0;0.0;404331.3973;6.0;XS1808395930;Bond;401957.6204764;399597.4833770911;0.0025;0.9761400511241;0.0035;0.9751556179737398
667;300193;XS1907120791;2883901.9781600004;4.013349062;4.013349062;-11035.18047;-69444.63179369029;;0.0;0.0;2954987.342;8.0;XS1907120791;Bond;2883901.9781600004;2814457.34636631;0.0025;4.149278378020882;0.0035;4.203650104429236
668;300193;XS1953240261;1126188.400172;7.817316088;7.817316088;8533.98907;-52822.62419270135;;0.0;0.0;1182376.712;6.0;XS1953240261;Bond;1126188.400172;1073365.7759792986;0.0025;7.7806480838303305;0.0035;7.765980882162462
669;300193;XS1960248919;5579083.517056;0.919443187;0.919443187;976.6262101;-33342.727141497395;;0.0;0.0;5613572.383;8.0;XS1960248919;Bond;5579083.517056;5545740.789914503;0.0025;0.9171803421983196;0.004;0.9158226353173112
670;300193;XS1961772560;1878128.562024;3.711256557;3.711256557;3382.073977;-41821.30164420331;;0.0;0.0;1920961.479;7.0;XS1961772560;Bond;1878128.562024;1836307.2603797968;0.0025;3.7006709179150183;0.0035;3.696436662281026
671;300193;XS1963116964;914716.786844;4.540862887;4.540862887;2536.083475;-49843.24211394971;;0.0;0.0;969507.2603;6.0;XS1963116964;Bond;914716.786844;864873.5447300503;0.0025;4.523098124125024;0.0095;4.47335678807509
672;300193;XS1968706108;906529.266012;3.738641372;3.738641372;1696.418458;-40670.25382609508;;0.0;0.0;950658.7671;8.0;XS1968706108;Bond;906529.266012;865859.0121859049;0.0025;3.7268016362518965;0.0095;3.6936503761572075
673;300193;XS1979280853;2790030.789082;1.943057261;1.943057261;1611.727636;-32527.13749883604;;0.0;0.0;2822912.836;6.0;XS1979280853;Bond;2790030.789082;2757503.651583164;0.0025;1.938054095265169;0.0035;1.9360528289712367
674;300193;XS1979280937;1349830.811576;4.68027032;4.68027032;3761.612175;-37905.43850664399;;0.0;0.0;1388769.041;8.0;XS1979280937;Bond;1349830.811576;1311925.373069356;0.0025;4.665364429796129;0.0035;4.659402073714581
675;300193;XS2001175657;3704267.74681;1.108952887;1.108952887;863.5744292;-24647.150472275607;;0.0;0.0;3729045.151;6.0;XS2001175657;Bond;3704267.74681;3679620.5963377245;0.0025;1.1061990884590547;0.0035;1.1050975690426768
676;300193;XS2002532724;4635680.5481015;1.136167517;1.136167517;1125.245313;-34234.91277662092;;0.0;0.0;4670337.205;6.0;XS2002532724;Bond;4635680.5481015;4601445.635324879;0.0025;1.1333263152568005;0.004;1.1316215942108807
677;300193;XS2009943379;1002697.2410935;3.96451372;3.96451372;2014.152148;-25838.845300588637;;0.0;0.0;1029193.0;6.0;XS2009943379;Bond;1002697.2410935;976858.3957929114;0.0025;3.9535887898947086;0.004;3.9470338318315337
678;300193;XS2010032451;1263548.83968;6.131109103;6.131109103;6056.64972;-46481.73475828281;;0.0;0.0;1312255.803;6.0;XS2010032451;Bond;1263548.83968;1217067.1049217172;0.0025;6.1052512461323145;0.0035;6.09490810338524
679;300193;XS2010038730;2813108.2363259997;2.50377189;2.50377189;2496.13888;-42260.287953843086;;0.0;0.0;2855971.644;6.0;XS2010038730;Bond;2813108.2363259997;2770847.948372157;0.0025;2.497260970395393;0.0035;2.49465660255355
680;300193;XS2010045511;941453.8658520001;2.048292983;2.048292983;608.4949189;-31818.160229507437;;0.0;0.0;975801.3699;5.0;XS2010045511;Bond;941453.8658520001;909635.7056224926;0.0025;2.042623359477593;0.014;2.016543091274521
681;300193;XS2013574038;6022889.033931;1.173882327;1.173882327;1538.251299;-45956.05946368908;;0.0;0.0;6070453.438;7.0;XS2013574038;Bond;6022889.033931;5976932.974467311;0.0025;1.1709423037146858;0.004;1.1691782897434972
682;300193;XS2013618421;6847875.513462;1.175824892;1.175824892;1748.829261;-48311.414916275404;;0.0;0.0;6896723.151;6.0;XS2013618421;Bond;6847875.513462;6799564.0985457245;0.0025;1.1728967337620242;0.0035;1.171725470466834
683;300193;XS2021462440;1784199.94526;4.053934742;4.053934742;3777.990052;-47014.69594096608;;0.0;0.0;1832405.479;5.0;XS2021462440;Bond;1784199.94526;1737185.249319034;0.0025;4.042083956513938;0.004;4.034973485222301
684;300193;XS2022425024;757175.355984;10.17152317;10.17152317;9482.870756;-46209.76006286553;;0.0;0.0;808356.8493;8.0;XS2022425024;Bond;757175.355984;710965.5959211345;0.0025;10.117072661156824;0.0035;10.095292457619552
685;300193;XS2035620710;3924567.6378719998;2.27119979;2.27119979;2937.468603;-53480.863169854085;;0.0;0.0;3978872.877;6.0;XS2035620710;Bond;3924567.6378719998;3871086.7747021457;0.0025;2.265383608869311;0.0035;2.2630571364170353
686;300193;XS2050933972;1911631.532248;1.655566071;1.655566071;702.4117488;-37977.98766052237;;0.0;0.0;1951428.571;5.0;XS2050933972;Bond;1911631.532248;1873653.5445874776;0.0025;1.653232294232274;0.0095;1.6466977192826409
687;300193;XS2051777873;4848436.57567;1.406090952;1.406090952;1640.683203;-40904.05680237271;;0.0;0.0;4889823.358;6.0;XS2051777873;Bond;4848436.57567;4807532.518867628;0.0025;1.402573824419168;0.0035;1.401166973386835
688;300193;XS2057069093;3722772.6189820003;1.010057567;1.010057567;752.5807419;-22561.287924139066;;0.0;0.0;3745510.603;7.0;XS2057069093;Bond;3722772.6189820003;3700211.331057861;0.0025;1.0075542082566054;0.0035;1.0065528647592474
689;300193;XS2063495811;2158648.4363335;2.868266203;2.868266203;2454.608708;-40245.25930161213;;0.0;0.0;2199656.986;6.0;XS2063495811;Bond;2158648.4363335;2118403.1770318877;0.0025;2.860405969682836;0.004;2.8556898296925373
690;300193;XS2066706909;2166651.879042;2.144864078;2.144864078;1472.290741;-27883.042709330322;;0.0;0.0;2194863.849;7.0;XS2066706909;Bond;2166651.879042;2138768.83633267;0.0025;2.1393770967496106;0.0035;2.137182304249455
691;300193;XS2082324018;598324.0655019999;0.617020681;0.617020681;59.00809071;-2215.0699341283957;;0.0;0.0;600545.2603;6.0;XS2082324018;Bond;598324.0655019999;596108.9955678715;0.0025;0.6155069100014764;0.0035;0.6149014016020671
692;300193;XS2100788780;3684165.99403;0.774557326;0.774557326;501.5417104;-17121.586565256057;;0.0;0.0;3701323.912;5.0;XS2100788780;Bond;3684165.99403;3667044.407464744;0.0025;0.7726538137414578;0.0035;0.7718924088380409
693;300193;XS2101349723;4381496.4176975;1.740377221;1.740377221;2096.340761;-49565.46763514989;;0.0;0.0;4432979.041;7.0;XS2101349723;Bond;4381496.4176975;4331930.95006235;0.0025;1.7359881744384875;0.004;1.7333547465015802
694;300193;XS2101357072;3838088.80808;2.700569349;2.700569349;3885.885225;-62190.14996304474;;0.0;0.0;3901318.493;6.0;XS2101357072;Bond;3838088.80808;3775898.6581169553;0.0025;2.693490706481921;0.0035;2.69065924947469
695;300193;XS2102360315;5175788.713732501;1.768448351;1.768448351;2542.882906;-59495.24760351023;;0.0;0.0;5237709.808;6.0;XS2102360315;Bond;5175788.713732501;5116293.46612899;0.0025;1.763984288412276;0.004;1.7613058508596418
696;300193;XS2112289207;1737955.240286;4.633653382;4.633653382;4676.775873;-48318.493061495086;;0.0;0.0;1787637.479;7.0;XS2112289207;Bond;1737955.240286;1689636.747224505;0.0025;4.620056128390847;0.0035;4.614617226947186
697;300193;XS2112475509;1192856.6084685002;2.765207396;2.765207396;1257.737393;-21440.223454679726;;0.0;0.0;1214725.877;6.0;XS2112475509;Bond;1192856.6084685002;1171416.3850138204;0.0025;2.7579635483267464;0.004;2.7536172397227947
698;300193;XS2114852218;2915789.366452;2.073724588;2.073724588;1869.608871;-36279.26461584273;;0.0;0.0;2952494.356;7.0;XS2114852218;Bond;2915789.366452;2879510.1018361575;0.0025;2.0684453816187274;0.0035;2.0663336990662184
699;300193;XS2115091808;1039266.159944;6.49482177;6.49482177;5312.919761;-40499.09088257155;;0.0;0.0;1082919.233;8.0;XS2115091808;Bond;1039266.159944;998767.0690614284;0.0025;6.472473946330817;0.0035;6.4635348168631435
700;300193;XS2117454871;1779416.09576;9.112054066;9.112054066;17769.51744;-97284.81402285452;;0.0;0.0;1883373.041;6.0;XS2117454871;Bond;1779416.09576;1682131.2817371455;0.0025;9.069974119650558;0.0035;9.053142141110781
701;300193;XS2123320033;3678934.3744;1.847216529;1.847216529;1941.332463;-44172.624505736705;;0.0;0.0;3724940.753;8.0;XS2123320033;Bond;3678934.3744;3634761.749894263;0.0025;1.8425548312781965;0.004;1.8397578126451144
702;300193;XS2123970167;1098673.3203425;2.77277846;2.77277846;1191.975008;-50265.232334169;;0.0;0.0;1151361.74;5.0;XS2123970167;Bond;1098673.3203425;1048408.088008331;0.0025;2.7648761575130805;0.014;2.728525566073251
703;300193;XS2147977636;750650.265256;4.578824607;4.578824607;2005.723134;-20622.575434831495;;0.0;0.0;772089.3151;7.0;XS2147977636;Bond;750650.265256;730027.6898211685;0.0025;4.564439172697892;0.0035;4.558684998977049
704;300193;XS2151069775;3145835.418225;0.9765432;0.9765432;610.3339165;-19968.28720891407;;0.0;0.0;3166446.589;7.0;XS2151069775;Bond;3145835.418225;3125867.131016086;0.0025;0.9740769590079441;0.004;0.9725972144127105
705;300193;XS2160857798;887067.70857;4.758747539;4.758747539;2535.234962;-25327.98765050314;;0.0;0.0;913099.863;6.0;XS2160857798;Bond;887067.70857;861739.7209194968;0.0025;4.74391186255576;0.0035;4.737977591978065
706;300193;XS2171713006;329626.79283;6.55186852;6.55186852;1741.601528;-12958.028443748633;;0.0;0.0;343143.1233;7.0;XS2171713006;Bond;329626.79283;316668.76438625134;0.0025;6.527097079661505;0.0035;6.517188503526107
707;300193;XS2176534795;3023101.907466;2.560798776;2.560798776;2791.80426;-46449.333986173195;;0.0;0.0;3070242.192;7.0;XS2176534795;Bond;3023101.907466;2976652.5734798266;0.0025;2.554105752924614;0.0035;2.5514285436944593
708;300193;XS2176621170;2193794.322884;0.865506294;0.865506294;354.4336193;-22784.91353037084;;0.0;0.0;2217577.397;7.0;XS2176621170;Bond;2193794.322884;2171009.409353629;0.0025;0.8633399989032976;0.0095;0.8572743726325309
709;300193;XS2178833773;2832790.6405720003;0.503715052;0.503715052;212.2650447;-8561.51570892503;;0.0;0.0;2841619.123;7.0;XS2178833773;Bond;2832790.6405720003;2824229.124863075;0.0025;0.5024760884624729;0.0035;0.5019805030474621
710;300193;XS2180008513;893458.925882;6.309663027;6.309663027;4487.646202;-33824.54850468473;;0.0;0.0;928827.9452;7.0;XS2180008513;Bond;893458.925882;859634.3773773153;0.0025;6.283623185567679;0.0035;6.27320724899475
711;300193;XS2181959110;862703.673552;6.176077478;6.176077478;4401.217995;-63937.496740948445;;0.0;0.0;934806.8493;7.0;XS2181959110;Bond;862703.673552;798766.1768110516;0.0025;6.14389589249349;0.0095;6.053787453075263
712;300193;XS2183818637;3168954.6321119997;0.430681445;0.430681445;192.2397471;-16377.71952116927;;0.0;0.0;3185922.945;7.0;XS2183818637;Bond;3168954.6321119997;3152576.9125908306;0.0025;0.42962857481079714;0.0095;0.42668053828102903
713;300193;XS2187689034;4504307.6101444;0.204226218;0.204226218;106.8359383;-5519.386247570455;;0.0;0.0;4510090.411;4.0;XS2187689034;Bond;4504307.6101444;4498788.223896829;0.0025;0.20373752349388993;0.0035;0.2035420456914459
714;300193;XS2188805845;899488.981422;4.832279556;4.832279556;2278.659268;-26079.493294636763;;0.0;0.0;926310.0;6.0;XS2188805845;Bond;899488.981422;873409.4881273633;0.0025;4.8273248196522855;0.0035;4.8253429251132
715;300193;XS2194283672;3642376.9336980004;1.191197829;1.191197829;950.5627051;-26032.748974924412;;0.0;0.0;3668550.507;6.0;XS2194283672;Bond;3642376.9336980004;3616344.184723076;0.0025;1.1882208800737593;0.0035;1.1870301005032629
716;300193;XS2194283839;1874572.1889819999;3.938568903;3.938568903;3797.196488;-44298.79037971887;;0.0;0.0;1919911.507;7.0;XS2194283839;Bond;1874572.1889819999;1830273.398602281;0.0025;3.9267088744906644;0.0035;3.92196486308693
717;300193;XS2200175839;1970680.519204;1.234157158;1.234157158;543.6269461;-15808.841547894022;;0.0;0.0;1986592.055;5.0;XS2200175839;Bond;1970680.519204;1954871.677656106;0.0025;1.2310685809272062;0.004;1.2292154346835298
718;300193;XS2200513070;801494.436316;6.774413443;6.774413443;4477.537141;-32577.928103212907;;0.0;0.0;835490.3014;7.0;XS2200513070;Bond;801494.436316;768916.5082127871;0.0025;6.749482996303799;0.0035;6.739510817625319
719;300193;XS2221845683;2188076.32004;5.655587062;5.655587062;9065.788203;-148498.27351544157;;0.0;0.0;2353946.918;8.0;XS2221845683;Bond;2188076.32004;2039578.0465245587;0.0025;5.631969506205965;0.0095;5.565840349982666
720;300193;XS2226645278;334822.04298;6.461070119;6.461070119;1850.082943;-25959.704364967347;;0.0;0.0;364226.0274;7.0;XS2226645278;Bond;334822.04298;308862.33861503267;0.0025;6.427294413786128;0.0095;6.332722439187284
721;300193;XS2227906208;2120995.61787;6.338646674;6.338646674;10437.04374;-87387.57182207162;;0.0;0.0;2212039.714;6.0;XS2227906208;Bond;2120995.61787;2033608.0460479285;0.0025;6.316072206436778;0.004;6.302527525898845
722;300193;XS2228260043;405244.6087954;0.447890899;0.447890899;25.86310543;-1089.03223288965;;0.0;0.0;406366.8493;6.0;XS2228260043;Bond;405244.6087954;404155.57656251034;0.0025;0.44679689030656966;0.0035;0.4463592868291975
723;300193;XS2228897158;2130721.803566;2.682301308;2.682301308;2133.829651;-37149.04622447981;;0.0;0.0;2168509.0;6.0;XS2228897158;Bond;2130721.803566;2093572.7573415202;0.0025;2.6752516940416684;0.004;2.671021925666669
724;300193;XS2229470146;2063364.5982;7.187456086;7.187456086;12901.46202;-88982.0546338172;;0.0;0.0;2156609.178;6.0;XS2229470146;Bond;2063364.5982;1974382.5435661827;0.0025;7.160289068111929;0.0035;7.149422260956701
725;300193;XS2231165668;6148791.18407;2.348121027;2.348121027;4910.268288;-93847.68815465548;;0.0;0.0;6244011.733;5.0;XS2231165668;Bond;6148791.18407;6054943.495915345;0.0025;2.341940843594152;0.004;2.3382327335506434
726;300193;XS2231331344;813219.68715;6.919438727;6.919438727;4745.790684;-33762.1427809472;;0.0;0.0;848467.2603;6.0;XS2231331344;Bond;813219.68715;779457.5443690529;0.0025;6.893240208330439;0.0035;6.882760800862614
727;300193;XS2232115423;794774.687511;6.314075669;6.314075669;3882.044899;-32618.73885887684;;0.0;0.0;828874.7945;7.0;XS2232115423;Bond;794774.687511;762155.9486521231;0.0025;6.291633056414105;0.004;6.278167488862569
728;300193;XS2236363573;1912040.647326;3.254243284;3.254243284;-8998.968938;-37333.4726117739;;0.0;0.0;1950115.068;6.0;XS2236363573;Bond;1912040.647326;1874707.174714226;0.0025;3.398380373806877;0.0035;3.4560352097296274
729;300193;XS2238787415;5387612.444883999;0.528815309;0.528815309;429.7614707;-17094.311638881467;;0.0;0.0;5404759.6;5.0;XS2238787415;Bond;5387612.444883999;5370518.133245118;0.0025;0.5275202119353714;0.0035;0.5270021731095198
730;300193;XS2242921711;2819212.28498;3.41565914;3.41565914;4334.744564;-57776.80925275332;;0.0;0.0;2878168.247;6.0;XS2242921711;Bond;2819212.28498;2761435.4757272466;0.0025;3.4063866345247926;0.0035;3.4026776323347097
731;300193;XS2265371042;1369742.4875205;2.831396102;2.831396102;1506.016338;-25208.84300941063;;0.0;0.0;1396197.74;6.0;XS2265371042;Bond;1369742.4875205;1344533.6445110894;0.0025;2.8239508951092613;0.004;2.819483770974818
732;300193;XS2280835260;2798134.1286;5.920406675;5.920406675;12029.19998;-107679.59782130686;;0.0;0.0;2909847.26;7.0;XS2280835260;Bond;2798134.1286;2690454.530778693;0.0025;5.90055952214174;0.004;5.888651230426784
733;300193;XS2282094494;4105252.235604;0.765983248;0.765983248;549.7913064;-18867.326647723276;;0.0;0.0;4124711.835;6.0;XS2282094494;Bond;4105252.235604;4086384.9089562767;0.0025;0.7641019768488891;0.0035;0.7633494683884448
734;300193;XS2282195176;922038.9221535;2.686587554;2.686587554;925.4438471;-16101.39890164759;;0.0;0.0;938925.6164;6.0;XS2282195176;Bond;922038.9221535;905937.5232518525;0.0025;2.679539615181438;0.004;2.6753108518903006
735;300193;XS2286012849;2120982.889525;5.434238852;5.434238852;7745.780906;-74918.52954744587;;0.0;0.0;2198408.986;6.0;XS2286012849;Bond;2120982.889525;2046064.359977554;0.0025;5.416766804676235;0.004;5.406283576281976
736;300193;XS2292263121;1015474.0852445;4.646952565;4.646952565;2750.364963;-30672.589383266728;;0.0;0.0;1048221.666;8.0;XS2292263121;Bond;1015474.0852445;984801.4958612332;0.0025;4.633226632524101;0.004;4.624991073038562
737;300193;XS2299135819;3175749.264732;0.842369073;0.842369073;490.6642622;-32101.835570552717;;0.0;0.0;3209430.651;6.0;XS2299135819;Bond;3175749.264732;3143647.429161447;0.0025;0.84028045053784;0.0095;0.8344323076437921
738;300193;XS2303927227;7114238.4189;2.809512261;2.809512261;7696.64029;-119925.24039346082;;0.0;0.0;7236320.712;5.0;XS2303927227;Bond;7114238.4189;6994313.178506539;0.0025;2.8021990523355123;0.0035;2.7992737688697167
739;300193;XS2304340263;3800300.00312;1.899672791;1.899672791;2098.261927;-43315.95908138568;;0.0;0.0;3844098.74;6.0;XS2304340263;Bond;3800300.00312;3756984.0440386143;0.0025;1.8948914177420533;0.0035;1.8929788684388746
740;300193;XS2307573993;3010584.323618;0.894383021;0.894383021;506.0069755;-16155.69301399625;;0.0;0.0;3027305.0;5.0;XS2307573993;Bond;3010584.323618;2994428.6306040036;0.0025;0.892180923431408;0.0035;0.8913000844039711
741;300193;XS2307768734;5846297.79792;2.060002284;2.060002284;3714.869447;-72260.3208999562;;0.0;0.0;5919424.467;6.0;XS2307768734;Bond;5846297.79792;5774037.477020044;0.0025;2.054725743808626;0.0035;2.0526151277320763
742;300193;XS2314267449;847442.2624179999;5.686191005;5.686191005;3356.44326;-28912.311418908488;;0.0;0.0;877334.3836;5.0;XS2314267449;Bond;847442.2624179999;818529.9509990914;0.0025;5.668006053983144;0.0035;5.660732073576402
743;300193;XS2319954710;3821235.889104;1.419323654;1.419323654;1320.991241;-65082.845819028335;;0.0;0.0;3889854.795;7.0;XS2319954710;Bond;3821235.889104;3756153.0432849713;0.0025;1.415717418549229;0.0095;1.4056199592870702
744;300193;XS2323295563;2804798.548668;0.96969527;0.96969527;531.3180091;-16318.799315677348;;0.0;0.0;2821355.655;6.0;XS2323295563;Bond;2804798.548668;2788479.7493523224;0.0025;0.9673102475466743;0.0035;0.966356238565344
745;300193;XS2324836878;1003586.886568;2.908993615;2.908993615;1154.740449;-17516.567070744248;;0.0;0.0;1021423.534;6.0;XS2324836878;Bond;1003586.886568;986070.3194972557;0.0025;2.901383891392691;0.0035;2.898340001949767
746;300193;XS2325562424;6723236.444734;0.491034776;0.491034776;485.1064432;-19808.057409809975;;0.0;0.0;6743077.72;5.0;XS2325562424;Bond;6723236.444734;6703428.38732419;0.0025;0.48983372116340923;0.0035;0.4893532992287729
747;300193;XS2325733413;11547649.369620001;1.936030021;1.936030021;6585.956108;-134139.5751093963;;0.0;0.0;11683782.9;7.0;XS2325733413;Bond;11547649.369620001;11413509.794510605;0.0025;1.9311423335535405;0.0035;1.9291872585749565
748;300193;XS2338643740;5737917.4634645;1.534803947;1.534803947;2234.037548;-57242.759408156024;;0.0;0.0;5797331.178;8.0;XS2338643740;Bond;5737917.4634645;5680674.704056344;0.0025;1.530959344714589;0.004;1.5286525833433424
749;300193;XS2342059784;5717319.34062305;0.115068493;0.11588399;7.575852301;-4294.891410495392;;0.0;0.0;5721598.783;7.0;XS2342059784;Bond;5717319.34062305;5713024.449212555;0.0025;0.11506846812787727;0.004;0.11588470356883177
750;300193;XS2342732562;1353123.95365;2.514777899;2.514777899;1220.63741;-20416.83727947912;;0.0;0.0;1374869.578;6.0;XS2342732562;Bond;1353123.95365;1332707.116370521;0.0025;2.508035958931419;0.0035;2.505339182903987
751;300193;XS2343340852;21967573.039645;1.583172051;1.583172051;8994.234934;-226059.90982033603;;0.0;0.0;22202489.18;6.0;XS2343340852;Bond;21967573.039645;21741513.129824664;0.0025;1.579202326743572;0.004;1.5768204921897153
752;300193;XS2343459074;5739173.996824;1.337588741;1.337588741;1805.662166;-92119.85424950102;;0.0;0.0;5835616.438;7.0;XS2343459074;Bond;5739173.996824;5647054.142574499;0.0025;1.3341960859730082;0.0095;1.3246966518974312
753;300193;XS2346206902;11122196.23418;1.743211342;1.743211342;5333.265209;-126024.20105191972;;0.0;0.0;11249692.15;6.0;XS2346206902;Bond;11122196.23418;10996172.033128079;0.0025;1.7388204195850618;0.004;1.736185866136099
754;300193;XS2348325221;4756612.7809999995;2.632361274;2.632361274;4597.161128;-75126.73968070706;;0.0;0.0;4832931.164;6.0;XS2348325221;Bond;4756612.7809999995;4681486.041319292;0.0025;2.6255226412115524;0.0035;2.6227871880961735
755;300193;XS2353366268;3513077.652132;2.121607075;2.121607075;2353.364536;-48446.90761161965;;0.0;0.0;3563670.205;6.0;XS2353366268;Bond;3513077.652132;3464630.74452038;0.0025;2.1161129451034646;0.004;2.112816467165543
756;300193;XS2354444023;6436465.264374;0.777092512;0.777092512;880.2951717;-30010.373764158816;;0.0;0.0;6466548.0;6.0;XS2354444023;Bond;6436465.264374;6406454.890609841;0.0025;0.7751830223217899;0.0035;0.7744192264505059
757;300193;XS2356040357;1957580.6331719998;3.633403647;3.633403647;3365.651028;-42676.08367118228;;0.0;0.0;2001162.795;8.0;XS2356040357;Bond;1957580.6331719998;1914904.5495008174;0.0025;3.623425423788515;0.0035;3.619434134503921
758;300193;XS2369906644;1382705.2420649999;7.683322266;7.683322266;9942.696197;-69054.50482887407;;0.0;0.0;1455995.589;6.0;XS2369906644;Bond;1382705.2420649999;1313650.7372361259;0.0025;7.651136965328414;0.004;7.631825784925462
759;300193;XS2381261424;1225835.608648;6.130201162;6.130201162;5920.106274;-90175.42647065935;;0.0;0.0;1327545.205;7.0;XS2381261424;Bond;1225835.608648;1135660.1821773406;0.0025;6.10341344001099;0.0095;6.028407818441762
760;300193;XS2381853279;5829706.17966;3.308709063;3.308709063;8443.72467;-115732.81002760888;;0.0;0.0;5947663.836;7.0;XS2381853279;Bond;5829706.17966;5713973.369632391;0.0025;3.2998680454767686;0.0035;3.296331638467476
761;300193;XS2382849888;5444418.262521501;0.413289727;0.413289727;312.8475641;-14625.793893043618;;0.0;0.0;5459487.945;5.0;XS2382849888;Bond;5444418.262521501;5429792.468628457;0.0025;0.41228019615064593;0.004;0.4116744776410335
762;300193;XS2384269101;7368389.124679999;1.399246671;1.399246671;2472.273709;-67016.2606967171;;0.0;0.0;7437804.362;6.0;XS2384269101;Bond;7368389.124679999;7301372.863983282;0.0025;1.3957532912567476;0.004;1.3936572634107962
763;300193;XS2384274366;2815115.472884;3.293843059;3.293843059;4058.248172;-55635.29136385479;;0.0;0.0;2871807.23;6.0;XS2384274366;Bond;2815115.472884;2759480.181520145;0.0025;3.2849267622255005;0.0035;3.2813602435157008
764;300193;XS2384274440;2299066.0064399997;3.488662515;3.488662515;3663.334991;-48123.99237706785;;0.0;0.0;2348234.877;6.0;XS2384274440;Bond;2299066.0064399997;2250942.0140629318;0.0025;3.479254395384512;0.0035;3.4754911475383166
765;300193;XS2384723263;2138205.977544;4.292221412;4.292221412;4975.458585;-55065.92088048449;;0.0;0.0;2194690.011;6.0;XS2384723263;Bond;2138205.977544;2083140.0566635155;0.0025;4.2801060391363634;0.0035;4.275259889990909
766;300193;XS2385397901;5440856.863152;1.420062835;1.420062835;1865.882474;-46358.15173150101;;0.0;0.0;5487675.0;8.0;XS2385397901;Bond;5440856.863152;5394498.711420499;0.0025;1.4165308040145896;0.0035;1.4151179916204255
767;300193;XS2386877133;6188120.041185;4.313674855;4.313674855;14567.0231;-173507.99583897844;;0.0;0.0;6366423.137;5.0;XS2386877133;Bond;6188120.041185;6014612.045346022;0.0025;4.3013435702536755;0.004;4.293944799405881
768;300193;XS2388182573;3532521.37408;4.295322687;4.295322687;8255.156142;-91039.91520238941;;0.0;0.0;3625830.268;6.0;XS2388182573;Bond;3532521.37408;3441481.4588776105;0.0025;4.28302463032797;0.0035;4.278105407659158
769;300193;XS2388449758;1715617.0435755;3.347503235;3.347503235;2549.423246;-37329.718422035796;;0.0;0.0;1754947.233;6.0;XS2388449758;Bond;1715617.0435755;1678287.3251534642;0.0025;3.3383674419665037;0.004;3.332885966146406
770;300193;XS2389343380;3884640.2921;4.288378936;4.288378936;9076.881966;-108282.26241676044;;0.0;0.0;3999910.685;7.0;XS2389343380;Bond;3884640.2921;3776358.0296832398;0.0025;4.275939218286124;0.004;4.2684753876578
771;300193;XS2390506546;7014536.326735;2.413010213;2.413010213;5833.734478;-110019.9606731619;;0.0;0.0;7129789.041;8.0;XS2390506546;Bond;7014536.326735;6904516.366061838;0.0025;2.4067751689190615;0.004;2.403034142470498
772;300193;XS2393236000;6515372.8246;3.401635763;3.401635763;9920.251288;-132977.55125662612;;0.0;0.0;6650999.041;6.0;XS2393236000;Bond;6515372.8246;6382395.273343374;0.0025;3.3924987901375356;0.0035;3.3888440009925502
773;300193;XS2397367421;1705434.83038;7.97178846;7.97178846;13045.24938;-81572.19420063205;;0.0;0.0;1791464.521;7.0;XS2397367421;Bond;1705434.83038;1623862.636179368;0.0025;7.939431441705871;0.0035;7.926488634388219
774;300193;XS2400445289;4906593.689298;1.531382281;1.531382281;1903.294101;-45083.22381514426;;0.0;0.0;4952116.767;6.0;XS2400445289;Bond;4906593.689298;4861510.465482856;0.0025;1.527547475668076;0.0035;1.5260135535353063
775;300193;XS2403444677;7627446.904800001;3.457171427;3.457171427;12007.4687;-171401.044751522;;0.0;0.0;7808279.315;7.0;XS2403444677;Bond;7627446.904800001;7456045.8600484785;0.0025;3.4476953924504117;0.004;3.442009771720659
776;300193;XS2404642923;3708410.8125650003;3.894709002;3.894709002;7304.899396;-93880.67633627178;;0.0;0.0;3804634.882;7.0;XS2404642923;Bond;3708410.8125650003;3614530.1362287286;0.0025;3.8833854136431114;0.004;3.8765912606289783
777;300193;XS2405875480;2011751.334734;4.461655244;4.461655244;5031.557083;-53854.4453534397;;0.0;0.0;2067030.479;6.0;XS2405875480;Bond;2011751.334734;1957896.8893805603;0.0025;4.448894087548835;0.0035;4.443789624968369
778;300193;XS2406569579;2028105.92074;9.389074917;9.389074917;21627.30215;-114252.23057663473;;0.0;0.0;2149950.685;7.0;XS2406569579;Bond;2028105.92074;1913853.6901633653;0.0025;9.34286690620251;0.0035;9.324383701883514
779;300193;XS2406914346;2676051.4198680003;1.661798217;1.661798217;1184.766709;-26682.34486882177;;0.0;0.0;2703061.254;6.0;XS2406914346;Bond;2676051.4198680003;2649369.0749991788;0.0025;1.657633914635665;0.0035;1.6559681936899309
780;300193;XS2407010656;4190563.4503800003;2.760779505;2.760779505;4402.801819;-69415.33012926714;;0.0;0.0;4261194.048;6.0;XS2407010656;Bond;4190563.4503800003;4121148.120250733;0.0025;2.753568095241195;0.0035;2.7506835313376725
781;300193;XS2407357768;6590007.5450665;0.604103717;0.604103717;631.4506245;-25876.812344712664;;0.0;0.0;6616637.244;7.0;XS2407357768;Bond;6590007.5450665;6564130.732721788;0.0025;0.6026205850415495;0.004;0.6017307058664791
782;300193;XS2407529309;6425260.560880001;2.517246204;2.517246204;5850.536905;-194087.5530790331;;0.0;0.0;6632140.411;7.0;XS2407529309;Bond;6425260.560880001;6231173.007800967;0.0025;2.5103237132586638;0.0095;2.4909407391829217
783;300193;XS2407955827;633682.52248;7.252494869;7.252494869;3998.510086;-27574.675457167068;;0.0;0.0;662452.4932;6.0;XS2407955827;Bond;633682.52248;606107.847022833;0.0025;7.226242624200624;0.0035;7.215741726280873
784;300193;XS2407985220;2281282.098408;1.589517101;1.589517101;938.9260933;-21756.821445748086;;0.0;0.0;2303280.0;6.0;XS2407985220;Bond;2281282.098408;2259525.276962252;0.0025;1.5855440562916172;0.0035;1.583954838408264
785;300193;XS2411311652;987153.5538519999;3.578059116;3.578059116;1648.19582;-21192.56263351167;;0.0;0.0;1008832.663;7.0;XS2411311652;Bond;987153.5538519999;965960.9912184882;0.0025;3.568324263036579;0.0035;3.5644303218512103
786;300193;XS2430951660;3536785.632934;1.771383576;1.771383576;1742.678134;-40722.52588307834;;0.0;0.0;3579156.885;8.0;XS2430951660;Bond;3536785.632934;3496063.107050922;0.0025;1.76690984134405;0.004;1.76422560055048
787;300193;XS2431029441;2422752.42948;6.467417168;6.467417168;13271.28139;-188027.4078747919;;0.0;0.0;2635684.932;8.0;XS2431029441;Bond;2422752.42948;2234725.021605208;0.0025;6.435041621659025;0.0095;6.344390091904294
788;300193;XS2431319107;3194949.871135;7.717569375;7.717569375;23709.69364;-160272.10732085587;;0.0;0.0;3366320.0;6.0;XS2431319107;Bond;3194949.871135;3034677.7638141443;0.0025;7.680946797333056;0.004;7.65897325073289
789;300193;XS2432130610;4880976.096204;1.68403663;1.68403663;2230.738211;-49318.45521697164;;0.0;0.0;4932842.466;6.0;XS2432130610;Bond;4880976.096204;4831657.640987028;0.0025;1.6797009016420403;0.0035;1.6779666102988564
790;300193;XS2432293756;4630958.43558;5.473068922;5.473068922;17100.76287;-152073.32815707984;;0.0;0.0;4787805.0;7.0;XS2432293756;Bond;4630958.43558;4478885.107422921;0.0025;5.4556375082608675;0.0035;5.448664942765213
791;300193;XS2433141947;4316288.25011;6.221819059;6.221819059;20746.76096;-174558.56924136906;;0.0;0.0;4505112.945;6.0;XS2433141947;Bond;4316288.25011;4141729.680868631;0.0025;6.198431119554256;0.004;6.184398355886809
792;300193;XS2434787235;2320207.6185149997;8.015896824;8.015896824;18250.21097;-120890.54172178745;;0.0;0.0;2452731.781;7.0;XS2434787235;Bond;2320207.6185149997;2199317.0767932124;0.0025;7.979889170421384;0.004;7.958284578274213
793;300193;XS2441247041;3424382.53868;4.713487024;4.713487024;9578.71265;-96844.69596768216;;0.0;0.0;3524690.0;6.0;XS2441247041;Bond;3424382.53868;3327537.842712318;0.0025;4.699099206162592;0.0035;4.6933440790276295
794;300193;XS2442765124;2356148.1540200002;8.083678085;8.083678085;18661.5751;-114278.0591859881;;0.0;0.0;2477226.986;7.0;XS2442765124;Bond;2356148.1540200002;2241870.094834012;0.0025;8.049033357929314;0.0035;8.035175467101041
795;300193;XS2443920751;2778379.0957;4.545420379;4.545420379;7316.023654;-82087.85625418542;;0.0;0.0;2866141.096;8.0;XS2443920751;Bond;2778379.0957;2696291.2394458144;0.0025;4.531242532673603;0.004;4.522735824877765
796;300193;XS2444286145;4631931.8703000005;3.694229763;3.694229763;8250.735629;-102668.52345270311;;0.0;0.0;4737072.603;5.0;XS2444286145;Bond;4631931.8703000005;4529263.346847298;0.0025;3.6838162694225836;0.0035;3.679650871991617
797;300193;XS2446844594;2060971.046428;4.673449887;4.673449887;5656.157472;-57791.06942423526;;0.0;0.0;2120373.466;7.0;XS2446844594;Bond;2060971.046428;2003179.9770037648;0.0025;4.65944237551454;0.0035;4.653839370920356
798;300193;XS2446846888;1644535.7359;8.991629435;8.991629435;16154.79172;-88722.33557896697;;0.0;0.0;1739313.205;7.0;XS2446846888;Bond;1644535.7359;1555813.400321033;0.0025;8.9481700725485;0.0035;8.930786327567901
799;300193;XS2448014808;3846960.601055;3.735757642;3.735757642;6831.339267;-93413.53101511684;;0.0;0.0;3942849.534;6.0;XS2448014808;Bond;3846960.601055;3753547.0700398833;0.0025;3.7262529616664275;0.004;3.7205501534662844
800;300193;XS2452434645;2029556.2450400002;5.49903422;5.49903422;5729.38319;-66963.595457338;;0.0;0.0;2098713.137;7.0;XS2452434645;Bond;2029556.2450400002;1962592.6495826622;0.0025;5.504058329657376;0.0035;5.5060679735203255
801;300193;XS2452435295;826474.2171499999;7.933904918;7.933904918;5736.011417;-39343.0071362795;;0.0;0.0;868321.5068;6.0;XS2452435295;Bond;826474.2171499999;787131.2100137204;0.0025;7.9177635558194535;0.0035;7.911307010947236
802;300193;XS2455983861;1783083.13582;6.428058427;6.428058427;9030.998501;-68770.57546349603;;0.0;0.0;1854496.192;7.0;XS2455983861;Bond;1783083.13582;1714312.5603565038;0.0025;6.404737717560126;0.0035;6.395409433784176
803;300193;XS2456839369;1597732.8348400001;7.923772923;7.923772923;12446.08706;-82290.46913680594;;0.0;0.0;1685627.425;7.0;XS2456839369;Bond;1597732.8348400001;1515442.3657031942;0.0025;7.885992305097487;0.004;7.8633239343559795
804;300193;XS2459544339;2885602.5888799997;4.14084708;4.14084708;6408.437546;-71693.03432522513;;0.0;0.0;2959079.096;8.0;XS2459544339;Bond;2885602.5888799997;2813909.5545547744;0.0025;4.128192825209948;0.0035;4.123131123293927
805;300193;XS2461234622;1769624.7693475;3.741727582;3.741727582;3244.197847;-43039.44976017653;;0.0;0.0;1815203.468;9.0;XS2461234622;Bond;1769624.7693475;1726585.3195873236;0.0025;3.7308971756735403;0.004;3.7243989318776642
806;300193;XS2462321485;1832684.50714;8.959219837;8.959219837;17977.41816;-98516.54034798752;;0.0;0.0;1938146.041;7.0;XS2462321485;Bond;1832684.50714;1734167.9667920123;0.0025;8.914655486571696;0.0035;8.896829746400375
807;300193;XS2462324828;1184141.009056;4.654980329;4.654980329;3247.458615;-33072.91862350734;;0.0;0.0;1218471.658;7.0;XS2462324828;Bond;1184141.009056;1151068.0904324928;0.0025;4.640590949211821;0.0035;4.634835197296549
808;300193;XS2462325122;1173935.90659;7.897405894;7.897405894;9070.743076;-55626.2900872926;;0.0;0.0;1233227.014;7.0;XS2462325122;Bond;1173935.90659;1118309.6165027074;0.0025;7.860158973627913;0.0035;7.845260205479077
809;300193;XS2463518998;2748647.2279;5.555287921;5.555287921;2021.431795;-91617.160465458;;0.0;0.0;2844154.027;7.0;XS2463518998;Bond;2748647.2279;2657030.067434542;0.0025;5.61405528379199;0.0035;5.637562228908787
810;300193;XS2466368938;3918542.11056;3.914159534;3.914159534;7838.248572;-92026.79376857344;;0.0;0.0;4012698.411;7.0;XS2466368938;Bond;3918542.11056;3826515.3167914264;0.0025;3.9024537176741383;0.0035;3.897771391143794
811;300193;XS2466401572;4809401.96832;8.011808486;8.011808486;38636.50142;-231192.04501422768;;0.0;0.0;5055361.233;7.0;XS2466401572;Bond;4809401.96832;4578209.923305772;0.0025;7.971442786677402;0.0035;7.955296506948363
812;300193;XS2484587048;4718759.54592;5.378198617;5.378198617;17548.06849;-152270.55638293497;;0.0;0.0;4877221.233;7.0;XS2484587048;Bond;4718759.54592;4566488.989537066;0.0025;5.357541456700517;0.0035;5.349278592580724
813;300193;XS2487667276;2501636.5812049997;0.816362578;0.816362578;367.6039084;-13274.57617623553;;0.0;0.0;2515433.562;7.0;XS2487667276;Bond;2501636.5812049997;2488362.0050287643;0.0025;0.8143550634431738;0.004;0.813150554709078
814;300193;XS2491029380;3082517.76512;4.647053501;4.647053501;-13774.92456;-85947.74983377356;;0.0;0.0;3170831.342;6.0;XS2491029380;Bond;3082517.76512;2996570.0152862268;0.0025;4.812759394523103;0.0035;4.879041751932343
815;300193;XS2517103334;1574429.6851400002;6.368771085;6.368771085;6249.243676;-60163.09352451173;;0.0;0.0;1637757.644;6.0;XS2517103334;Bond;1574429.6851400002;1514266.5916154885;0.0025;6.370943922022763;0.0035;6.371813056831868
816;300193;XS2521820048;2648450.6076579997;2.233483269;2.233483269;1947.177594;-35491.62072586216;;0.0;0.0;2684404.726;6.0;XS2521820048;Bond;2648450.6076579997;2612958.9869321375;0.0025;2.227574041284859;0.0035;2.2252103501988025
817;300193;XS2527421668;3801872.7019;3.111341907;3.111341907;5051.12052;-70973.55517500473;;0.0;0.0;3874904.767;6.0;XS2527421668;Bond;3801872.7019;3730899.1467249957;0.0025;3.102328340841962;0.0035;3.0987229143787474
818;300193;XS2527451905;2936108.3733699997;4.059465198;4.059465198;6362.603405;-77473.69343513736;;0.0;0.0;3018080.959;7.0;XS2527451905;Bond;2936108.3733699997;2858634.6799348625;0.0025;4.04648786064537;0.004;4.038701458232592
819;300193;XS2531420656;5553224.156359999;3.457230196;3.457230196;8898.674658;-115192.64543114649;;0.0;0.0;5672730.89;7.0;XS2531420656;Bond;5553224.156359999;5438031.5109288525;0.0025;3.4470504500003316;0.0035;3.4429785516004645
820;300193;XS2531420730;1700999.417776;2.189471038;2.189471038;1213.51595;-22345.733765252488;;0.0;0.0;1723628.836;6.0;XS2531420730;Bond;1700999.417776;1678653.6840107476;0.0025;2.1836201590381705;0.0035;2.1812798074534383
821;300193;XS2532312548;1980273.66685;3.952100507;3.952100507;4082.057199;-46957.4433765398;;0.0;0.0;2028469.315;6.0;XS2532312548;Bond;1980273.66685;1933316.2234734602;0.0025;3.9396142495957918;0.0035;3.934619746634109
822;300193;XS2535309798;2183259.93572;7.796059725;7.796059725;17103.46001;-102124.94912443668;;0.0;0.0;2293058.096;7.0;XS2535309798;Bond;2183259.93572;2081134.9865955634;0.0025;7.752158364079088;0.0035;7.734597819710723
823;300193;XS2537251170;1726023.790064;4.73982016;4.73982016;2117.676485;-53176.775319102206;;0.0;0.0;1781796.781;7.0;XS2537251170;Bond;1726023.790064;1672847.0147448978;0.0025;4.765312138650321;0.004;4.7806073258405135
824;300193;XS2553817763;3530654.4410400004;6.538146243;6.538146243;19189.25467;-138503.61041410165;;0.0;0.0;3677470.041;7.0;XS2553817763;Bond;3530654.4410400004;3392150.8306258987;0.0025;6.509138587309697;0.0035;6.497535525033576
825;300193;XS2554489513;2916057.75462;4.380287553;4.380287553;7528.085808;-76639.02891834667;;0.0;0.0;2997697.26;7.0;XS2554489513;Bond;2916057.75462;2839418.725701653;0.0025;4.363714926844705;0.0035;4.357085876382587
826;300193;XS2554745708;2670547.637545;6.191525905;6.191525905;13558.15081;-107475.9717095767;;0.0;0.0;2786763.699;7.0;XS2554745708;Bond;2670547.637545;2563071.665835423;0.0025;6.160440442831601;0.004;6.141789165530562
827;300193;XS2555187801;8387081.427575;4.028291271;4.028291271;18305.23655;-219606.44487513282;;0.0;0.0;8620362.329;7.0;XS2555187801;Bond;8387081.427575;8167474.982699866;0.0025;4.014295311699622;0.004;4.005897736119396
828;300193;XS2555220941;4690523.62584;5.485286333;5.485286333;18407.15239;-154373.19083660256;;0.0;0.0;4854047.055;7.0;XS2555220941;Bond;4690523.62584;4536150.435003397;0.0025;5.462399052702284;0.0035;5.453244140583198
829;300193;XS2555918270;6213692.660228;1.542467124;1.542467124;2469.256893;-62298.70820577165;;0.0;0.0;6278145.548;6.0;XS2555918270;Bond;6213692.660228;6151393.952022228;0.0025;1.5384803958614153;0.004;1.5360883589782643
830;300193;XS2557084733;3868694.84196;7.679819443;7.679819443;30145.26045;-193120.70613106847;;0.0;0.0;4079328.11;7.0;XS2557084733;Bond;3868694.84196;3675574.1358289314;0.0025;7.632465987902644;0.004;7.60405391484423
831;300193;XS2557526345;4466649.9102;7.820409086;7.820409086;35297.34141;-209586.17725025496;;0.0;0.0;4692000.0;7.0;XS2557526345;Bond;4466649.9102;4257063.732949745;0.0025;7.775745593845367;0.0035;7.757880196983514
832;300193;XS2558022591;7833991.54144;2.805525404;2.805525404;8595.419989;-263741.5474107725;;0.0;0.0;8116305.556;7.0;XS2558022591;Bond;7833991.54144;7570249.994029228;0.0025;2.797772949366168;0.0095;2.7760660763914395
833;300193;XS2558966953;6700575.0890999995;6.465166507;6.465166507;35786.62411;-259922.0018621272;;0.0;0.0;6976231.767;7.0;XS2558966953;Bond;6700575.0890999995;6440653.087237872;0.0025;6.436141733036452;0.0035;6.424531823451033
834;300193;XS2561748711;4995514.793485;5.006241303;5.006241303;16251.94673;-162556.8911777988;;0.0;0.0;5169239.041;7.0;XS2561748711;Bond;4995514.793485;4832957.902307201;0.0025;4.9875647405252606;0.004;4.976358803040417
835;300193;XS2572996606;5059674.0432400005;4.279280782;4.279280782;12171.99062;-140736.4783267376;;0.0;0.0;5209285.616;7.0;XS2572996606;Bond;5059674.0432400005;4918937.564913263;0.0025;4.264919224192775;0.004;4.256302289508441
836;300193;XS2573569576;5106990.744895;4.274750893;4.274750893;12274.56773;-141902.23610733714;;0.0;0.0;5257705.479;7.0;XS2573569576;Bond;5106990.744895;4965088.508787663;0.0025;4.260347544765814;0.004;4.2517055358253035
837;300193;XS2574873183;2701721.00494;7.865621814;7.865621814;21632.53534;-127504.29403078838;;0.0;0.0;2839062.301;7.0;XS2574873183;Bond;2701721.00494;2574216.7109092115;0.0025;7.820118169694316;0.0035;7.8019167119720425
838;300193;XS2575556589;4958715.15354;5.048499716;5.048499716;16221.98643;-150204.43226622953;;0.0;0.0;5115862.329;7.0;XS2575556589;Bond;4958715.15354;4808510.721273771;0.0025;5.030432859171128;0.0035;5.023206116439579
839;300193;XS2576067081;3829103.21746;7.747273988;7.747273988;29977.95305;-177990.6705239698;;0.0;0.0;4021083.781;7.0;XS2576067081;Bond;3829103.21746;3651112.54693603;0.0025;7.701600250649322;0.0035;7.683330755709051
840;300193;XS2576245281;3922650.4754799996;3.3564911;3.3564911;5959.754626;-78998.0484561563;;0.0;0.0;4003873.027;6.0;XS2576245281;Bond;3922650.4754799996;3843652.4270238434;0.0025;3.3466732239260177;0.0035;3.342746073496425
841;300193;XS2577826386;1403810.226014;5.218994875;5.218994875;5052.40759;-47622.10943775777;;0.0;0.0;1454921.233;8.0;XS2577826386;Bond;1403810.226014;1356188.116576242;0.0025;5.197112959301611;0.004;5.183983809882578
842;300193;XS2580221658;3131767.39531;2.730852813;2.730852813;3345.653847;-51314.374806863976;;0.0;0.0;3186020.548;6.0;XS2580221658;Bond;3131767.39531;3080453.020503136;0.0025;2.722789311577701;0.0035;2.7195639110087813
843;300193;XS2580271752;898454.68382;11.98428211;11.98428211;18335.03721;-69987.67356067327;;0.0;0.0;976869.863;6.0;XS2580271752;Bond;898454.68382;828467.0102593268;0.0025;11.833157072398546;0.004;11.742482049837673
844;300193;XS2582814039;3261642.91238;5.11909192;5.11909192;11265.35219;-100179.89927213834;;0.0;0.0;3366981.41;7.0;XS2582814039;Bond;3261642.91238;3161463.013107862;0.0025;5.098257453179799;0.0035;5.089923666451718
845;300193;XS2583742239;9034999.78224;5.068082241;5.068082241;29822.06486;-274740.7316628564;;0.0;0.0;9322892.658;8.0;XS2583742239;Bond;9034999.78224;8760259.050577143;0.0025;5.0497777179347665;0.0035;5.042455908708674
846;300193;XS2583742668;2350567.54446;12.25277201;12.25277201;41596.89189;-172805.8092982435;;0.0;0.0;2541209.37;7.0;XS2583742668;Bond;2350567.54446;2177761.7351617566;0.0025;12.18568478480392;0.0035;12.158849894725487
847;300193;XS2585932275;11913723.248925;3.868454909;3.868454909;14503.21359;-299570.05771401373;;0.0;0.0;12224341.58;7.0;XS2585932275;Bond;11913723.248925;11614153.191210987;0.0025;3.8754334280795604;0.004;3.8796205395272967
848;300193;XS2588859376;2406102.56922;12.44247085;12.44247085;52210.77394;-179627.1664777797;;0.0;0.0;2605632.384;7.0;XS2588859376;Bond;2406102.56922;2226475.40274222;0.0025;12.287025714868195;0.0035;12.224847660815472
849;300193;XS2590758665;4248978.50518;5.052387558;5.052387558;14370.44319;-128804.91680268526;;0.0;0.0;4384472.041;7.0;XS2590758665;Bond;4248978.50518;4120173.588377315;0.0025;5.031651767025074;0.0035;5.023357450635102
850;300193;XS2597113989;5836542.273130001;1.843950143;1.843950143;3091.794025;-69954.90423456347;;0.0;0.0;5909440.956;8.0;XS2597113989;Bond;5836542.273130001;5766587.368895438;0.0025;1.8392072626734415;0.004;1.8363615344775062
851;300193;XS2597114284;3283478.76479;5.132069935;5.132069935;11253.04765;-109531.777231433;;0.0;0.0;3400973.326;8.0;XS2597114284;Bond;3283478.76479;3173946.987558567;0.0025;5.112235980676315;0.004;5.100335608082104
852;300193;XS2598331242;5284899.298195;2.834245729;2.834245729;6090.792213;-97361.57121667778;;0.0;0.0;5387231.164;7.0;XS2598331242;Bond;5284899.298195;5187537.7269783225;0.0025;2.8255158576550263;0.004;2.820277934848042
853;300193;XS2613162424;1538544.5615204999;5.099798168;5.099798168;5291.97221;-51000.733785485965;;0.0;0.0;1592305.274;6.0;XS2613162424;Bond;1538544.5615204999;1487543.8277350138;0.0025;5.07882811341772;0.004;5.0662460806683525
854;300193;XS2614623978;921724.0882080001;6.410882679;6.410882679;5036.272119;-35454.38995145842;;0.0;0.0;959562.3699;6.0;XS2614623978;Bond;921724.0882080001;886269.6982565416;0.0025;6.37703198836506;0.0035;6.363491712111084
855;300193;XS2616008970;5148246.944945;4.314019411;4.314019411;12829.45464;-144362.64214524216;;0.0;0.0;5299147.945;7.0;XS2616008970;Bond;5148246.944945;5003884.302799758;0.0025;4.2982462067781775;0.004;4.288782284245084
856;300193;XS2617457127;5228316.7273;5.050315072;5.050315072;17897.2287;-158427.88061443745;;0.0;0.0;5398242.466;6.0;XS2617457127;Bond;5228316.7273;5069888.846685563;0.0025;5.028500928064771;0.0035;5.01977527049068
857;300193;XS2618690981;5487062.539215;2.791657127;2.791657127;6128.793988;-99566.98208531277;;0.0;0.0;5591479.507;6.0;XS2618690981;Bond;5487062.539215;5387495.557129688;0.0025;2.7832166620106187;0.004;2.77815238301699
858;300193;XS2621007231;3049093.4514200003;3.26558649;3.26558649;4426.799969;-59742.47029022775;;0.0;0.0;3111494.384;6.0;XS2621007231;Bond;3049093.4514200003;2989350.9811297725;0.0025;3.2559505939262334;0.0035;3.2520962354967264
859;300193;XS2622275886;10478607.800095;1.824445496;1.824445496;5566.996318;-124264.71723401966;;0.0;0.0;10606613.7;6.0;XS2622275886;Bond;10478607.800095;10354343.08286098;0.0025;1.8194851865486354;0.004;1.8165090008778169
860;300193;XS2623868994;2430291.8642;4.031725163;4.031725163;5220.350131;-58789.613173975915;;0.0;0.0;2491376.219;6.0;XS2623868994;Bond;2430291.8642;2371502.251026024;0.0025;4.018661326541731;0.0035;4.0134357919584245
861;300193;XS2624938655;6102522.79146;1.916777893;1.916777893;3506.980576;-70183.08466919506;;0.0;0.0;6175076.589;6.0;XS2624938655;Bond;6102522.79146;6032339.706790805;0.0025;1.9115960572796875;0.0035;1.9095233229915625
862;300193;XS2625194225;3859893.22906;4.254032538;4.254032538;9446.227896;-98520.66833776275;;0.0;0.0;3963353.425;6.0;XS2625194225;Bond;3859893.22906;3761372.560722237;0.0025;4.238092595253879;0.0035;4.231716618155431
863;300193;XS2626288257;4853978.03454;5.022562248;5.022562248;16340.13911;-146276.44097341108;;0.0;0.0;5008491.342;7.0;XS2626288257;Bond;4853978.03454;4707701.593566589;0.0025;5.001469083568114;0.0035;4.9930318177953605
864;300193;XS2631867533;5212917.40614;5.200522491;5.200522491;18504.63597;-162659.36528613872;;0.0;0.0;5383866.0;7.0;XS2631867533;Bond;5212917.40614;5050258.040853861;0.0025;5.17939193124007;0.0035;5.170939707336098
865;300193;XS2634687912;3462845.131165;2.831948554;2.831948554;3953.678218;-63742.89520253631;;0.0;0.0;3529389.6;7.0;XS2634687912;Bond;3462845.131165;3399102.235962464;0.0025;2.8234548175384404;0.004;2.818358575661505
866;300193;XS2634690114;4971206.73758;5.095169919;5.095169919;17120.13541;-151974.85818268647;;0.0;0.0;5131888.808;8.0;XS2634690114;Bond;4971206.73758;4819231.879397314;0.0025;5.073975333519066;0.0035;5.065497499326692
867;300193;XS2634826031;5269365.877145;4.498996737;4.498996737;14269.58585;-154094.58926767422;;0.0;0.0;5433200.0;7.0;XS2634826031;Bond;5269365.877145;5115271.287877326;0.0025;4.481898487389606;0.004;4.47163953762337
868;300193;XS2638080452;4201426.8177000005;5.232980686;5.232980686;15096.82691;-131915.91234399928;;0.0;0.0;4340303.247;6.0;XS2638080452;Bond;4201426.8177000005;4069510.905356001;0.0025;5.211609355648217;0.0035;5.203060823507503
869;300193;XS2643234011;6327433.26657;4.45990135;4.45990135;16987.5371;-183428.23308946792;;0.0;0.0;6523136.178;7.0;XS2643234011;Bond;6327433.26657;6144005.0334805325;0.0025;4.442509555652202;0.004;4.432074479043523
870;300193;XS2644410214;1839667.6766579999;2.58196019;2.58196019;1744.899345;-28499.69222376449;;0.0;0.0;1869332.055;6.0;XS2644410214;Bond;1839667.6766579999;1811167.9844342354;0.0025;2.5749143318572267;0.0035;2.5720959886001173
871;300193;XS2644417227;2622042.913052;1.176774693;1.176774693;679.3516583;-20056.099336257357;;0.0;0.0;2642777.055;6.0;XS2644417227;Bond;2622042.913052;2601986.813715743;0.0025;1.1737593771489698;0.004;1.1719501876383518
872;300193;XS2646608401;2067887.78105;5.054158806;5.054158806;7648.597107;-172448.64843382538;;0.0;0.0;2265821.918;7.0;XS2646608401;Bond;2067887.78105;1895439.1326161746;0.0025;5.025551393221615;0.014;4.893957294441043
873;300193;XS2667124569;2371715.967408;3.797718036;3.797718036;4766.219407;-108085.3020683346;;0.0;0.0;2489395.548;7.0;XS2667124569;Bond;2371715.967408;2263630.6653396655;0.0025;3.783534491437094;0.0095;3.743820566660957
874;300193;XS2673547746;3021392.19558;6.808252974;6.808252974;18277.10022;-123422.41440706755;;0.0;0.0;3153276.165;7.0;XS2673547746;Bond;3021392.19558;2897969.7811729326;0.0025;6.772902963052809;0.0035;6.758762958673933
875;300193;XS2676395317;3086187.9931799998;6.025650583;6.025650583;14716.28034;-111577.742882116;;0.0;0.0;3205202.877;6.0;XS2676395317;Bond;3086187.9931799998;2974610.2502978835;0.0025;5.997210923051377;0.0035;5.985835059071927
876;300193;XS2676818482;3486738.4626;3.41819094;3.41819094;5487.755398;-71510.02693805311;;0.0;0.0;3561046.356;6.0;XS2676818482;Bond;3486738.4626;3415228.435661947;0.0025;3.4080536729199014;0.0035;3.4039987660878617
877;300193;XS2678191904;2932245.64272;8.152605373;8.152605373;25720.96931;-143432.6494907695;;0.0;0.0;3087542.205;6.0;XS2678191904;Bond;2932245.64272;2788812.9932292304;0.0025;8.09947368724659;0.0035;8.078221012945226
878;300193;XS2678749990;4949812.874799999;6.392249122;6.392249122;28158.55409;-379685.2440360551;;0.0;0.0;5373132.589;6.0;XS2678749990;Bond;4949812.874799999;4570127.630763944;0.0025;6.3521809480839035;0.0095;6.239990061118834
879;300193;XS2681384041;4089096.3028200003;6.881747472;6.881747472;25174.0224;-168840.7688681765;;0.0;0.0;4269578.247;7.0;XS2681384041;Bond;4089096.3028200003;3920255.5339518236;0.0025;6.846234143395815;0.0035;6.832028811954141
880;300193;XS2694995163;1821298.4331069998;3.248789054;3.248789054;2619.403286;-38460.593688044915;;0.0;0.0;1860939.616;6.0;XS2694995163;Bond;1821298.4331069998;1782837.839418955;0.0025;3.2392204667297886;0.004;3.2334793143676612
881;300193;XS2695011978;3689851.95848;3.338007193;3.338007193;5563.870195;-73900.51427106827;;0.0;0.0;3766334.795;5.0;XS2695011978;Bond;3689851.95848;3615951.4442089316;0.0025;3.3281658131292255;0.0035;3.324229261180916
882;300193;XS2696749626;4423133.360521999;1.844403096;1.844403096;2399.567157;-48948.24518500596;;0.0;0.0;4473969.452;7.0;XS2696749626;Bond;4423133.360521999;4374185.115336993;0.0025;1.8393450551195762;0.0035;1.8373218387674066
883;300193;XS2697483118;4759143.4216245;1.43260812;1.43260812;1675.159349;-44316.918815414974;;0.0;0.0;4804987.342;7.0;XS2697483118;Bond;4759143.4216245;4714826.502809085;0.0025;1.4289393457047719;0.004;1.4267380811276351
884;300193;XS2705604234;5242618.589910001;5.479012215;5.479012215;20775.82459;-186708.4134025693;;0.0;0.0;5443570.548;8.0;XS2705604234;Bond;5242618.589910001;5055910.176507431;0.0025;5.454989360840801;0.004;5.440575648345281
885;300193;XS2711801287;2794851.33521;3.346649056;3.346649056;4467.965639;-154330.87861357463;;0.0;0.0;2965977.74;5.0;XS2711801287;Bond;2794851.33521;2640520.4565964257;0.0025;3.334683165503183;0.014;3.279640069217827
886;300193;XS2718201515;2607764.16704;5.107735443;5.107735443;8989.463546;-79918.61677785349;;0.0;0.0;2691872.603;6.0;XS2718201515;Bond;2607764.16704;2527845.5502621466;0.0025;5.086778048579837;0.0035;5.078395090811771
887;300193;XS2721465271;5326765.21318;6.812536261;6.812536261;32521.44792;-217732.68701173287;;0.0;0.0;5560290.37;7.0;XS2721465271;Bond;5326765.21318;5109032.526168267;0.0025;6.775930629580258;0.0035;6.761288377012361
888;300193;XS2721621154;1661935.8617200002;6.259123752;6.259123752;8784.197976;-62413.573358353446;;0.0;0.0;1729013.83;7.0;XS2721621154;Bond;1661935.8617200002;1599522.2883616467;0.0025;6.2249272861377;0.0035;6.2112486997927805
889;300193;XS2722162315;4949225.13504;6.959302466;6.959302466;31189.6479;-206658.92812243832;;0.0;0.0;5170691.781;7.0;XS2722162315;Bond;4949225.13504;4742566.206917562;0.0025;6.922834056461357;0.0035;6.9082466926459
890;300193;XS2724457457;8348390.375339999;3.476445189;3.476445189;14169.37453;-478874.9056780367;;0.0;0.0;8878216.233;7.0;XS2724457457;Bond;8348390.375339999;7869515.469661962;0.0025;3.464227910357096;0.014;3.4080284285997378
891;300193;XS2726263911;4893318.51606;8.310940796;8.310940796;44420.69125;-244008.48289767146;;0.0;0.0;5157403.425;7.0;XS2726263911;Bond;4893318.51606;4649310.033162328;0.0025;8.256674502598768;0.0035;8.234967985238274
892;300193;XS2732952838;4322533.51754;3.272433748;3.272433748;6278.492541;-84871.22735795428;;0.0;0.0;4409440.301;6.0;XS2732952838;Bond;4322533.51754;4237662.290182046;0.0025;3.262893231674521;0.0035;3.2590770251443293
893;300193;XS2743029840;3580286.3505599997;7.322527041;7.322527041;24777.23522;-170408.8335072422;;0.0;0.0;3765608.096;8.0;XS2743029840;Bond;3580286.3505599997;3409877.5170527576;0.0025;7.2835639995853825;0.004;7.260186174736612
894;300193;XS2743047156;1731339.1570360002;3.28280602;3.28280602;2665.323187;-68203.80728855408;;0.0;0.0;1805231.164;6.0;XS2743047156;Bond;1731339.1570360002;1663135.3497474461;0.0025;3.2712616189390826;0.0095;3.2389372959685128
895;300193;XS2745726047;2643699.13866;5.08538451;5.08538451;9096.661714;-80665.35989305144;;0.0;0.0;2730219.753;7.0;XS2745726047;Bond;2643699.13866;2563033.7787669487;0.0025;5.0640152523747695;0.0035;5.0554675493246775
896;300193;XS2746663074;4065966.1982200006;8.483503884;8.483503884;39208.07265;-206961.8402088725;;0.0;0.0;4290433.48;6.0;XS2746663074;Bond;4065966.1982200006;3859004.358011128;0.0025;8.422353721625978;0.0035;8.39789365667637
897;300193;XS2747182181;1445042.53682;7.347718985;7.347718985;9938.884648;-63706.59889154926;;0.0;0.0;1513252.397;7.0;XS2747182181;Bond;1445042.53682;1381335.9379284508;0.0025;7.310743460788967;0.0035;7.295953251104555
898;300193;XS2747600109;1784341.11326;8.553407735;8.553407735;-1279.095741;-91573.18248021956;;0.0;0.0;1883537.411;7.0;XS2747600109;Bond;1784341.11326;1692767.9307797805;0.0025;8.754230815999358;0.0035;8.834560048399103
899;300193;XS2748213290;1452131.1018400001;4.936488593;4.936488593;4792.538876;-43010.571718642095;;0.0;0.0;1498454.674;6.0;XS2748213290;Bond;1452131.1018400001;1409120.530121358;0.0025;4.914902176606768;0.0035;4.906267610049475
900;300193;XS2751666699;3432689.08744;7.880805307;7.880805307;27589.83063;-162314.12626546883;;0.0;0.0;3607606.849;7.0;XS2751666699;Bond;3432689.08744;3270374.961174531;0.0025;7.835138508495172;0.0035;7.816871789093241
901;300193;XS2751689048;2885409.62114;6.24107219;6.24107219;14630.89085;-108048.29845953172;;0.0;0.0;3000623.069;7.0;XS2751689048;Bond;2885409.62114;2777361.322680468;0.0025;6.211683494368431;0.0035;6.199928016115805
902;300193;XS2754488851;1957795.2084559998;4.239398329;4.239398329;4945.966559;-99598.48482303086;;0.0;0.0;2067479.795;6.0;XS2754488851;Bond;1957795.2084559998;1858196.723632969;0.0025;4.221172221023779;0.0095;4.170139118690359
903;300193;XS2755535577;1983209.33808;5.397414618;5.397414618;8528.090203;-176619.35068646708;;0.0;0.0;2187587.025;7.0;XS2755535577;Bond;1983209.33808;1806589.9873935329;0.0025;5.362741173084854;0.014;5.203243326475182
904;300193;XS2762369549;4266458.32656;4.998679158;4.998679158;14384.31961;-255919.87578541233;;0.0;0.0;4550971.233;7.0;XS2762369549;Bond;4266458.32656;4010538.4507745877;0.0025;4.976858902875095;0.0095;4.915762188525361
905;300193;XS2764264789;4783790.935345;7.313765299;7.313765299;33136.79826;-227418.90691388055;;0.0;0.0;5032003.425;8.0;XS2764264789;Bond;4783790.935345;4556372.028431119;0.0025;7.274320931727952;0.004;7.250654311364723
906;300193;XS2764455619;1891772.62008;8.598706247;8.598706247;18192.19001;-97600.78227711274;;0.0;0.0;1997590.137;7.0;XS2764455619;Bond;1891772.62008;1794171.8378028872;0.0025;8.543138666792467;0.0035;8.520911634709455
907;300193;XS2764880667;1578298.34536;8.489551374;8.489551374;14873.76639;-80394.26931859748;;0.0;0.0;1665600.244;6.0;XS2764880667;Bond;1578298.34536;1497904.0760414025;0.0025;8.434134437023303;0.0035;8.411967662232625
908;300193;XS2767489391;2334305.27236;9.421150562;9.421150562;26899.31121;-131951.04857144385;;0.0;0.0;2478022.945;6.0;XS2767489391;Bond;2334305.27236;2202354.223788556;0.0025;9.354958852203522;0.0035;9.328482168284932
909;300193;XS2769892600;2640182.70572;13.11627785;13.11627785;63235.49873;-207776.2196579298;;0.0;0.0;2868223.973;8.0;XS2769892600;Bond;2640182.70572;2432406.4860620704;0.0025;12.947590140460647;0.0035;12.880115056644906
910;300193;XS2770514946;2894673.62684;8.666106609;8.666106609;28184.84419;-150513.30149073675;;0.0;0.0;3058010.288;7.0;XS2770514946;Bond;2894673.62684;2744160.3253492634;0.0025;8.610440239133792;0.0035;8.58817369118731
911;300193;XS2771494940;3630460.16478;5.919080204;5.919080204;16190.47831;-128933.90935655925;;0.0;0.0;3766706.274;6.0;XS2771494940;Bond;3630460.16478;3501526.255423441;0.0025;5.895178441935553;0.0035;5.885617737109774
912;300193;XS2772266693;3381475.2519;5.951123709;5.951123709;15226.22457;-120741.46525787303;;0.0;0.0;3509189.178;8.0;XS2772266693;Bond;3381475.2519;3260733.786642127;0.0025;5.927092521535434;0.0035;5.917480046549609
913;300193;XS2774448521;4661926.18112;4.100179261;4.100179261;10686.40963;-229376.79652969388;;0.0;0.0;4912852.055;6.0;XS2774448521;Bond;4661926.18112;4432549.384590306;0.0025;4.084901099578096;0.0095;4.042122247596764
914;300193;XS2776890068;4664437.9451399995;8.674563605;8.674563605;45509.83418;-242771.78182015455;;0.0;0.0;4928110.959;7.0;XS2776890068;Bond;4664437.9451399995;4421666.163319845;0.0025;8.618764564539623;0.0035;8.59644494835547
915;300193;XS2777367645;1962767.2528;5.079295605;5.079295605;6528.80452;-59816.85048470978;;0.0;0.0;2025828.493;6.0;XS2777367645;Bond;1962767.2528;1902950.4023152902;0.0025;5.060635554735365;0.0035;5.05317153462951
916;300193;XS2777442281;2897029.93864;12.70474195;12.70474195;66144.40872;-220836.10675107315;;0.0;0.0;3143077.315;7.0;XS2777442281;Bond;2897029.93864;2676193.8318889267;0.0025;12.537473115147634;0.0035;12.470565581206689
917;300193;XS2778764188;2362221.1088799997;8.61916266;8.61916266;22834.95862;-122162.20785793374;;0.0;0.0;2494196.644;6.0;XS2778764188;Bond;2362221.1088799997;2240058.901022066;0.0025;8.563219269904222;0.0035;8.54084191386591
918;300193;XS2779010300;2458750.93624;6.762539896;6.762539896;14242.46844;-99764.40780390213;;0.0;0.0;2564996.521;7.0;XS2779010300;Bond;2458750.93624;2358986.5284360982;0.0025;6.732055698418566;0.0035;6.719862019385993
919;300193;XS2782109016;2380552.189849;3.944274994;3.944274994;4970.145148;-61032.091083166786;;0.0;0.0;2445293.836;6.0;XS2782109016;Bond;2380552.189849;2319520.0987658333;0.0025;3.9309729600174563;0.004;3.92299173962793
920;300193;XS2783118131;2534547.6746400003;5.151349885;5.151349885;8622.406939;-78338.0512337027;;0.0;0.0;2616952.356;7.0;XS2783118131;Bond;2534547.6746400003;2456209.6234062975;0.0025;5.1326421246593075;0.0035;5.12515902052303
921;300193;XS2787827604;1326907.78828;8.638371808;8.638371808;12872.26713;-68773.93698056151;;0.0;0.0;1401709.315;6.0;XS2787827604;Bond;1326907.78828;1258133.8512994384;0.0025;8.582401707491298;0.0035;8.560013667287818
922;300193;XS2791960664;3147978.2821000004;12.72685161;12.72685161;61686.34473;-240383.11480673653;;0.0;0.0;3414523.288;7.0;XS2791960664;Bond;3147978.2821000004;2907595.167293264;0.0025;12.641894907291947;0.0035;12.607912226208725
923;300193;XS2791972248;6875505.262135;6.772622868;6.772622868;40378.23501;-302673.8270880339;;0.0;0.0;7204106.959;9.0;XS2791972248;Bond;6875505.262135;6572831.435046966;0.0025;6.7404747639218305;0.004;6.72118590147493
924;300193;XS2791973642;3097535.4009200004;3.442733666;3.442733666;5204.357891;-127967.87287648913;;0.0;0.0;3236681.507;6.0;XS2791973642;Bond;3097535.4009200004;2969567.5280435113;0.0025;3.4303606810437546;0.0095;3.395716323166267
925;300193;XS2810794680;4376687.597985;7.164228467;7.164228467;29918.14114;-203811.33422422493;;0.0;0.0;4596262.904;6.0;XS2810794680;Bond;4376687.597985;4172876.2637607753;0.0025;7.121649004730527;0.004;7.096101327368842
926;300193;XS2813211617;3643870.80686;12.90704435;12.90704435;86699.67119;-282189.6126588738;;0.0;0.0;3949951.013;7.0;XS2813211617;Bond;3643870.80686;3361681.194201126;0.0025;12.728691609606667;0.0035;12.657350513449334
927;300193;XS2817890077;2837095.93944;7.199925449;7.199925449;20627.17482;-245122.55106754342;;0.0;0.0;3117180.159;8.0;XS2817890077;Bond;2837095.93944;2591973.3883724567;0.0025;7.147759658992001;0.0095;7.001695446969604
928;300193;XS2820460751;3030624.1129199998;7.433856847;7.433856847;21819.00659;-135175.35487508186;;0.0;0.0;3175312.164;8.0;XS2820460751;Bond;3030624.1129199998;2895448.758044918;0.0025;7.392024682694431;0.0035;7.375291816972203
929;300193;XS2821714735;2677008.32417;5.842564409;5.842564409;12076.73638;-101663.85812305045;;0.0;0.0;2785387.685;6.0;XS2821714735;Bond;2677008.32417;2575344.4660469494;0.0025;5.815121285009103;0.004;5.798655410614565
930;300193;XS2821719536;1627438.91978;13.07701722;13.07701722;39794.80345;-127692.28067076756;;0.0;0.0;1769813.753;7.0;XS2821719536;Bond;1627438.91978;1499746.6391092325;0.0025;12.893227922523032;0.0035;12.819712203532246
931;300193;XS2823235085;1201519.392484;4.33687596;4.33687596;3142.975904;-62530.08682485197;;0.0;0.0;1270397.26;6.0;XS2823235085;Bond;1201519.392484;1138989.305659148;0.0025;4.318501329716689;0.0095;4.267052364923417
932;300193;XS2823261834;1753153.6153199999;8.56253411;8.56253411;17160.95871;-90068.6257874839;;0.0;0.0;1850827.71;6.0;XS2823261834;Bond;1753153.6153199999;1663084.9895325159;0.0025;8.501111026526443;0.0035;8.47654179313702
933;300193;XS2823931824;1963782.29372;5.046578155;5.046578155;6650.521666;-59462.28494797887;;0.0;0.0;2026625.891;6.0;XS2823931824;Bond;1963782.29372;1904320.0087720212;0.0025;5.025583331216245;0.0035;5.017185401702743
934;300193;XS2825486074;1704985.711675;12.79108998;12.79108998;31678.91319;-141756.0667422202;;0.0;0.0;1864047.836;7.0;XS2825486074;Bond;1704985.711675;1563229.6449327797;0.0025;12.735615851129355;0.004;12.702331373806969
935;300193;XS2825486231;503571.54785500007;16.25180083;16.25180083;21581.55169;-53195.63924606279;;0.0;0.0;565137.3699;7.0;XS2825486231;Bond;503571.54785500007;450375.9086089373;0.0025;15.840679107352978;0.004;15.594006073764763
936;300193;XS2827708145;1646488.83644;12.61109773;12.61109773;37922.24313;-124584.18976619294;;0.0;0.0;1785017.342;7.0;XS2827708145;Bond;1646488.83644;1521904.646673807;0.0025;12.432892453752814;0.0035;12.361610343253938
937;300193;XS2834368453;2408371.03758;15.9132734;15.9132734;92927.11775;-229950.40061791328;;0.0;0.0;2667863.712;7.0;XS2834368453;Bond;2408371.03758;2178420.6369620864;0.0025;15.581727816971599;0.0035;15.44910958376024
938;300193;XS2834462983;1312327.0418800001;7.179764093;7.179764093;8995.579061;-56533.1914413776;;0.0;0.0;1373211.37;6.0;XS2834462983;Bond;1312327.0418800001;1255793.8504386225;0.0025;7.1372696786837695;0.0035;7.120271912957277
939;300193;XS2839004368;2612954.4877199996;5.908064037;5.908064037;11958.65114;-92625.01463529772;;0.0;0.0;2711275.797;7.0;XS2839004368;Bond;2612954.4877199996;2520329.4730847017;0.0025;5.880910140375368;0.0035;5.8700485817255155
940;300193;XS2839008948;3680219.6073;7.199749226;7.199749226;24553.92941;-158979.9496150092;;0.0;0.0;3850773.726;7.0;XS2839008948;Bond;3680219.6073;3521239.6576849907;0.0025;7.1625435663660415;0.0035;7.147661302512458
941;300193;XS2852136063;4699569.78522;7.443343256;7.443343256;34030.53175;-209883.06640151195;;0.0;0.0;4924817.754;7.0;XS2852136063;Bond;4699569.78522;4489686.718818488;0.0025;7.400821615716029;0.0035;7.383812959602441
942;300193;XS2871577115;3589164.843835;4.67644884;4.67644884;10338.81448;-109099.54750838628;;0.0;0.0;3705731.901;7.0;XS2871577115;Bond;3589164.843835;3480065.2963266135;0.0025;4.659107706139651;0.004;4.648703025823441
943;300193;XS2872349613;4306115.35921;6.886428211;6.886428211;26494.66513;-192749.40288164694;;0.0;0.0;4512585.205;6.0;XS2872349613;Bond;4306115.35921;4113365.9563283534;0.0025;6.851165453193868;0.004;6.83000779851019
944;300193;XS2872909770;7054220.3026;6.935927092;6.935927092;43721.01214;-293565.3462584387;;0.0;0.0;7367045.8;7.0;XS2872909770;Bond;7054220.3026;6760654.956341561;0.0025;6.901248508067926;0.0035;6.887377074495096
945;300193;XS2875107307;2900864.0707599996;4.939007005;4.939007005;9679.742394;-171928.6555924374;;0.0;0.0;3092003.425;7.0;XS2875107307;Bond;2900864.0707599996;2728935.415167562;0.0025;4.916570281167596;0.0095;4.853747454436867
946;300193;XS2886269286;3970152.911175;7.633060943;7.633060943;30364.53256;-196978.72430617968;;0.0;0.0;4185248.773;6.0;XS2886269286;Bond;3970152.911175;3773174.1868688203;0.0025;7.5875149343182615;0.004;7.560187329109219
947;300193;XS2892321501;5558178.92504;6.880626421;6.880626421;34152.89658;-229462.51658565365;;0.0;0.0;5803538.0;6.0;XS2892321501;Bond;5558178.92504;5328716.4084543465;0.0025;6.845368474490402;0.0035;6.8312652958865625
948;300193;XS2892944815;3768480.43676;8.919237851;8.919237851;35145.59024;-201671.8401138168;;0.0;0.0;3987209.315;6.0;XS2892944815;Bond;3768480.43676;3566808.596646183;0.0025;8.884964940276232;0.0035;8.871255775986723
949;300193;XS2892988192;4132706.5484;6.070530136;6.070530136;19894.73715;-150526.31787184044;;0.0;0.0;4292863.439;6.0;XS2892988192;Bond;4132706.5484;3982180.23052816;0.0025;6.042309154904871;0.0035;6.031020762466818
950;300193;XS2895710783;2511053.0367199997;4.824344284;4.824344284;7640.273151;-78742.19836938633;;0.0;0.0;2594177.527;6.0;XS2895710783;Bond;2511053.0367199997;2432310.8383506136;0.0025;4.806463602914148;0.004;4.795735194262636
951;300193;XS2896353781;1911401.36638;8.85780529;8.85780529;19830.09019;-101584.92680660397;;0.0;0.0;2021874.247;6.0;XS2896353781;Bond;1911401.36638;1809816.439573396;0.0025;8.794591218715091;0.0035;8.769305590201128
952;300193;XS2919680236;3866548.09376;8.317427464;8.317427464;35019.91102;-192958.3998354976;;0.0;0.0;4075844.597;7.0;XS2919680236;Bond;3866548.09376;3673589.6939245025;0.0025;8.26394768102514;0.0035;8.242555767835196
953;300193;XS2931344217;3671182.7427000003;9.228252461;9.228252461;40870.66589;-203271.60708061204;;0.0;0.0;3891154.521;7.0;XS2931344217;Bond;3671182.7427000003;3467911.1356193884;0.0025;9.162833234474496;0.0035;9.136665543864293
954;300193;XS2940309649;4002744.3932649996;4.97619646;4.97619646;12852.92393;-129469.8761203259;;0.0;0.0;4141645.891;6.0;XS2940309649;Bond;4002744.3932649996;3873274.5171446735;0.0025;4.95782709047971;0.004;4.946805468767536
955;300193;XS2941605409;2145403.76392;5.67823533;5.67823533;9275.019043;-146185.28939286625;;0.0;0.0;2309173.63;6.0;XS2941605409;Bond;2145403.76392;1999218.4745271336;0.0025;5.650761110562338;0.0095;5.573833296136885
956;300193;XS2979680332;2481258.7118;7.841553864;7.841553864;20998.99462;-233483.0860691874;;0.0;0.0;2751144.833;6.0;XS2979680332;Bond;2481258.7118;2247775.6257308125;0.0025;7.783702752369739;0.0095;7.621719639805008
957;300193;XS2986720907;4782321.3315200005;4.718324044;4.718324044;14232.70159;-270774.50069573894;;0.0;0.0;5081283.182;8.0;XS2986720907;Bond;4782321.3315200005;4511546.8308242615;0.0025;4.699577815101486;0.0095;4.64708837418565
958;300193;XS2999533438;1611170.8198199999;6.634714548;6.634714548;9031.609004;-64137.95086543703;;0.0;0.0;1679527.575;6.0;XS2999533438;Bond;1611170.8198199999;1547032.8689545628;0.0025;6.604622677561546;0.0035;6.592585929386165
959;300193;XS3004194885;6203532.698;9.378201113;9.378201113;70951.28833;-349067.8635174929;;0.0;0.0;6584279.63;6.0;XS3004194885;Bond;6203532.698;5854464.834482507;0.0025;9.312146769348574;0.0035;9.285725031888003
960;300203;BE6353250416;21886906.378432497;0.238804763;1.217938374;132.3921772;-119694.35639201514;;0.0;0.0;22007648.06;5.0;BE6353250416;Bond;21886906.378432497;21767212.022040483;0.0025;0.2387961092511333;0.004;1.2236299126739345
961;300203;BE6355572353;29887391.953925;0.211125343;1.426893192;136.1521562;-186359.42911688425;;0.0;0.0;30075953.33;5.0;BE6355572353;Bond;29887391.953925;29701032.524808116;0.0025;0.21112289015723426;0.004;1.4348550685352512
962;300203;BE6356749489;11983177.74196625;0.043340519;0.043340519;52.91171501;-3375.8214269394243;;0.0;0.0;11986593.1;8.0;BE6356749489;Bond;11983177.74196625;11979801.92053931;0.0025;0.043234827514631535;0.004;0.043171412623410454
963;300203;CH1174335732;37334978.936335;0.52223589;0.52223589;2924.655021;-126734.82869416304;;0.0;0.0;37465749.8;8.0;CH1174335732;Bond;37334978.936335;37208244.10764083;0.0025;0.5209593277906943;0.004;0.5201933904651109
964;300203;CSH_EUR_DB;897533970.518342;0.0;0.0;0.0;0.0;;0.0;0.0;998542370.7;;;Cash;897533970.518342;897533970.518342;0.0;0.0;0.0;0.0
965;300203;DE000A3LKBD0;26901411.7635125;0.062957899;0.79268771;17.17702514;-89531.81485825473;;0.0;0.0;26991813.2;5.0;DE000A3LKBD0;Bond;26901411.7635125;26811879.948654246;0.0025;0.06295184530237076;0.004;0.7951755845179475
966;300203;DE000A3LNFJ2;9512834.3848135;0.21704016;0.464068483;45.06412576;-22820.094230296116;;0.0;0.0;9535794.944;5.0;DE000A3LNFJ2;Bond;9512834.3848135;9490014.290583204;0.0025;0.21703949627023433;0.004;0.4647404335358193
967;300203;DE000A4BF827;9972393.9199888;0.075507525;0.075507525;78.8231036;-4517.944699340414;;0.0;0.0;9976986.067;8.0;DE000A4BF827;Bond;9972393.9199888;9967875.97528946;0.0025;0.075324175201677;0.0035;0.0752508352823478
968;300203;DE000A4BF8Z3;14966069.8853448;0.06203005;0.06203005;95.92839855;-5570.076379748594;;0.0;0.0;14971730.43;8.0;DE000A4BF8Z3;Bond;14966069.8853448;14960499.808965052;0.0025;0.06187942618231028;0.0035;0.06181917665523439
969;300203;DE000A4BF9E6;14926090.219044;0.134832074;0.134832074;222.6914153;-12075.094205668902;;0.0;0.0;14938368.33;8.0;DE000A4BF9E6;Bond;14926090.219044;14914015.124838332;0.0025;0.13450453302001367;0.0035;0.13437351662801914
970;300203;DE000CZ450R9;16541871.737484999;0.884312588;0.884312588;2737.987175;-95083.20514250621;;0.0;0.0;16638466.01;8.0;DE000CZ450R9;Bond;16541871.737484999;16446788.532342494;0.0025;0.8821296453009178;0.004;0.8808198796814684
971;300203;DE000CZ451J4;29401687.516200002;0.653786181;0.653786181;3147.524141;-124945.71047511653;;0.0;0.0;29528417.01;8.0;DE000CZ451J4;Bond;29401687.516200002;29276741.805724885;0.0025;0.6521784594362237;0.004;0.6512138264979578
972;300203;DE000CZ452U9;29658824.33345;0.368871612;0.368871612;1475.367728;-71111.93922237944;;0.0;0.0;29730829.96;8.0;DE000CZ452U9;Bond;29658824.33345;29587712.39422762;0.0025;0.367968161506282;0.004;0.36742609121005115
973;300203;ES0000012C12;0.0;0.0;0.0;0.0;0.0;;0.0;0.0;0.0;;;Bond;0.0;0.0;0.0;;0.0;
974;300203;FR0010213355;221915063.0997;0.032639138;0.32465379;538.246516;-444274.40059999;;0.0;0.000134091;222168782.7;;FR0010213355;Fund Unit;221915063.0997;221470788.69910002;0.0;0.032639138;0.0;0.32465379
975;300203;FR0010582452;277525905.3909;0.033149011;0.296124349;3485.887182;-555607.4181999875;;0.0;1.29e-06;277848875.4;;FR0010582452;Fund Unit;277525905.3909;276970297.9727;0.0;0.033149011;0.0;0.296124349
976;300203;FR0013262284;30035483.834447;0.204313533;0.204313533;720.7030306;-39888.26281427165;;0.0;0.0;30076726.03;2.0;FR0013262284;Bond;30035483.834447;29995595.571632728;0.0025;0.2038180167209949;0.004;0.20352070695359184
977;300203;FR0013398070;14903995.03875;0.79460823;0.79460823;2104.829644;-76978.44126485447;;0.0;0.0;14983510.27;8.0;FR0013398070;Bond;14903995.03875;14827016.597485146;0.0025;0.7926560888845656;0.004;0.7914848042153049
978;300203;FR0013465358;12985855.6676195;0.173231524;0.173231524;258.0967551;-14622.137190347461;;0.0;0.0;13000904.66;4.0;FR0013465358;Bond;12985855.6676195;12971233.530429153;0.0025;0.17280966636989123;0.004;0.17255655179182597
979;300203;FR0013512944;20365389.12114;0.901486538;0.901486538;-44683.59799;-110154.74480303617;;0.0;0.0;20476191.78;7.0;FR0013512944;Bond;20365389.12114;20255234.376336962;0.0025;0.9583706073884797;0.0035;0.9811242351438716
980;300203;FR001400E904;23084327.863895997;0.411217894;0.411217894;1321.970415;-56956.13213158098;;0.0;0.0;23142914.31;5.0;FR001400E904;Bond;23084327.863895997;23027371.731764417;0.0025;0.4102089691621181;0.0035;0.4098053992269653
981;300203;FR001400H8D3;14908566.7085965;0.518051873;0.518051873;1161.423832;-50202.1708963701;;0.0;0.0;14960786.0;5.0;FR001400H8D3;Bond;14908566.7085965;14858364.53770013;0.0025;0.5167752394069764;0.004;0.5160092592511624
982;300203;FR001400KJT9;6902989.581048001;0.192001905;0.439866575;26.01151294;-15459.045411495994;;0.0;0.0;6918467.275;6.0;FR001400KJT9;Bond;6902989.581048001;6887530.535636504;0.0025;0.1919998630326328;0.004;0.4404897793413269
983;300203;FR001400N9V5;42011457.39534;0.061523398;0.79497977;27.79018971;-140054.75398478264;;0.0;0.0;42151863.11;9.0;FR001400N9V5;Bond;42011457.39534;41871402.641355224;0.0025;0.06151632355295059;0.004;0.797481281709552
984;300203;FR001400OGI0;39942960.6337775;0.184101781;0.91999318;145.3656751;-165372.9309660634;;0.0;0.0;40109227.78;7.0;FR001400OGI0;Bond;39942960.6337775;39777587.702811435;0.0025;0.1840955313767543;0.004;0.9232331565447234
985;300203;FR001400OTT0;19943585.3180475;0.222448926;0.959422259;103.7381736;-87628.35155007406;;0.0;0.0;20031658.89;6.0;FR001400OTT0;Bond;19943585.3180475;19855956.96649743;0.0025;0.2224425952877772;0.004;0.962896160045988
986;300203;FR001400PZU2;25013392.881964996;0.116267356;1.092809753;40.14544253;-116610.12142556673;;0.0;0.0;25130802.08;6.0;FR001400PZU2;Bond;25013392.881964996;24896782.76053943;0.0025;0.1162610272976598;0.004;1.0975224873089784
987;300203;FR001400SMX8;29892996.946385;0.212093451;1.425847975;146.436463;-165030.31427712296;;0.0;0.0;30059357.5;5.0;FR001400SMX8;Bond;29892996.946385;29727966.632107876;0.0025;0.21208344288192102;0.0035;1.4327921694901802
988;300203;FR0128451731;13485139.95669375;0.060680792;0.847272769;-836.832319;-47748.08991784937;;0.0;0.0;13533317.5;;FR0128451731;Bond;13485139.95669375;13437391.8667759;0.0025;0.06224139456697151;0.004;0.8526264890534392
989;300203;FR0128516335;31083090.3242984;0.003136834;0.01083797;-0.092725827;-1591.266638153971;;0.0;0.0;31084696.71;8.0;FR0128516335;Bond;31083090.3242984;31081499.057660248;0.0025;0.003136933178315053;0.004;0.010838559172768795
990;300203;FR0128563899;9985527.34073245;0.043296196;0.043296196;44.00095843;-2810.179767900121;;0.0;0.0;9988373.343;8.0;FR0128563899;Bond;9985527.34073245;9982717.16096455;0.0025;0.04319072057193286;0.004;0.043127435315092576
991;300203;FR0128585413;30985453.2781215;0.006484781;0.081379407;-16.1492153;-10588.645950334812;;0.0;0.0;30996146.3;8.0;FR0128585413;Bond;30985453.2781215;30974864.632171165;0.0025;0.006497915805850473;0.004;0.08142674491135697
992;300203;FR0128609148;30950437.44626625;0.007598102;0.1058568;-28.46043401;-13693.168518301041;;0.0;0.0;30964259.66;8.0;FR0128609148;Bond;30950437.44626625;30936744.277747948;0.0025;0.007621235044974555;0.004;0.10593840459576824
993;300203;FR0128615376;30813102.6240685;0.012545517;0.217123169;-127.6229789;-24382.250466592377;;0.0;0.0;30837726.15;8.0;FR0128615376;Bond;30813102.6240685;30788720.373601906;0.0025;0.012649456505764234;0.0035;0.21743313208988926
994;300203;FR0128637701;30786872.739855003;0.033684981;0.591211715;-958.0650939;-75398.87738629429;;0.0;0.0;30862866.21;;FR0128637701;Bond;30786872.739855003;30711473.86246871;0.0025;0.03446579951685156;0.004;0.5938546110829956
995;300203;FR0128656578;30600724.4377945;0.018236964;0.363870085;-366.2265158;-45933.91358383239;;0.0;0.0;30647126.81;8.0;FR0128656578;Bond;30600724.4377945;30554790.524210665;0.0025;0.018536993053576457;0.004;0.36487840689333023
996;300203;FR0128656842;30554166.19608725;0.019669473;0.401919881;-448.0096294;-50623.768233921066;;0.0;0.0;30605310.47;8.0;FR0128656842;Bond;30554166.19608725;30503542.427853327;0.0025;0.02003701022148394;0.004;0.4031525513646741
997;300203;FR0128657360;-22160.0;0.002588674;0.177647752;0.0;15.890109276879999;;0.0;0.0;0.0;8.0;FR0128657360;Bond;-22160.0;-22144.10989072312;0.0025;0.002588690753082696;0.004;0.1777739868951626
998;300203;FR0128661800;30814380.05832075;0.011743587;0.20083409;-108.7828494;-25658.990294372863;;0.0;0.0;30840295.71;8.0;FR0128661800;Bond;30814380.05832075;30788721.068026375;0.0025;0.011832188341293466;0.004;0.20113663782555155
999;300203;FR0128667708;9987677.660863599;0.037898878;0.037898878;38.33193763;-2271.130663034369;;0.0;0.0;9989976.724;8.0;FR0128667708;Bond;9987677.660863599;9985406.530200565;0.0025;0.03780652073783774;0.0035;0.037769577832972835
1000;300203;FR0128668276;29943785.966738;0.059615858;0.059615858;184.8536657;-10710.746953052672;;0.0;0.0;29954618.87;8.0;FR0128668276;Bond;29943785.966738;29933075.21978495;0.0025;0.05947040921383972;0.0035;0.0594122296993756
1001;300203;FR0128692623;30554204.067105003;0.079491289;1.268575697;-4343.450133;-161113.2655469899;;0.0;0.0;30716838.01;;FR0128692623;Bond;30554204.067105003;30393090.801558014;0.0025;0.08306097527997038;0.004;1.2806990567839212
1002;300203;FR0128693399;30716545.07622975;0.014895553;0.276912096;-210.1140595;-35166.98132864871;;0.0;0.0;30752065.16;8.0;FR0128693399;Bond;30716545.07622975;30681378.094901104;0.0025;0.01506711818579592;0.004;0.27749243402292123
1003;300203;FR0128693506;20476440.974347252;0.014921122;0.276757805;-140.0382033;-23431.888117849714;;0.0;0.0;20500120.89;8.0;FR0128693506;Bond;20476440.974347252;20453009.086229403;0.0025;0.015092653384184031;0.004;0.2773377441856812
1004;300203;FR0128716844;20472196.14702675;0.013592656;0.252444382;-116.1110319;-21368.04241755345;;0.0;0.0;20493779.37;8.0;FR0128716844;Bond;20472196.14702675;20450828.1046092;0.0025;0.01373490902938643;0.004;0.25292616046984323
1005;300203;FR0128718600;10234704.37203475;0.015764824;0.295941583;-80.16289854;-12518.869236380837;;0.0;0.0;10247348.91;8.0;FR0128718600;Bond;10234704.37203475;10222185.50279837;0.0025;0.015961256789831308;0.004;0.29660520702722126
1006;300203;FR0128719285;51140321.11133075;0.016171509;0.306710986;-431.2750157;-64808.733657438424;;0.0;0.0;51205802.32;8.0;FR0128719285;Bond;51140321.11133075;51075512.377673306;0.0025;0.01638299204128298;0.004;0.3074245993109718
1007;300203;FR0128720218;2969938.11504045;0.325495062;0.325495062;126.1320048;-6283.551240793153;;0.0;0.0;2976298.424;8.0;FR0128720218;Bond;2969938.11504045;2963654.563799657;0.0025;0.32469819025321484;0.004;0.32422006720514374
1008;300203;FR0128720598;20315414.419382997;0.021715721;0.458699619;-390.6192703;-38377.601094819096;;0.0;0.0;20354216.56;8.0;FR0128720598;Bond;20315414.419382997;20277036.818288177;0.0025;0.022197593140744196;0.004;0.4603103494969195
1009;300203;FR0128730498;30682275.9140305;0.013389212;0.252439458;-174.3338807;-32008.697149915875;;0.0;0.0;30714607.68;8.0;FR0128730498;Bond;30682275.9140305;30650267.216880582;0.0025;0.013531707887049216;0.004;0.2529216370551082
1010;300203;FR0128730522;51122372.415522;0.01649326;0.314857113;-455.0164689;-66492.90680401347;;0.0;0.0;51189556.97;8.0;FR0128730522;Bond;51122372.415522;51055879.50871799;0.0025;0.016716453445986705;0.004;0.3156096744095038
1011;300203;FR0128730746;25559429.2117825;0.01649326;0.314789952;-227.4924693;-33237.30175750145;;0.0;0.0;25593019.18;8.0;FR0128730746;Bond;25559429.2117825;25526191.910024997;0.0025;0.01671645332181955;0.004;0.3155423440599302
1012;300203;FR0128756287;29607896.80018;0.442424754;0.442424754;1864.51431;-78595.59874966214;;0.0;0.0;29687442.88;8.0;FR0128756287;Bond;29607896.80018;29529301.201430336;0.0025;0.44133976445765444;0.0035;0.44090576864071623
1013;300203;FR0128756766;16345544.026849;0.017200947;0.333956347;-164.0799496;-22537.68978296664;;0.0;0.0;16368311.49;8.0;FR0128756766;Bond;16345544.026849;16323006.337066034;0.0025;0.01745264184899707;0.004;0.33480398263489086
1014;300203;FR0128757541;30624838.117489252;0.017692079;0.347458881;-333.5803633;-43918.030570777926;;0.0;0.0;30669215.55;8.0;FR0128757541;Bond;30624838.117489252;30580920.086918473;0.0025;0.017965173464231314;0.004;0.3483774908000758
1015;300203;FR0128757863;30619172.495463;0.017795405;0.350108567;-338.8937131;-44242.33985875351;;0.0;0.0;30663886.18;8.0;FR0128757863;Bond;30619172.495463;30574930.155604247;0.0025;0.01807289727236775;0.004;0.3510415919647791
1016;300203;FR0128758044;30566013.251932498;0.092707342;1.344993952;-4838.535972;-171528.64645271286;;0.0;0.0;30739552.38;;FR0128758044;Bond;30566013.251932498;30394484.605479784;0.0025;0.09668627634313474;0.004;1.358561903267639
1017;300203;FR0128758218;30616150.981459998;0.017865652;0.352937427;-344.3501484;-44589.78595569562;;0.0;0.0;30661202.15;8.0;FR0128758218;Bond;30616150.981459998;30571561.1955043;0.0025;0.0181476333630182;0.004;0.3538855797642531
1018;300203;FR0128767771;29911807.7116065;0.100319842;0.100319842;323.1493739;-13503.365206032355;;0.0;0.0;29925458.64;8.0;FR0128767771;Bond;29911807.7116065;29898304.346400466;0.0025;0.10007491705098721;0.002;0.10012390204078976
1019;300203;FR0128768720;30624476.85523075;0.017912099;0.352894806;-344.2816698;-39196.63751850877;;0.0;0.0;30664075.08;8.0;FR0128768720;Bond;30624476.85523075;30585280.21771224;0.0025;0.018193952170280116;0.0035;0.35372414909123134
1020;300203;FR0128771310;30594887.8270685;0.018306743;0.366602045;-371.8606756;-46264.8256472056;;0.0;0.0;30641623.01;8.0;FR0128771310;Bond;30594887.8270685;30548623.001421295;0.0025;0.018611439347563093;0.004;0.3676258068463366
1021;300203;FR0128771484;30596654.6509685;0.018357928;0.366516289;-371.7668839;-46260.91723175862;;0.0;0.0;30643396.46;8.0;FR0128771484;Bond;30596654.6509685;30550393.733736742;0.0025;0.01866253485717319;0.004;0.36753964867780464
1022;300203;FR0128771542;19968543.0881625;0.118723415;1.335953883;30.94005052;-112635.04477593726;;0.0;0.0;20082542.22;;FR0128771542;Bond;19968543.0881625;19855908.043386564;0.0025;0.11871991713429379;0.004;1.343030996527804
1023;300203;FR0128771732;29668032.12265;0.366380339;0.366380339;1463.759847;-70653.59383263608;;0.0;0.0;29739529.21;8.0;FR0128771732;Bond;29668032.12265;29597378.528817367;0.0025;0.3654824766644278;0.004;0.3649437592630845
1024;300203;FR0128785757;20386565.04342325;0.019285539;0.388297787;-278.4844355;-32647.14710162367;;0.0;0.0;20419549.5;8.0;FR0128785757;Bond;20386565.04342325;20353917.89632163;0.0025;0.019627973682505108;0.004;0.3894472954495065
1025;300203;FR0128785997;30576272.301811248;0.019385508;0.391015106;-423.6930806;-49304.9788490027;;0.0;0.0;30626087.04;8.0;FR0128785997;Bond;30576272.301811248;30526967.322962247;0.0025;0.019732870594073762;0.004;0.3921809542113171
1026;300203;FR0128786854;30551194.829804998;0.019669473;0.401824813;-447.9664639;-50607.22735220831;;0.0;0.0;30602334.13;8.0;FR0128786854;Bond;30551194.829804998;30500587.60245279;0.0025;0.020037010551298903;0.004;0.4030571782507758
1027;300203;FR0128787282;19757680.405468002;0.404264889;0.404264889;1105.769343;-47924.01885608399;;0.0;0.0;19806192.01;8.0;FR0128787282;Bond;19757680.405468002;19709756.386611916;0.0025;0.4032743003307512;0.0035;0.40287806486305167
1028;300203;FR0128787605;30479347.46582825;0.020340936;0.456233713;-582.5452121;-57172.7695969183;;0.0;0.0;30537122.12;8.0;FR0128787605;Bond;30479347.46582825;30422174.69623133;0.0025;0.020819790006769888;0.004;0.4578308211996335
1029;300203;FR0128788207;30384794.75684925;0.02274043;0.532312642;-795.3797621;-66424.24974016593;;0.0;0.0;30451935.07;8.0;FR0128788207;Bond;30384794.75684925;30318370.507109087;0.0025;0.02339614534111807;0.004;0.5344931450324946
1030;300203;FR0128789635;30544471.54341;0.019902893;0.407179002;-460.2752846;-51268.07813082743;;0.0;0.0;30596289.2;8.0;FR0128789635;Bond;30544471.54341;30493203.465279173;0.0025;0.020280608839084505;0.004;0.408444941800615
1031;300203;FR0128789924;30565662.5001835;0.016346508;0.333936278;-308.5723677;-42077.03889612317;;0.0;0.0;30608171.48;8.0;FR0128789924;Bond;30565662.5001835;30523585.461287376;0.0025;0.016599560839638577;0.004;0.3347861474611845
1032;300203;FR0128790138;29632009.64653;0.407110564;0.407110564;1674.273553;-78412.77703773974;;0.0;0.0;29711375.65;8.0;FR0128790138;Bond;29632009.64653;29553596.86949226;0.0025;0.40611235668223095;0.004;0.40551343229156955
1033;300203;FR0128805639;30550290.076457247;0.015710955;0.342005843;-325.8867842;-42993.4464275436;;0.0;0.0;30593736.22;8.0;FR0128805639;Bond;30550290.076457247;30507296.630029704;0.0025;0.01597825268255843;0.004;0.34290040394224997
1034;300203;FR0128806710;25442388.473872;0.020564555;0.423543026;-415.2129751;-44411.813304320836;;0.0;0.0;25487271.57;8.0;FR0128806710;Bond;25442388.473872;25397976.66056768;0.0025;0.020973605565833022;0.004;0.4249133700811364
1035;300203;FR0128807130;25428747.87491975;0.020637903;0.428966898;-426.2328268;-44944.35446384879;;0.0;0.0;25474170.91;8.0;FR0128807130;Bond;25428747.87491975;25383803.5204559;0.0025;0.021058014027352127;0.004;0.43037342234992143
1036;300203;FR0128807544;30517250.7769865;0.020674638;0.428968073;-511.4292989;-53941.03781767014;;0.0;0.0;30571766.15;8.0;FR0128807544;Bond;30517250.7769865;30463309.739168826;0.0025;0.021094673977370148;0.004;0.43037447523177985
1037;300203;FR0128807593;40705342.942052506;0.020794411;0.429060794;-681.7479914;-71976.37612861986;;0.0;0.0;40778070.34;8.0;FR0128807593;Bond;40705342.942052506;40633366.565923885;0.0025;0.02121420117474944;0.004;0.4304671013092754
1038;300203;FR0128807684;20334711.699977;0.020674638;0.428481945;-340.7832239;-35903.25928896008;;0.0;0.0;20371037.2;8.0;FR0128807684;Bond;20334711.699977;20298808.44068804;0.0025;0.021094673967552127;0.004;0.4298866798942216
1039;300203;FR0128808898;20332200.197026502;0.021289674;0.445250205;-367.6172255;-37293.83000805194;;0.0;0.0;20369894.37;8.0;FR0128808898;Bond;20332200.197026502;20294906.36701845;0.0025;0.021742820707375474;0.004;0.44676641771113484
1040;300203;FR0128809730;34528307.590739995;0.447829679;0.447829679;2209.807165;-100508.20588103331;;0.0;0.0;34630063.05;8.0;FR0128809730;Bond;34528307.590739995;34427799.38485896;0.0025;0.4467310608267447;0.004;0.44607188992279156
1041;300203;FR0128810035;30491353.53326925;0.021338821;0.447962573;-558.3352447;-56262.56456979911;;0.0;0.0;30548221.07;8.0;FR0128810035;Bond;30491353.53326925;30435090.96869945;0.0025;0.021797740979958905;0.004;0.44949770545404266
1042;300203;FR0128811116;35532461.10253075;0.021944648;0.463733532;-699.7333379;-67859.7431295886;;0.0;0.0;35601129.78;8.0;FR0128811116;Bond;35532461.10253075;35464601.35940116;0.0025;0.022438171699351726;0.004;0.46538143880346416
1043;300203;FR0128812999;30450635.6891325;0.022608082;0.483332898;-650.8252604;-60592.25214581264;;0.0;0.0;30511879.29;8.0;FR0128812999;Bond;30450635.6891325;30390043.43698669;0.0025;0.023143687952785902;0.004;0.48512226578412687
1044;300203;FR0128817840;30420371.399217;0.023304597;0.50507108;-711.3722944;-63230.13558653727;;0.0;0.0;30484285.29;8.0;FR0128817840;Bond;30420371.399217;30357141.26363046;0.0025;0.02389057311146468;0.004;0.5070268565447876
1045;300203;FR0128839547;30399766.659595;0.023761591;0.518542228;-750.3904165;-64860.11799203787;;0.0;0.0;30465344.98;8.0;FR0128839547;Bond;30399766.659595;30334906.541602965;0.0025;0.02438010465168023;0.004;0.5206051355587378
1046;300203;FR0128840974;35458326.42813;0.02394201;0.523975648;-894.1056784;-76439.55728351364;;0.0;0.0;35535613.67;8.0;FR0128840974;Bond;35458326.42813;35381886.87084649;0.0025;0.02457383495502616;0.004;0.5260824769674586
1047;300203;FR0128862788;9955904.3940509;0.097247989;0.097247989;103.7389841;-15975.162736462276;;0.0;0.0;9972133.016;8.0;FR0128862788;Bond;9955904.3940509;9939929.231314437;0.0025;0.09701113579467492;0.014;0.0959216110501795
1048;300203;FR0128866219;30017178.49168425;0.031665664;1.515376607;-922.8585895;-184325.6050986317;;0.0;0.0;30203564.01;;FR0128866219;Bond;30017178.49168425;29832852.88658562;0.0025;0.03243677949233222;0.004;1.5257918459747968
1049;300203;FR0128866516;30350011.80808475;0.024920012;0.5536988;-856.8814991;-69109.86711863345;;0.0;0.0;30419914.23;8.0;FR0128866516;Bond;30350011.80808475;30280901.940966114;0.0025;0.025627397438185973;0.004;0.556054462117591
1050;300203;FR0128866896;30323147.026143998;0.025777949;0.578146491;-934.7258967;-72079.05554086756;;0.0;0.0;30396057.79;8.0;FR0128866896;Bond;30323147.026143998;30251067.97060313;0.0025;0.02655024753242308;0.004;0.5807165241014808
1051;300203;FR0128866938;10091415.767494999;0.026972892;0.616138367;-354.2058202;-25551.32039586903;;0.0;0.0;10117266.43;8.0;FR0128866938;Bond;10091415.767494999;10065864.44709913;0.0025;0.02785220372422942;0.004;0.6190608615603134
1052;300203;FR0128867167;30167243.24959175;0.009871681;0.268492376;-201.634176;-33143.202774834834;;0.0;0.0;30200754.33;8.0;FR0128867167;Bond;30167243.24959175;30134100.046816915;0.0025;0.010039021577305594;0.004;0.2690480837472264
1053;300203;FR0128867217;20107603.691186752;0.010005808;0.273922312;-140.0474403;-22534.667222163705;;0.0;0.0;20130388.55;8.0;FR0128867217;Bond;20107603.691186752;20085069.023964588;0.0025;0.010180180779731252;0.004;0.2745010417148408
1054;300203;FR0128867282;25119905.92340475;0.01040392;0.290213502;-196.8936125;-29813.90720085392;;0.0;0.0;25150051.09;8.0;FR0128867282;Bond;25119905.92340475;25090092.016203895;0.0025;0.01060014437566041;0.004;0.2908639235418236
1055;300203;FR0128867399;20085653.5694915;0.011163653;0.341802487;-220.5204908;-28021.87853911052;;0.0;0.0;20113988.77;8.0;FR0128867399;Bond;20085653.5694915;20057631.690952387;0.0025;0.011438439692662013;0.004;0.3427089629601435
1056;300203;FR0128902089;20219854.66588675;0.026450796;0.592079146;-652.8901864;-49224.09525858191;;0.0;0.0;20269619.99;8.0;FR0128902089;Bond;20219854.66588675;20170630.570628166;0.0025;0.027259784081817336;0.004;0.594772959212984
1057;300203;FR0128902766;30323805.520209998;0.026339656;0.592076545;-979.5439126;-73812.85252966454;;0.0;0.0;30398430.33;8.0;FR0128902766;Bond;30323805.520209998;30249992.667680334;0.0025;0.02714896051595041;0.004;0.5947708756561644
1058;300203;FR0128902923;30624593.526561;0.031055147;0.665441053;-1213.268686;-83893.07519050344;;0.0;0.0;30708418.07;;FR0128902923;Bond;30624593.526561;30540700.451370496;0.0025;0.03204799461820123;0.004;0.6687969986805722
1059;300203;FR0128904481;30293946.91890475;0.026441542;0.599856905;-1006.874317;-74690.67963053894;;0.0;0.0;30369506.91;8.0;FR0128904481;Bond;30293946.91890475;30219256.23927421;0.0025;0.027274210269160378;0.004;0.6026256908359879
1060;300203;FR0128913979;30098165.305570997;0.03251917;0.790164136;-1749.713174;-85685.6361291658;;0.0;0.0;30184847.4;8.0;FR0128913979;Bond;30098165.305570997;30012479.66944183;0.0025;0.033975152471358405;0.0035;0.7943840679888128
1061;300203;FR0128917608;30317524.070769753;0.026525354;0.597504602;-997.745353;-74469.89826007454;;0.0;0.0;30392815.35;8.0;FR0128917608;Bond;30317524.070769753;30243054.172509678;0.0025;0.027349859387293857;0.004;0.6002490432396956
1062;300203;FR0128918275;30282811.314940747;0.02703084;0.616319731;-1062.700594;-76702.00106270303;;0.0;0.0;30360389.65;8.0;FR0128918275;Bond;30282811.314940747;30206109.313878044;0.0025;0.0279099800226421;0.004;0.6192428324142626
1063;300203;FR0128931484;30289179.216516;0.027122063;0.619034103;-1072.153299;-67678.88467147938;;0.0;0.0;30357608.5;8.0;FR0128931484;Bond;30289179.216516;30221500.33184452;0.0025;0.028008832976853384;0.0035;0.6216142176179095
1064;300203;FR0128957471;12991986.4596508;0.018949317;0.018949317;24.46136849;-1477.1356193017843;;0.0;0.0;12993481.6;8.0;FR0128957471;Bond;12991986.4596508;12990509.324031498;0.0025;0.01890314458303971;0.0035;0.018884675616255595
1065;300203;FR0128957760;12988554.5541088;0.027070527;0.027070527;35.2231011;-2109.642100487851;;0.0;0.0;12990690.01;8.0;FR0128957760;Bond;12988554.5541088;12986444.912008312;0.0025;0.02700456261144313;0.0035;0.026978176856020383
1066;300203;FR0128957786;14924262.1565595;0.116368492;0.116368492;189.7777435;-28655.7790426297;;0.0;0.0;14953328.97;8.0;FR0128957786;Bond;14924262.1565595;14895606.377516871;0.0025;0.11608444468131161;0.014;0.11477782701534502
1067;300203;FR0128958578;30136848.018582746;0.01031069;0.323099114;-295.0591771;-20251.207030855287;;0.0;0.0;30157289.58;8.0;FR0128958578;Bond;30136848.018582746;30116596.81155189;0.0025;0.01055572189810898;0.002;0.3235037129727658
1068;300203;FR0128958859;23934934.207011998;0.081141198;0.081141198;204.9616743;-11652.655413648801;;0.0;0.0;23946743.56;8.0;FR0128958859;Bond;23934934.207011998;23923281.551598348;0.0025;0.0809435755983034;0.0035;0.08086452663762476
1069;300203;FR0128959097;22903838.228661504;0.094650579;0.094650579;231.9378289;-35769.7155694749;;0.0;0.0;22940133.92;8.0;FR0128959097;Bond;22903838.228661504;22868068.51309203;0.0025;0.09441981102597909;0.014;0.0933582783454829
1070;300203;FR0128961564;6543772.015981199;0.00476808;0.08634765;-4.147149291;-7988.553771205245;;0.0;0.0;6551891.89;8.0;FR0128961564;Bond;6543772.015981199;6535783.462209994;0.0025;0.004783980715505452;0.014;0.08654075855586144
1071;300203;FR0128961622;20134450.11325975;0.009191924;0.238430963;-105.64154;-19665.391157977112;;0.0;0.0;20154349.78;8.0;FR0128961622;Bond;20134450.11325975;20114784.722101774;0.0025;0.009323305361704894;0.004;0.23886823250932895
1072;300203;FR0128962307;26123589.325960997;0.01852388;0.252428315;-141.6657902;-27587.110125825737;;0.0;0.0;26151453.38;8.0;FR0128962307;Bond;26123589.325960997;26096002.215835173;0.0025;0.01866031050532931;0.004;0.2529001114888608
1073;300203;FR0128963453;24975648.752934847;0.021617779;0.021617779;53.70981437;-8908.647909522424;;0.0;0.0;24984684.31;8.0;FR0128963453;Bond;24975648.752934847;24966740.105025325;0.0025;0.021565185139505734;0.014;0.021323253381232116
1074;300203;FR0128984541;30157021.19121675;0.012061202;0.333746862;-313.0954163;-41168.56957010822;;0.0;0.0;30198637.88;8.0;FR0128984541;Bond;30157021.19121675;30115852.62164664;0.0025;0.012321120010735397;0.004;0.33460769679838126
1075;300203;FR0128985233;25871699.4421295;0.113659679;0.113659679;320.5087684;-48519.38938731915;;0.0;0.0;25920913.67;8.0;FR0128985233;Bond;25871699.4421295;25823180.05274218;0.0025;0.1133822654930431;0.014;0.11210616336104137
1076;300203;FR0128985399;20106609.785039;0.009992756;0.2739218;-140.0547234;-22532.856090784753;;0.0;0.0;20129392.86;8.0;FR0128985399;Bond;20106609.785039;20084076.928948216;0.0025;0.0101671457899724;0.004;0.2745005568533269
1077;300203;FR0128985589;15083359.735238375;0.005122161;0.113346145;-17.19024922;-24128.11800738688;;0.0;0.0;15107891.39;8.0;FR0128985589;Bond;15083359.735238375;15059231.617230989;0.0025;0.005150718667239678;0.014;0.11368556350528491
1078;300203;FR0128985662;23979361.069146;0.027090495;0.027090495;65.12449247;-3897.6765668813655;;0.0;0.0;23983303.53;8.0;FR0128985662;Bond;23979361.069146;23975463.39257912;0.0025;0.027024433336428663;0.0035;0.026998008671000127
1079;300203;FR0129007342;11555221.20431335;0.005651397;0.124153325;-15.91339061;-20247.925726885078;;0.0;0.0;11575808.92;8.0;FR0129007342;Bond;11555221.20431335;11534973.278586466;0.0025;0.005685905850428537;0.014;0.12456192409988685
1080;300203;FR0129012318;10969863.4046625;0.059387451;0.059387451;67.24552915;-10749.291719447941;;0.0;0.0;10980784.02;8.0;FR0129012318;Bond;10969863.4046625;10959114.112943051;0.0025;0.05924301756604184;0.014;0.058578623769834304
1081;300203;FR0129012383;25060396.86319;0.033039099;0.80656915;-1519.081083;-82921.70431877884;;0.0;0.0;25144313.3;8.0;FR0129012383;Bond;25060396.86319;24977475.15887122;0.0025;0.034557247973535814;0.004;0.8115960372043333
1082;300203;FR0129012847;35139182.83241425;0.011657251;0.333736904;-365.7716352;-47933.03403585039;;0.0;0.0;35187639.32;8.0;FR0129012847;Bond;35139182.83241425;35091249.79837839;0.0025;0.011917821335810158;0.004;0.33459879425565875
1083;300203;FR0129014009;5022120.378221575;0.004107729;0.075533703;-2.400923904;-5362.324660901485;;0.0;0.0;5027571.482;8.0;FR0129014009;Bond;5022120.378221575;5016758.053560673;0.0025;0.004119722927693864;0.014;0.0756805075310046
1084;300203;FR0129025203;10920876.073662002;0.227568441;0.227568441;299.3541703;-14911.480454624776;;0.0;0.0;10935976.71;8.0;FR0129025203;Bond;10920876.073662002;10905964.593207376;0.0025;0.2270126298269892;0.0035;0.22679030535778485
1085;300203;FR0129025385;14568575.962531;0.067722544;0.067722544;102.9396854;-5919.726159839088;;0.0;0.0;14574565.51;8.0;FR0129025385;Bond;14568575.962531;14562656.236371161;0.0025;0.06755736307041091;0.0035;0.06749129069857526
1086;300203;FR0129051647;10023476.017898826;0.006760932;0.172754092;-27.53086648;-24411.771073584034;;0.0;0.0;10048312.4;8.0;FR0129051647;Bond;10023476.017898826;9999064.246825242;0.0025;0.006829712241359425;0.014;0.17355643707703008
1087;300203;FR0129052264;30028507.691717498;0.034140738;0.844567974;-1999.180022;-104007.45214783383;;0.0;0.0;30133782.2;8.0;FR0129052264;Bond;30028507.691717498;29924500.239569664;0.0025;0.03580805371825158;0.004;0.8500841970400637
1088;300203;FR0129054377;16911762.1892125;0.113409458;0.113409458;208.5881035;-31646.23743110747;;0.0;0.0;16943932.45;8.0;FR0129054377;Bond;16911762.1892125;16880115.951781392;0.0025;0.113133264585763;0.014;0.11186277488027278
1089;300203;FR0129065183;14981171.254766;0.037876427;0.037876427;57.4284953;-3404.5994364338567;;0.0;0.0;14984619.77;8.0;FR0129065183;Bond;14981171.254766;14977766.655329566;0.0025;0.037784179104303185;0.0035;0.03774727994602446
1090;300203;FR0129065431;29888473.219258;0.11646485;0.11646485;380.2219539;-20885.739301259397;;0.0;0.0;29909614.81;8.0;FR0129065431;Bond;29888473.219258;29867587.47995674;0.0025;0.11618072621492032;0.0035;0.11606707670088845
1091;300203;FR0129083459;29633869.062675;0.401582911;0.401582911;1644.700942;-77352.96011548213;;0.0;0.0;29712178.97;8.0;FR0129083459;Bond;29633869.062675;29556516.102559518;0.0025;0.4005985651934662;0.004;0.400007957709546
1092;300203;FR0129084911;29951710.482189998;0.036255274;0.915126519;-2347.407069;-112353.18688240057;;0.0;0.0;30065471.88;8.0;FR0129084911;Bond;29951710.482189998;29839357.2953076;0.0025;0.038217886500616284;0.004;0.921611267404523
1093;300203;FR0129085033;19975435.37665325;0.036423297;0.917759051;-1573.945596;-65983.15618963227;;0.0;0.0;20042219.14;8.0;FR0129085033;Bond;19975435.37665325;19909452.22046362;0.0025;0.03839646506932967;0.0035;0.9234648288640098
1094;300203;FR0129100402;29941293.5911875;0.036330173;0.920499135;-2375.486474;-112963.17034590563;;0.0;0.0;30055682.33;8.0;FR0129100402;Bond;29941293.5911875;29828330.420841593;0.0025;0.03831692614629763;0.004;0.9270619351383383
1095;300203;FR0129101236;24984295.6438992;0.018937864;0.018937864;46.98366696;-2838.895158239732;;0.0;0.0;24987170.88;8.0;FR0129101236;Bond;24984295.6438992;24981456.74874096;0.0025;0.018891747407291187;0.0035;0.01887330077020766
1096;300203;FR0129102184;-2820.0;0.04705504;0.04705504;0.0;0.7961712768;;0.0;0.0;0.0;8.0;FR0129102184;Bond;-2820.0;-2819.2038287232;0.0025;0.04706057544197351;0.0035;0.0470627896187629
1097;300203;FR0129104669;9436512.270372;0.197347192;0.197347192;218.2528569;-11173.615192988755;;0.0;0.0;9447849.69;8.0;FR0129104669;Bond;9436512.270372;9425338.65517901;0.0025;0.19686634300625652;0.0035;0.19667400340875915
1098;300203;FR0129104735;29919856.5197825;0.036890496;0.939460622;-2474.417204;-115193.50393306151;;0.0;0.0;30036518.57;8.0;FR0129104735;Bond;29919856.5197825;29804663.015849438;0.0025;0.038961435930519664;0.004;0.9462990272952055
1099;300203;FR0129104768;29920074.977995;0.036890496;0.939467759;-2474.435057;-115195.19917049432;;0.0;0.0;30036737.88;8.0;FR0129104768;Bond;29920074.977995;29804879.77882451;0.0025;0.03896143575185764;0.004;0.9463062176489937
1100;300203;FR0129106110;18970788.5722448;0.045979725;0.045979725;88.96760439;-5233.629849509751;;0.0;0.0;18976091.48;8.0;FR0129106110;Bond;18970788.5722448;18965554.942395292;0.0025;0.04586776744609294;0.0035;0.04582298442453011
1101;300203;FR0129106383;8934845.246019999;0.213558546;0.213558546;226.737169;-11448.675356850259;;0.0;0.0;8946463.393;8.0;FR0129106383;Bond;8934845.246019999;8923396.570663149;0.0025;0.2130381458433709;0.0035;0.21282998578071927
1102;300203;FR0129106730;29900213.0456425;0.037487633;0.958435833;-2575.240288;-117431.96292230349;;0.0;0.0;30019155.31;8.0;FR0129106730;Bond;29900213.0456425;29782781.082720194;0.0025;0.03964434190760864;0.004;0.9655553429455757
1103;300203;FR0129109650;19915655.07440925;0.038279891;0.979863958;-1794.559346;-79964.45319309869;;0.0;0.0;19996678.9;8.0;FR0129109650;Bond;19915655.07440925;19835690.621216152;0.0025;0.04053625374567676;0.004;0.9873088104976127
1104;300203;IRSB100008004;-15435.394117899405;0.043837135;0.0;-3.473702389;1.6916086393114056;BNP PARIBAS;0.0;0.0;0.0;;;Swap;-15435.394117899405;-15433.702509260092;0.0025;0.03821574277729726;0.0;0.0
1105;300203;IRSB100008121;-89895.9545061494;0.635637432;0.0;-545.424481066;142.8530841736941;SOCIETE GENERALE;0.0;0.0;0.0;;;Swap;-89895.9545061494;-89753.1014219757;0.0025;0.48496536523701783;0.0;0.0
1106;300203;IRSB100008126;-46750.170861023806;0.084935973;0.0;-20.698036945;9.926928124993262;NATIXIS;0.0;0.0;0.0;;;Swap;-46750.170861023806;-46740.24393289881;0.0025;0.07388557979691324;0.0;0.0
1107;300203;IRSB100008130;-7029.414810699933;0.027397956999999997;0.0;-0.32637390699999996;0.4814790117967997;BNP PARIBAS;0.0;0.0;0.0;;;Swap;-7029.414810699933;-7028.933331688136;0.0025;0.02623909010238306;0.0;0.0
1108;300203;IRSB100008153;-53998.43510614881;0.10137566199999999;0.0;-29.776564901;13.68531776462469;NATIXIS;0.0;0.0;0.0;;;Swap;-53998.43510614881;-53984.749788384186;0.0025;0.08761550834154105;0.0;0.0
1109;300203;IRSB100008348;-113725.41313322508;0.619198553;0.0;-583.201272978;176.04652812855042;NATIXIS;0.0;0.0;0.0;;;Swap;-113725.41313322508;-113549.36660509654;0.0025;0.49195325513487065;0.0;0.0
1110;300203;IRSB100008446;-76165.79580244746;0.282202624;0.0;-194.536222212;53.73546858624715;BNP PARIBAS;0.0;0.0;0.0;;;Swap;-76165.79580244746;-76112.06033386121;0.0025;0.21854883801924224;0.0;0.0
1111;300203;IRSB100008462;-49786.05405879866;0.063018093;0.0;-11.372562794;7.843555461951003;SOCIETE GENERALE;0.0;0.0;0.0;;;Swap;-49786.05405879866;-49778.21050333671;0.0025;0.057317304108250325;0.0;0.0
1112;300203;IRSB100008512;-5375.509576424758;0.331519673;0.0;-32.258692777;4.455217942461761;JP MORGAN SE;0.0;0.0;0.0;;;Swap;-5375.509576424758;-5371.054358482296;0.0025;0.18176822793514552;0.0;0.0
1113;300203;IRSB100008533;-56669.5363341991;0.254805155;0.0;-222.153703055;36.09922497353434;NOMURA FINANCIAL PRODUCTS EUROPE GMBH;0.0;0.0;0.0;;;Swap;-56669.5363341991;-56633.43710922557;0.0025;0.15696344556617603;0.0;0.0
1114;300203;IRSB100008539;-11518.549549424777;0.046576115;0.0;-1.94403426;1.3412232211180164;CITIBANK EUROPE PUBLIC LIMITED COMPANY;0.0;0.0;0.0;;;Swap;-11518.549549424777;-11517.20832620366;0.0025;0.042362182740149065;0.0;0.0
1115;300203;IRSB100008578;-917.3603710491079;0.36713715599999996;0.0;-395.72575071399996;0.8419926941351855;NOMURA FINANCIAL PRODUCTS EUROPE GMBH;0.0;0.0;0.0;;;Swap;-917.3603710491079;-916.5183783549727;0.0025;-10.416885081338744;0.0;0.0
1116;300203;IRSB100008584;-13564.890706072321;0.372616593;0.0;-407.745390562;12.63625839828508;NOMURA FINANCIAL PRODUCTS EUROPE GMBH;0.0;0.0;0.0;;;Swap;-13564.890706072321;-13552.254447674037;0.0025;-0.378508241344319;0.0;0.0
1117;300203;IRSB100008589;-1719.726189575893;0.378095702;0.0;-349.777923299;1.6255527022387057;BNP PARIBAS;0.0;0.0;0.0;;;Swap;-1719.726189575893;-1718.1006368736541;0.0025;-4.706337808977263;0.0;0.0
1118;300203;IRSB100008598;-17774.75974077619;0.39453459;0.0;-456.969650049;17.531893866689103;SOCIETE GENERALE;0.0;0.0;0.0;;;Swap;-17774.75974077619;-17757.2278469095;0.0025;-0.2477989480716548;0.0;0.0
1119;300203;IRSB100008630;-11708.105491224851;0.41097379;0.0;-330.745110054;12.029311218621222;SOCIETE GENERALE;0.0;0.0;0.0;;;Swap;-11708.105491224851;-11696.07618000623;0.0025;-0.2948350213333939;0.0;0.0
1120;300203;IRSB100008638;-22522.06483157522;0.800025985;0.0;-536.724677477;45.04559275278706;SOCIETE GENERALE;0.0;0.0;0.0;;;Swap;-22522.06483157522;-22477.01923882243;0.0025;0.2058495898831636;0.0;0.0
1121;300203;IRSB100008658;-17399.187979025595;0.413713184;0.0;-502.612602966;17.99568364454301;NATIXIS;0.0;0.0;0.0;;;Swap;-17399.187979025595;-17381.192295381054;0.0025;-0.30803716651690016;0.0;0.0
1122;300203;IRSB100008659;-31407.58558677582;0.800025984;0.0;-663.17417796;62.81721141031136;CITIBANK EUROPE PUBLIC LIMITED COMPANY;0.0;0.0;0.0;;;Swap;-31407.58558677582;-31344.768375365507;0.0025;0.27374869337665086;0.0;0.0
1123;300203;IRSB100008685;-3010.782992174769;0.3780957;0.0;-113.606794216;2.845910257436034;NATIXIS;0.0;0.0;0.0;;;Swap;-3010.782992174769;-3007.9370819173328;0.0025;-0.564879544761272;0.0;0.0
1124;300203;IRSB100008689;-18901.34454977351;0.635637433;0.0;-504.68287527900003;30.036005324666437;NATIXIS;0.0;0.0;0.0;;;Swap;-18901.34454977351;-18871.308544448842;0.0025;-0.030874932799067833;0.0;0.0
1125;300203;IRSB100008693;-2159.0135762252376;0.347958536;0.0;-97.563105128;1.878118007968645;NATIXIS;0.0;0.0;0.0;;;Swap;-2159.0135762252376;-2157.135458217269;0.0025;-0.7814572990179476;0.0;0.0
1126;300203;IRSB100008694;-30209.09608905075;0.769888793;0.0;-763.498329524;58.14411131405075;NOMURA FINANCIAL PRODUCTS EUROPE GMBH;0.0;0.0;0.0;;;Swap;-30209.09608905075;-30150.9519777367;0.0025;0.13952588236255226;0.0;0.0
1127;300203;IRSB100008695;-19806.17791237485;0.635637432;0.0;-505.749461015;31.473870164892677;NATIXIS;0.0;0.0;0.0;;;Swap;-19806.17791237485;-19774.704042209956;0.0025;-0.001725849861717088;0.0;0.0
1128;300203;IRSB100008709;-4604.1388406;0.180830202;0.0;-41.483489354999996;2.0814183914543594;BNP PARIBAS;0.0;0.0;0.0;;;Swap;-4604.1388406;-4602.057422208545;0.0025;-0.04433912639317361;0.0;0.0
1129;300203;IRSB100008721;-19243.77806417448;0.635637433;0.0;-492.927022696;30.58016422483394;BNP PARIBAS;0.0;0.0;0.0;;;Swap;-19243.77806417448;-19213.197899949646;0.0025;-0.003724423558555956;0.0;0.0
1130;300203;IRSB100008722;1860.9473349755935;1.119404566;0.0;-2120.186051748;-5.207882359643028;NOMURA FINANCIAL PRODUCTS EUROPE GMBH;0.0;0.0;0.0;;;Swap;1860.9473349755935;1855.7394526159505;0.0025;29.60515482055398;0.0;0.0
1131;300203;IRSB100008751;3831.51273097426;0.44933101000000003;0.0;-592.8765381349999;-4.304043713091307;BNP PARIBAS;0.0;0.0;0.0;;;Swap;3831.51273097426;3827.208687261169;0.0025;4.318259142183015;0.0;0.0
1132;300203;IRSB100008762;25363.09699611934;0.45481013;0.0;-708.67281899;-28.838483605019118;NATIXIS;0.0;0.0;0.0;;;Swap;25363.09699611934;25334.25851251432;0.0025;1.153854750297756;0.0;0.0
1133;300203;IRSB100008770;22763.37913712649;0.45481013;0.0;-607.533701392;-25.882538561489465;NATIXIS;0.0;0.0;0.0;;;Swap;22763.37913712649;22737.496598564998;0.0025;1.1225543205247224;0.0;0.0
1134;300203;IRSB100008780;17582.58269524612;0.46850961300000005;0.0;-866.037219496;-20.594022535225644;NATIXIS;0.0;0.0;0.0;;;Swap;17582.58269524612;17561.988672710897;0.0025;1.700443473932988;0.0;0.0
1135;300203;IRSB100008791;9172.517242950002;0.473988736;0.0;-659.591783754;-10.86917463481019;NATIXIS;0.0;0.0;0.0;;;Swap;9172.517242950002;9161.648068315191;0.0025;2.272289684725339;0.0;0.0
1136;300203;IRSB100008799;27418.40288750238;0.484948474;0.0;-1381.113040419;-33.24128159952868;BNP PARIBAS;0.0;0.0;0.0;;;Swap;27418.40288750238;27385.16160590285;0.0025;1.7448302570854044;0.0;0.0
1137;300203;IRSB100008858;33069.35470167276;0.53152449;0.0;-912.387978027;-43.942929731089286;NATIXIS;0.0;0.0;0.0;;;Swap;33069.35470167276;33025.41177194167;0.0025;1.221984173896839;0.0;0.0
1138;300203;IRSB100008860;26957.394629875816;1.487643983;0.0;-2668.83758128;-100.25751479622818;NATIXIS;0.0;0.0;0.0;;;Swap;26957.394629875816;26857.13711507959;0.0025;3.968228176641906;0.0;0.0
1139;300203;IRSB100008873;-1045.5367145;0.046576115;0.0;-2.332579573;0.12174259562818543;BNP PARIBAS;0.0;0.0;0.0;;;Swap;-1045.5367145;-1045.414971904372;0.0025;-0.009193154714981028;0.0;0.0
1140;300203;IRSB100008881;43815.855503901934;0.55070309;0.0;-889.7821658949999;-60.323817542480754;NATIXIS;0.0;0.0;0.0;;;Swap;43815.855503901934;43755.531686359456;0.0025;1.0591440277357091;0.0;0.0
1141;300203;IRSB100008976;77770.79984552768;0.539744519;0.0;-788.4518988039999;-104.94090738717404;BNP PARIBAS;0.0;0.0;0.0;;;Swap;77770.79984552768;77665.8589381405;0.0025;0.7939265357587989;0.0;0.0
1142;300203;IRSB100008988;28920.852693799105;0.53974452;0.0;-290.007517942;-39.02467938801326;BNP PARIBAS;0.0;0.0;0.0;;;Swap;28920.852693799105;28881.82801441109;0.0025;0.7911635007050004;0.0;0.0
1143;300203;IRSB100009012;27611.96690229702;0.20548798699999998;0.0;-103.084807039;-14.1848187396591;CREDIT AGRICOLE CORPORATE AND INVESTMENT BANK;0.0;0.0;0.0;;;Swap;27611.96690229702;27597.78208355736;0.0025;0.29892700186457094;0.0;0.0
1144;300203;IRSB100009055;34124.15723482947;0.271244089;0.0;-252.257922958;-23.1399398551352;BNP PARIBAS;0.0;0.0;0.0;;;Swap;34124.15723482947;34101.017294974336;0.0025;0.4562369256703316;0.0;0.0
1145;300203;IRSB100009061;11045.786995526192;0.10411538000000001;0.0;-31.455213755000003;-2.87509077609567;CREDIT AGRICOLE CORPORATE AND INVESTMENT BANK;0.0;0.0;0.0;;;Swap;11045.786995526192;11042.911904750097;0.0025;0.17533526549682443;0.0;0.0
1146;300203;IRSB100009080;12506.295023775001;0.673994442;0.0;-354.071686377;-21.07293334009152;CREDIT AGRICOLE CORPORATE AND INVESTMENT BANK;0.0;0.0;0.0;;;Swap;12506.295023775001;12485.222090434909;0.0025;1.382917043179504;0.0;0.0
1147;300203;IRSB100009088;12476.8912151503;0.276723523;0.0;-127.498057101;-8.631623232860356;CREDIT AGRICOLE CORPORATE AND INVESTMENT BANK;0.0;0.0;0.0;;;Swap;12476.8912151503;12468.259591917438;0.0025;0.532383362114561;0.0;0.0
1148;300203;IRSB100009094;3162.8810162759687;0.11781466;0.0;-14.801570228;-0.9315843788825192;BNP PARIBAS;0.0;0.0;0.0;;;Swap;3162.8810162759687;3161.949431897086;0.0025;0.2348437256183707;0.0;0.0
1149;300203;IRSB100009104;884.8125290013413;0.030137338;0.0;-1.815073921;-0.06666473563287056;CREDIT AGRICOLE CORPORATE AND INVESTMENT BANK;0.0;0.0;0.0;;;Swap;884.8125290013413;884.7458642657084;0.0025;0.08142374685531771;0.0;0.0
1150;300203;IRSB100009109;1008.1737858218708;0.030137338;0.0;-1.875791954;-0.07595918536513332;CREDIT AGRICOLE CORPORATE AND INVESTMENT BANK;0.0;0.0;0.0;;;Swap;1008.1737858218708;1008.0978266365056;0.0025;0.07665420713225254;0.0;0.0
1151;300203;IRSB100009122;4501.919044774777;0.213708122;0.0;-45.204721637;-2.405241661137129;CREDIT AGRICOLE CORPORATE AND INVESTMENT BANK;0.0;0.0;0.0;;;Swap;4501.919044774777;4499.513803113639;0.0025;0.46485258936123425;0.0;0.0
1152;300203;IRSB100009130;24418.31796119985;0.884960136;0.0;-1588.878631647;-54.02309495958665;BNP PARIBAS;0.0;0.0;0.0;;;Swap;24418.31796119985;24364.294866240263;0.0025;2.513646196187718;0.0;0.0
1153;300203;IRSB100009153;36903.945555426486;0.819204533;0.0;-1636.398155553;-75.57969871147645;CREDIT AGRICOLE CORPORATE AND INVESTMENT BANK;0.0;0.0;0.0;;;Swap;36903.945555426486;36828.36585671501;0.0025;1.929434577618835;0.0;0.0
1154;300203;IRSB100009163;33351.48443694806;0.7342692200000001;0.0;-1316.884421208;-61.222421158399996;CREDIT AGRICOLE CORPORATE AND INVESTMENT BANK;0.0;0.0;0.0;;;Swap;33351.48443694806;33290.26201578966;0.0025;1.722742891447988;0.0;0.0
1155;300203;IRSB100009181;35977.7891088506;1.559363047;0.0;-5752.334145870001;-140.2560871227517;CREDIT AGRICOLE CORPORATE AND INVESTMENT BANK;0.0;0.0;0.0;;;Swap;35977.7891088506;35837.533021727846;0.0025;5.562584683837465;0.0;0.0
1156;300203;IRSB100009204;24620.474325649702;0.6657745049999999;0.0;-1300.488568733;-40.9792102675616;NATIXIS;0.0;0.0;0.0;;;Swap;24620.474325649702;24579.495115382142;0.0025;1.9874183003779144;0.0;0.0
1157;300203;IRSB100009211;21636.226130250296;0.33699877100000003;0.0;-467.575650623;-18.228454037431092;CREDIT AGRICOLE CORPORATE AND INVESTMENT BANK;0.0;0.0;0.0;;;Swap;21636.226130250296;21617.997676212864;0.0025;0.8775521078793436;0.0;0.0
1158;300203;IRSB100009239;23843.541285527386;0.282202622;0.0;-234.03759284699998;-16.8217746713527;NATIXIS;0.0;0.0;0.0;;;Swap;23843.541285527386;23826.719510856034;0.0025;0.5277905948590589;0.0;0.0
1159;300203;IRSB100009258;47445.21659067336;0.868521273;0.0;-1470.999584051;-103.01794977773086;CREDIT AGRICOLE CORPORATE AND INVESTMENT BANK;0.0;0.0;0.0;;;Swap;47445.21659067336;47342.19864089563;0.0025;1.6455113582218792;0.0;0.0
1160;300203;IRSB100009262;15083.000205675895;0.290422733;0.0;-165.336157336;-10.951115353929888;NATIXIS;0.0;0.0;0.0;;;Swap;15083.000205675895;15072.049090321965;0.0025;0.5646774787298214;0.0;0.0
1161;300203;IRSB100009266;33403.960168174846;0.8192045139999999;0.0;-999.478084988;-68.41168738811257;NATIXIS;0.0;0.0;0.0;;;Swap;33403.960168174846;33335.54848078673;0.0025;1.5689059015521878;0.0;0.0
1162;300203;IRSB100009272;34331.55039827351;0.663034792;0.0;-874.602973457;-56.90753094339198;CREDIT AGRICOLE CORPORATE AND INVESTMENT BANK;0.0;0.0;0.0;;;Swap;34331.55039827351;34274.64286733012;0.0025;1.3010137284382668;0.0;0.0
1163;300203;IRSB100009319;45152.69943472396;0.627417398;0.0;-1155.5741875699998;-70.82397298002644;CREDIT AGRICOLE CORPORATE AND INVESTMENT BANK;0.0;0.0;0.0;;;Swap;45152.69943472396;45081.87546174393;0.0025;1.2682160931903494;0.0;0.0
1164;300203;IRSB100009324;23352.557914100224;0.673994443;0.0;-690.391635568;-39.34873565984805;BNP PARIBAS;0.0;0.0;0.0;;;Swap;23352.557914100224;23313.209178440375;0.0025;1.4142264887553122;0.0;0.0
1165;300203;IRSB100009332;56885.45225107485;0.884960134;0.0;-2442.210032313;-125.85339361690451;CREDIT AGRICOLE CORPORATE AND INVESTMENT BANK;0.0;0.0;0.0;;;Swap;56885.45225107485;56759.598857457946;0.0025;1.9602196884803607;0.0;0.0
1166;300203;IRSB100009337;25077.94946640119;1.156039266;0.0;-1484.701491455;-72.47773573480882;CREDIT AGRICOLE CORPORATE AND INVESTMENT BANK;0.0;0.0;0.0;;;Swap;25077.94946640119;25005.47173066638;0.0025;2.639466945947941;0.0;0.0
1167;300203;IRSB100009346;29335.391360850146;0.895918679;0.0;-1329.73681561;-65.70531268990219;CREDIT AGRICOLE CORPORATE AND INVESTMENT BANK;0.0;0.0;0.0;;;Swap;29335.391360850146;29269.686048160245;0.0025;2.0311442704213687;0.0;0.0
1168;300203;IRSB100009351;2385.0480018254543;0.24110559199999998;0.0;-28.445614683000002;-1.437621026071358;JP MORGAN SE;0.0;0.0;0.0;;;Swap;2385.0480018254543;2383.610380799383;0.0025;0.5394169823783106;0.0;0.0
1169;300203;IRSB100009357;2804.295548124933;0.232886773;0.0;-31.847210431;-1.6327083518527044;CREDIT AGRICOLE CORPORATE AND INVESTMENT BANK;0.0;0.0;0.0;;;Swap;2804.295548124933;2802.66283977308;0.0025;0.5169368965638041;0.0;0.0
1170;300203;IRSB100009363;14090.418180398883;0.47398874;0.0;-330.27557277;-16.6967488985009;CREDIT AGRICOLE CORPORATE AND INVESTMENT BANK;0.0;0.0;0.0;;;Swap;14090.418180398883;14073.721431500382;0.0025;1.0605436090186944;0.0;0.0
1171;300203;IRSB100009369;31642.893915698813;0.895918678;0.0;-1563.981355462;-70.8736492126178;CREDIT AGRICOLE CORPORATE AND INVESTMENT BANK;0.0;0.0;0.0;;;Swap;31642.893915698813;31572.020266486194;0.0025;2.133575101492539;0.0;0.0
1172;300203;IRSB100009384;27977.808700577832;0.408234076;0.0;-490.399066272;-28.55373720846288;NATIXIS;0.0;0.0;0.0;;;Swap;27977.808700577832;27949.25496336937;0.0025;0.84685431951722;0.0;0.0
1173;300203;IRSB100009392;49381.39034135238;0.663034805;0.0;-1290.146860113;-81.85395128901865;NATIXIS;0.0;0.0;0.0;;;Swap;49381.39034135238;49299.53639006336;0.0025;1.317288225127004;0.0;0.0
1174;300203;IRSB100009403;52232.34303399985;0.7370089089999999;0.0;-1592.152066015;-96.23925538500494;NATIXIS;0.0;0.0;0.0;;;Swap;52232.34303399985;52136.103778614844;0.0025;1.5004196335205027;0.0;0.0
1175;300203;IRSB100009450;21212.051401249108;0.37535598400000003;0.0;-414.46523510199995;-19.905176065936097;BNP PARIBAS;0.0;0.0;0.0;;;Swap;21212.051401249108;21192.146225183173;0.0025;0.8641867061379032;0.0;0.0
1176;300203;IRSB100009452;51568.149405599106;0.980852881;0.0;-2810.004887156;-126.4519197808008;BNP PARIBAS;0.0;0.0;0.0;;;Swap;51568.149405599106;51441.6974858183;0.0025;2.3455354170206544;0.0;0.0
1177;300203;SECL100006676;25.742004090000002;0.002739726;0.002739726;0.0;-0.00038789320843613635;;0.0;0.0;0.0;;SECL100006676;Bond;25.742004090000002;25.741616196791565;0.002;0.00273974101219711;0.0035;0.002739752271344943
1178;300203;XS1400169931;23436964.725250002;1.518719145;1.518719145;8994.757925;-231362.08568802447;;0.0;0.0;23676881.1;8.0;XS1400169931;Bond;23436964.725250002;23205602.639561977;0.0025;1.5148907870243002;0.004;1.5125937722388805
1179;300203;XS2063547041;7464968.14811095;0.023996397;0.023996397;17.86561886;-1164.3602052837637;;0.0;0.0;7466164.78;7.0;XS2063547041;Bond;7464968.14811095;7463803.787905667;0.0025;0.02393800503689586;0.004;0.023902969859033375
1180;300203;XS2168647357;12878677.930779502;0.749299772;0.749299772;1673.998687;-62724.93784176433;;0.0;0.0;12943216.71;5.0;XS2168647357;Bond;12878677.930779502;12815952.992937738;0.0025;0.7474538427658972;0.004;0.7463462852254356
1181;300203;XS2190134184;9982746.533270001;1.18012224;1.18012224;2582.187086;-76575.59780126638;;0.0;0.0;10061130.14;8.0;XS2190134184;Bond;9982746.533270001;9906170.935468735;0.0025;1.1771373363686262;0.004;1.175346394189802
1182;300203;XS2264074647;20054623.78962;0.557857549;0.557857549;1739.466641;-67125.73964036701;;0.0;0.0;20121769.86;6.0;XS2264074647;Bond;20054623.78962;19987498.049979635;0.0025;0.5564671506523953;0.0035;0.5559109913133533
1183;300203;XS2390400633;18794434.449559998;1.126833076;1.126833076;4485.112447;-127069.14229486836;;0.0;0.0;18922619.15;8.0;XS2390400633;Bond;18794434.449559998;18667365.30726513;0.0025;1.1240414465001176;0.0035;1.1229247947001648
1184;300203;XS2432293673;38731210.50296;0.617212982;0.617212982;3820.978039;-143432.43558600996;;0.0;0.0;38874994.73;7.0;XS2432293673;Bond;38731210.50296;38587778.06737398;0.0025;0.61569901863526;0.0035;0.6150934332893639
1185;300203;XS2575952424;18326041.815165;0.778282645;0.778282645;2515.420941;-92708.4619258669;;0.0;0.0;18421505.59;7.0;XS2575952424;Bond;18326041.815165;18233333.35323913;0.0025;0.7763654704567001;0.004;0.7752151657307202
1186;300203;XS2625195891;16682350.882330002;1.068606938;1.068606938;3727.113693;-115874.69331755371;;0.0;0.0;16802082.19;7.0;XS2625195891;Bond;16682350.882330002;16566476.18901245;0.0025;1.0658763256009662;0.004;1.064237958161546
1187;300203;XS2697483118;11897858.559045;1.43260812;1.43260812;4187.898373;-110792.29708494588;;0.0;0.0;12012468.36;7.0;XS2697483118;Bond;11897858.559045;11787066.261960054;0.0025;1.4289393457074073;0.004;1.4267380811318517
1188;300203;XS2719281227;22100512.365009997;0.127377316;0.617793533;38.75060273;-61651.97432855831;;0.0;0.0;22163137.33;8.0;XS2719281227;Bond;22100512.365009997;22038860.39068144;0.0025;0.12737404394438462;0.004;0.6192500731861564
1189;300203;XS2745115597;26783890.30513575;0.026422522;0.758571806;4.871823833;-83039.26098897344;;0.0;0.0;26868028.25;8.0;XS2745115597;Bond;26783890.30513575;26700851.044146776;0.0025;0.026419720028941912;0.004;0.7608662549870641
1190;300203;XS2752456314;8043771.434702001;0.061988889;0.794407385;4.002203013;-26806.686860435042;;0.0;0.0;8070914.667;5.0;XS2752456314;Bond;8043771.434702001;8016964.747841566;0.0025;0.061986056729641914;0.004;0.7969118152513593
1191;300203;XS2752874821;32683922.1956475;0.078806818;0.810232699;29.13338459;-112365.6197479383;;0.0;0.0;32796976.88;7.0;XS2752874821;Bond;32683922.1956475;32571556.575899564;0.0025;0.07880006010000029;0.004;0.8128229524078625
1192;300203;XS2800795291;33594931.413395;0.039165864;1.015147944;12.39491176;-139704.73849958167;;0.0;0.0;33735638.07;8.0;XS2800795291;Bond;33594931.413395;33455226.67489542;0.0025;0.03916047511625691;0.004;1.0192552873192293
1193;300203;XS2802190459;35138940.851224996;0.042114314;1.017695513;9.61217772;-128862.2294971141;;0.0;0.0;35268989.58;6.0;XS2802190459;Bond;35138940.851224996;35010078.621727884;0.0025;0.042111909345205874;0.0035;1.0213109033793666
1194;300203;XS2815975409;29923925.259978;0.081352597;0.081352597;257.5946456;-15823.528710165217;;0.0;0.0;29939920.56;8.0;XS2815975409;Bond;29923925.259978;29908101.731267836;0.0025;0.08115393467834164;0.004;0.08103473728534662
1195;300203;XS2819077277;29907478.84824;0.097582206;0.097582206;313.4673188;-18969.845452412388;;0.0;0.0;29926664.71;8.0;XS2819077277;Bond;29907478.84824;29888509.002787586;0.0025;0.0973439808383623;0.004;0.0972010457413797
1196;300203;XS2819223194;34955113.9045725;0.115539634;1.092889758;53.82085888;-162905.09657152926;;0.0;0.0;35119173.0;5.0;XS2819223194;Bond;34955113.9045725;34792208.808000974;0.0025;0.11553451468141596;0.004;1.0976058015547314
1197;300203;XS2824777267;25975678.7739925;0.142827776;1.120808947;61.22020224;-111173.32718346015;;0.0;0.0;26087805.27;7.0;XS2824777267;Bond;25975678.7739925;25864505.446809042;0.0025;0.1428198547386255;0.0035;1.1251232024613491
1198;300203;XS2841263358;20552400.027307;0.01080062;0.189877338;-64.98641625;-16164.686683742053;;0.0;0.0;20568734.17;8.0;XS2841263358;Bond;20552400.027307;20536235.34062326;0.0025;0.010879961301845308;0.004;0.1901480310833268
1199;300203;XS2861535420;24789499.771266997;0.276772911;0.276772911;861.680588;-44596.90309052811;;0.0;0.0;24834610.31;8.0;XS2861535420;Bond;24789499.771266997;24744902.868176468;0.0025;0.2760954215552916;0.004;0.2756889278884666
1200;300203;XS2861705445;34723893.336092494;0.249351755;0.249351755;1062.468352;-56280.01433461855;;0.0;0.0;34780876.8;8.0;XS2861705445;Bond;34723893.336092494;34667613.321757875;0.0025;0.24874225534597624;0.004;0.24837655555356197
1201;300203;XS2861748171;30719846.75216075;0.014946686;0.276828366;-210.0498442;-35164.39967911594;;0.0;0.0;30755374.59;8.0;XS2861748171;Bond;30719846.75216075;30684682.352481633;0.0025;0.015118184362109446;0.004;0.2774084055425745
1202;300203;XS2862962623;19823856.240248002;0.284634155;0.284634155;712.4855816;-33855.27941870681;;0.0;0.0;19858131.92;8.0;XS2862962623;Bond;19823856.240248002;19790000.960829295;0.0025;0.283938176090274;0.0035;0.2836597845263836
1203;300203;XS2866213098;25575323.3366865;0.015574582;0.292958684;-196.6711238;-30965.86469657001;;0.0;0.0;25606627.39;8.0;XS2866213098;Bond;25575323.3366865;25544357.47198993;0.0025;0.015767435376372117;0.004;0.29360957829390155
1204;300203;XS2880647099;29673262.416175;0.360963608;0.360963608;1436.538455;-69621.29110867661;;0.0;0.0;29743710.19;8.0;XS2880647099;Bond;29673262.416175;29603641.125066325;0.0025;0.3600790477856737;0.004;0.3595483116570779
1205;300203;XS2880859272;35715474.251807;0.017313313;0.361074133;-423.0399586;-53129.61856228257;;0.0;0.0;35769157.23;8.0;XS2880859272;Bond;35715474.251807;35662344.633244716;0.0025;0.01761018049350781;0.004;0.3620694201044712
1206;300203;XS2885066808;24719753.0567525;0.371826745;0.371826745;1242.859538;-59744.52455592454;;0.0;0.0;24780209.98;8.0;XS2885066808;Bond;24719753.0567525;24660008.532196574;0.0025;0.3709154330292682;0.004;0.3703686458468291
1207;300203;XS2888423881;29649394.384735;0.38812222;0.38812222;1575.042097;-74799.32700668274;;0.0;0.0;29725091.57;8.0;XS2888423881;Bond;29649394.384735;29574595.057728317;0.0025;0.3871707612683969;0.004;0.38659988602943507
1208;300203;XS2895045164;30551986.735797502;0.019937579;0.407332841;-460.3019299;-51302.141844026635;;0.0;0.0;30603819.8;8.0;XS2895045164;Bond;30551986.735797502;30500684.593953475;0.0025;0.02031522742997153;0.004;0.40859916863315743
1209;300203;XS2898793406;25427000.203224752;0.020674638;0.428812738;-426.1231368;-44927.92136665444;;0.0;0.0;25472422.46;8.0;XS2898793406;Bond;25427000.203224752;25382072.281858098;0.0025;0.02109467377570233;0.004;0.4302186069355823
1210;300203;XS2903381072;29605981.00372;0.448169426;0.448169426;1897.655;-86245.22083192662;;0.0;0.0;29693230.29;8.0;XS2903381072;Bond;29605981.00372;29519735.782888073;0.0025;0.44706914021816796;0.004;0.44640896874906877
1211;300203;XS2906220855;29573740.718005;0.461077283;0.461077283;1966.062979;-88632.5701196274;;0.0;0.0;29663544.05;8.0;XS2906220855;Bond;29573740.718005;29485108.147885375;0.0025;0.4599467630638302;0.004;0.45926845110212833
1212;300203;XS2908566982;44362812.94454;0.466483889;0.466483889;2994.368353;-124167.22505609135;;0.0;0.0;44488599.89;8.0;XS2908566982;Bond;44362812.94454;44238645.71948391;0.0025;0.46534047552794694;0.0035;0.4648831101391257
1213;300203;XS2908585263;30461057.391028248;0.02686668;0.488775424;-646.157261;-61600.433670618644;;0.0;0.0;30522982.74;;XS2908585263;Bond;30461057.391028248;30399456.95735763;0.0025;0.027398798754230118;0.004;0.49057953239321683
1214;300203;XS2908892438;30464957.741637748;0.026961676;0.559664749;-871.0594912;-70254.1175110365;;0.0;0.0;30535951.95;8.0;XS2908892438;Bond;30464957.741637748;30394703.62412671;0.0025;0.02767829777721445;0.004;0.5620613346407451
1215;300203;XS2909655438;29570451.574745;0.477735476;0.477735476;2061.80879;-91824.54943087237;;0.0;0.0;29663424.06;8.0;XS2909655438;Bond;29570451.574745;29478627.025314126;0.0025;0.47656292130801314;0.004;0.47585938849282106
1216;300203;XS2909824646;29579419.418915;0.478031875;0.478031875;2064.994076;-91909.38462052976;;0.0;0.0;29672420.1;8.0;XS2909824646;Bond;29579419.418915;29487510.03429447;0.0025;0.47685786486242315;0.004;0.4761534587798771
1217;300203;XS2918558227;30413832.247841;0.028389724;0.600428106;-1003.702454;-75203.87952933784;;0.0;0.0;30489840.13;8.0;XS2918558227;Bond;30413832.247841;30338628.368311662;0.0025;0.02921677674444783;0.004;0.6031902221273003
1218;300203;XS2920487852;32492438.042680003;0.524188418;0.524188418;2566.966536;-110709.03801461044;;0.0;0.0;32604499.26;8.0;XS2920487852;Bond;32492438.042680003;32381729.004665393;0.0025;0.522900302555062;0.004;0.5221274332880992
1219;300203;XS2922134684;30379342.58261;0.024400632;0.534661051;-798.3981476;-66823.79283252977;;0.0;0.0;30446931.9;8.0;XS2922134684;Bond;30379342.58261;30312518.78977747;0.0025;0.02505914436219149;0.004;0.5368557389739641
1220;300203;XS2923562263;30385005.464903;0.024529388;0.540593034;-815.3813624;-67567.0031405908;;0.0;0.0;30453286.16;8.0;XS2923562263;Bond;30385005.464903;30317438.46176241;0.0025;0.02520176701388436;0.004;0.5428353969723497
1221;300203;XS2924877116;29512194.38541;0.542876642;0.542876642;2444.057423;-104139.62640901713;;0.0;0.0;29617682.02;8.0;XS2924877116;Bond;29512194.38541;29408054.759000983;0.0025;0.5415430503474393;0.004;0.5407428953559029
1222;300203;XS2931921113;31240488.1711175;0.09918967;1.555195347;40.95354722;-202087.08164775203;;0.0;0.0;31444810.32;8.0;XS2931921113;Bond;31240488.1711175;31038401.089469746;0.0025;0.09918149366347027;0.004;1.5648174407683353
1223;300203;XS2942506978;30294124.9270325;0.027033793;0.616680088;-1063.086419;-76774.54725952541;;0.0;0.0;30371732.47;8.0;XS2942506978;Bond;30294124.9270325;30217350.379772976;0.0025;0.027912924180444356;0.004;0.6196049519085978
1224;300203;XS2963900035;24847099.281478498;0.200795407;0.200795407;588.3204479;-32429.692184460237;;0.0;0.0;24879886.2;8.0;XS2963900035;Bond;24847099.281478498;24814669.58929404;0.0025;0.20030426321398986;0.004;0.20000957694238375
1225;300203;XS2972963883;28923816.69934;0.026788409;1.71955593;8.705166366;-176013.47941149832;;0.0;0.0;29102621.11;6.0;XS2972963883;Bond;28923816.69934;28747803.219928503;0.0025;0.026782678827174222;0.0035;1.7298944501794389
1226;300203;XS2974086667;34719935.9446925;0.266006986;0.266006986;1150.172596;-60032.34584594464;;0.0;0.0;34780635.3;8.0;XS2974086667;Bond;34719935.9446925;34659903.598846555;0.0025;0.26535570649112045;0.004;0.26496493878579275
1227;300203;XS2976509716;16860879.728962;0.271282887;0.271282887;571.7384033;-27444.408781395534;;0.0;0.0;16888641.88;8.0;XS2976509716;Bond;16860879.728962;16833435.320180606;0.0025;0.2706191438120324;0.0035;0.27035364653684535
1228;300203;XS2977963219;24793492.003378;0.274000379;0.274000379;851.022891;-40760.557233954256;;0.0;0.0;24834724.45;8.0;XS2977963219;Bond;24793492.003378;24752731.446144044;0.0025;0.27332995835553864;0.0035;0.2730617900977541
1229;300203;XS2978738495;29962930.284231998;0.037895538;0.037895538;114.9751627;-6812.768179064788;;0.0;0.0;29969827.45;8.0;XS2978738495;Bond;29962930.284231998;29956117.51605293;0.0025;0.037803197005872785;0.0035;0.0377662606082219
1230;300203;XS2982074358;-2675.0;0.042632874;0.797274588;0.0;8.815945436475;;0.0;0.0;0.0;8.0;XS2982074358;Bond;-2675.0;-2666.184054563525;0.0025;0.04263741790486375;0.004;0.7998171750746822
1231;300203;XS2989318428;24392955.86353;0.808739677;0.808739677;3541.623855;-128229.0830999523;;0.0;0.0;24523096.24;8.0;XS2989318428;Bond;24392955.86353;24264726.780430045;0.0025;0.806745065806089;0.004;0.8055482990897422
1232;300203;XS2989343293;24465602.265795;0.725014897;0.725014897;3034.421852;-115296.51969405913;;0.0;0.0;24582486.94;8.0;XS2989343293;Bond;24465602.265795;24350305.74610094;0.0025;0.7232283113213853;0.004;0.7221563599142166
1233;300203;XS2993382667;29410421.897135;0.656870845;0.656870845;3170.429019;-125572.51644195421;;0.0;0.0;29537717.32;8.0;XS2993382667;Bond;29410421.897135;29284849.38069305;0.0025;0.6552545555603733;0.004;0.6542847818965972
1234;300203;XS2993406359;12965963.16154;0.081231904;0.081231904;111.2796166;-6319.4992488345215;;0.0;0.0;12972360.49;8.0;XS2993406359;Bond;12965963.16154;12959643.662291165;0.0025;0.08103383952525106;0.0035;0.08095461373535148
1235;300203;XS2994493786;41567677.774315;0.330814863;0.330814863;1801.181937;-89382.83658289805;;0.0;0.0;41658184.46;8.0;XS2994493786;Bond;41567677.774315;41478294.9377321;0.0025;0.330005176430718;0.004;0.32951936448914876
1236;300203;XS3003192898;29970695.207907148;0.029784068;0.029784068;89.68735755;-5802.219956517274;;0.0;0.0;29976567.33;8.0;XS3003192898;Bond;29970695.207907148;29964892.98795063;0.0025;0.029711473183273805;0.004;0.02966791629323809
1237;300203;XS3003206359;19500670.82418;0.858355755;0.858355755;3090.969125;-108800.33468392072;;0.0;0.0;19611029.88;8.0;XS3003206359;Bond;19500670.82418;19391870.48949608;0.0025;0.8562350468957551;0.004;0.8549626220332083
1238;300203;XS3006178597;29442903.25681;0.618826131;0.618826131;2919.62684;-118430.24640082367;;0.0;0.0;29562936.88;8.0;XS3006178597;Bond;29442903.25681;29324473.010409176;0.0025;0.6173044372425505;0.004;0.6163914209880808
1239;300203;XS3007482790;31168787.835185;0.874111178;0.874111178;5073.168445;-177092.4080343966;;0.0;0.0;31348548.14;8.0;XS3007482790;Bond;31168787.835185;30991695.427150603;0.0025;0.871952244364601;0.004;0.8706568841833615
1240;300203;XS3007483178;34947182.2356955;0.046030095;0.046030095;164.2554426;-10456.043768893946;;0.0;0.0;34957765.34;8.0;XS3007483178;Bond;34947182.2356955;34936726.191926606;0.0025;0.04591788928721196;0.004;0.04585056585953913
1241;300203;XS3013234177;19474056.725565;0.884966506;0.884966506;3228.087175;-112020.27159744888;;0.0;0.0;19587773.14;8.0;XS3013234177;Bond;19474056.725565;19362036.453967553;0.0025;0.8827803335968079;0.004;0.8814686301548926
1242;300203;XS3016270335;14971520.4631368;0.05959159;0.05959159;92.34931153;-5353.0602546951495;;0.0;0.0;14976936.78;8.0;XS3016270335;Bond;14971520.4631368;14966167.402882105;0.0025;0.059446259589373746;0.0035;0.05938812742512324
1243;300203;XS3017362073;19994807.9460474;0.008125645;0.008125645;15.9749769;-974.8242672765621;;0.0;0.0;19995794.04;8.0;XS3017362073;Bond;19994807.9460474;19993833.121780124;0.0025;0.00810583615886168;0.0035;0.008097912622406353
1244;300203;XS3017920425;29350612.54966;0.727539407;0.727539407;3657.90771;-138799.22712153156;;0.0;0.0;29491363.11;8.0;XS3017920425;Bond;29350612.54966;29211813.32253847;0.0025;0.7257469913388209;0.004;0.7246715419421135
1245;300203;XS3019213654;43890953.6328575;0.195291335;0.930341869;170.7746478;-184763.17466339955;;0.0;0.0;44076769.0;8.0;XS3019213654;Bond;43890953.6328575;43706190.4581941;0.0025;0.19528940964184874;0.004;0.9336483775777114
1246;300203;XS3030265170;34762068.583698496;0.211302929;0.211302929;872.7700229;-47744.62491392343;;0.0;0.0;34810421.69;8.0;XS3030265170;Bond;34762068.583698496;34714323.95878457;0.0025;0.2107868772062746;0.004;0.21047724613003932
1247;300203;XS3030333788;29923703.238202;0.078512277;0.078512277;247.5421534;-14096.268465021076;;0.0;0.0;29937975.04;8.0;XS3030333788;Bond;29923703.238202;29909606.96973698;0.0025;0.07832087634903741;0.0035;0.07824431608865237
1248;300203;XS3035914517;29130727.61542;0.968905935;0.968905935;5527.584157;-183462.07670341744;;0.0;0.0;29317112.16;8.0;XS3035914517;Bond;29130727.61542;28947265.53871658;0.0025;0.9665091072395541;0.004;0.9650710105832865
1249;300203;XS3036613100;29419682.482685;0.646000384;0.646000384;3097.935375;-123533.3201763218;;0.0;0.0;29544904.31;8.0;XS3036613100;Bond;29419682.482685;29296149.162508678;0.0025;0.6444111388619763;0.004;0.6434575917791621
1250;300203;XS3038488436;29137943.789255;0.971942541;0.971942541;5555.960392;-184082.64631928387;;0.0;0.0;29324900.07;8.0;XS3038488436;Bond;29137943.789255;28953861.142935716;0.0025;0.9695372755788607;0.004;0.968094116326177
1251;300208;BE6356749489;9985981.4513051;0.043340519;0.043340519;44.09309584;-2813.1845223555865;;0.0;0.0;9988827.583;8.0;BE6356749489;Bond;9985981.4513051;9983168.266782746;0.0025;0.04323482751463202;0.004;0.04317141262341124
1252;300208;CSH_EUR_DB;726484280.9565694;0.0;0.0;0.0;0.0;;0.0;0.0;852623700.8;;;Cash;726484280.9565694;726484280.9565694;0.0;0.0;0.0;0.0
1253;300208;CSH_USD_DB;0.33396593100000005;0.0;0.0;0.0;-0.008782800000000007;;0.0;0.003425292;0.342529161;;;Cash;0.33396593100000005;0.32518313100000007;0.0;0.0;0.0;0.0
1254;300208;DE000A3LKBD0;6045261.07045525;0.062957899;0.79268771;3.860005648;-20119.50895692117;;0.0;0.0;6065576.0;5.0;DE000A3LKBD0;Bond;6045261.07045525;6025141.561498329;0.0025;0.06295184530237671;0.004;0.795175584517957
1255;300208;DE000A3LNFJ2;34246203.786924995;0.21704016;0.464068483;162.2308528;-82152.33923289557;;0.0;0.0;34328861.8;5.0;DE000A3LNFJ2;Bond;34246203.786924995;34164051.447692096;0.0025;0.21703949627019314;0.004;0.4647404335357534
1256;300208;DE000A4BF827;9972393.9199888;0.075507525;0.075507525;78.8231036;-4517.944699340414;;0.0;0.0;9976986.067;8.0;DE000A4BF827;Bond;9972393.9199888;9967875.97528946;0.0025;0.075324175201677;0.0035;0.0752508352823478
1257;300208;DE000A4BF8Z3;14966069.8853448;0.06203005;0.06203005;95.92839855;-5570.076379748594;;0.0;0.0;14971730.43;8.0;DE000A4BF8Z3;Bond;14966069.8853448;14960499.808965052;0.0025;0.06187942618231028;0.0035;0.06181917665523439
1258;300208;DE000CZ450R9;29191538.349094998;0.884312588;0.884312588;4831.742073;-167793.89136373138;;0.0;0.0;29361998.83;8.0;DE000CZ450R9;Bond;29191538.349094998;29023744.457731266;0.0025;0.8821296452997874;0.004;0.8808198796796598
1259;300208;DE000CZ451J4;19601125.0108;0.653786181;0.653786181;2098.349427;-83297.14031674435;;0.0;0.0;19685611.34;8.0;DE000CZ451J4;Bond;19601125.0108;19517827.870483257;0.0025;0.6521784594366488;0.004;0.651213826498638
1260;300208;DE000CZ451V9;29164613.500035;0.914150971;0.914150971;5071.181574;-173295.58837432854;;0.0;0.0;29340697.88;8.0;DE000CZ451V9;Bond;29164613.500035;28991317.91166067;0.0025;0.9118931179247393;0.004;0.9105384060795829
1261;300208;DE000CZ451X5;29374154.911495;0.68361051;0.68361051;3348.783617;-130523.12662912966;;0.0;0.0;29506570.7;8.0;DE000CZ451X5;Bond;29374154.911495;29243631.78486587;0.0025;0.6819287077184958;0.004;0.6809196263495932
1262;300208;DE000CZ452U9;29658824.33345;0.368871612;0.368871612;1475.367728;-71111.93922237944;;0.0;0.0;29730829.96;8.0;DE000CZ452U9;Bond;29658824.33345;29587712.39422762;0.0025;0.367968161506282;0.004;0.36742609121005115
1263;300208;FR0013262284;20023655.8829625;0.204313533;0.204313533;480.4686871;-26592.175200657963;;0.0;0.0;20051150.68;2.0;FR0013262284;Bond;20023655.8829625;19997063.70776184;0.0025;0.20381801672075348;0.004;0.2035207069532056
1264;300208;FR0128563899;29956582.023198;0.043296196;0.043296196;132.0028753;-8430.539303981972;;0.0;0.0;29965120.03;8.0;FR0128563899;Bond;29956582.023198;29948151.48389402;0.0025;0.043190720571928194;0.004;0.04312743531508511
1265;300208;FR0128580331;31003700.77581;0.005852417;0.067803606;-10.82067769;-8862.267311487822;;0.0;0.0;31012651.14;8.0;FR0128580331;Bond;31003700.77581;30994838.508498512;0.0025;0.005861227938311172;0.004;0.06783595581410533
1266;300208;FR0128585413;30985453.2781215;0.006484781;0.081379407;-16.1492153;-10588.645950334812;;0.0;0.0;30996146.3;8.0;FR0128585413;Bond;30985453.2781215;30974864.632171165;0.0025;0.006497915805850473;0.004;0.08142674491135697
1267;300208;FR0128614551;30855739.1973045;0.010868672;0.179106461;-85.83054267;-20181.020143721278;;0.0;0.0;30876118.93;8.0;FR0128614551;Bond;30855739.1973045;30835558.177160777;0.0025;0.010938509117570421;0.0035;0.17931609645179175
1268;300208;FR0128615376;33894412.88147375;0.012545517;0.217123169;-140.3852767;-26820.475509293876;;0.0;0.0;33921498.76;8.0;FR0128615376;Bond;33894412.88147375;33867592.40596446;0.0025;0.012649456505713131;0.0035;0.2174331320898177
1269;300208;FR0128634468;30908888.49021925;0.009079247;0.138402584;-50.1406916;-17813.053725202204;;0.0;0.0;30926875.63;8.0;FR0128634468;Bond;30908888.49021925;30891075.43649405;0.0025;0.00912000831855227;0.004;0.13854409347981078
1270;300208;FR0128635648;30899118.852856997;0.009306144;0.143864558;-54.39702022;-18500.031429217463;;0.0;0.0;30917795.9;8.0;FR0128635648;Bond;30899118.852856997;30880618.82142778;0.0025;0.009350372299993037;0.004;0.1440177649069184
1271;300208;FR0128636869;41168137.2093215;0.010011401;0.160203781;-90.70397766;-27411.541775704216;;0.0;0.0;41195804.47;8.0;FR0128636869;Bond;41168137.2093215;41140725.667545795;0.0025;0.01006673299001681;0.004;0.16039457227721374
1272;300208;FR0128637131;30874674.87779875;0.006592305;0.095043094;-22.7162289;-12246.536690445979;;0.0;0.0;30887031.0;8.0;FR0128637131;Bond;30874674.87779875;30862428.341108304;0.0025;0.006610807547517184;0.004;0.09510865700095501
1273;300208;FR0128637529;29856545.982567;0.160189253;0.160189253;544.6592843;-31087.53568769913;;0.0;0.0;29887948.8;8.0;FR0128637529;Bond;29856545.982567;29825458.4468793;0.0025;0.15979734095011577;0.004;0.1595621937201852
1274;300208;FR0128656578;30600724.4377945;0.018236964;0.363870085;-366.2265158;-45933.91358383239;;0.0;0.0;30647126.81;8.0;FR0128656578;Bond;30600724.4377945;30554790.524210665;0.0025;0.018536993053576457;0.004;0.36487840689333023
1275;300208;FR0128656842;30554166.19608725;0.019669473;0.401919881;-448.0096294;-50623.768233921066;;0.0;0.0;30605310.47;8.0;FR0128656842;Bond;30554166.19608725;30503542.427853327;0.0025;0.02003701022148394;0.004;0.4031525513646741
1276;300208;FR0128657360;-22160.0;0.002588674;0.177647752;0.0;15.890109276879999;;0.0;0.0;0.0;8.0;FR0128657360;Bond;-22160.0;-22144.10989072312;0.0025;0.002588690753082696;0.004;0.1777739868951626
1277;300208;FR0128661800;30814380.05832075;0.011743587;0.20083409;-108.7828494;-25658.990294372863;;0.0;0.0;30840295.71;8.0;FR0128661800;Bond;30814380.05832075;30788721.068026375;0.0025;0.011832188341293466;0.004;0.20113663782555155
1278;300208;FR0128667708;21972890.8510998;0.037898878;0.037898878;84.33026278;-4996.487458038884;;0.0;0.0;21977948.79;8.0;FR0128667708;Bond;21972890.8510998;21967894.36364176;0.0025;0.03780652073783234;0.0035;0.03776957783296528
1279;300208;FR0128668276;14971892.978369;0.059615858;0.059615858;92.42683285;-5355.37347473786;;0.0;0.0;14977309.43;8.0;FR0128668276;Bond;14971892.978369;14966537.604894262;0.0025;0.059470409213788177;0.0035;0.059412229699303445
1280;300208;FR0128716844;40944392.29403725;0.013592656;0.252444382;-232.2220638;-42736.08483508994;;0.0;0.0;40987558.74;8.0;FR0128716844;Bond;40944392.29403725;40901656.20920216;0.0025;0.013734909029386488;0.004;0.2529261604698433
1281;300208;FR0128718600;15352056.563051999;0.015764824;0.295941583;-120.2443478;-18778.30386068699;;0.0;0.0;15371023.37;8.0;FR0128718600;Bond;15352056.563051999;15333278.259191312;0.0025;0.01596125678975125;0.004;0.2966052070270932
1282;300208;FR0128719285;30684192.6648025;0.016171509;0.306710986;-258.7650094;-38885.24019193365;;0.0;0.0;30723481.39;8.0;FR0128719285;Bond;30684192.6648025;30645307.424610566;0.0025;0.016382992041280398;0.004;0.30742459931096766
1283;300208;FR0128719442;20459594.58081325;0.016336401;0.309516876;-175.624848;-26165.949548943365;;0.0;0.0;20486024.75;8.0;FR0128719442;Bond;20459594.58081325;20433428.631264307;0.0025;0.01655166781389941;0.004;0.31024343817636374
1284;300208;FR0128720309;20410413.0291255;0.017898476;0.352825723;-229.5154289;-29718.563154299023;;0.0;0.0;20440448.3;8.0;FR0128720309;Bond;20410413.0291255;20380694.4659712;0.0025;0.018180402298187324;0.004;0.3537734676185691
1285;300208;FR0128720507;20343036.9488315;0.020677952;0.428873905;-340.9168059;-35950.02163712401;;0.0;0.0;20379377.49;8.0;FR0128720507;Bond;20343036.9488315;20307086.927194376;0.0025;0.021097981012448388;0.004;0.4302799724146816
1286;300208;FR0128730522;51122372.415522;0.01649326;0.314857113;-455.0164689;-66492.90680401347;;0.0;0.0;51189556.97;8.0;FR0128730522;Bond;51122372.415522;51055879.50871799;0.0025;0.016716453445986705;0.004;0.3156096744095038
1287;300208;FR0128730746;25559429.2117825;0.01649326;0.314789952;-227.4924693;-33237.30175750145;;0.0;0.0;25593019.18;8.0;FR0128730746;Bond;25559429.2117825;25526191.910024997;0.0025;0.01671645332181955;0.004;0.3155423440599302
1288;300208;FR0128757541;30624838.117489252;0.017692079;0.347458881;-333.5803633;-43918.030570777926;;0.0;0.0;30669215.55;8.0;FR0128757541;Bond;30624838.117489252;30580920.086918473;0.0025;0.017965173464231314;0.004;0.3483774908000758
1289;300208;FR0128757863;20412781.666966;0.017795405;0.350108567;-225.9291421;-29494.893243971932;;0.0;0.0;20442590.79;8.0;FR0128757863;Bond;20412781.666966;20383286.773722026;0.0025;0.018072897272363518;0.004;0.3510415919647723
1290;300208;FR0128758218;30616150.981459998;0.017865652;0.352937427;-344.3501484;-44589.78595569562;;0.0;0.0;30661202.15;8.0;FR0128758218;Bond;30616150.981459998;30571561.1955043;0.0025;0.0181476333630182;0.004;0.3538855797642531
1291;300208;FR0128767771;29911807.7116065;0.100319842;0.100319842;323.1493739;-13503.365206032355;;0.0;0.0;29925458.64;8.0;FR0128767771;Bond;29911807.7116065;29898304.346400466;0.0025;0.10007491705098721;0.002;0.10012390204078976
1292;300208;FR0128768654;20413674.27515825;0.017928463;0.352895291;-229.5085011;-29730.522604685306;;0.0;0.0;20443715.88;8.0;FR0128768654;Bond;20413674.27515825;20383943.752553564;0.0025;0.018210338587770266;0.004;0.35384314656693017
1293;300208;FR0128768720;20416317.9034905;0.017912099;0.352894806;-229.5211132;-26131.091679010104;;0.0;0.0;20442716.72;8.0;FR0128768720;Bond;20416317.9034905;20390186.811811488;0.0025;0.018193952170280067;0.0035;0.3537241490912313
1294;300208;FR0128771310;30594887.8270685;0.018306743;0.366602045;-371.8606756;-46264.8256472056;;0.0;0.0;30641623.01;8.0;FR0128771310;Bond;30594887.8270685;30548623.001421295;0.0025;0.018611439347563093;0.004;0.3676258068463366
1295;300208;FR0128771484;30596654.6509685;0.018357928;0.366516289;-371.7668839;-46260.91723175862;;0.0;0.0;30643396.46;8.0;FR0128771484;Bond;30596654.6509685;30550393.733736742;0.0025;0.01866253485717319;0.004;0.36753964867780464
1296;300208;FR0128771732;29668032.12265;0.366380339;0.366380339;1463.759847;-70653.59383263608;;0.0;0.0;29739529.21;8.0;FR0128771732;Bond;29668032.12265;29597378.528817367;0.0025;0.3654824766644278;0.004;0.3649437592630845
1297;300208;FR0128785997;30576272.301811248;0.019385508;0.391015106;-423.6930806;-49304.9788490027;;0.0;0.0;30626087.04;8.0;FR0128785997;Bond;30576272.301811248;30526967.322962247;0.0025;0.019732870594073762;0.004;0.3921809542113171
1298;300208;FR0128786854;30551194.829804998;0.019669473;0.401824813;-447.9664639;-50607.22735220831;;0.0;0.0;30602334.13;8.0;FR0128786854;Bond;30551194.829804998;30500587.60245279;0.0025;0.020037010551298903;0.004;0.4030571782507758
1299;300208;FR0128788207;30384794.75684925;0.02274043;0.532312642;-795.3797621;-66424.24974016593;;0.0;0.0;30451935.07;8.0;FR0128788207;Bond;30384794.75684925;30318370.507109087;0.0025;0.02339614534111807;0.004;0.5344931450324946
1300;300208;FR0128789924;30565662.5001835;0.016346508;0.333936278;-308.5723677;-42077.03889612317;;0.0;0.0;30608171.48;8.0;FR0128789924;Bond;30565662.5001835;30523585.461287376;0.0025;0.016599560839638577;0.004;0.3347861474611845
1301;300208;FR0128790138;29632009.64653;0.407110564;0.407110564;1674.273553;-78412.77703773974;;0.0;0.0;29711375.65;8.0;FR0128790138;Bond;29632009.64653;29553596.86949226;0.0025;0.40611235668223095;0.004;0.40551343229156955
1302;300208;FR0128805639;30550290.076457247;0.015710955;0.342005843;-325.8867842;-42993.4464275436;;0.0;0.0;30593736.22;8.0;FR0128805639;Bond;30550290.076457247;30507296.630029704;0.0025;0.01597825268255843;0.004;0.34290040394224997
1303;300208;FR0128806710;25442388.473872;0.020564555;0.423543026;-415.2129751;-44411.813304320836;;0.0;0.0;25487271.57;8.0;FR0128806710;Bond;25442388.473872;25397976.66056768;0.0025;0.020973605565833022;0.004;0.4249133700811364
1304;300208;FR0128807130;25428747.87491975;0.020637903;0.428966898;-426.2328268;-44944.35446384879;;0.0;0.0;25474170.91;8.0;FR0128807130;Bond;25428747.87491975;25383803.5204559;0.0025;0.021058014027352127;0.004;0.43037342234992143
1305;300208;FR0128807213;19743255.975482;0.428689597;0.428689597;1192.632859;-50782.37068558331;;0.0;0.0;19794667.88;8.0;FR0128807213;Bond;19743255.975482;19692473.604796413;0.0025;0.42763885639989496;0.0035;0.42721856015985293
1306;300208;FR0128807593;40705342.942052506;0.020794411;0.429060794;-681.7479914;-71976.37612861986;;0.0;0.0;40778070.34;8.0;FR0128807593;Bond;40705342.942052506;40633366.565923885;0.0025;0.02121420117474944;0.004;0.4304671013092754
1307;300208;FR0128807684;20334711.699977;0.020674638;0.428481945;-340.7832239;-35903.25928896008;;0.0;0.0;20371037.2;8.0;FR0128807684;Bond;20334711.699977;20298808.44068804;0.0025;0.021094673967552127;0.004;0.4298866798942216
1308;300208;FR0128808898;25415250.243798252;0.021289674;0.445250205;-459.5215319;-46617.28750550709;;0.0;0.0;25462367.96;8.0;FR0128808898;Bond;25415250.243798252;25368632.956292745;0.0025;0.02174282070744426;0.004;0.44676641771124487
1309;300208;FR0128809730;34528307.590739995;0.447829679;0.447829679;2209.807165;-100508.20588103331;;0.0;0.0;34630063.05;8.0;FR0128809730;Bond;34528307.590739995;34427799.38485896;0.0025;0.4467310608267447;0.004;0.44607188992279156
1310;300208;FR0128839547;30399766.659595;0.023761591;0.518542228;-750.3904165;-64860.11799203787;;0.0;0.0;30465344.98;8.0;FR0128839547;Bond;30399766.659595;30334906.541602965;0.0025;0.02438010465168023;0.004;0.5206051355587378
1311;300208;FR0128840974;35458326.42813;0.02394201;0.523975648;-894.1056784;-76439.55728351364;;0.0;0.0;35535613.67;8.0;FR0128840974;Bond;35458326.42813;35381886.87084649;0.0025;0.02457383495502616;0.004;0.5260824769674586
1312;300208;FR0128862788;12942675.7114665;0.097247989;0.097247989;134.8606793;-20767.711556117814;;0.0;0.0;12963772.92;8.0;FR0128862788;Bond;12942675.7114665;12921907.999910383;0.0025;0.09701113579471676;0.014;0.09592161105041387
1313;300208;FR0128866516;30350011.80808475;0.024920012;0.5536988;-856.8814991;-69109.86711863345;;0.0;0.0;30419914.23;8.0;FR0128866516;Bond;30350011.80808475;30280901.940966114;0.0025;0.025627397438185973;0.004;0.556054462117591
1314;300208;FR0128866896;20215431.35410925;0.025777949;0.578146491;-623.1505978;-48052.70370186664;;0.0;0.0;20264038.53;8.0;FR0128866896;Bond;20215431.35410925;20167378.650407385;0.0025;0.026550247532295505;0.004;0.5807165241012767
1315;300208;FR0128866938;17155406.813743502;0.026972892;0.616138367;-602.1498944;-43437.2446957703;;0.0;0.0;17199352.94;8.0;FR0128866938;Bond;17155406.813743502;17111969.56904773;0.0025;0.027852203723856404;0.004;0.6190608615597166
1316;300208;FR0128867167;30167243.24959175;0.009871681;0.268492376;-201.634176;-33143.202774834834;;0.0;0.0;30200754.33;8.0;FR0128867167;Bond;30167243.24959175;30134100.046816915;0.0025;0.010039021577305594;0.004;0.2690480837472264
1317;300208;FR0128867266;30145318.56337225;0.010324075;0.28749763;-231.7887215;-35444.88689462598;;0.0;0.0;30181157.3;8.0;FR0128867266;Bond;30145318.56337225;30109873.676477626;0.0025;0.010516567600041639;0.004;0.28813581136299066
1318;300208;FR0128867399;20085653.5694915;0.011163653;0.341802487;-220.5204908;-28021.87853911052;;0.0;0.0;20113988.77;8.0;FR0128867399;Bond;20085653.5694915;20057631.690952387;0.0025;0.011438439692662013;0.004;0.3427089629601435
1319;300208;FR0128902089;20219854.66588675;0.026450796;0.592079146;-652.8901864;-49224.09525858191;;0.0;0.0;20269619.99;8.0;FR0128902089;Bond;20219854.66588675;20170630.570628166;0.0025;0.027259784081817336;0.004;0.594772959212984
1320;300208;FR0128902923;30624593.526561;0.031055147;0.665441053;-1213.268686;-83893.07519050344;;0.0;0.0;30708418.07;;FR0128902923;Bond;30624593.526561;30540700.451370496;0.0025;0.03204799461820123;0.004;0.6687969986805722
1321;300208;FR0128913656;29278629.925979998;0.819747902;0.819747902;4334.348147;-144006.5727315391;;0.0;0.0;29424705.45;8.0;FR0128913656;Bond;29278629.925979998;29134623.35324846;0.0025;0.817726919983023;0.0035;0.8169185271762323
1322;300208;FR0128913979;30098165.305570997;0.03251917;0.790164136;-1749.713174;-85685.6361291658;;0.0;0.0;30184847.4;8.0;FR0128913979;Bond;30098165.305570997;30012479.66944183;0.0025;0.033975152471358405;0.0035;0.7943840679888128
1323;300208;FR0128914183;6987873.5489171;0.037803547;0.037803547;26.69492405;-4358.745701252982;;0.0;0.0;6992298.812;8.0;FR0128914183;Bond;6987873.5489171;6983514.803215846;0.0025;0.03771161530878128;0.014;0.03728872952917518
1324;300208;FR0128917590;20211408.269237753;0.02666945;0.600219821;-671.2067346;-49872.71926974428;;0.0;0.0;20261831.69;8.0;FR0128917590;Bond;20211408.269237753;20161535.549968008;0.0025;0.027501460666181178;0.004;0.6029892483617219
1325;300208;FR0128918275;25235676.097457252;0.02703084;0.616319731;-885.5838285;-63918.33422315741;;0.0;0.0;25300324.71;8.0;FR0128918275;Bond;25235676.097457252;25171757.763234094;0.0025;0.02790998002274904;0.004;0.6192428324144337
1326;300208;FR0128957471;15490445.4026608;0.018949317;0.018949317;29.16547781;-1761.2001624372729;;0.0;0.0;15492228.07;8.0;FR0128957471;Bond;15490445.4026608;15488684.202498363;0.0025;0.018903144583073492;0.0035;0.018884675616302887
1327;300208;FR0128957760;21980630.781568598;0.027070527;0.027070527;59.60832494;-3570.1635542969025;;0.0;0.0;21984244.63;8.0;FR0128957760;Bond;21980630.781568598;21977060.618014302;0.0025;0.027004562611434264;0.0035;0.02697817685600797
1328;300208;FR0128957786;14924262.1565595;0.116368492;0.116368492;189.7777435;-28655.7790426297;;0.0;0.0;14953328.97;8.0;FR0128957786;Bond;14924262.1565595;14895606.377516871;0.0025;0.11608444468131161;0.014;0.11477782701534502
1329;300208;FR0128957893;9982960.12697945;0.037831176;0.037831176;38.1924492;-6231.507505818242;;0.0;0.0;9989282.111;8.0;FR0128957893;Bond;9982960.12697945;9976728.619473632;0.0025;0.03773910989536308;0.014;0.03731560581403326
1330;300208;FR0128957950;9987646.108359551;0.037914497;0.037914497;38.3641563;-2461.397759680989;;0.0;0.0;9990136.8;8.0;FR0128957950;Bond;9987646.108359551;9985184.71059987;0.0025;0.03782206174874127;0.004;0.037766600597986026
1331;300208;FR0128958578;30136848.018582746;0.01031069;0.323099114;-295.0591771;-20251.207030855287;;0.0;0.0;30157289.58;8.0;FR0128958578;Bond;30136848.018582746;30116596.81155189;0.0025;0.01055572189810898;0.002;0.3235037129727658
1332;300208;FR0128958859;3989155.700502;0.081141198;0.081141198;34.16027905;-1942.109235283569;;0.0;0.0;3991123.926;8.0;FR0128958859;Bond;3989155.700502;3987213.5912667164;0.0025;0.08094357559826762;0.0035;0.08086452663757468
1333;300208;FR0128959097;11949828.6375575;0.094650579;0.094650579;121.0110412;-18662.460291677373;;0.0;0.0;11968765.52;8.0;FR0128959097;Bond;11949828.6375575;11931166.177265821;0.0025;0.09441981102583252;0.014;0.09335827834466215
1334;300208;FR0128961622;20134450.11325975;0.009191924;0.238430963;-105.64154;-19665.391157977112;;0.0;0.0;20154349.78;8.0;FR0128961622;Bond;20134450.11325975;20114784.722101774;0.0025;0.009323305361704894;0.004;0.23886823250932895
1335;300208;FR0128962307;26123589.325960997;0.01852388;0.252428315;-141.6657902;-27587.110125825737;;0.0;0.0;26151453.38;8.0;FR0128962307;Bond;26123589.325960997;26096002.215835173;0.0025;0.01866031050532931;0.004;0.2529001114888608
1336;300208;FR0128963453;24975648.752934847;0.021617779;0.021617779;53.70981437;-8908.647909522424;;0.0;0.0;24984684.31;8.0;FR0128963453;Bond;24975648.752934847;24966740.105025325;0.0025;0.021565185139505734;0.014;0.021323253381232116
1337;300208;FR0128984541;30157021.19121675;0.012061202;0.333746862;-313.0954163;-41168.56957010822;;0.0;0.0;30198637.88;8.0;FR0128984541;Bond;30157021.19121675;30115852.62164664;0.0025;0.012321120010735397;0.004;0.33460769679838126
1338;300208;FR0128985233;36817418.4280425;0.113659679;0.113659679;456.108632;-69046.82334230992;;0.0;0.0;36887454.06;8.0;FR0128985233;Bond;36817418.4280425;36748371.60470019;0.0025;0.11338226549293745;0.014;0.11210616336044972
1339;300208;FR0128985589;15083359.735238375;0.005122161;0.113346145;-17.19024922;-24128.11800738688;;0.0;0.0;15107891.39;8.0;FR0128985589;Bond;15083359.735238375;15059231.617230989;0.0025;0.005150718667239678;0.014;0.11368556350528491
1340;300208;FR0128985969;15094330.008986024;0.003405213;0.037778861;-1.548761119;-8111.950856098787;;0.0;0.0;15102568.45;8.0;FR0128985969;Bond;15094330.008986024;15086218.058129925;0.0025;0.0034078071259260297;0.014;0.03781320716126611
1341;300208;FR0129012318;10969863.4046625;0.059387451;0.059387451;67.24552915;-10749.291719447941;;0.0;0.0;10980784.02;8.0;FR0129012318;Bond;10969863.4046625;10959114.112943051;0.0025;0.05924301756604184;0.014;0.058578623769834304
1342;300208;FR0129012383;25060396.86319;0.033039099;0.80656915;-1519.081083;-82921.70431877884;;0.0;0.0;25144313.3;8.0;FR0129012383;Bond;25060396.86319;24977475.15887122;0.0025;0.034557247973535814;0.004;0.8115960372043333
1343;300208;FR0129012847;35139182.83241425;0.011657251;0.333736904;-365.7716352;-47933.03403585039;;0.0;0.0;35187639.32;8.0;FR0129012847;Bond;35139182.83241425;35091249.79837839;0.0025;0.011917821335810158;0.004;0.33459879425565875
1344;300208;FR0129014009;5022120.378221575;0.004107729;0.075533703;-2.400923904;-5362.324660901485;;0.0;0.0;5027571.482;8.0;FR0129014009;Bond;5022120.378221575;5016758.053560673;0.0025;0.004119722927693864;0.014;0.0756805075310046
1345;300208;FR0129014868;19919201.7151235;0.038349812;0.979966268;-1794.603399;-79990.32716764776;;0.0;0.0;20000243.48;8.0;FR0129014868;Bond;19919201.7151235;19839211.38795585;0.0025;0.0406058423341964;0.004;0.9874113692480638
1346;300208;FR0129025203;14892103.743182;0.227568441;0.227568441;408.2102323;-20333.836992277153;;0.0;0.0;14912695.52;8.0;FR0129025203;Bond;14892103.743182;14871769.906189723;0.0025;0.22701262982716022;0.0035;0.2267903053580243
1347;300208;FR0129026037;6993330.2369154;0.029792798;0.029792798;20.93949236;-1250.105250574276;;0.0;0.0;6994595.013;8.0;FR0129026037;Bond;6993330.2369154;6992080.131664826;0.0025;0.02972016180194353;0.0035;0.02969110732272094
1348;300208;FR0129030880;15051373.984582251;0.004447088;0.094432753;-11.68425356;-20066.13450672941;;0.0;0.0;15071774.89;8.0;FR0129030880;Bond;15051373.984582251;15031307.850075522;0.0025;0.0044665447287673375;0.014;0.09466627943656179
1349;300208;FR0129053411;19935117.74997;0.100170439;0.100170439;214.7588107;-11981.456979187122;;0.0;0.0;19947250.05;8.0;FR0129053411;Bond;19935117.74997;19923136.292990815;0.0025;0.09992620206715166;0.0035;0.09982850729401234
1350;300208;FR0129054377;16911762.1892125;0.113409458;0.113409458;208.5881035;-31646.23743110747;;0.0;0.0;16943932.45;8.0;FR0129054377;Bond;16911762.1892125;16880115.951781392;0.0025;0.113133264585763;0.014;0.11186277488027278
1351;300208;FR0129054781;9990346.5836618;0.029780583;0.029780583;29.88868042;-1785.11007380104;;0.0;0.0;9992153.384;8.0;FR0129054781;Bond;9990346.5836618;9988561.473588;0.0025;0.029708006305091298;0.0035;0.029678975627127818
1352;300208;FR0129060382;4945523.820021;0.24603646;0.24603646;148.9829704;-20076.856363140127;;0.0;0.0;4965952.251;8.0;FR0129060382;Bond;4945523.820021;4925446.96365786;0.0025;0.24543467457399257;0.014;0.24266646161435834
1353;300208;FR0129061463;6989693.214867;0.046043199;0.046043199;32.87024541;-1930.9670138464262;;0.0;0.0;6991647.045;8.0;FR0129061463;Bond;6989693.214867;6987762.247853153;0.0025;0.04593093210166453;0.0035;0.04588602534233034
1354;300208;FR0129061919;29946302.957659997;0.036323281;0.923109776;-2389.53044;-99472.40749656335;;0.0;0.0;30046992.9;8.0;FR0129061919;Bond;29946302.957659997;29846830.550163433;0.0025;0.038321425396094164;0.0035;0.9288850211268465
1355;300208;FR0129065076;15003947.95966275;0.034717914;0.863567397;-1045.118658;-53129.94557430779;;0.0;0.0;15057730.05;8.0;FR0129065076;Bond;15003947.95966275;14950818.014088443;0.0025;0.03646233343047956;0.004;0.8693366413512026
1356;300208;FR0129065183;24968618.7546096;0.037876427;0.037876427;95.71415883;-5674.332393298808;;0.0;0.0;24974366.28;8.0;FR0129065183;Bond;24968618.7546096;24962944.4222163;0.0025;0.03778417910429373;0.0035;0.03774727994601122
1357;300208;FR0129065431;25903343.448026;0.11646485;0.11646485;329.5256934;-18100.974055036982;;0.0;0.0;25921666.16;8.0;FR0129065431;Bond;25903343.448026;25885242.473970965;0.0025;0.11618072621479464;0.0035;0.1160670767007125
1358;300208;FR0129065985;29885062.0887345;0.119205328;0.119205328;390.224586;-23155.981085821746;;0.0;0.0;29908497.24;8.0;FR0129065985;Bond;29885062.0887345;29861906.107648678;0.0025;0.11891441495116918;0.004;0.1187398671218707
1359;300208;FR0129084226;30022063.20624625;0.013258864;0.409728569;-475.2688909;-50198.734116318876;;0.0;0.0;30072824.38;8.0;FR0129084226;Bond;30022063.20624625;29971864.47212993;0.0025;0.013655069840285415;0.004;0.4110333051555775
1360;300208;FR0129084911;29951710.482189998;0.036255274;0.915126519;-2347.407069;-112353.18688240057;;0.0;0.0;30065471.88;8.0;FR0129084911;Bond;29951710.482189998;29839357.2953076;0.0025;0.038217886500616284;0.004;0.921611267404523
1361;300208;FR0129085033;19975435.37665325;0.036423297;0.917759051;-1573.945596;-65983.15618963227;;0.0;0.0;20042219.14;8.0;FR0129085033;Bond;19975435.37665325;19909452.22046362;0.0025;0.03839646506932967;0.0035;0.9234648288640098
1362;300208;FR0129100402;29941293.5911875;0.036330173;0.920499135;-2375.486474;-112963.17034590563;;0.0;0.0;30055682.33;8.0;FR0129100402;Bond;29941293.5911875;29828330.420841593;0.0025;0.03831692614629763;0.004;0.9270619351383383
1363;300208;FR0129100675;25004102.01619875;0.013741626;0.428705753;-433.9713033;-43736.60207770433;;0.0;0.0;25048333.89;8.0;FR0129100675;Bond;25004102.01619875;24960365.414121047;0.0025;0.01417599818940183;0.004;0.43013514766452365
1364;300208;FR0129101236;24984295.6438992;0.018937864;0.018937864;46.98366696;-2838.895158239732;;0.0;0.0;24987170.88;8.0;FR0129101236;Bond;24984295.6438992;24981456.74874096;0.0025;0.018891747407291187;0.0035;0.01887330077020766
1365;300208;FR0129101509;29953465.067190003;0.028047159;0.765411127;-1651.343062;-93807.13581188318;;0.0;0.0;30048434.01;8.0;FR0129101509;Bond;29953465.067190003;29859657.93137812;0.0025;0.02942738272957178;0.004;0.7699597551681446
1366;300208;FR0129102085;24944895.938421;0.03690773;0.934110306;-2037.966018;-95506.78622313974;;0.0;0.0;25041609.95;8.0;FR0129102085;Bond;24944895.938421;24849389.15219786;0.0025;0.03895360340052018;0.004;0.940868502973799
1367;300208;FR0129102184;-2520.0;0.04672132;0.04672132;0.0;0.7064263583999999;;0.0;0.0;0.0;8.0;FR0129102184;Bond;-2520.0;-2519.2935736416;0.0025;0.046726777204356355;0.0035;0.04672896008609889
1368;300208;FR0129102465;3996188.7068088003;0.029792798;0.029792798;11.96542421;-714.3458574710148;;0.0;0.0;3996911.436;8.0;FR0129102465;Bond;3996188.7068088003;3995474.360951329;0.0025;0.02972016180191672;0.0035;0.02969110732268341
1369;300208;FR0129104669;6953219.567854;0.197347192;0.197347192;160.8178946;-8233.190142452642;;0.0;0.0;6961573.456;8.0;FR0129104669;Bond;6953219.567854;6944986.377711548;0.0025;0.19686634300612274;0.0035;0.19667400340857183
1370;300208;FR0129104677;3974844.8655086;0.197733654;0.197733654;92.29280895;-4715.763596040924;;0.0;0.0;3979620.41;8.0;FR0129104677;Bond;3974844.8655086;3970129.101912559;0.0025;0.1972509199221543;0.0035;0.197057826291016
1371;300208;FR0129104735;29919856.5197825;0.036890496;0.939460622;-2474.417204;-115193.50393306151;;0.0;0.0;30036518.57;8.0;FR0129104735;Bond;29919856.5197825;29804663.015849438;0.0025;0.038961435930519664;0.004;0.9462990272952055
1372;300208;FR0129106110;18970788.5722448;0.045979725;0.045979725;88.96760439;-5233.629849509751;;0.0;0.0;18976091.48;8.0;FR0129106110;Bond;18970788.5722448;18965554.942395292;0.0025;0.04586776744609294;0.0035;0.04582298442453011
1373;300208;FR0129106383;8934845.246019999;0.213558546;0.213558546;226.737169;-11448.675356850259;;0.0;0.0;8946463.393;8.0;FR0129106383;Bond;8934845.246019999;8923396.570663149;0.0025;0.2130381458433709;0.0035;0.21282998578071927
1374;300208;FR0129106730;29900213.0456425;0.037487633;0.958435833;-2575.240288;-117431.96292230349;;0.0;0.0;30019155.31;8.0;FR0129106730;Bond;29900213.0456425;29782781.082720194;0.0025;0.03964434190760864;0.004;0.9655553429455757
1375;300208;FR0129108918;14884430.228255998;0.238237739;0.238237739;430.702457;-21276.19802329778;;0.0;0.0;14905992.87;8.0;FR0129108918;Bond;14884430.228255998;14863154.030232701;0.0025;0.23765622099231654;0.0035;0.23742361378924318
1376;300208;FR0129109403;11898585.694546;0.245883447;0.245883447;357.0583695;-17553.991589999157;;0.0;0.0;11916411.34;8.0;FR0129109403;Bond;11898585.694546;11881031.702956;0.0025;0.24528438188670243;0.0035;0.24504475584138338
1377;300208;FR0129109551;24938022.25938;0.081367965;0.081367965;214.7466927;-12174.936734222716;;0.0;0.0;24950326.53;8.0;FR0129109551;Bond;24938022.25938;24925847.32264578;0.0025;0.08116923646791785;0.0035;0.081089745055085
1378;300208;FR0129109650;29873482.621615;0.038279891;0.979863958;-2691.839018;-119946.6798298041;;0.0;0.0;29995018.36;8.0;FR0129109650;Bond;29873482.621615;29753535.941785198;0.0025;0.04053625374408573;0.004;0.987308810495067
1379;300208;FR0129110039;29878721.662735;0.038593326;0.991269997;-2753.212325;-121354.31944591561;;0.0;0.0;30001622.81;8.0;FR0129110039;Bond;29878721.662735;29757367.343289085;0.0025;0.04090070600342195;0.004;0.9988863120540377
1380;300208;IRSB100008004;-23153.09117712783;0.043837135;0.0;-5.2105535839999995;2.537412958997654;BNP PARIBAS;0.0;0.0;0.0;;;Swap;-23153.09117712783;-23150.55376416883;0.0025;0.0382157427768251;0.0;0.0
1381;300208;IRSB100008106;-55915.301242425594;0.082196615;0.0;-19.406255054;11.490121222081696;SOCIETE GENERALE;0.0;0.0;0.0;;;Swap;-55915.301242425594;-55903.811121203515;0.0025;0.07353687577798879;0.0;0.0
1382;300208;IRSB100008126;-46750.170861023806;0.084935973;0.0;-20.698036945;9.926928124993262;NATIXIS;0.0;0.0;0.0;;;Swap;-46750.170861023806;-46740.24393289881;0.0025;0.07388557979691324;0.0;0.0
1383;300208;IRSB100008153;-53998.43510614881;0.10137566199999999;0.0;-29.776564901;13.68531776462469;NATIXIS;0.0;0.0;0.0;;;Swap;-53998.43510614881;-53984.749788384186;0.0025;0.08761550834154105;0.0;0.0
1384;300208;IRSB100008313;-82164.81576667336;0.164390878;0.0;-78.710907584;33.76786551147919;BNP PARIBAS;0.0;0.0;0.0;;;Swap;-82164.81576667336;-82131.04790116189;0.0025;0.14050934741746235;0.0;0.0
1385;300208;IRSB100008456;-73269.35312842843;0.30960135600000005;0.0;-281.325010868;56.710727704510724;NOMURA FINANCIAL PRODUCTS EUROPE GMBH;0.0;0.0;0.0;;;Swap;-73269.35312842843;-73212.64240072391;0.0025;0.21385098761329044;0.0;0.0
1386;300208;IRSB100008462;-8297.673416700014;0.063018093;0.0;-1.8954269380000002;1.307258887643073;SOCIETE GENERALE;0.0;0.0;0.0;;;Swap;-8297.673416700014;-8296.36615781237;0.0025;0.05731730313851423;0.0;0.0
1387;300208;IRSB100008464;-17025.480901974137;0.063018093;0.0;-3.796574123;2.6822833471258254;CITIBANK EUROPE PUBLIC LIMITED COMPANY;0.0;0.0;0.0;;;Swap;-17025.480901974137;-17022.79861862701;0.0025;0.05745317995941783;0.0;0.0
1388;300208;IRSB100008533;-56669.5363341991;0.254805155;0.0;-222.153703055;36.09922497353434;NOMURA FINANCIAL PRODUCTS EUROPE GMBH;0.0;0.0;0.0;;;Swap;-56669.5363341991;-56633.43710922557;0.0025;0.15696344556617603;0.0;0.0
1389;300208;IRSB100008539;-34555.64364825223;0.046576115;0.0;-5.832102779;4.0236690811500395;CITIBANK EUROPE PUBLIC LIMITED COMPANY;0.0;0.0;0.0;;;Swap;-34555.64364825223;-34551.61997917108;0.0025;0.0423621821303537;0.0;0.0
1390;300208;IRSB100008578;-917.3603710491079;0.36713715599999996;0.0;-395.72575071399996;0.8419926941351855;NOMURA FINANCIAL PRODUCTS EUROPE GMBH;0.0;0.0;0.0;;;Swap;-917.3603710491079;-916.5183783549727;0.0025;-10.416885081338744;0.0;0.0
1391;300208;IRSB100008584;-13564.890706072321;0.372616593;0.0;-407.745390562;12.63625839828508;NOMURA FINANCIAL PRODUCTS EUROPE GMBH;0.0;0.0;0.0;;;Swap;-13564.890706072321;-13552.254447674037;0.0025;-0.378508241344319;0.0;0.0
1392;300208;IRSB100008658;-17399.187979025595;0.413713184;0.0;-502.612602966;17.99568364454301;NATIXIS;0.0;0.0;0.0;;;Swap;-17399.187979025595;-17381.192295381054;0.0025;-0.30803716651690016;0.0;0.0
1393;300208;IRSB100008738;-11849.863517701044;0.435631503;0.0;-371.454815494;12.905434636402429;BNP PARIBAS;0.0;0.0;0.0;;;Swap;-11849.863517701044;-11836.958083064641;0.0025;-0.34756303418594436;0.0;0.0
1394;300208;IRSB100008762;25363.09699611934;0.45481013;0.0;-708.67281899;-28.838483605019118;NATIXIS;0.0;0.0;0.0;;;Swap;25363.09699611934;25334.25851251432;0.0025;1.153854750297756;0.0;0.0
1395;300208;IRSB100008770;22763.37913712649;0.45481013;0.0;-607.533701392;-25.882538561489465;NATIXIS;0.0;0.0;0.0;;;Swap;22763.37913712649;22737.496598564998;0.0025;1.1225543205247224;0.0;0.0
1396;300208;IRSB100008780;17582.58269524612;0.46850961300000005;0.0;-866.037219496;-20.594022535225644;NATIXIS;0.0;0.0;0.0;;;Swap;17582.58269524612;17561.988672710897;0.0025;1.700443473932988;0.0;0.0
1397;300208;IRSB100008799;13705.500250023513;0.484948474;0.0;-690.370172842;-16.616153579138803;BNP PARIBAS;0.0;0.0;0.0;;;Swap;13705.500250023513;13688.884096444375;0.0025;1.7448304180641965;0.0;0.0
1398;300208;IRSB100008858;30063.045916324554;0.53152449;0.0;-829.443593105;-39.94811287130248;NATIXIS;0.0;0.0;0.0;;;Swap;30063.045916324554;30023.097803453253;0.0025;1.221984242006497;0.0;0.0
1399;300208;IRSB100008873;-871.2816127251638;0.046576115;0.0;-1.943816278;0.10145228147918173;BNP PARIBAS;0.0;0.0;0.0;;;Swap;-871.2816127251638;-871.1801604436846;0.0025;-0.009193088650345148;0.0;0.0
1400;300208;IRSB100008885;17774.05931025179;0.06849716900000001;0.0;-17.888624175999997;-3.0436818609758514;NOMURA FINANCIAL PRODUCTS EUROPE GMBH;0.0;0.0;0.0;;;Swap;17774.05931025179;17771.015628390815;0.0025;0.0936700392026299;0.0;0.0
1401;300208;IRSB100008902;76169.82391112336;0.5698816520000001;0.0;-952.727863981;-108.51946270755022;NATIXIS;0.0;0.0;0.0;;;Swap;76169.82391112336;76061.3044484158;0.0025;0.8833921555567721;0.0;0.0
1402;300208;IRSB100009012;27611.96690229702;0.20548798699999998;0.0;-103.084807039;-14.1848187396591;CREDIT AGRICOLE CORPORATE AND INVESTMENT BANK;0.0;0.0;0.0;;;Swap;27611.96690229702;27597.78208355736;0.0025;0.29892700186457094;0.0;0.0
1403;300208;IRSB100009055;29249.276203077534;0.271244089;0.0;-216.221076764;-19.834233194032862;BNP PARIBAS;0.0;0.0;0.0;;;Swap;29249.276203077534;29229.4419698835;0.0025;0.45623693463644716;0.0;0.0
1404;300208;IRSB100009061;11045.786995526192;0.10411538000000001;0.0;-31.455213755000003;-2.87509077609567;CREDIT AGRICOLE CORPORATE AND INVESTMENT BANK;0.0;0.0;0.0;;;Swap;11045.786995526192;11042.911904750097;0.0025;0.17533526549682443;0.0;0.0
1405;300208;IRSB100009094;4313.022447300074;0.11781466;0.0;-20.183960152999997;-1.2703431830025655;BNP PARIBAS;0.0;0.0;0.0;;;Swap;4313.022447300074;4311.752104117072;0.0025;0.23484365185956205;0.0;0.0
1406;300208;IRSB100009153;36903.945555426486;0.819204533;0.0;-1636.398155553;-75.57969871147645;CREDIT AGRICOLE CORPORATE AND INVESTMENT BANK;0.0;0.0;0.0;;;Swap;36903.945555426486;36828.36585671501;0.0025;1.929434577618835;0.0;0.0
1407;300208;IRSB100009163;33351.48443694806;0.7342692200000001;0.0;-1316.884421208;-61.222421158399996;CREDIT AGRICOLE CORPORATE AND INVESTMENT BANK;0.0;0.0;0.0;;;Swap;33351.48443694806;33290.26201578966;0.0025;1.722742891447988;0.0;0.0
1408;300208;IRSB100009168;37656.2112413744;0.830164168;0.0;-2017.18988572;-78.15209318806957;CREDIT AGRICOLE CORPORATE AND INVESTMENT BANK;0.0;0.0;0.0;;;Swap;37656.2112413744;37578.05914818633;0.0025;2.171101679922029;0.0;0.0
1409;300208;IRSB100009211;20605.930431748217;0.33699877100000003;0.0;-445.310134872;-17.360433077026624;CREDIT AGRICOLE CORPORATE AND INVESTMENT BANK;0.0;0.0;0.0;;;Swap;20605.930431748217;20588.56999867119;0.0025;0.8775520769186391;0.0;0.0
1410;300208;IRSB100009213;15969.488162974107;0.33699877;0.0;-333.94289418799997;-13.454244671129583;NATIXIS;0.0;0.0;0.0;;;Swap;15969.488162974107;15956.033918302977;0.0025;0.8600654039058041;0.0;0.0
1411;300208;IRSB100009226;52015.92632712426;0.7561890689999999;0.0;-1675.6395483439999;-98.3346872562017;CREDIT AGRICOLE CORPORATE AND INVESTMENT BANK;0.0;0.0;0.0;;;Swap;52015.92632712426;51917.59163986806;0.0025;1.562967901703848;0.0;0.0
1412;300208;IRSB100009239;23843.541285527386;0.282202622;0.0;-234.03759284699998;-16.8217746713527;NATIXIS;0.0;0.0;0.0;;;Swap;23843.541285527386;23826.719510856034;0.0025;0.5277905948590589;0.0;0.0
1413;300208;IRSB100009245;51111.49348370313;0.6054990330000001;0.0;-1076.7574064130001;-77.36989969892014;CREDIT AGRICOLE CORPORATE AND INVESTMENT BANK;0.0;0.0;0.0;;;Swap;51111.49348370313;51034.12358400421;0.0025;1.1330864839198997;0.0;0.0
1414;300208;IRSB100009258;47445.21659067336;0.868521273;0.0;-1470.999584051;-103.01794977773086;CREDIT AGRICOLE CORPORATE AND INVESTMENT BANK;0.0;0.0;0.0;;;Swap;47445.21659067336;47342.19864089563;0.0025;1.6455113582218792;0.0;0.0
1415;300208;IRSB100009262;16591.299154446722;0.290422733;0.0;-181.86977220400001;-12.046226111137514;NATIXIS;0.0;0.0;0.0;;;Swap;16591.299154446722;16579.252928335583;0.0025;0.564677495128739;0.0;0.0
1416;300208;IRSB100009319;45152.69943472396;0.627417398;0.0;-1155.5741875699998;-70.82397298002644;CREDIT AGRICOLE CORPORATE AND INVESTMENT BANK;0.0;0.0;0.0;;;Swap;45152.69943472396;45081.87546174393;0.0025;1.2682160931903494;0.0;0.0
1417;300208;IRSB100009332;53330.108928975744;0.884960134;0.0;-2289.571924708;-117.98755086005241;CREDIT AGRICOLE CORPORATE AND INVESTMENT BANK;0.0;0.0;0.0;;;Swap;53330.108928975744;53212.12137811569;0.0025;1.9602197490307693;0.0;0.0
1418;300208;IRSB100009346;51768.341748398205;0.895918679;0.0;-2346.594400525;-115.95056088311367;CREDIT AGRICOLE CORPORATE AND INVESTMENT BANK;0.0;0.0;0.0;;;Swap;51768.341748398205;51652.39118751509;0.0025;2.031144191381399;0.0;0.0
1419;300208;IRSB100009351;7155.145598598734;0.24110559199999998;0.0;-85.336849782;-4.312864038490855;JP MORGAN SE;0.0;0.0;0.0;;;Swap;7155.145598598734;7150.832734560243;0.0025;0.5394169360214591;0.0;0.0
1420;300208;IRSB100009363;14090.418180398883;0.47398874;0.0;-330.27557277;-16.6967488985009;CREDIT AGRICOLE CORPORATE AND INVESTMENT BANK;0.0;0.0;0.0;;;Swap;14090.418180398883;14073.721431500382;0.0025;1.0605436090186944;0.0;0.0
1421;300208;IRSB100009392;32920.92913217217;0.663034805;0.0;-860.097877302;-54.56930456892148;NATIXIS;0.0;0.0;0.0;;;Swap;32920.92913217217;32866.35982760325;0.0025;1.3172881583695164;0.0;0.0
1422;300208;IRSB100009399;2927.8015479754094;0.252065436;0.0;-31.089996302;-1.844993934279741;CREDIT AGRICOLE CORPORATE AND INVESTMENT BANK;0.0;0.0;0.0;;;Swap;2927.8015479754094;2925.9565540411295;0.0025;0.5176964748551627;0.0;0.0
1423;300208;IRSB100009403;52232.34303399985;0.7370089089999999;0.0;-1592.152066015;-96.23925538500494;NATIXIS;0.0;0.0;0.0;;;Swap;52232.34303399985;52136.103778614844;0.0025;1.5004196335205027;0.0;0.0
1424;300208;IRSB100009407;75913.82783254897;0.9260567710000001;0.0;-2505.835680356;-175.75128569215056;NATIXIS;0.0;0.0;0.0;;;Swap;75913.82783254897;75738.07654685681;0.0025;1.753424451833731;0.0;0.0
1425;300208;IRSB100009418;43846.96825869747;0.583581067;0.0;-1000.517021505;-63.97065130281451;SOCIETE GENERALE;0.0;0.0;0.0;;;Swap;43846.96825869747;43782.99760739465;0.0025;1.1548921198137831;0.0;0.0
1426;300208;IRSB100009427;33777.19063597485;0.5205659109999999;0.0;-664.057076528;-43.95813503609228;NATIXIS;0.0;0.0;0.0;;;Swap;33777.19063597485;33733.23250093876;0.0025;1.0127415391916763;0.0;0.0
1427;300208;IRSB100009432;37877.90980530015;0.695912734;0.0;-1420.951572256;-65.89929942702959;NATIXIS;0.0;0.0;0.0;;;Swap;37877.90980530015;37812.01050587312;0.0025;1.634973248449395;0.0;0.0
1428;300208;IRSB100009444;39811.05165842783;0.791807133;0.0;-1837.076009163;-78.80668668843659;CREDIT AGRICOLE CORPORATE AND INVESTMENT BANK;0.0;0.0;0.0;;;Swap;39811.05165842783;39732.24497173939;0.0025;1.946996408588686;0.0;0.0
1429;300208;IRSB100009450;21212.051401249108;0.37535598400000003;0.0;-414.46523510199995;-19.905176065936097;BNP PARIBAS;0.0;0.0;0.0;;;Swap;21212.051401249108;21192.146225183173;0.0025;0.8641867061379032;0.0;0.0
1430;300208;IRSB100009466;18873.580831175448;0.504127031;0.0;-373.783854719;-23.786705671897476;NATIXIS;0.0;0.0;0.0;;;Swap;18873.580831175448;18849.79412550355;0.0025;0.9998775710261618;0.0;0.0
1431;300208;XS2635167880;14798479.4788855;0.202739726;0.204227263;60.90688984;-19589.61102905248;;0.0;0.0;14818006.77;7.0;XS2635167880;Bond;14798479.4788855;14778889.867856447;0.0025;0.20273959066028407;0.004;0.20422946797027014
1432;300208;XS2648075658;15106334.98110075;0.030447353;0.27685441;1.519051551;-17878.89161808459;;0.0;0.0;15124272.08;7.0;XS2648075658;Bond;15106334.98110075;15088456.089482665;0.0025;0.03044715667193279;0.004;0.27715698116721943
1433;300208;XS2719281227;4524577.62271025;0.127377316;0.617793533;7.933305213;-12621.840563503856;;0.0;0.0;4537398.661;8.0;XS2719281227;Bond;4524577.62271025;4511955.782146746;0.0025;0.12737404394439047;0.004;0.6192500731861658
1434;300208;XS2745115597;18460746.04963975;0.026422522;0.758571806;3.357895419;-57234.65455551291;;0.0;0.0;18518737.97;8.0;XS2745115597;Bond;18460746.04963975;18403511.395084236;0.0025;0.026419720028942974;0.004;0.7608662549870657
1435;300208;XS2752874821;10056591.44327225;0.078806818;0.810232699;8.964118337;-34574.036840216904;;0.0;0.0;10091377.5;7.0;XS2752874821;Bond;10056591.44327225;10022017.406432033;0.0025;0.07880006009999285;0.004;0.8128229524078506
1436;300208;XS2813883043;29922587.193523;0.078514664;0.078514664;247.5578409;-15270.852216816049;;0.0;0.0;29938048.35;8.0;XS2813883043;Bond;29922587.193523;29907316.341306183;0.0025;0.07832324346577295;0.004;0.07820839114523671
1437;300208;XS2815975409;29923925.259978;0.081352597;0.081352597;257.5946456;-15823.528710165217;;0.0;0.0;29939920.56;8.0;XS2815975409;Bond;29923925.259978;29908101.731267836;0.0025;0.08115393467834164;0.004;0.08103473728534662
1438;300208;XS2819077277;29907478.84824;0.097582206;0.097582206;313.4673188;-18969.845452412388;;0.0;0.0;29926664.71;8.0;XS2819077277;Bond;29907478.84824;29888509.002787586;0.0025;0.0973439808383623;0.004;0.0972010457413797
1439;300208;XS2838363120;29837299.7588025;0.176325986;0.176325986;607.25448;-34197.09344706468;;0.0;0.0;29871877.48;8.0;XS2838363120;Bond;29837299.7588025;29803102.665355437;0.0025;0.1758949083111038;0.004;0.17563626169776606
1440;300208;XS2840087667;26722895.61191725;0.01093343;0.181640205;-76.76893787;-20146.24121999451;;0.0;0.0;26743262.75;8.0;XS2840087667;Bond;26722895.61191725;26702749.370697256;0.0025;0.011005548291552203;0.004;0.18188708876320703
1441;300208;XS2841263358;30828600.0359625;0.01080062;0.189877338;-97.47962437;-24247.030021682098;;0.0;0.0;30853101.25;8.0;XS2841263358;Bond;30828600.0359625;30804353.005940817;0.0025;0.010879961301854068;0.004;0.19014803108334086
1442;300208;XS2861705445;34723893.336092494;0.249351755;0.249351755;1062.468352;-56280.01433461855;;0.0;0.0;34780876.8;8.0;XS2861705445;Bond;34723893.336092494;34667613.321757875;0.0025;0.24874225534597624;0.004;0.24837655555356197
1443;300208;XS2861748171;30719846.75216075;0.014946686;0.276828366;-210.0498442;-35164.39967911594;;0.0;0.0;30755374.59;8.0;XS2861748171;Bond;30719846.75216075;30684682.352481633;0.0025;0.015118184362109446;0.004;0.2774084055425745
1444;300208;XS2862962623;21806241.862268;0.284634155;0.284634155;783.7341398;-37240.80735715367;;0.0;0.0;21843945.11;8.0;XS2862962623;Bond;21806241.862268;21769001.054910846;0.0025;0.2839381760901455;0.0035;0.2836597845262037
1445;300208;XS2865535673;30702361.34485925;0.01549297;0.290416272;-231.5662329;-36855.03820159638;;0.0;0.0;30739597.3;8.0;XS2865535673;Bond;30702361.34485925;30665506.306657653;0.0025;0.01568212742797205;0.004;0.2910553302004471
1446;300208;XS2866213098;30690388.0060215;0.015574582;0.292958684;-236.0053486;-37159.037638302776;;0.0;0.0;30727952.87;8.0;XS2866213098;Bond;30690388.0060215;30653228.968383197;0.0025;0.015767435376392188;0.004;0.2936095782939337
1447;300208;XS2867298510;30698357.510432;0.015737483;0.295852761;-240.4934918;-37536.56250912644;;0.0;0.0;30736281.91;8.0;XS2867298510;Bond;30698357.510432;30660820.947922874;0.0025;0.015933954254967186;0.004;0.2965162397592281
1448;300208;XS2867336542;29732441.828463998;0.304226331;0.304226331;1162.024343;-58795.04597943947;;0.0;0.0;29791862.31;8.0;XS2867336542;Bond;29732441.828463998;29673646.782484557;0.0025;0.303480647450435;0.004;0.303033237320696
1449;300208;XS2880647099;29673262.416175;0.360963608;0.360963608;1436.538455;-69621.29110867661;;0.0;0.0;29743710.19;8.0;XS2880647099;Bond;29673262.416175;29603641.125066325;0.0025;0.3600790477856737;0.004;0.3595483116570779
1450;300208;XS2880859272;35715474.251807;0.017313313;0.361074133;-423.0399586;-53129.61856228257;;0.0;0.0;35769157.23;8.0;XS2880859272;Bond;35715474.251807;35662344.633244716;0.0025;0.01761018049350781;0.004;0.3620694201044712
1451;300208;XS2895045164;30551986.735797502;0.019937579;0.407332841;-460.3019299;-51302.141844026635;;0.0;0.0;30603819.8;8.0;XS2895045164;Bond;30551986.735797502;30500684.593953475;0.0025;0.02031522742997153;0.004;0.40859916863315743
1452;300208;XS2903381072;29605981.00372;0.448169426;0.448169426;1897.655;-86245.22083192662;;0.0;0.0;29693230.29;8.0;XS2903381072;Bond;29605981.00372;29519735.782888073;0.0025;0.44706914021816796;0.004;0.44640896874906877
1453;300208;XS2906220855;29573740.718005;0.461077283;0.461077283;1966.062979;-88632.5701196274;;0.0;0.0;29663544.05;8.0;XS2906220855;Bond;29573740.718005;29485108.147885375;0.0025;0.4599467630638302;0.004;0.45926845110212833
1454;300208;XS2908566982;14787604.318190001;0.466483889;0.466483889;998.1227844;-41389.075028054795;;0.0;0.0;14829533.3;8.0;XS2908566982;Bond;14787604.318190001;14746215.243161947;0.0025;0.4653404755282157;0.0035;0.464883110139502
1455;300208;XS2908585263;30461057.391028248;0.02686668;0.488775424;-646.157261;-61600.433670618644;;0.0;0.0;30522982.74;;XS2908585263;Bond;30461057.391028248;30399456.95735763;0.0025;0.027398798754230118;0.004;0.49057953239321683
1456;300208;XS2909655438;29570451.574745;0.477735476;0.477735476;2061.80879;-91824.54943087237;;0.0;0.0;29663424.06;8.0;XS2909655438;Bond;29570451.574745;29478627.025314126;0.0025;0.47656292130801314;0.004;0.47585938849282106
1457;300208;XS2920487852;29538580.046055;0.524188418;0.524188418;2333.605942;-100644.58003800162;;0.0;0.0;29640453.88;8.0;XS2920487852;Bond;29538580.046055;29437935.466017;0.0025;0.5229003025553932;0.004;0.5221274332886291
1458;300208;XS2920578734;30392878.603012;0.02394201;0.523976529;-766.3770951;-65519.78665550364;;0.0;0.0;30459124.87;8.0;XS2920578734;Bond;30392878.603012;30327358.816356495;0.0025;0.024573835044645085;0.004;0.5260833618038323
1459;300208;XS2922134684;30379342.58261;0.024400632;0.534661051;-798.3981476;-66823.79283252977;;0.0;0.0;30446931.9;8.0;XS2922134684;Bond;30379342.58261;30312518.78977747;0.0025;0.02505914436219149;0.004;0.5368557389739641
1460;300208;XS2923562263;23295170.8570975;0.024529388;0.540593034;-625.1257112;-51801.36907594697;;0.0;0.0;23347519.39;8.0;XS2923562263;Bond;23295170.8570975;23243369.488021553;0.0025;0.02520176701389363;0.004;0.5428353969723645
1461;300208;XS2928520027;39915755.271092005;0.065006829;0.065006829;270.0025981;-16866.178402539226;;0.0;0.0;39932822.45;8.0;XS2928520027;Bond;39915755.271092005;39898889.09268947;0.0025;0.06484828593474193;0.004;0.06475316009558707
1462;300208;XS2929908049;29495129.3275;0.561873035;0.561873035;2560.01963;-107721.36591423958;;0.0;0.0;29604259.55;8.0;XS2929908049;Bond;29495129.3275;29387407.96158576;0.0025;0.560492421846321;0.004;0.5596640539541137
1463;300208;XS2942506978;30294124.9270325;0.027033793;0.616680088;-1063.086419;-76774.54725952541;;0.0;0.0;30371732.47;8.0;XS2942506978;Bond;30294124.9270325;30217350.379772976;0.0025;0.027912924180444356;0.004;0.6196049519085978
1464;300208;XS2963900035;24847099.281478498;0.200795407;0.200795407;588.3204479;-32429.692184460237;;0.0;0.0;24879886.2;8.0;XS2963900035;Bond;24847099.281478498;24814669.58929404;0.0025;0.20030426321398986;0.004;0.20000957694238375
1465;300208;XS2974086667;29759945.101165;0.266006986;0.266006986;985.8622252;-51456.29644926138;;0.0;0.0;29811973.12;8.0;XS2974086667;Bond;29759945.101165;29708488.804715738;0.0025;0.26535570649123147;0.004;0.2649649387859703
1466;300208;XS2978738495;29962930.284231998;0.037895538;0.037895538;114.9751627;-6812.768179064788;;0.0;0.0;29969827.45;8.0;XS2978738495;Bond;29962930.284231998;29956117.51605293;0.0025;0.037803197005872785;0.0035;0.0377662606082219
1467;300208;XS2989318428;24392955.86353;0.808739677;0.808739677;3541.623855;-128229.0830999523;;0.0;0.0;24523096.24;8.0;XS2989318428;Bond;24392955.86353;24264726.780430045;0.0025;0.806745065806089;0.004;0.8055482990897422
1468;300208;XS2989343293;24465602.265795;0.725014897;0.725014897;3034.421852;-115296.51969405913;;0.0;0.0;24582486.94;8.0;XS2989343293;Bond;24465602.265795;24350305.74610094;0.0025;0.7232283113213853;0.004;0.7221563599142166
1469;300208;XS2989577445;29936664.489346;0.064969818;0.064969818;202.2637391;-11669.877860399236;;0.0;0.0;29948479.78;8.0;XS2989577445;Bond;29936664.489346;29924994.6114856;0.0025;0.06481146097777483;0.0035;0.06474811816888477
1470;300208;XS2993406359;23937162.757458;0.081231904;0.081231904;205.4392922;-11666.76784287722;;0.0;0.0;23948973.21;8.0;XS2993406359;Bond;23937162.757458;23925495.989615124;0.0025;0.0810338395252143;0.0035;0.08095461373530002
1471;300208;XS2994493786;39588264.546475;0.330814863;0.330814863;1715.411369;-85126.51103027427;;0.0;0.0;39674461.39;8.0;XS2994493786;Bond;39588264.546475;39503138.03544473;0.0025;0.33000517643043387;0.004;0.3295193644886942
1472;300208;XS2994519333;29693729.456432;0.330898085;0.330898085;1287.315654;-63866.388388669366;;0.0;0.0;29758382.6;8.0;XS2994519333;Bond;29693729.456432;29629863.06804333;0.0025;0.3300879909933475;0.004;0.329601934589356
1473;300208;XS2997427682;29330883.828725003;0.746444094;0.746444094;3792.213976;-142310.12253738724;;0.0;0.0;29475231.71;8.0;XS2997427682;Bond;29330883.828725003;29188573.706187617;0.0025;0.744604770502485;0.004;0.743501176403976
1474;300208;XS2999676203;29470048.78913;0.597370517;0.597370517;2783.418862;-114429.49882765577;;0.0;0.0;29585960.91;8.0;XS2999676203;Bond;29470048.78913;29355619.290302344;0.0025;0.5959014189498626;0.004;0.5950199601197801
1475;300208;XS3003192898;29970695.207907148;0.029784068;0.029784068;89.68735755;-5802.219956517274;;0.0;0.0;29976567.33;8.0;XS3003192898;Bond;29970695.207907148;29964892.98795063;0.0025;0.029711473183273805;0.004;0.02966791629323809
1476;300208;XS3003206359;19500670.82418;0.858355755;0.858355755;3090.969125;-108800.33468392072;;0.0;0.0;19611029.88;8.0;XS3003206359;Bond;19500670.82418;19391870.48949608;0.0025;0.8562350468957551;0.004;0.8549626220332083
1477;300208;XS3006178597;29442903.25681;0.618826131;0.618826131;2919.62684;-118430.24640082367;;0.0;0.0;29562936.88;8.0;XS3006178597;Bond;29442903.25681;29324473.010409176;0.0025;0.6173044372425505;0.004;0.6163914209880808
1478;300208;XS3007482790;29220738.59424;0.874111178;0.874111178;4756.095417;-166024.13252516772;;0.0;0.0;29389263.88;8.0;XS3007482790;Bond;29220738.59424;29054714.46171483;0.0025;0.8719522443645878;0.004;0.8706568841833405
1479;300208;XS3007483178;34947182.2356955;0.046030095;0.046030095;164.2554426;-10456.043768893946;;0.0;0.0;34957765.34;8.0;XS3007483178;Bond;34947182.2356955;34936726.191926606;0.0025;0.04591788928721196;0.004;0.04585056585953913
1480;300208;XS3016270335;14971520.4631368;0.05959159;0.05959159;92.34931153;-5353.0602546951495;;0.0;0.0;14976936.78;8.0;XS3016270335;Bond;14971520.4631368;14966167.402882105;0.0025;0.059446259589373746;0.0035;0.05938812742512324
1481;300208;XS3017362073;19994807.9460474;0.008125645;0.008125645;15.9749769;-974.8242672765621;;0.0;0.0;19995794.04;8.0;XS3017362073;Bond;19994807.9460474;19993833.121780124;0.0025;0.00810583615886168;0.0035;0.008097912622406353
1482;300208;XS3017920425;29350612.54966;0.727539407;0.727539407;3657.90771;-138799.22712153156;;0.0;0.0;29491363.11;8.0;XS3017920425;Bond;29350612.54966;29211813.32253847;0.0025;0.7257469913388209;0.004;0.7246715419421135
1483;300208;XS3020829951;29480263.229530003;0.575352982;0.575352982;2643.03539;-110250.12283515776;;0.0;0.0;29591983.1;8.0;XS3020829951;Bond;29480263.229530003;29370013.106694844;0.0025;0.5739391995683281;0.004;0.573090930109325
1484;300208;XS3020856848;24611234.508265;0.512841631;0.512841631;1886.577616;-82040.8266999237;;0.0;0.0;24694349.6;8.0;XS3020856848;Bond;24611234.508265;24529193.681565076;0.0025;0.5115827688571914;0.004;0.5108274515715062
1485;300208;XS3022151461;34887082.801399;0.100237401;0.100237401;376.3564238;-22730.438305146232;;0.0;0.0;34910085.2;8.0;XS3022151461;Bond;34887082.801399;34864352.36309385;0.0025;0.0999928237292708;0.004;0.09984607736683329
1486;300208;XS3022659927;49690231.339677;0.192334351;0.192334351;1117.257009;-62121.39957241813;;0.0;0.0;49753138.39;8.0;XS3022659927;Bond;49690231.339677;49628109.94010458;0.0025;0.19186472126455834;0.004;0.19158294342329332
1487;300208;XS3025191613;21865155.605084002;0.195097205;0.195097205;499.9427627;-25594.984472651835;;0.0;0.0;21891065.03;8.0;XS3025191613;Bond;21865155.605084002;21839560.62061135;0.0025;0.19462074189509163;0.0035;0.19443015665312827
1488;300208;XS3028074857;29290231.255395003;0.781417852;0.781417852;4044.874968;-148771.4123491312;;0.0;0.0;29441228.46;8.0;XS3028074857;Bond;29290231.255395003;29141459.84304587;0.0025;0.7794919770954141;0.004;0.7783364521526626
1489;300208;XS3030265170;34762068.583698496;0.211302929;0.211302929;872.7700229;-47744.62491392343;;0.0;0.0;34810421.69;8.0;XS3030265170;Bond;34762068.583698496;34714323.95878457;0.0025;0.2107868772062746;0.004;0.21047724613003932
1490;300208;XS3030330925;24962505.566572;0.046016471;0.046016471;117.2542341;-6892.118480948995;;0.0;0.0;24969483.34;8.0;XS3030330925;Bond;24962505.566572;24955613.44809105;0.0025;0.04590433443552539;0.0035;0.04585947980973555
1491;300208;XS3030333788;29923703.238202;0.078512277;0.078512277;247.5421534;-14096.268465021076;;0.0;0.0;29937975.04;8.0;XS3030333788;Bond;29923703.238202;29909606.96973698;0.0025;0.07832087634903741;0.0035;0.07824431608865237
1492;300208;XS3036613100;29419682.482685;0.646000384;0.646000384;3097.935375;-123533.3201763218;;0.0;0.0;29544904.31;8.0;XS3036613100;Bond;29419682.482685;29296149.162508678;0.0025;0.6444111388619763;0.004;0.6434575917791621
1493;300208;XS3038488436;29137943.789255;0.971942541;0.971942541;5555.960392;-184082.64631928387;;0.0;0.0;29324900.07;8.0;XS3038488436;Bond;29137943.789255;28953861.142935716;0.0025;0.9695372755788607;0.004;0.968094116326177
1494;300208;XS3041247092;49743193.131607;0.15704728;0.15704728;885.0984945;-50778.21566891816;;0.0;0.0;49794624.84;8.0;XS3041247092;Bond;49743193.131607;49692414.91593809;0.0025;0.15666410564473365;0.004;0.15643420103157385
1495;300208;XS3042750060;34817035.2140055;0.162546243;0.162546243;644.6262468;-36785.95873182942;;0.0;0.0;34854276.77;8.0;XS3042750060;Bond;34817035.2140055;34780249.25527367;0.0025;0.16214942921623676;0.004;0.1619113409459788
1496;300406;B52SF78;13228840.0362;0.0;0.0;0.0;-2097319.0703448267;;152055.6326;152055.6326;15205563.26;;IE00B52SF786;Equity;13228840.0362;11131520.965855174;0.0;0.0;0.0;0.0
1497;300406;BKSH1N2;6560781.36;0.0;0.0;0.0;-1040155.5862068961;;75411.28;0.0;7541128.0;;IE00BMWXKN31;Equity;6560781.36;5520625.773793104;0.0;0.0;0.0;0.0
1498;300406;CAM25 Index;0.0;0.0;0.0;0.0;347396.2068965516;;-25186.225;0.0;-2518622.5;;;Equity Index Future;0.0;347396.2068965516;0.0;0.0;0.0;0.0
1499;300406;CSH_CAD_DB;2305831.276;0.0;0.0;0.0;0.0;;0.0;23058.31276;2305831.276;;;Cash;2305831.276;2305831.276;0.0;0.0;0.0;0.0
1500;300406;CSH_EUR_DB;16132110.798888808;0.0;0.0;0.0;0.0;;0.0;0.0;-1929548.24;;;Cash;16132110.798888808;16132110.798888808;0.0;0.0;0.0;0.0
1501;300406;CSH_GBP_DB;2556.003146775;0.0;0.0;0.0;-67.21901766666673;;0.0;26.21541689;2621.541689;;;Cash;2556.003146775;2488.784129108333;0.0;0.0;0.0;0.0
1502;300406;CSH_JPY_DB;1508262.696525;0.0;0.0;0.0;-39665.028179487206;;0.0;15469.36099;1546936.099;;;Cash;1508262.696525;1468597.6683455128;0.0;0.0;0.0;0.0
1503;300406;CSH_USD_DB;18232195.73175;0.0;0.0;0.0;-479479.1776923081;;0.0;186996.8793;18699687.93;;;Cash;18232195.73175;17752716.55405769;0.0;0.0;0.0;0.0
1504;300406;DMM25 Index;0.0;0.0;0.0;0.0;-1043238.9063333326;;93891.50157;0.0;9389150.157;;;Equity Index Future;0.0;-1043238.9063333326;0.0;0.0;0.0;0.0
1505;300406;ECM25 Curncy;0.0;0.0;0.0;0.0;-791863.8412820519;;0.0;308826.8981;-30920801.7;;;FX Future;0.0;-791863.8412820519;0.0;0.0;0.0;0.0
1506;300406;ESM25 Index;0.0;0.0;0.0;0.0;-8548085.231111106;;769327.6708;0.0;76932767.08;;;Equity Index Future;0.0;-8548085.231111106;0.0;0.0;0.0;0.0
1507;300406;FR0000989626;0.0;0.033170906;0.425272033;-9.955885956;0.0;;0.0;5.1e-08;2590390.143;;FR0000989626;Fund Unit;0.0;0.0;0.0;;0.0;
1508;300406;FR0012599645;32585586.531910002;0.230690404;0.508247245;3949.713389;-869841.1189216225;;0.0;2.12e-08;40938418.33;;FR0012599645;Fund Unit;32585586.531910002;31715745.41298838;0.0;0.230690404;0.0;0.508247245
1509;300406;FR0013259199;22531104.3818;3.282306222;4.689988881;35696.20884;-601446.3182000001;;8.940241451;-465.7886007;23132748.93;;FR0013259199;Fund Unit;22531104.3818;21929658.0636;0.0;3.282306222;0.0;4.689988881
1510;300406;FR001400IR05;17020097.448;0.000220759;0.001972064;1.63480157;-2347599.6479999986;;193046.8107;173839.9648;19563797.29;;FR001400IR05;Fund Unit;17020097.448;14672497.8;0.0;0.000220759;0.0;0.001972064
1511;300406;FR001400ITZ9;29695680.9072;0.0;0.0;0.0;-4095955.9871999985;;341108.5946;135690.2019;34171939.03;;FR001400ITZ9;Fund Unit;29695680.9072;25599724.92;0.0;0.0;0.0;0.0
1512;300406;FR001400JWC0;152965987.12939999;4.313248284;4.21234152;475622.4614;-4083280.9706000006;;0.0;24.86956693;157588911.9;;FR001400JWC0;Fund Unit;152965987.12939999;148882706.15879998;0.0;4.313248284;0.0;4.21234152
1513;300406;FR001400K2R1;50788267.0254;0.0;0.0;0.0;-7005278.2103999965;;582910.1119;583772.8243;58377318.42;;FR001400K2R1;Fund Unit;50788267.0254;43782988.815;0.0;0.0;0.0;0.0
1514;300406;FR001400K2W1;75965071.902;0.0;0.0;0.0;-10477940.951999996;;869941.5941;873300.5571;87316174.6;;FR001400K2W1;Fund Unit;75965071.902;65487130.95;0.0;0.0;0.0;0.0
1515;300406;FR001400K3P3;137587939.9164;6.952436748;6.951644832;1229339.373;-3672778.6836000006;;0.0;1097.768024;139069358.6;;FR001400K3P3;Fund Unit;137587939.9164;133915161.23279999;0.0;6.952436748;0.0;6.951644832
1516;300406;FR001400LLB1;130930663.74720001;4.67189034;4.629945198;683970.7452;-3495069.052800001;;-467.4860519;29034.12594;164355330.6;;FR001400LLB1;Fund Unit;130930663.74720001;127435594.69440001;0.0;4.67189034;0.0;4.629945198
1517;300406;FXW1023958;-261677.53024999984;0.131506846;0.0;0.05380105299999993;-396455.32333333365;BNP PARIBAS;0.0;154617.5761;124866.41000000015;;;Currency Forward;-261677.53024999984;-658132.8535833335;0.0;0.131506846;0.0;0.0
1518;300406;LU1501412909;4158625.0744;3.012808375;3.308240559;-12752.38494;-111010.52560000002;;0.921497013;4.378884093;4356768.836;;LU1501412909;Fund Unit;4158625.0744;4047614.5488;0.0;3.012808375;0.0;3.308240559
1519;300406;LU1717594557;23447093.6271;0.000307037;0.002742805;3.132318127;-3234081.8795999982;;262635.147;112063.4696;26950722.91;;LU1717594557;Fund Unit;23447093.6271;20213011.7475;0.0;0.000307037;0.0;0.002742805
1520;300406;LU1891751163;5291119.0296;0.536002618;0.741697933;125.0949123;-141241.37040000004;;-1184.708794;61.78275667;4190821.831;;LU1891751163;Fund Unit;5291119.0296;5149877.6592;0.0;0.536002618;0.0;0.741697933
1521;300406;LU2527589415;2768283.5148;0.106197074;1.934165179;-5720.900113;-73896.68520000002;;15.41400592;6.15e-08;2916569.832;;LU2527589415;Fund Unit;2768283.5148;2694386.8296;0.0;0.106197074;0.0;1.934165179
1522;300406;MESM25 Index;0.0;0.0;0.0;0.0;-571293.3818888885;;51416.40437;0.0;5141640.437;;;Equity Index Future;0.0;-571293.3818888885;0.0;0.0;0.0;0.0
1523;300406;NKM25 Index;0.0;0.0;0.0;0.0;-541217.3219999995;;83888.68491;0.0;8388868.491;;;Equity Index Future;0.0;-541217.3219999995;0.0;0.0;0.0;0.0
1524;300406;OEM25 Cmdty;0.0;0.0;0.0;186091.4036;-1310285.186;;0.0;0.0;67847040.0;;;Bond Future;0.0;-1310285.186;0.0025;0.0;0.0015;0.0
1525;300406;RTYM25 Index;0.0;0.0;0.0;0.0;-854894.155444444;;76940.47399;0.0;7694047.399;;;Equity Index Future;0.0;-854894.155444444;0.0;0.0;0.0;0.0
1526;300406;RXM25 Cmdty;0.0;0.0;0.0;208180.0399;-914623.5444;;0.0;0.0;28084940.0;;;Bond Future;0.0;-914623.5444;0.0025;0.0;0.0015;0.0
1527;300406;RYM25 Curncy;0.0;0.0;0.0;0.0;268213.9546153848;;0.0;-104603.4423;10508248.25;;;FX Future;0.0;268213.9546153848;0.0;0.0;0.0;0.0
1528;300406;SXOM25 Index;0.0;0.0;0.0;0.0;-2553793.1034482745;;185150.0;0.0;18515000.0;;;Equity Index Future;0.0;-2553793.1034482745;0.0;0.0;0.0;0.0
1529;300406;TPM25 Index;0.0;0.0;0.0;0.0;-159479.93967741923;;24719.39065;0.0;2471939.065;;;Equity Index Future;0.0;-159479.93967741923;0.0;0.0;0.0;0.0
1530;300406;T_FR0010853556;2437393.605;2.855370798;2.859091385;-3127.088206;-65063.89500000002;;0.0;0.0;2502457.5;;T_FR0010853556;Fund Unit;2437393.605;2372329.71;0.0;2.855370798;0.0;2.859091385
1531;300406;T_FR0011026707;6578462.329399999;6.091999917;6.092017545;50056.27743;-175605.77060000002;;0.0;1.735316091;6754068.1;;T_FR0011026707;Fund Unit;6578462.329399999;6402856.558799999;0.0;6.091999917;0.0;6.092017545
1532;300406;T_IE000KXCEXR3;50996697.6321;0.0;0.0;0.0;-7034027.259599998;;586168.9383;586168.9383;58616893.83;;T_IE000KXCEXR3;Fund Unit;50996697.6321;43962670.3725;0.0;0.0;0.0;0.0
1533;300406;T_IE00BFNM3G45;74555001.1233;0.0;0.0;0.0;-10283448.430799996;;856954.0359;856954.0359;85695403.59;;T_IE00BFNM3G45;Fund Unit;74555001.1233;64271552.6925;0.0;0.0;0.0;0.0
1534;300406;T_LU0456627131;7556993.28;2.811253143;2.814728418;-9860.384083;-201726.72000000006;;0.0;0.0;7758720.0;;T_LU0456627131;Fund Unit;7556993.28;7355266.5600000005;0.0;2.811253143;0.0;2.814728418
1535;300406;T_LU1291102447;17791244.0721;0.0;0.0;0.0;-2453964.699599999;;204497.0583;204497.0583;20449705.83;;T_LU1291102447;Fund Unit;17791244.0721;15337279.372499999;0.0;0.0;0.0;0.0
1536;300406;T_LU1602144906;11865756.1305;0.0;0.0;0.0;-1636656.0179999992;;136388.0015;136388.0015;13638800.15;;T_LU1602144906;Fund Unit;11865756.1305;10229100.1125;0.0;0.0;0.0;0.0
1537;300406;T_LU2182388236;35568089.063760005;6.091999917;6.092017545;270641.6857;-949456.1762400004;;0.0;9.382417077;36517545.24;;T_LU2182388236;Fund Unit;35568089.063760005;34618632.88752001;0.0;6.091999917;0.0;6.092017545
1538;300406;T_LU2244386053;1145562.308;2.249580876;2.420887114;-2363.705022;-30579.692000000006;;0.0;0.0;1176142.0;;T_LU2244386053;Fund Unit;1145562.308;1114982.616;0.0;2.249580876;0.0;2.420887114
1539;300406;UBM25 Cmdty;0.0;0.0;0.0;540907.941;-857182.4512;;0.0;0.0;10494880.0;;;Bond Future;0.0;-857182.4512;0.0025;0.0;0.0015;0.0
1540;300406;VGM25 Index;0.0;0.0;0.0;0.0;-1817939.3103448271;;131800.6;0.0;13180060.0;;;Equity Index Future;0.0;-1817939.3103448271;0.0;0.0;0.0;0.0
1541;300636;BE6356749489;13980374.035627399;0.043340519;0.043340519;61.73033418;-3938.4583323684037;;0.0;0.0;13984358.62;8.0;BE6356749489;Bond;13980374.035627399;13976435.57729503;0.0025;0.04323482751465488;0.004;0.0431714126234478
1542;300636;CSH_EUR_DB;353037009.72922504;0.0;0.0;0.0;0.0;;0.0;0.0;339708461.9;;;Cash;353037009.72922504;353037009.72922504;0.0;0.0;0.0;0.0
1543;300636;DE000A4BF827;9972393.9199888;0.075507525;0.075507525;78.8231036;-4517.944699340414;;0.0;0.0;9976986.067;8.0;DE000A4BF827;Bond;9972393.9199888;9967875.97528946;0.0025;0.075324175201677;0.0035;0.0752508352823478
1544;300636;DE000A4BF8Z3;14966069.8853448;0.06203005;0.06203005;95.92839855;-5570.076379748594;;0.0;0.0;14971730.43;8.0;DE000A4BF8Z3;Bond;14966069.8853448;14960499.808965052;0.0025;0.06187942618231028;0.0035;0.06181917665523439
1545;300636;DE000CZ451R7;24499321.07993;0.656497543;0.656497543;2638.013752;-104544.33661192398;;0.0;0.0;24605360.07;8.0;DE000CZ451R7;Bond;24499321.07993;24394776.743318077;0.0025;0.6548830901965592;0.004;0.6539144185144948
1546;300636;DE000CZ451V9;24303844.576685;0.914150971;0.914150971;4225.984645;-144412.9902722629;;0.0;0.0;24450581.56;8.0;DE000CZ451V9;Bond;24303844.576685;24159431.58641274;0.0025;0.911893117923545;0.004;0.910538406077672
1547;300636;DE000CZ451X5;29374154.911495;0.68361051;0.68361051;3348.783617;-130523.12662912966;;0.0;0.0;29506570.7;8.0;DE000CZ451X5;Bond;29374154.911495;29243631.78486587;0.0025;0.6819287077184958;0.004;0.6809196263495932
1548;300636;DE000CZ452U9;19772549.5589775;0.368871612;0.368871612;983.5784853;-47407.95948960447;;0.0;0.0;19820553.31;8.0;DE000CZ452U9;Bond;19772549.5589775;19725141.599487893;0.0025;0.36796816150653444;0.004;0.3674260912104551
1549;300636;FR0010213355;20974446.17838;0.032639138;0.32465379;50.87271871;-41990.88323999906;;0.0;1.27e-05;20998426.66;;FR0010213355;Fund Unit;20974446.17838;20932455.295140002;0.0;0.032639138;0.0;0.32465379
1550;300636;FR0013327491;0.0;0.0;0.0;0.0;0.0;;0.0;0.0;0.0;;;Bond;0.0;0.0;0.0;;0.0;
1551;300636;FR001400F6V1;10109804.010026501;0.702804694;0.702804694;1199.117182;-46183.91513883322;;0.0;0.0;10157376.71;5.0;FR001400F6V1;Bond;10109804.010026501;10063620.094887668;0.0025;0.7010742965926904;0.004;0.7000360581483047
1552;300636;FR0128634468;25757407.076849498;0.009079247;0.138402584;-41.78390967;-14844.211438629087;;0.0;0.0;25772396.36;8.0;FR0128634468;Bond;25757407.076849498;25742562.865410868;0.0025;0.009120008318552881;0.004;0.13854409347981175
1553;300636;FR0128637669;30869588.01713975;0.010127865;0.162843281;-70.46390138;-20889.22753342531;;0.0;0.0;30890681.84;8.0;FR0128637669;Bond;30869588.01713975;30848698.789606325;0.0025;0.010185187227600445;0.004;0.16304065800623027
1554;300636;FR0128656842;30554166.19608725;0.019669473;0.401919881;-448.0096294;-50623.768233921066;;0.0;0.0;30605310.47;8.0;FR0128656842;Bond;30554166.19608725;30503542.427853327;0.0025;0.02003701022148394;0.004;0.4031525513646741
1555;300636;FR0128667708;19975355.3237266;0.037898878;0.037898878;76.66387526;-4542.261326523389;;0.0;0.0;19979953.45;8.0;FR0128667708;Bond;19975355.3237266;19970813.062400077;0.0025;0.03780652073784734;0.0035;0.03776957783298628
1556;300636;FR0128693399;20477696.7141545;0.014895553;0.276912096;-140.0760397;-23444.65421528438;;0.0;0.0;20501376.77;8.0;FR0128693399;Bond;20477696.7141545;20454252.059939217;0.0025;0.015067118185864441;0.004;0.27749243402303087
1557;300636;FR0128735091;30668632.65867525;0.013548781;0.257867172;-182.1745421;-32672.54075985231;;0.0;0.0;30701635.93;8.0;FR0128735091;Bond;30668632.65867525;30635960.117915396;0.0025;0.013697742258387009;0.004;0.258370757649134
1558;300636;FR0128735398;20429930.89135125;0.017023695;0.328098017;-198.2380482;-27681.561532511158;;0.0;0.0;20457929.34;8.0;FR0128735398;Bond;20429930.89135125;20402249.329818737;0.0025;0.01726700238232024;0.004;0.3289167428219839
1559;300636;FR0128767771;29911807.7116065;0.100319842;0.100319842;323.1493739;-13503.365206032355;;0.0;0.0;29925458.64;8.0;FR0128767771;Bond;29911807.7116065;29898304.346400466;0.0025;0.10007491705098721;0.002;0.10012390204078976
1560;300636;FR0128771468;40805893.5543815;0.018443204;0.366527386;-495.5584387;-61707.38853959115;;0.0;0.0;40868240.51;8.0;FR0128771468;Bond;40805893.5543815;40744186.16584191;0.0025;0.018747661527529123;0.004;0.36755052673570343
1561;300636;FR0128771732;19778688.0851;0.366380339;0.366380339;975.8398978;-47102.395896362286;;0.0;0.0;19826352.81;8.0;FR0128771732;Bond;19778688.0851;19731585.689203635;0.0025;0.3654824766648885;0.004;0.36494375926382155
1562;300636;FR0128789635;20362981.025609247;0.019902893;0.407179002;-306.8501897;-34178.71874829436;;0.0;0.0;20397526.13;8.0;FR0128789635;Bond;20362981.025609247;20328802.306860954;0.0025;0.020280608839105204;0.004;0.4084449418006481
1563;300636;FR0128790138;29632009.64653;0.407110564;0.407110564;1674.273553;-78412.77703773974;;0.0;0.0;29711375.65;8.0;FR0128790138;Bond;29632009.64653;29553596.86949226;0.0025;0.40611235668223095;0.004;0.40551343229156955
1564;300636;FR0128806710;25442388.473872;0.020564555;0.423543026;-415.2129751;-44411.813304320836;;0.0;0.0;25487271.57;8.0;FR0128806710;Bond;25442388.473872;25397976.66056768;0.0025;0.020973605565833022;0.004;0.4249133700811364
1565;300636;FR0128806850;55961110.0057825;0.020758026;0.428994415;-937.4327981;-98932.12003994748;;0.0;0.0;56061089.46;8.0;FR0128806850;Bond;55961110.0057825;55862177.88574255;0.0025;0.021177890856975277;0.004;0.43040062002099155
1566;300636;FR0128807544;30517250.7769865;0.020674638;0.428968073;-511.4292989;-53941.03781767014;;0.0;0.0;30571766.15;8.0;FR0128807544;Bond;30517250.7769865;30463309.739168826;0.0025;0.021094673977370148;0.004;0.43037447523177985
1567;300636;FR0128807593;20352671.471022252;0.020794411;0.429060794;-340.8739957;-35988.188064302856;;0.0;0.0;20389035.17;8.0;FR0128807593;Bond;20352671.471022252;20316683.28295795;0.0025;0.02121420117474952;0.004;0.43046710130927557
1568;300636;FR0128809730;29595692.21492;0.447829679;0.447829679;1894.120427;-86149.89073853774;;0.0;0.0;29682911.18;8.0;FR0128809730;Bond;29595692.21492;29509542.32418146;0.0025;0.44673106082655645;0.004;0.44607188992249036
1569;300636;FR0128810035;25409461.27605775;0.021338821;0.447962573;-465.2793706;-46885.47047175735;;0.0;0.0;25456850.89;8.0;FR0128810035;Bond;25409461.27605775;25362575.80558599;0.0025;0.02179774098000533;0.004;0.44949770545411694
1570;300636;FR0128814490;22961761.7529453;0.037871592;0.037871592;88.03409558;-14348.37479969436;;0.0;0.0;22976302.92;8.0;FR0128814490;Bond;22961761.7529453;22947413.378145605;0.0025;0.03777932905798848;0.014;0.03735491952473548
1571;300636;FR0128840321;24608951.288275;0.521134472;0.521134472;1928.048832;-83359.72343457791;;0.0;0.0;24693382.36;8.0;FR0128840321;Bond;24608951.288275;24525591.56484042;0.0025;0.5198547383393826;0.004;0.5190868981430122
1572;300636;FR0128840974;30392851.22265425;0.02394201;0.523975648;-766.3762958;-65519.62052558465;;0.0;0.0;30459097.43;8.0;FR0128840974;Bond;30392851.22265425;30327331.602128666;0.0025;0.02457383495507989;0.004;0.5260824769675445
1573;300636;FR0128862788;6969133.0756353;0.097247989;0.097247989;72.61728885;-11182.613915202142;;0.0;0.0;6980493.111;8.0;FR0128862788;Bond;6969133.0756353;6957950.461720098;0.0025;0.09701113579473918;0.014;0.09592161105053934
1574;300636;FR0128865260;5491357.8078184;0.045946713;0.045946713;25.71594604;-1513.859047056847;;0.0;0.0;5492892.808;8.0;FR0128865260;Bond;5491357.8078184;5489843.948771343;0.0025;0.04583491612701588;0.0035;0.04579019737782224
1575;300636;FR0128867167;20111495.49972525;0.009871681;0.268492376;-134.422784;-22095.468516553712;;0.0;0.0;20133836.22;8.0;FR0128867167;Bond;20111495.49972525;20089400.031208694;0.0025;0.010039021577305615;0.004;0.2690480837472264
1576;300636;FR0128867316;30143887.10008325;0.01040392;0.290213502;-236.272335;-35776.68863152688;;0.0;0.0;30180061.3;8.0;FR0128867316;Bond;30143887.10008325;30108110.411451723;0.0025;0.01060014437571243;0.004;0.2908639235419069
1577;300636;FR0128867431;25105289.232134752;0.010796785;0.306506779;-220.0055693;-31457.406379125463;;0.0;0.0;25137096.41;8.0;FR0128867431;Bond;25105289.232134752;25073831.825755626;0.0025;0.011016159312959916;0.004;0.30723309724076237
1578;300636;FR0128902089;10109927.327947501;0.026450796;0.592079146;-326.4450932;-24612.04761712878;;0.0;0.0;10134809.99;8.0;FR0128902089;Bond;10109927.327947501;10085315.280330373;0.0025;0.02725978408221624;0.004;0.5947729592136222
1579;300636;FR0128902923;15312296.758280499;0.031055147;0.665441053;-606.6343428;-41946.5375815547;;0.0;0.0;15354209.03;;FR0128902923;Bond;15312296.758280499;15270350.220698943;0.0025;0.03204799461819811;0.004;0.6687969986805672
1580;300636;FR0128913979;30098165.305570997;0.03251917;0.790164136;-1749.713174;-85685.6361291658;;0.0;0.0;30184847.4;8.0;FR0128913979;Bond;30098165.305570997;30012479.66944183;0.0025;0.033975152471358405;0.0035;0.7943840679888128
1581;300636;FR0128957760;34969185.325676806;0.027070527;0.027070527;94.83142605;-5679.805653160427;;0.0;0.0;34974934.63;8.0;FR0128957760;Bond;34969185.325676806;34963505.520023644;0.0025;0.02700456261141102;0.0035;0.026978176855975426
1582;300636;FR0128957893;9982960.12697945;0.037831176;0.037831176;38.1924492;-6231.507505818242;;0.0;0.0;9989282.111;8.0;FR0128957893;Bond;9982960.12697945;9976728.619473632;0.0025;0.03773910989536308;0.014;0.03731560581403326
1583;300636;FR0128959089;5997870.8985141395;0.010825684;0.010825684;6.397022911;-389.5863301206608;;0.0;0.0;5998265.305;8.0;FR0128959089;Bond;5997870.8985141395;5997481.312184019;0.0025;0.010799313264827025;0.0035;0.010788764970757835
1584;300636;FR0128959097;24895476.331585;0.094650579;0.094650579;252.1063358;-38880.125612877724;;0.0;0.0;24934928.17;8.0;FR0128959097;Bond;24895476.331585;24856596.205972124;0.0025;0.09441981102589997;0.014;0.0933582783450398
1585;300636;FR0128961564;9060607.406512775;0.00476808;0.08634765;-5.74220671;-11061.074452156734;;0.0;0.0;9071850.309;8.0;FR0128961564;Bond;9060607.406512775;9049546.332060618;0.0025;0.004783980715504157;0.014;0.08654075855585418
1586;300636;FR0128963453;9990259.501174599;0.021617779;0.021617779;21.48392575;-3563.4591638092047;;0.0;0.0;9993873.724;8.0;FR0128963453;Bond;9990259.501174599;9986696.04201079;0.0025;0.021565185139500734;0.014;0.021323253381204107
1587;300636;FR0128963735;11991385.6232502;0.02164329;0.02164329;25.84228831;-1557.1982192750088;;0.0;0.0;11992962.78;8.0;FR0128963735;Bond;11991385.6232502;11989828.425030924;0.0025;0.02159058430312138;0.0035;0.021569502024369934
1588;300636;FR0128984541;20104680.790799;0.012061202;0.333746862;-208.7302775;-27445.713042171745;;0.0;0.0;20132425.25;8.0;FR0128984541;Bond;20104680.790799;20077235.077756826;0.0025;0.012321120010737137;0.004;0.33460769679838404
1589;300636;FR0128985662;23979361.069146;0.027090495;0.027090495;65.12449247;-3897.6765668813655;;0.0;0.0;23983303.53;8.0;FR0128985662;Bond;23979361.069146;23975463.39257912;0.0025;0.027024433336428663;0.0035;0.026998008671000127
1590;300636;FR0128985969;20125773.3419809;0.003405213;0.037778861;-2.065014826;-10815.934473006742;;0.0;0.0;20136757.93;8.0;FR0128985969;Bond;20125773.3419809;20114957.407507893;0.0025;0.003407807125927283;0.014;0.03781320716127313
1591;300636;FR0129012003;10051892.047383524;0.003959668;0.059359365;-2.782751807;-8452.940393936;;0.0;0.0;10060481.03;8.0;FR0129012003;Bond;10051892.047383524;10043439.106989589;0.0025;0.0039666281626387035;0.014;0.0594474518841722
1592;300636;FR0129012383;25060396.86319;0.033039099;0.80656915;-1519.081083;-82921.70431877884;;0.0;0.0;25144313.3;8.0;FR0129012383;Bond;25060396.86319;24977475.15887122;0.0025;0.034557247973535814;0.004;0.8115960372043333
1593;300636;FR0129014009;5022120.378221575;0.004107729;0.075533703;-2.400923904;-5362.324660901485;;0.0;0.0;5027571.482;8.0;FR0129014009;Bond;5022120.378221575;5016758.053560673;0.0025;0.004119722927693864;0.014;0.0756805075310046
1594;300636;FR0129025716;4971498.6368388;0.175967343;0.175967343;100.7607386;-5248.928435115873;;0.0;0.0;4976816.331;8.0;FR0129025716;Bond;4971498.6368388;4966249.708403684;0.0025;0.17553806228910585;0.0035;0.17536635000474818
1595;300636;FR0129025955;19982674.2267798;0.027084314;0.027084314;54.24534155;-3247.3021399068675;;0.0;0.0;19985959.59;8.0;FR0129025955;Bond;19982674.2267798;19979426.92463989;0.0025;0.027018282432139207;0.0035;0.02699186980499489
1596;300636;FR0129052819;8970167.4746656;0.097308606;0.097308606;93.48735786;-5237.2469552775;;0.0;0.0;8975478.991;8.0;FR0129052819;Bond;8970167.4746656;8964930.227710323;0.0025;0.09707172765271223;0.0035;0.0969769763137971
1597;300636;FR0129053213;29906165.295446;0.097491236;0.097491236;312.8539094;-17493.534112040015;;0.0;0.0;29923873.67;8.0;FR0129053213;Bond;29906165.295446;29888671.76133396;0.0025;0.09725346774312031;0.0035;0.09715836044036845
1598;300636;FR0129053411;19935117.74997;0.100170439;0.100170439;214.7588107;-11981.456979187122;;0.0;0.0;19947250.05;8.0;FR0129053411;Bond;19935117.74997;19923136.292990815;0.0025;0.09992620206715166;0.0035;0.09982850729401234
1599;300636;FR0129054377;4974047.70359065;0.113409458;0.113409458;61.34944219;-9307.716893150944;;0.0;0.0;4983509.545;8.0;FR0129054377;Bond;4974047.70359065;4964739.986697499;0.0025;0.11313326458589745;0.014;0.1118627748810257
1600;300636;FR0129065183;19974894.9996878;0.037876427;0.037876427;76.57132706;-4539.46591373004;;0.0;0.0;19979493.02;8.0;FR0129065183;Bond;19974894.9996878;19970355.533774067;0.0025;0.037784179104279544;0.0035;0.03774727994599136
1601;300636;FR0129080679;2993488.7460617;0.064944026;0.064944026;20.20978385;-1263.6598712070997;;0.0;0.0;2994768.702;8.0;FR0129080679;Bond;2993488.7460617;2992225.086190493;0.0025;0.06478578912513419;0.004;0.06469084700021471
1602;300636;FR0129083459;24694890.893884998;0.401582911;0.401582911;1370.584118;-64460.80011795924;;0.0;0.0;24760149.15;8.0;FR0129083459;Bond;24694890.893884998;24630430.09376704;0.0025;0.4005985651942713;0.004;0.4000079577108341
1603;300636;FR0129084309;9962693.1772599;0.080986441;0.080986441;85.06172434;-13312.910542820813;;0.0;0.0;9976222.575;8.0;FR0129084309;Bond;9962693.1772599;9949380.266717078;0.0025;0.08078938738174289;0.014;0.0798829407377602
1604;300636;FR0129100840;9891117.140525999;0.346822913;0.346822913;454.55405;-20582.796357008745;;0.0;0.0;9911973.018;8.0;FR0129100840;Bond;9891117.140525999;9870534.344168989;0.0025;0.34597473371432896;0.0035;0.3456354620000605
1605;300636;FR0129102184;-2520.0;0.04;0.04;0.0;0.6048;;0.0;0.0;0.0;8.0;FR0129102184;Bond;-2520.0;-2519.3952;0.0025;0.040004;0.0035;0.0400056
1606;300636;FR0129102382;29711936.740128;0.306195496;0.306195496;1168.2041;-54585.967243584695;;0.0;0.0;29767230.39;8.0;FR0129102382;Bond;29711936.740128;29657350.772884414;0.0025;0.3054469434744601;0.0035;0.30514752246424415
1607;300636;FR0129104669;8443195.188966;0.197347192;0.197347192;195.278872;-9997.445172302097;;0.0;0.0;8453339.196;8.0;FR0129104669;Bond;8443195.188966;8433197.743793698;0.0025;0.19686634300612593;0.0035;0.1966740034085763
1608;300636;FR0129104677;9937112.16277;0.197733654;0.197733654;230.7320224;-11789.408988914129;;0.0;0.0;9949051.024;8.0;FR0129104677;Bond;9937112.16277;9925322.753781086;0.0025;0.1972509199220329;0.0035;0.19705782629084603
1609;300636;IRSB100008004;-23153.09117712783;0.043837135;0.0;-5.2105535839999995;2.537412958997654;BNP PARIBAS;0.0;0.0;0.0;;;Swap;-23153.09117712783;-23150.55376416883;0.0025;0.0382157427768251;0.0;0.0
1610;300636;IRSB100008376;-67151.72102075;0.183569577;0.0;-81.977899284;30.81753255650272;NOMURA FINANCIAL PRODUCTS EUROPE GMBH;0.0;0.0;0.0;;;Swap;-67151.72102075;-67120.9034881935;0.0025;0.15313416462906637;0.0;0.0
1611;300636;IRSB100008438;-63000.15296157634;0.26302397;0.0;-135.19942109500002;41.426375856402665;BNP PARIBAS;0.0;0.0;0.0;;;Swap;-63000.15296157634;-62958.72658571994;0.0025;0.20954649035658807;0.0;0.0
1612;300636;IRSB100008533;-48573.8854289759;0.254805155;0.0;-190.417459747;30.942191014206117;NOMURA FINANCIAL PRODUCTS EUROPE GMBH;0.0;0.0;0.0;;;Swap;-48573.8854289759;-48542.94323796169;0.0025;0.15696343980826996;0.0;0.0
1613;300636;IRSB100008539;-23037.099098824554;0.046576115;0.0;-3.888068519;2.6824464422331222;CITIBANK EUROPE PUBLIC LIMITED COMPANY;0.0;0.0;0.0;;;Swap;-23037.099098824554;-23034.416652382322;0.0025;0.042362182741229694;0.0;0.0
1614;300636;IRSB100008584;-9043.25745672515;0.372616593;0.0;-271.830255685;8.424169457866926;NOMURA FINANCIAL PRODUCTS EUROPE GMBH;0.0;0.0;0.0;;;Swap;-9043.25745672515;-9034.833287267284;0.0025;-0.3785084788347431;0.0;0.0
1615;300636;IRSB100008658;-17399.187979025595;0.413713184;0.0;-502.612602966;17.99568364454301;NATIXIS;0.0;0.0;0.0;;;Swap;-17399.187979025595;-17381.192295381054;0.0025;-0.30803716651690016;0.0;0.0
1616;300636;IRSB100008762;21739.802193677235;0.45481013;0.0;-607.433853839;-24.71870565470157;NATIXIS;0.0;0.0;0.0;;;Swap;21739.802193677235;21715.083488022534;0.0025;1.1538546074206428;0.0;0.0
1617;300636;IRSB100008770;18969.486665923956;0.45481013;0.0;-506.278067112;-21.56878674140535;NATIXIS;0.0;0.0;0.0;;;Swap;18969.486665923956;18947.91787918255;0.0025;1.1225541551061657;0.0;0.0
1618;300636;IRSB100008791;4586.254210476043;0.473988736;0.0;-329.795903167;-5.434582090495544;NATIXIS;0.0;0.0;0.0;;;Swap;4586.254210476043;4580.819628385548;0.0025;2.272291475309929;0.0;0.0
1619;300636;IRSB100008849;22513.72753022619;0.5287847729999999;0.0;-684.097241877;-29.762290753636268;NATIXIS;0.0;0.0;0.0;;;Swap;22513.72753022619;22483.965239472556;0.0025;1.2891283842524162;0.0;0.0
1620;300636;IRSB100008858;25052.533470777533;0.53152449;0.0;-691.202999053;-33.2900876906574;NATIXIS;0.0;0.0;0.0;;;Swap;25052.533470777533;25019.243383086876;0.0025;1.2219843787527191;0.0;0.0
1621;300636;IRSB100008873;-1219.7928160249999;0.046576115;0.0;-2.721342868;0.1420330261883856;BNP PARIBAS;0.0;0.0;0.0;;;Swap;-1219.7928160249999;-1219.6507829988116;0.0025;-0.009193156190759513;0.0;0.0
1622;300636;IRSB100008964;10876.89171217403;0.090415755;0.0;-11.788574054000001;-2.4586059405236442;NOMURA FINANCIAL PRODUCTS EUROPE GMBH;0.0;0.0;0.0;;;Swap;10876.89171217403;10874.433106233508;0.0025;0.11753164949146122;0.0;0.0
1623;300636;IRSB100009008;7355.5024367735095;0.041097405;0.0;-3.507958373;-0.7557301565564195;CREDIT AGRICOLE CORPORATE AND INVESTMENT BANK;0.0;0.0;0.0;;;Swap;7355.5024367735095;7354.746706616953;0.0025;0.05302453283761886;0.0;0.0
1624;300636;IRSB100009055;29249.276203077534;0.271244089;0.0;-216.221076764;-19.834233194032862;BNP PARIBAS;0.0;0.0;0.0;;;Swap;29249.276203077534;29229.4419698835;0.0025;0.45623693463644716;0.0;0.0
1625;300636;IRSB100009061;11045.786995526192;0.10411538000000001;0.0;-31.455213755000003;-2.87509077609567;CREDIT AGRICOLE CORPORATE AND INVESTMENT BANK;0.0;0.0;0.0;;;Swap;11045.786995526192;11042.911904750097;0.0025;0.17533526549682443;0.0;0.0
1626;300636;IRSB100009067;537.512336198957;0.024658228;0.0;-0.601765895;-0.033135254347016335;CREDIT AGRICOLE CORPORATE AND INVESTMENT BANK;0.0;0.0;0.0;;;Swap;537.512336198957;537.4792009446099;0.0025;0.05264821710061801;0.0;0.0
1627;300636;IRSB100009088;7339.343613925834;0.276723523;0.0;-74.998855336;-5.077422553382772;CREDIT AGRICOLE CORPORATE AND INVESTMENT BANK;0.0;0.0;0.0;;;Swap;7339.343613925834;7334.266191372451;0.0025;0.5323835008345918;0.0;0.0
1628;300636;IRSB100009104;884.8125290013413;0.030137338;0.0;-1.815073921;-0.06666473563287056;CREDIT AGRICOLE CORPORATE AND INVESTMENT BANK;0.0;0.0;0.0;;;Swap;884.8125290013413;884.7458642657084;0.0025;0.08142374685531771;0.0;0.0
1629;300636;IRSB100009116;32481.097812348366;0.789067407;0.0;-1214.984854163;-64.07443906825773;CREDIT AGRICOLE CORPORATE AND INVESTMENT BANK;0.0;0.0;0.0;;;Swap;32481.097812348366;32417.023373280106;0.0025;1.725771596659464;0.0;0.0
1630;300636;IRSB100009128;24544.745741602237;0.800025997;0.0;-1561.045643841;-49.09108670759208;NATIXIS;0.0;0.0;0.0;;;Swap;24544.745741602237;24495.654654894646;0.0025;2.3916259122273935;0.0;0.0
1631;300636;IRSB100009138;9374.009513326415;0.293162449;0.0;-126.30162444599999;-6.870268964690175;CREDIT AGRICOLE CORPORATE AND INVESTMENT BANK;0.0;0.0;0.0;;;Swap;9374.009513326415;9367.139244361724;0.0025;0.630217229191256;0.0;0.0
1632;300636;IRSB100009153;36903.945555426486;0.819204533;0.0;-1636.398155553;-75.57969871147645;CREDIT AGRICOLE CORPORATE AND INVESTMENT BANK;0.0;0.0;0.0;;;Swap;36903.945555426486;36828.36585671501;0.0025;1.929434577618835;0.0;0.0
1633;300636;IRSB100009177;1294.1772288750149;0.079457077;0.0;-6.0641413029999995;-0.2570788493159217;NATIXIS;0.0;0.0;0.0;;;Swap;1294.1772288750149;1293.9201500256988;0.0025;0.19661565151821092;0.0;0.0
1634;300636;IRSB100009211;20605.930431748217;0.33699877100000003;0.0;-445.310134872;-17.360433077026624;CREDIT AGRICOLE CORPORATE AND INVESTMENT BANK;0.0;0.0;0.0;;;Swap;20605.930431748217;20588.56999867119;0.0025;0.8775520769186391;0.0;0.0
1635;300636;IRSB100009232;75113.62557077367;0.852082351;0.0;-2123.3435069370003;-160.00748667119638;CREDIT AGRICOLE CORPORATE AND INVESTMENT BANK;0.0;0.0;0.0;;;Swap;75113.62557077367;74953.61808410248;0.0025;1.5606079590296702;0.0;0.0
1636;300636;IRSB100009239;15895.694189527832;0.282202622;0.0;-156.02506189800002;-11.214516446987298;NATIXIS;0.0;0.0;0.0;;;Swap;15895.694189527832;15884.479673080845;0.0025;0.5277905948717756;0.0;0.0
1637;300636;IRSB100009245;34074.33466875194;0.6054990330000001;0.0;-717.838246341;-51.579941730119195;CREDIT AGRICOLE CORPORATE AND INVESTMENT BANK;0.0;0.0;0.0;;;Swap;34074.33466875194;34022.75472702182;0.0025;1.1330863780832443;0.0;0.0
1638;300636;IRSB100009319;37627.24901039851;0.627417398;0.0;-962.97847664;-59.01997667000577;CREDIT AGRICOLE CORPORATE AND INVESTMENT BANK;0.0;0.0;0.0;;;Swap;37627.24901039851;37568.22903372851;0.0025;1.2682160933691184;0.0;0.0
1639;300636;IRSB100009332;53330.108928975744;0.884960134;0.0;-2289.571924708;-117.98755086005241;CREDIT AGRICOLE CORPORATE AND INVESTMENT BANK;0.0;0.0;0.0;;;Swap;53330.108928975744;53212.12137811569;0.0025;1.9602197490307693;0.0;0.0
1640;300636;IRSB100009363;14090.418180398883;0.47398874;0.0;-330.27557277;-16.6967488985009;CREDIT AGRICOLE CORPORATE AND INVESTMENT BANK;0.0;0.0;0.0;;;Swap;14090.418180398883;14073.721431500382;0.0025;1.0605436090186944;0.0;0.0
1641;300636;IRSB100009375;14319.699516100594;0.408234076;0.0;-245.17634353600002;-14.614473251382432;NATIXIS;0.0;0.0;0.0;;;Swap;14319.699516100594;14305.085042849212;0.0025;0.8366910214467669;0.0;0.0
1642;300636;IRSB100009384;23314.842925050147;0.408234076;0.0;-408.665899591;-23.794783396482458;NATIXIS;0.0;0.0;0.0;;;Swap;23314.842925050147;23291.048141653664;0.0025;0.8468542873418909;0.0;0.0
1643;300636;IRSB100009394;41555.46596387291;0.665774503;0.0;-1083.878760597;-69.16642424757727;CREDIT AGRICOLE CORPORATE AND INVESTMENT BANK;0.0;0.0;0.0;;;Swap;41555.46596387291;41486.29953962534;0.0025;1.3189501473364165;0.0;0.0
1644;300636;IRSB100009407;63261.528580151185;0.9260567710000001;0.0;-2088.196414657;-146.45941721364755;NATIXIS;0.0;0.0;0.0;;;Swap;63261.528580151185;63115.069162937536;0.0025;1.7534243872455972;0.0;0.0
1645;300636;IRSB100009409;63323.364422972314;0.854821788;0.0;-2138.548810147;-135.32547899555195;CREDIT AGRICOLE CORPORATE AND INVESTMENT BANK;0.0;0.0;0.0;;;Swap;63323.364422972314;63188.03894397676;0.0025;1.7009454883091786;0.0;0.0
1646;300636;IRSB100009418;21923.483410300596;0.583581067;0.0;-500.258493852;-31.98532460235005;SOCIETE GENERALE;0.0;0.0;0.0;;;Swap;21923.483410300596;21891.498085698247;0.0025;1.1548921192516206;0.0;0.0
1647;300636;IRSB100009420;8687.429632624866;0.35343797;0.0;-122.47323997000001;-7.676168734681946;BNP PARIBAS;0.0;0.0;0.0;;;Swap;8687.429632624866;8679.753463890183;0.0025;0.7061940990668005;0.0;0.0
1648;300636;IRSB100009432;37877.90980530015;0.695912734;0.0;-1420.951572256;-65.89929942702959;NATIXIS;0.0;0.0;0.0;;;Swap;37877.90980530015;37812.01050587312;0.0025;1.634973248449395;0.0;0.0
1649;300636;IRSB100009439;18288.865874524847;0.312341073;0.0;-286.97263002100004;-14.280909978005434;NATIXIS;0.0;0.0;0.0;;;Swap;18288.865874524847;18274.58496454684;0.0025;0.7048627479098968;0.0;0.0
1650;300636;IRSB100009450;14141.364270822614;0.37535598400000003;0.0;-276.310156668;-13.270114252442664;BNP PARIBAS;0.0;0.0;0.0;;;Swap;14141.364270822614;14128.094156570172;0.0025;0.8641868210470185;0.0;0.0
1651;300636;SECL100006675;13.53424656;0.002739726;0.002739726;0.0;-0.00014832050876337024;;0.0;0.0;0.0;;SECL100006675;Bond;13.53424656;13.534098239491236;0.002;0.00273974101219711;0.002;0.00273974101219711
1652;300636;XS2264074647;7019118.327364;0.557857549;0.557857549;608.8133243;-23494.00887746556;;0.0;0.0;7042619.452;6.0;XS2264074647;Bond;7019118.327364;6995624.318486534;0.0025;0.5564671506528813;0.0035;0.5559109913140339
1653;300636;XS2817908978;14958028.855874;0.086641944;0.086641944;137.6243619;-7775.956190886116;;0.0;0.0;14965901.33;8.0;XS2817908978;Bond;14958028.855874;14950252.899683114;0.0025;0.08643069352301996;0.0035;0.08634619333222796
1654;300636;XS2838891062;24862368.896004;0.179039984;0.179039984;515.0139204;-28933.827840727252;;0.0;0.0;24891625.08;8.0;XS2838891062;Bond;24862368.896004;24833435.068163272;0.0025;0.1786022573965986;0.004;0.17833962143455775
1655;300636;XS2857881614;19843355.997123998;0.257663332;0.257663332;631.9560875;-30677.431345686913;;0.0;0.0;19874392.72;8.0;XS2857881614;Bond;19843355.997123998;19812678.56577831;0.0025;0.2570331270236547;0.0035;0.2567810450331166
1656;300636;XS2861705445;29763337.1409355;0.249351755;0.249351755;910.687159;-48240.01227986817;;0.0;0.0;29812180.11;8.0;XS2861705445;Bond;29763337.1409355;29715097.12865563;0.0025;0.24874225534574607;0.004;0.2483765555531937
1657;300636;XS2861748171;20479897.83477525;0.014946686;0.276828366;-140.0332295;-23442.933119412246;;0.0;0.0;20503583.06;8.0;XS2861748171;Bond;20479897.83477525;20456454.901655838;0.0025;0.015118184362150126;0.004;0.27740840554263957
1658;300636;XS2880859272;30613263.648691747;0.017313313;0.361074133;-362.6056788;-45539.67305976046;;0.0;0.0;30659277.63;8.0;XS2880859272;Bond;30613263.648691747;30567723.975631986;0.0025;0.017610180493466354;0.004;0.36206942010440485
1659;300636;XS2898793406;20341600.16457575;0.020674638;0.428812738;-340.8985094;-35942.337096850264;;0.0;0.0;20377937.97;8.0;XS2898793406;Bond;20341600.16457575;20305657.827478897;0.0025;0.02109467377561206;0.004;0.43021860693543784
1660;300636;XS2903381072;24671650.841454998;0.448169426;0.448169426;1581.379166;-71871.01737456747;;0.0;0.0;24744358.58;8.0;XS2903381072;Bond;24671650.841454998;24599779.82408043;0.0025;0.44706914021916966;0.004;0.4464089687506715
1661;300636;XS2908566982;29575208.62638;0.466483889;0.466483889;1996.245569;-82778.15002812055;;0.0;0.0;29659066.59;8.0;XS2908566982;Bond;29575208.62638;29492430.47635188;0.0025;0.4653404755274761;0.0035;0.46488311013846656
1662;300636;XS2908892438;15232478.865819002;0.026961676;0.559664749;-435.5297456;-35127.05874398824;;0.0;0.0;15267975.97;8.0;XS2908892438;Bond;15232478.865819002;15197351.807075012;0.0025;0.02767829777744908;0.004;0.5620613346411205
1663;300636;XS2918558227;25344860.208181;0.028389724;0.600428106;-836.4187121;-62669.89961185364;;0.0;0.0;25408200.11;8.0;XS2918558227;Bond;25344860.208181;25282190.30856915;0.0025;0.02921677674482166;0.004;0.6031902221278984
1664;300636;XS2920487852;24615483.36839;0.524188418;0.524188418;1944.671618;-83870.48335368084;;0.0;0.0;24700378.23;8.0;XS2920487852;Bond;24615483.36839;24531612.88503632;0.0025;0.5229003025554652;0.004;0.5221274332887442
1665;300636;XS2922134684;20252895.0550735;0.024400632;0.534661051;-532.2654317;-44549.195221686874;;0.0;0.0;20297954.6;8.0;XS2922134684;Bond;20252895.0550735;20208345.85985181;0.0025;0.02505914436215034;0.004;0.5368557389738983
1666;300636;XS2932960730;20228003.23414975;0.02583485;0.578654662;-623.4044392;-48126.58207095176;;0.0;0.0;20276643.53;8.0;XS2932960730;Bond;20228003.23414975;20179876.6520788;0.0025;0.02660699064180367;0.004;0.5812267821404051
1667;300636;XS2942506978;17166670.792322498;0.027033793;0.616680088;-602.4156374;-43505.57678125285;;0.0;0.0;17210648.4;8.0;XS2942506978;Bond;17166670.792322498;17123165.215541244;0.0025;0.02791292418037857;0.004;0.6196049519084925
1668;300636;XS2974086667;29759945.101165;0.266006986;0.266006986;985.8622252;-51456.29644926138;;0.0;0.0;29811973.12;8.0;XS2974086667;Bond;29759945.101165;29708488.804715738;0.0025;0.26535570649123147;0.004;0.2649649387859703
1669;300636;XS2976509716;9918164.546922;0.271282887;0.271282887;336.3167078;-16143.76987218028;;0.0;0.0;9934495.224;8.0;XS2976509716;Bond;9918164.546922;9902020.777049819;0.0025;0.2706191438121322;0.0035;0.27035364653698507
1670;300636;XS2978738495;29962930.284231998;0.037895538;0.037895538;114.9751627;-6812.768179064788;;0.0;0.0;29969827.45;8.0;XS2978738495;Bond;29962930.284231998;29956117.51605293;0.0025;0.037803197005872785;0.0035;0.0377662606082219
1671;300636;XS2978804388;19532767.354594998;0.778920787;0.778920787;2685.332734;-98894.11038083879;;0.0;0.0;19633111.38;8.0;XS2978804388;Bond;19532767.354594998;19433873.24421416;0.0025;0.7770006220939022;0.004;0.7758485231502436
1672;300636;XS2980876770;14821813.5732875;0.287383567;0.287383567;540.7434833;-70282.50329265624;;0.0;0.0;14893178.42;8.0;XS2980876770;Bond;14821813.5732875;14751531.069994844;0.0025;0.2866779665367975;0.014;0.2834322044060658
1673;300636;XS2983844429;24407599.306195002;0.789764314;0.789764314;3423.454214;-125295.63099588582;;0.0;0.0;24534743.05;8.0;XS2983844429;Bond;24407599.306195002;24282303.675199118;0.0025;0.7878170877677872;0.004;0.7866487520284596
1674;300636;XS2985295562;29941033.649712;0.059555628;0.059555628;184.4689734;-11590.520902855245;;0.0;0.0;29952768.57;8.0;XS2985295562;Bond;29941033.649712;29929443.128809147;0.0025;0.05941046829077867;0.004;0.059323372465245876
1675;300636;XS2986272214;29937841.117693;0.065040212;0.065040212;202.7169099;-12656.562965260953;;0.0;0.0;29950641.94;8.0;XS2986272214;Bond;29937841.117693;29925184.554727737;0.0025;0.06488150606972468;0.004;0.06478628251155948
1676;300636;XS2989318428;24392955.86353;0.808739677;0.808739677;3541.623855;-128229.0830999523;;0.0;0.0;24523096.24;8.0;XS2989318428;Bond;24392955.86353;24264726.780430045;0.0025;0.806745065806089;0.004;0.8055482990897422
1677;300636;XS2989577445;19957776.329568002;0.064969818;0.064969818;134.8424927;-7779.918574900446;;0.0;0.0;19965653.19;8.0;XS2989577445;Bond;19957776.329568002;19949996.410993103;0.0025;0.06481146097784483;0.0035;0.06474811816898278
1678;300636;XS2993406359;23937162.757458;0.081231904;0.081231904;205.4392922;-11666.76784287722;;0.0;0.0;23948973.21;8.0;XS2993406359;Bond;23937162.757458;23925495.989615124;0.0025;0.0810338395252143;0.0035;0.08095461373530002
1679;300636;XS2994493786;39588264.546475;0.330814863;0.330814863;1715.411369;-85126.51103027427;;0.0;0.0;39674461.39;8.0;XS2994493786;Bond;39588264.546475;39503138.03544473;0.0025;0.33000517643043387;0.004;0.3295193644886942
1680;300636;XS2996750928;19920357.607653998;0.09484514;0.09484514;202.5555057;-31174.26025144214;;0.0;0.0;19951925.38;8.0;XS2996750928;Bond;19920357.607653998;19889183.347402554;0.0025;0.0946134223379876;0.014;0.09354752109273061
1681;300636;XS2998723279;29241375.136200003;0.841266475;0.841266475;4497.614747;-159898.62580239354;;0.0;0.0;29403699.67;8.0;XS2998723279;Bond;29241375.136200003;29081476.51039761;0.0025;0.8391905491989502;0.004;0.8379449937183202
1682;300636;XS2999516425;7974095.0834199;0.103020077;0.103020077;88.69897705;-5339.697281745059;;0.0;0.0;7979494.906;8.0;XS2999516425;Bond;7974095.0834199;7968755.386138155;0.0025;0.10276852506702355;0.004;0.10261759390723768
1683;300636;XS2999676203;19646699.192775;0.597370517;0.597370517;1855.612575;-76286.33255185465;;0.0;0.0;19723973.94;8.0;XS2999676203;Bond;19646699.192775;19570412.860223144;0.0025;0.595901418949441;0.004;0.5950199601191056
1684;300636;XS3003192898;29970695.207907148;0.029784068;0.029784068;89.68735755;-5802.219956517274;;0.0;0.0;29976567.33;8.0;XS3003192898;Bond;29970695.207907148;29964892.98795063;0.0025;0.029711473183273805;0.004;0.02966791629323809
1685;300636;XS3006178597;24535752.720675;0.618826131;0.618826131;2433.022367;-98691.8720275022;;0.0;0.0;24635780.74;8.0;XS3006178597;Bond;24535752.720675;24437060.848647498;0.0025;0.6173044372428844;0.004;0.6163914209886151
1686;300636;XS3007482790;29220738.59424;0.874111178;0.874111178;4756.095417;-166024.13252516772;;0.0;0.0;29389263.88;8.0;XS3007482790;Bond;29220738.59424;29054714.46171483;0.0025;0.8719522443645878;0.004;0.8706568841833405
1687;300636;XS3007483178;29954727.637739003;0.046030095;0.046030095;140.7903794;-8962.323232617637;;0.0;0.0;29963798.87;8.0;XS3007483178;Bond;29954727.637739003;29945765.314506385;0.0025;0.04591788928721613;0.004;0.045850565859545805
1688;300636;XS3013976660;23882968.158438;0.154431389;0.154431389;417.0880707;-22129.679676902117;;0.0;0.0;23905367.16;8.0;XS3013976660;Bond;23882968.158438;23860838.4787611;0.0025;0.15405441591106017;0.0035;0.15390362667548424
1689;300636;XS3015128211;14816729.182163998;0.401370884;0.401370884;821.3039915;-35682.02213900257;;0.0;0.0;14852864.37;8.0;XS3015128211;Bond;14816729.182163998;14781047.160024997;0.0025;0.40038785904975094;0.0035;0.3999946490696513
1690;300636;XS3019732414;29247289.643445;0.844258634;0.844258634;4522.835006;-160499.79921675197;;0.0;0.0;29410173.66;8.0;XS3019732414;Bond;29247289.643445;29086789.84422825;0.0025;0.8421745364243319;0.004;0.8409240778789311
1691;300636;XS3020829951;14740131.614778;0.575352982;0.575352982;1321.517695;-55125.06141762748;;0.0;0.0;14795991.55;8.0;XS3020829951;Bond;14740131.614778;14685006.553360373;0.0025;0.5739391995683301;0.004;0.5730909301093281
1692;300636;XS3022151461;29903213.828342002;0.100237401;0.100237401;322.5912204;-19483.232832051704;;0.0;0.0;29922930.17;8.0;XS3022151461;Bond;29903213.828342002;29883730.59550995;0.0025;0.09999282372925793;0.004;0.09984607736681267
1693;300636;XS3022659927;24845115.6748385;0.192334351;0.192334351;558.6285046;-31060.69979245993;;0.0;0.0;24876569.2;8.0;XS3022659927;Bond;24845115.6748385;24814054.97504604;0.0025;0.19186472126457083;0.004;0.19158294342331333
1694;300636;XS3025191613;15901931.351882;0.195097205;0.195097205;363.5947365;-18614.5341651243;;0.0;0.0;15920774.57;8.0;XS3025191613;Bond;15901931.351882;15883316.817716876;0.0025;0.19462074189520406;0.0035;0.19443015665328567
1695;300636;XS3030265170;49660097.983855;0.211302929;0.211302929;1246.814318;-68206.6070297011;;0.0;0.0;49729173.85;8.0;XS3030265170;Bond;49660097.983855;49591891.3768253;0.0025;0.21078687720658063;0.004;0.21047724613052898
1696;300636;XS3030333788;19949135.495464;0.078512277;0.078512277;165.0281023;-9397.512311582412;;0.0;0.0;19958650.03;8.0;XS3030333788;Bond;19949135.495464;19939737.98315242;0.0025;0.07832087634903015;0.0035;0.07824431608864221
1697;300636;XS3036613100;19613121.65179;0.646000384;0.646000384;2065.29025;-82355.54677021784;;0.0;0.0;19696602.87;8.0;XS3036613100;Bond;19613121.65179;19530766.10501978;0.0025;0.6444111388615289;0.004;0.6434575917784463
1698;300644;BE6359531173;13467131.4523675;0.075862824;0.075862824;107.4542055;-6640.755050512829;;0.0;0.0;13473849.92;8.0;BE6359531173;Bond;13467131.4523675;13460490.697316987;0.0025;0.07567773698765791;0.004;0.07556668478025265
1699;300644;BE6360390031;7974444.100585749;0.100268439;0.100268439;86.08034285;-5197.302902080199;;0.0;0.0;7979701.959;8.0;BE6360390031;Bond;7974444.100585749;7969246.797683669;0.0025;0.10002371025381618;0.004;0.09987687300610588
1700;300644;CSH_EUR_DB;208342264.9;0.0;0.0;0.0;0.0;;0.0;0.0;208342264.9;;;Cash;208342264.9;208342264.9;0.0;0.0;0.0;0.0
1701;300644;DE000CZ450R9;24326281.959234998;0.884312588;0.884312588;4026.451727;-139828.2428126273;;0.0;0.0;24468332.36;8.0;DE000CZ450R9;Bond;24326281.959234998;24186453.71642237;0.0025;0.8821296453005829;0.004;0.8808198796809327
1702;300644;DE000CZ451J4;9800562.5044;0.653786181;0.653786181;1049.174714;-41648.570154122564;;0.0;0.0;9842805.669;8.0;DE000CZ451J4;Bond;9800562.5044;9758913.934245877;0.0025;0.6521784594351002;0.004;0.6512138264961604
1703;300644;DE000CZ452E3;19431661.011905;0.933139022;0.933139022;3484.059174;-117860.86749114966;;0.0;0.0;19551433.63;8.0;DE000CZ452E3;Bond;19431661.011905;19313800.14441385;0.0025;0.9308334415190623;0.004;0.9294500932304998
1704;300644;FR0014003N51;0.0;0.0;0.0;0.0;0.0;;0.0;0.0;0.0;;FR0014003N51;Bond;0.0;0.0;0.0025;;0.002;
1705;300644;FR0128580331;15501850.387905;0.005852417;0.067803606;-5.410338844;-4431.133655743911;;0.0;0.0;15506325.57;8.0;FR0128580331;Bond;15501850.387905;15497419.254249256;0.0025;0.0058612279383095595;0.004;0.06783595581410275
1706;300644;FR0128584150;20667877.443943247;0.005845441;0.067852994;-7.214850939;-5911.541602270968;;0.0;0.0;20673843.63;8.0;FR0128584150;Bond;20667877.443943247;20661965.902340975;0.0025;0.005854253553928459;0.004;0.06788537352474265
1707;300644;FR0128585413;25821211.06843525;0.006484781;0.081379407;-13.45767942;-8823.871626418337;;0.0;0.0;25830121.92;8.0;FR0128585413;Bond;25821211.06843525;25812387.196808834;0.0025;0.006497915805852019;0.004;0.08142674491135944
1708;300644;FR0128607365;25805384.438521497;0.006865703;0.094948132;-18.85580581;-10243.622455307217;;0.0;0.0;25815729.47;8.0;FR0128607365;Bond;25805384.438521497;25795140.81606619;0.0025;0.006884088161981153;0.004;0.09501342029874027
1709;300644;FR0128614064;11449563.75259;0.140947231;0.140947231;180.3712563;-9682.705842513178;;0.0;0.0;11459359.15;8.0;FR0128614064;Bond;11449563.75259;11439881.046747487;0.0025;0.1406030575957669;0.0035;0.1404653882340737
1710;300644;FR0128614254;9952068.53756;0.154512935;0.154512935;173.9848154;-9226.339914357319;;0.0;0.0;9961402.235;8.0;FR0128614254;Bond;9952068.53756;9942842.197645642;0.0025;0.1541355637014894;0.0035;0.15398461518208517
1711;300644;FR0128614551;15427869.60365225;0.010868672;0.179106461;-42.91527134;-10090.51007513086;;0.0;0.0;15438059.47;8.0;FR0128614551;Bond;15427869.60365225;15417779.093577119;0.0025;0.010938509117555987;0.0035;0.17931609645177152
1712;300644;FR0128615376;15406551.30703425;0.012545517;0.217123169;-63.81148943;-12191.125229339716;;0.0;0.0;15418863.07;8.0;FR0128615376;Bond;15406551.30703425;15394360.18180491;0.0025;0.012649456505765386;0.0035;0.21743313208989087
1713;300644;FR0128633858;25756000.150441498;0.008931229;0.135721537;-40.07771892;-14557.657548229674;;0.0;0.0;25770696.49;8.0;FR0128633858;Bond;25756000.150441498;25741442.492893267;0.0025;0.008970329759229404;0.004;0.1358574604897838
1714;300644;FR0128635192;20599056.73599475;0.009308167;0.143833137;-36.26272616;-12330.656448669208;;0.0;0.0;20611507.99;8.0;FR0128635192;Bond;20599056.73599475;20586726.07954608;0.0025;0.009352393782952481;0.004;0.14398630517002942
1715;300644;FR0128635606;10298378.21823175;0.009293037;0.143832763;-18.13384998;-6164.234798744213;;0.0;0.0;10304602.76;8.0;FR0128635606;Bond;10298378.21823175;10292213.983433006;0.0025;0.009337274031649141;0.004;0.14398594826334074
1716;300644;FR0128656842;30554166.19608725;0.019669473;0.401919881;-448.0096294;-50623.768233921066;;0.0;0.0;30605310.47;8.0;FR0128656842;Bond;30554166.19608725;30503542.427853327;0.0025;0.02003701022148394;0.004;0.4031525513646741
1717;300644;FR0128662154;7949273.3591615;0.200574557;0.200574557;187.8061529;-10363.742886157177;;0.0;0.0;7959762.8;8.0;FR0128662154;Bond;7949273.3591615;7938909.616275343;0.0025;0.20008449301056755;0.004;0.1997904546169081
1718;300644;FR0128666064;15391145.935205251;0.01345348;0.23892457;-77.62577248;-15226.952882545564;;0.0;0.0;15406521.91;8.0;FR0128666064;Bond;15391145.935205251;15375918.982322706;0.0025;0.013580020847874415;0.004;0.23935465117270135
1719;300644;FR0128692607;66594759.78911125;0.014914813;0.274222833;-445.898074;-75530.33574188456;;0.0;0.0;66671040.55;8.0;FR0128692607;Bond;66594759.78911125;66519229.453369364;0.0025;0.015082761456761178;0.004;0.27479145337278477
1720;300644;FR0128768654;51034185.677885495;0.017928463;0.352895291;-573.7712527;-74326.30649713449;;0.0;0.0;51109289.69;8.0;FR0128768654;Bond;51034185.677885495;50959859.37138836;0.0025;0.0182103385878009;0.004;0.3538431465669792
1721;300644;FR0128787282;7409130.150302;0.404264889;0.404264889;414.6635035;-17971.507066790353;;0.0;0.0;7427322.002;8.0;FR0128787282;Bond;7409130.150302;7391158.64323521;0.0025;0.40327430033084277;0.0035;0.40287806486317984
1722;300644;FR0128789924;25471385.42015175;0.016346508;0.333936278;-257.1436397;-35064.19908468975;;0.0;0.0;25506809.57;8.0;FR0128789924;Bond;25471385.42015175;25436321.221067064;0.0025;0.016599560839556486;0.004;0.3347861474610532
1723;300644;FR0128806710;12721194.231935998;0.020564555;0.423543026;-207.6064876;-22205.9066434325;;0.0;0.0;12743635.78;8.0;FR0128806710;Bond;12721194.231935998;12698988.325292567;0.0025;0.02097360556609164;0.004;0.42491337008155017
1724;300644;FR0128813492;15227301.4201505;0.022747472;0.485951866;-329.0581141;-26765.030919159133;;0.0;0.0;15254352.07;8.0;FR0128813492;Bond;15227301.4201505;15200536.389231341;0.0025;0.02328900926566064;0.0035;0.4875347293619776
1725;300644;FR0128816198;10146946.8158645;0.023121006;0.496811907;-229.3688794;-18230.45303788848;;0.0;0.0;10165372.54;8.0;FR0128816198;Bond;10146946.8158645;10128716.362826612;0.0025;0.023687460422170053;0.0035;0.4984669494061029
1726;300644;FR0128816420;4491050.719611401;0.059503631;0.059503631;27.62057583;-1603.4029489322475;;0.0;0.0;4492675.468;8.0;FR0128816420;Bond;4491050.719611401;4489447.316662469;0.0025;0.05935872928787928;0.0035;0.059300768603031
1727;300644;FR0128867167;20111495.49972525;0.009871681;0.268492376;-134.422784;-22095.468516553712;;0.0;0.0;20133836.22;8.0;FR0128867167;Bond;20111495.49972525;20089400.031208694;0.0025;0.010039021577305615;0.004;0.2690480837472264
1728;300644;FR0128867399;30128480.349259;0.011163653;0.341802487;-330.7807361;-42032.81780172053;;0.0;0.0;30170983.15;8.0;FR0128867399;Bond;30128480.349259;30086447.53145728;0.0025;0.011438439692624387;0.004;0.34270896296008335
1729;300644;FR0128867449;10040165.37530675;0.010926857;0.311938338;-91.2119269;-12801.918629954154;;0.0;0.0;10053109.67;8.0;FR0128867449;Bond;10040165.37530675;10027363.456676796;0.0025;0.01115427308143193;0.004;0.3126909482523323
1730;300644;FR0128902766;10107935.17340475;0.026339656;0.592076545;-326.5146375;-24604.284176558293;;0.0;0.0;10132810.11;8.0;FR0128902766;Bond;10107935.17340475;10083330.889228191;0.0025;0.027148960515867855;0.004;0.5947708756560323
1731;300644;FR0128902923;15312296.758280499;0.031055147;0.665441053;-606.6343428;-41946.5375815547;;0.0;0.0;15354209.03;;FR0128902923;Bond;15312296.758280499;15270350.220698943;0.0025;0.03204799461819811;0.004;0.6687969986805672
1732;300644;FR0128910587;9980107.096077599;0.062295965;0.062295965;64.51938983;-3730.3224141210108;;0.0;0.0;9983881.824;8.0;FR0128910587;Bond;9980107.096077599;9976376.773663478;0.0025;0.062144046984482525;0.0035;0.06208327977827553
1733;300644;FR0128913656;9759543.308654001;0.819747902;0.819747902;1444.782716;-48002.190910483536;;0.0;0.0;9808235.15;8.0;FR0128913656;Bond;9759543.308654001;9711541.117743518;0.0025;0.817726919982167;0.0035;0.8169185271750337
1734;300644;FR0128913979;30098165.305570997;0.03251917;0.790164136;-1749.713174;-85685.6361291658;;0.0;0.0;30184847.4;8.0;FR0128913979;Bond;30098165.305570997;30012479.66944183;0.0025;0.033975152471358405;0.0035;0.7943840679888128
1735;300644;FR0128958545;4975896.6530586;0.151692966;0.151692966;85.13488248;-4528.8511308715915;;0.0;0.0;4980481.425;8.0;FR0128958545;Bond;4975896.6530586;4971367.801927728;0.0025;0.15132275650172228;0.0035;0.1511746727024112
1736;300644;FR0128963560;29895458.305604;0.1193093;0.1193093;390.9472079;-16050.627916293593;;0.0;0.0;29911684.37;8.0;FR0128963560;Bond;29895458.305604;29879407.677687705;0.0025;0.11901795817710534;0.002;0.11907622654168427
1737;300644;FR0128984541;20104680.790799;0.012061202;0.333746862;-208.7302775;-27445.713042171745;;0.0;0.0;20132425.25;8.0;FR0128984541;Bond;20104680.790799;20077235.077756826;0.0025;0.012321120010737137;0.004;0.33460769679838404
1738;300644;FR0128985662;15986240.712763999;0.027090495;0.027090495;43.41632831;-2598.4510445875776;;0.0;0.0;15988869.02;8.0;FR0128985662;Bond;15986240.712763999;15983642.261719411;0.0025;0.027024433336433874;0.0035;0.026998008671007427
1739;300644;FR0129012466;30150080.096665002;0.0107529;0.306813995;-264.1321828;-19311.435038734126;;0.0;0.0;30169571.46;8.0;FR0129012466;Bond;30150080.096665002;30130768.66162627;0.0025;0.010972203557259436;0.002;0.30717747625114644
1740;300644;FR0129014306;25085772.035194248;0.011312553;0.328234157;-252.8453003;-33645.48926089977;;0.0;0.0;25119791.99;8.0;FR0129014306;Bond;25085772.035194248;25052126.545933347;0.0025;0.011564853718751116;0.004;0.3290682769018663
1741;300644;FR0129014868;24899002.143914253;0.038349812;0.979966268;-2243.254249;-99987.90895959936;;0.0;0.0;25000304.35;8.0;FR0129014868;Bond;24899002.143914253;24799014.23495465;0.0025;0.04060584233444652;0.004;0.9874113692484641
1742;300644;FR0129025500;9950961.264034001;0.154404391;0.154404391;173.7211375;-9218.832683026561;;0.0;0.0;9960293.923;8.0;FR0129025500;Bond;9950961.264034001;9941742.431350974;0.0025;0.15402754968432839;0.0035;0.15387681315805973
1743;300644;FR0129026011;4995242.5832996005;0.029794106;0.029794106;14.95812363;-892.9727221352526;;0.0;0.0;4996145.996;8.0;FR0129026011;Bond;4995242.5832996005;4994349.610577465;0.0025;0.029721463373929717;0.0035;0.0296924063235016
1744;300644;FR0129026433;2196741.9493496;0.046034866;0.046034866;10.32682118;-606.7603276493257;;0.0;0.0;2197356.005;8.0;FR0129026433;Bond;2196741.9493496;2196135.1890219506;0.0025;0.04592263973604773;0.0035;0.04587774923046683
1745;300644;FR0129026458;7448745.076710001;0.211163332;0.211163332;186.7483834;-9437.410977700076;;0.0;0.0;7458308.058;8.0;FR0129026458;Bond;7448745.076710001;7439307.665732301;0.0025;0.21064802887613898;0.0035;0.21044190762659457
1746;300644;FR0129026656;9974794.04;0.08;0.08;0.0;-4787.901139199999;;0.0;0.0;0.0;8.0;FR0129026656;Bond;9974794.04;9970006.1388608;0.0025;0.080016;0.0035;0.08002240000000001
1747;300644;FR0129030120;29920741.8616;0.081248803;0.081248803;256.9104263;-15801.658997325445;;0.0;0.0;29936735.46;8.0;FR0129030120;Bond;29920741.8616;29904940.202602673;0.0025;0.08105064728193327;0.004;0.08093175385109325
1748;300644;FR0129030807;11963177.423684001;0.094756277;0.094756277;121.294601;-6801.516922552484;;0.0;0.0;11970064.31;8.0;FR0129030807;Bond;11963177.423684001;11956375.906761449;0.0025;0.09452524899480165;0.0035;0.09443283779272231
1749;300644;FR0129052264;20019005.1244655;0.034140738;0.844567974;-1332.786681;-69338.30142029937;;0.0;0.0;20089188.13;8.0;FR0129052264;Bond;20019005.1244655;19949666.823045198;0.0025;0.03580805371811351;0.004;0.8500841970398428
1750;300644;FR0129053411;19935117.74997;0.100170439;0.100170439;214.7588107;-11981.456979187122;;0.0;0.0;19947250.05;8.0;FR0129053411;Bond;19935117.74997;19923136.292990815;0.0025;0.09992620206715166;0.0035;0.09982850729401234
1751;300644;FR0129053510;9973928.7313822;0.081242745;0.081242745;85.62350828;-4861.856091431146;;0.0;0.0;9978849.808;8.0;FR0129053510;Bond;9973928.7313822;9969066.87529077;0.0025;0.08104462765118241;0.0035;0.08096538071165536
1752;300644;FR0129059954;14990894.0218996;0.018958447;0.018958447;28.25211731;-1705.2244187808024;;0.0;0.0;14992619.2;8.0;FR0129059954;Bond;14990894.0218996;14989188.797480818;0.0025;0.018912230092439197;0.0035;0.018893743329414875
1753;300644;FR0129061463;14977914.0311434;0.046043199;0.046043199;70.43624017;-4137.786458044968;;0.0;0.0;14982100.81;8.0;FR0129061463;Bond;14977914.0311434;14973776.244685356;0.0025;0.045930932101649384;0.0035;0.045886025342309136
1754;300644;FR0129061638;9980840.190841598;0.059574647;0.059574647;61.53013654;-3567.630186796805;;0.0;0.0;9984451.006;8.0;FR0129061638;Bond;9980840.190841598;9977272.560654802;0.0025;0.05942939921287033;0.0035;0.05937130009801846
1755;300644;FR0129065985;24904218.407282;0.119205328;0.119205328;325.187155;-19296.650904853974;;0.0;0.0;24923747.7;8.0;FR0129065985;Bond;24904218.407282;24884921.756377146;0.0025;0.11891441495116924;0.004;0.11873986712187076
1756;300644;FR0129066371;-12180.0;0.13;0.13;0.0;9.5004;;0.0;0.0;0.0;8.0;FR0129066371;Bond;-12180.0;-12170.4996;0.0025;0.13004225;0.0035;0.13005915
1757;300644;FR0129083459;19755912.7151145;0.401582911;0.401582911;1096.467295;-51568.64009438436;;0.0;0.0;19808119.32;8.0;FR0129083459;Bond;19755912.7151145;19704344.075020116;0.0025;0.4005985651935125;0.004;0.40000795770962
1758;300644;FR0129101939;4968714.6704773;0.19227382;0.19227382;111.6484571;-6209.799376187627;;0.0;0.0;4975004.985;8.0;FR0129101939;Bond;4968714.6704773;4962504.871101112;0.0025;0.19180448581708573;0.004;0.1915228853073372
1759;300644;FR0129104735;24933213.77482475;0.036890496;0.939460622;-2062.014337;-95994.58664299159;;0.0;0.0;25030432.15;8.0;FR0129104735;Bond;24933213.77482475;24837219.188181758;0.0025;0.03896143593016237;0.004;0.9462990272946338
1760;300644;FR0129105732;5493347.1866224;0.037920967;0.037920967;21.10762565;-1249.8782243007051;;0.0;0.0;5494611.7;8.0;FR0129105732;Bond;5493347.1866224;5492097.308398099;0.0025;0.03782850205204509;0.0035;0.03779151607286313
1761;300644;FR0129106086;7488593.8056153;0.046018628;0.046018628;35.17965919;-2239.996281794146;;0.0;0.0;7490861.587;8.0;FR0129106086;Bond;7488593.8056153;7486353.809333506;0.0025;0.045906478142578;0.004;0.04583918822812479
1762;300644;FR0129106409;13972442.40952865;0.059552841;0.059552841;86.07720536;-5408.641167776058;;0.0;0.0;13977918.69;8.0;FR0129106409;Bond;13972442.40952865;13967033.768360874;0.0025;0.05940769489888398;0.004;0.05932060723821436
1763;300644;FR0129107100;-4560.0;0.06;0.06;0.0;1.6415999999999997;;0.0;0.0;0.0;8.0;FR0129107100;Bond;-4560.0;-4558.3584;0.0025;0.060009;0.0035;0.0600126
1764;300644;FR0129107423;15806742.64175;0.390336451;0.390336451;844.9244859;-37019.68694790635;;0.0;0.0;15844247.93;8.0;FR0129107423;Bond;15806742.64175;15769722.954802094;0.0025;0.3893810218108268;0.0035;0.3889988501351575
1765;300644;FR0129108546;14940652.792978501;0.038087711;0.974537997;-1331.245381;-59663.57355129266;;0.0;0.0;15001099.21;8.0;FR0129108546;Bond;14940652.792978501;14880989.219427207;0.0025;0.040318893266140785;0.004;0.9819009831612955
1766;300644;FR0129108900;8908137.188806;0.322357579;0.322357579;373.3374909;-17229.63322550021;;0.0;0.0;8925597.124;8.0;FR0129108900;Bond;8908137.188806;8890907.555580499;0.0025;0.3215696221464645;0.0035;0.32125443940505033
1767;300644;FR0129108918;15876725.578808;0.238237739;0.238237739;459.4159542;-22694.611227712106;;0.0;0.0;15899725.73;8.0;FR0129108918;Bond;15876725.578808;15854030.967580289;0.0025;0.23765622099230277;0.0035;0.2374236137892239
1768;300644;FR0129109825;3984606.55131975;0.038593326;0.991460683;-367.1664928;-16186.770980473062;;0.0;0.0;4000996.567;8.0;FR0129109825;Bond;3984606.55131975;3968419.780339277;0.0025;0.04090070549417906;0.004;0.9990785095551789
1769;300644;FR0129110146;29471254.345739998;0.577648235;0.577648235;2654.795097;-102144.10833631674;;0.0;0.0;29575294.56;8.0;FR0129110146;Bond;29471254.345739998;29369110.23740368;0.0025;0.5762304079208372;0.0035;0.5756632770891721
1770;300644;IRSB100008195;-38357.69252349791;0.123294097;0.0;-29.432939937;11.823192656720817;SOCIETE GENERALE;0.0;0.0;0.0;;;Swap;-38357.69252349791;-38345.86933084119;0.0025;0.10414889507960659;0.0;0.0
1771;300644;IRSB100008252;-24805.24512130112;0.145212169;0.0;-23.510456889;9.005058616602009;NOMURA FINANCIAL PRODUCTS EUROPE GMBH;0.0;0.0;0.0;;;Swap;-24805.24512130112;-24796.240062684516;0.0025;0.12156983951430171;0.0;0.0
1772;300644;IRSB100008289;-26697.53022729921;0.158911789;0.0;-24.540814177;10.606380725754235;NOMURA FINANCIAL PRODUCTS EUROPE GMBH;0.0;0.0;0.0;;;Swap;-26697.53022729921;-26686.923846573452;0.0025;0.13599450525577442;0.0;0.0
1773;300644;IRSB100008398;-48666.94786927411;0.20548798699999998;0.0;-61.753489490999996;25.00118287772769;SOCIETE GENERALE;0.0;0.0;0.0;;;Swap;-48666.94786927411;-48641.94668639638;0.0025;0.17387105062120778;0.0;0.0
1774;300644;IRSB100008403;-22824.399355549933;0.20548798799999998;0.0;-32.935190413;11.72534975220113;BNP PARIBAS;0.0;0.0;0.0;;;Swap;-22824.399355549933;-22812.674005797733;0.0025;0.16951900896983774;0.0;0.0
1775;300644;IRSB100008630;-4390.5374304000825;0.41097379;0.0;-124.029418392;4.510989519770958;SOCIETE GENERALE;0.0;0.0;0.0;;;Swap;-4390.5374304000825;-4386.026440880311;0.0025;-0.2948353758400979;0.0;0.0
1776;300644;IRSB100008770;18969.486665923956;0.45481013;0.0;-506.278067112;-21.56878674140535;NATIXIS;0.0;0.0;0.0;;;Swap;18969.486665923956;18947.91787918255;0.0025;1.1225541551061657;0.0;0.0
1777;300644;IRSB100008780;10906.125028477676;0.46850961300000005;0.0;-537.186009715;-12.774061041054226;NATIXIS;0.0;0.0;0.0;;;Swap;10906.125028477676;10893.350967436621;0.0025;1.7004444182756724;0.0;0.0
1778;300644;IRSB100008821;166.1249675252385;0.063018093;0.0;-1.707579499;-0.02617219663281865;BNP PARIBAS;0.0;0.0;0.0;;;Swap;166.1249675252385;166.0987953286057;0.0025;0.32000015555742733;0.0;0.0
1779;300644;IRSB100008858;25052.533470777533;0.53152449;0.0;-691.202999053;-33.2900876906574;NATIXIS;0.0;0.0;0.0;;;Swap;25052.533470777533;25019.243383086876;0.0025;1.2219843787527191;0.0;0.0
1780;300644;IRSB100009066;10114.501220450744;0.123294099;0.0;-44.225275571;-3.117645787024687;CREDIT AGRICOLE CORPORATE AND INVESTMENT BANK;0.0;0.0;0.0;;;Swap;10114.501220450744;10111.38357466372;0.0025;0.23264366083178192;0.0;0.0
1781;300644;IRSB100009071;22495.054519525598;0.27398381;0.0;-220.626049565;-15.408201858543357;CREDIT AGRICOLE CORPORATE AND INVESTMENT BANK;0.0;0.0;0.0;;;Swap;22495.054519525598;22479.646317667055;0.0025;0.5193654263096751;0.0;0.0
1782;300644;IRSB100009075;685.8971148488079;0.024658228;0.0;-1.2539434980000002;-0.042282518606210226;CREDIT AGRICOLE CORPORATE AND INVESTMENT BANK;0.0;0.0;0.0;;;Swap;685.8971148488079;685.8548323302017;0.0025;0.07036425210085162;0.0;0.0
1783;300644;IRSB100009088;7339.343613925834;0.276723523;0.0;-74.998855336;-5.077422553382772;CREDIT AGRICOLE CORPORATE AND INVESTMENT BANK;0.0;0.0;0.0;;;Swap;7339.343613925834;7334.266191372451;0.0025;0.5323835008345918;0.0;0.0
1784;300644;IRSB100009103;18012.040744425445;0.27946290900000004;0.0;-191.20764853400001;-12.584243258659153;BNP PARIBAS;0.0;0.0;0.0;;;Swap;18012.040744425445;17999.456501166787;0.0025;0.5450468098169656;0.0;0.0
1785;300644;IRSB100009104;589.8783524989568;0.030137338;0.0;-1.2100492809999999;-0.04444340822036051;CREDIT AGRICOLE CORPORATE AND INVESTMENT BANK;0.0;0.0;0.0;;;Swap;589.8783524989568;589.8339090907365;0.0025;0.08142345708345783;0.0;0.0
1786;300644;IRSB100009109;504.0868927984353;0.030137338;0.0;-0.937895977;-0.037979592674090526;CREDIT AGRICOLE CORPORATE AND INVESTMENT BANK;0.0;0.0;0.0;;;Swap;504.0868927984353;504.0489132057612;0.0025;0.07665420714263348;0.0;0.0
1787;300644;IRSB100009143;1432.2933104005217;0.06849716900000001;0.0;-5.8156003720000005;-0.245270092350185;BNP PARIBAS;0.0;0.0;0.0;;;Swap;1432.2933104005217;1432.0480403081715;0.0025;0.1700174432001953;0.0;0.0
1788;300644;IRSB100009162;1567.0747109249182;0.156172069;0.0;-11.883696786000002;-0.6118332497068035;BNP PARIBAS;0.0;0.0;0.0;;;Swap;1567.0747109249182;1566.4628776752115;0.0025;0.34581712474790594;0.0;0.0
1789;300644;IRSB100009163;26681.191185950593;0.7342692200000001;0.0;-1053.507526942;-48.97794360194705;CREDIT AGRICOLE CORPORATE AND INVESTMENT BANK;0.0;0.0;0.0;;;Swap;26681.191185950593;26632.213242348647;0.0025;1.7227427475193888;0.0;0.0
1790;300644;IRSB100009168;12552.06977479958;0.830164168;0.0;-672.396651589;-26.0506964031861;CREDIT AGRICOLE CORPORATE AND INVESTMENT BANK;0.0;0.0;0.0;;;Swap;12552.06977479958;12526.019078396394;0.0025;2.171101793938199;0.0;0.0
1791;300644;IRSB100009187;1298.417709400656;0.082196615;0.0;-6.496848282;-0.266813851421969;JP MORGAN SE;0.0;0.0;0.0;;;Swap;1298.417709400656;1298.1508955492338;0.0025;0.20730515061940794;0.0;0.0
1792;300644;IRSB100009195;3151.1085091001487;0.084935974;0.0;-20.768193406;-0.6691061760002724;SOCIETE GENERALE;0.0;0.0;0.0;;;Swap;3151.1085091001487;3150.4394029241485;0.0025;0.24972295763930724;0.0;0.0
1793;300644;IRSB100009204;24620.474325649702;0.6657745049999999;0.0;-1300.488568733;-40.9792102675616;NATIXIS;0.0;0.0;0.0;;;Swap;24620.474325649702;24579.495115382142;0.0025;1.9874183003779144;0.0;0.0
1794;300644;IRSB100009211;7727.232665673437;0.33699877100000003;0.0;-166.991300577;-6.510169778907506;CREDIT AGRICOLE CORPORATE AND INVESTMENT BANK;0.0;0.0;0.0;;;Swap;7727.232665673437;7720.722495894529;0.0025;0.8775514648764002;0.0;0.0
1795;300644;IRSB100009221;14212.522345400295;0.34795853499999996;0.0;-237.38260644300001;-12.363421134900625;NATIXIS;0.0;0.0;0.0;;;Swap;14212.522345400295;14200.158924265395;0.0025;0.7658201203436268;0.0;0.0
1796;300644;IRSB100009226;60685.26270549911;0.7561890689999999;0.0;-1954.9128150899999;-114.72383076822948;CREDIT AGRICOLE CORPORATE AND INVESTMENT BANK;0.0;0.0;0.0;;;Swap;60685.26270549911;60570.53887473088;0.0025;1.5629677019216;0.0;0.0
1797;300644;IRSB100009231;55332.407310700146;0.753449671;0.0;-1386.505958228;-104.22546020971255;NATIXIS;0.0;0.0;0.0;;;Swap;55332.407310700146;55228.18185049044;0.0025;1.3813127856360157;0.0;0.0
1798;300644;IRSB100009239;23843.541285527386;0.282202622;0.0;-234.03759284699998;-16.8217746713527;NATIXIS;0.0;0.0;0.0;;;Swap;23843.541285527386;23826.719510856034;0.0025;0.5277905948590589;0.0;0.0
1799;300644;IRSB100009245;34074.33466875194;0.6054990330000001;0.0;-717.838246341;-51.579941730119195;CREDIT AGRICOLE CORPORATE AND INVESTMENT BANK;0.0;0.0;0.0;;;Swap;34074.33466875194;34022.75472702182;0.0025;1.1330863780832443;0.0;0.0
1800;300644;IRSB100009252;45846.33015027589;0.698652458;0.0;-1192.967461412;-80.0766281244244;SOCIETE GENERALE;0.0;0.0;0.0;;;Swap;45846.33015027589;45766.25352215147;0.0025;1.350397803165597;0.0;0.0
1801;300644;IRSB100009258;71167.8159700515;0.868521273;0.0;-2206.499413653;-154.52690530734716;CREDIT AGRICOLE CORPORATE AND INVESTMENT BANK;0.0;0.0;0.0;;;Swap;71167.8159700515;71013.28906474415;0.0025;1.6455114685274979;0.0;0.0
1802;300644;IRSB100009288;1128.962780200026;0.12055437999999999;0.0;-5.642350797;-0.34025352002522596;CREDIT AGRICOLE CORPORATE AND INVESTMENT BANK;0.0;0.0;0.0;;;Swap;1128.962780200026;1128.6225266800006;0.0025;0.2455361698798664;0.0;0.0
1803;300644;IRSB100009319;22576.348151774477;0.627417398;0.0;-577.787054581;-35.41198403432112;CREDIT AGRICOLE CORPORATE AND INVESTMENT BANK;0.0;0.0;0.0;;;Swap;22576.348151774477;22540.936167740154;0.0025;1.268216094146469;0.0;0.0
1804;300644;IRSB100009346;43140.28555052351;0.895918679;0.0;-1955.495360156;-96.62546910526953;CREDIT AGRICOLE CORPORATE AND INVESTMENT BANK;0.0;0.0;0.0;;;Swap;43140.28555052351;43043.660081418246;0.0025;2.03114418670284;0.0;0.0
1805;300644;IRSB100009375;9546.466344899774;0.408234076;0.0;-163.45089568999998;-9.742982168438143;NATIXIS;0.0;0.0;0.0;;;Swap;9546.466344899774;9536.723362731336;0.0025;0.8366910214076841;0.0;0.0
1806;300644;IRSB100009384;18651.876143926194;0.408234076;0.0;-326.93271633800003;-19.035828558205385;NATIXIS;0.0;0.0;0.0;;;Swap;18651.876143926194;18632.84031536799;0.0025;0.8468542404919484;0.0;0.0
1807;300644;IRSB100009392;16460.464561075445;0.663034805;0.0;-430.048938701;-27.284652276155168;NATIXIS;0.0;0.0;0.0;;;Swap;16460.464561075445;16433.17990879929;0.0025;1.317288158644279;0.0;0.0
1808;300644;IRSB100009413;22902.74105615037;0.6054990370000001;0.0;-538.475428242;-34.668969135398534;NATIXIS;0.0;0.0;0.0;;;Swap;22902.74105615037;22868.072087014974;0.0025;1.1942005247572716;0.0;0.0
1809;300644;IRSB100009427;16888.600964525744;0.5205659109999999;0.0;-332.02855171;-21.97907486653455;NATIXIS;0.0;0.0;0.0;;;Swap;16888.600964525744;16866.62188965921;0.0025;1.0127413947680393;0.0;0.0
1810;300644;IRSB100009437;25856.641795253578;0.945235455;0.0;-1739.547136671;-61.10153643027133;NOMURA FINANCIAL PRODUCTS EUROPE GMBH;0.0;0.0;0.0;;;Swap;25856.641795253578;25795.540258823305;0.0025;2.6293843131613697;0.0;0.0
1811;300644;IRSB100009458;6902.447047199822;0.328779958;0.0;-95.416996266;-5.673465625688954;BNP PARIBAS;0.0;0.0;0.0;;;Swap;6902.447047199822;6896.7735815741335;0.0025;0.6746413912157176;0.0;0.0
1812;300644;IRSB100009466;5032.9522234750775;0.504127031;0.0;-99.67568785200001;-6.343118153963348;NATIXIS;0.0;0.0;0.0;;;Swap;5032.9522234750775;5026.609105321114;0.0025;0.9998777997008139;0.0;0.0
1813;300644;IRSB100009470;31429.98655855;-3331.664796106;0.0;-679.651765952;261785.4493980145;BNP PARIBAS;0.0;0.0;0.0;;;Swap;31429.98655855;293215.4359565645;0.0025;24418.851595668766;0.0;0.0
1814;300644;SECL100006671;9.77472876;0.002739726;0.244368219;0.0;-0.004830826273631996;;0.0;0.0;0.0;;SECL100006671;Bond;9.77472876;9.769897933726368;0.002;0.00273974101219711;0.002;0.24448765065291447
1815;300644;XS2812505829;25834867.151634753;0.005851474;0.067759734;-9.016565272;-7380.185038058546;;0.0;0.0;25842325.28;8.0;XS2812505829;Bond;25834867.151634753;25827486.966596693;0.0025;0.0058602847896516135;0.004;0.0677920598306577
1816;300644;XS2823899161;19925790.4814435;0.119323639;0.119323639;260.6979743;-15454.515896283101;;0.0;0.0;19941415.81;8.0;XS2823899161;Bond;19925790.4814435;19910335.965547215;0.0025;0.1190321482140368;0.004;0.11885725374245888
1817;300644;XS2840087667;20556073.54070625;0.01093343;0.181640205;-59.05302913;-15497.108625546247;;0.0;0.0;20571740.57;8.0;XS2840087667;Bond;20556073.54070625;20540576.432080705;0.0025;0.011005548291575453;0.004;0.18188708876324425
1818;300644;XS2841263358;25690500.03163475;0.01080062;0.189877338;-81.23302031;-20205.85835271208;;0.0;0.0;25710917.71;8.0;XS2841263358;Bond;25690500.03163475;25670294.17328204;0.0025;0.010879961301850564;0.004;0.19014803108333522
1819;300644;XS2843279691;10272945.089342251;0.011511337;0.195321437;-34.2533113;-8321.743920554472;;0.0;0.0;10281353.38;8.0;XS2843279691;Bond;10272945.089342251;10264623.345421696;0.0025;0.011595026338110525;0.004;0.19560741175246568
1820;300644;XS2845159602;14910376.635308;0.200934163;0.200934163;353.5305049;-19474.0263199974;;0.0;0.0;14930051.58;8.0;XS2845159602;Bond;14910376.635308;14890902.608988002;0.0025;0.20044234016500917;0.004;0.20014724646401466
1821;300644;XS2865535673;25585301.127384;0.01549297;0.290416272;-192.9718607;-30712.531842667846;;0.0;0.0;25616331.09;8.0;XS2865535673;Bond;25585301.127384;25554588.595541332;0.0025;0.015682127427874053;0.004;0.2910553302002903
1822;300644;XS2895045164;20367991.1538755;0.019937579;0.407332841;-306.8679533;-34201.427890438135;;0.0;0.0;20402546.53;8.0;XS2895045164;Bond;20367991.1538755;20333789.72598506;0.0025;0.020315227430073888;0.004;0.40859916863332124
1823;300644;XS2903381072;24671650.841454998;0.448169426;0.448169426;1581.379166;-71871.01737456747;;0.0;0.0;24744358.58;8.0;XS2903381072;Bond;24671650.841454998;24599779.82408043;0.0025;0.44706914021916966;0.004;0.4464089687506715
1824;300644;XS2906220855;24644783.930014998;0.461077283;0.461077283;1638.385816;-73860.47509472695;;0.0;0.0;24719620.04;8.0;XS2906220855;Bond;24644783.930014998;24570923.45492027;0.0025;0.4599467630635495;0.004;0.45926845110167913
1825;300644;XS2908892438;12693732.389850501;0.026961676;0.559664749;-362.9414547;-29272.54895717004;;0.0;0.0;12723313.31;8.0;XS2908892438;Bond;12693732.389850501;12664459.84089333;0.0025;0.0276782977774208;0.004;0.5620613346410752
1826;300644;XS2914666057;20288283.534483;0.023259272;0.502537065;-469.13744;-41962.1846080818;;0.0;0.0;20330684.1;8.0;XS2914666057;Bond;20288283.534483;20246321.349874917;0.0025;0.023838713605579005;0.004;0.5044721816007858
1827;300644;XS2920487852;24615483.36839;0.524188418;0.524188418;1944.671618;-83870.48335368084;;0.0;0.0;24700378.23;8.0;XS2920487852;Bond;24615483.36839;24531612.88503632;0.0025;0.5229003025554652;0.004;0.5221274332887442
1828;300644;XS2924143154;20247843.034264002;0.024579909;0.540072255;-543.2399419;-44985.41833367524;;0.0;0.0;20293346.23;8.0;XS2924143154;Bond;20247843.034264002;20202857.615930326;0.0025;0.025252157469641788;0.004;0.5423121480262042
1829;300644;XS2932960730;15171002.42811425;0.02583485;0.578654662;-467.5533294;-36094.93655916644;;0.0;0.0;15207482.65;8.0;XS2932960730;Bond;15171002.42811425;15134907.491555084;0.0025;0.026606990641676608;0.004;0.5812267821402018
1830;300644;XS2942506978;15147062.46851225;0.027033793;0.616680088;-531.5432094;-38387.273642424094;;0.0;0.0;15185866.24;8.0;XS2942506978;Bond;15147062.46851225;15108675.194869826;0.0025;0.027912924179989942;0.004;0.6196049519078708
1831;300644;XS2974163672;29757547.260259997;0.268722731;0.268722731;998.0441806;-51977.440889651116;;0.0;0.0;29810102.88;8.0;XS2974163672;Bond;29757547.260259997;29705569.819370344;0.0025;0.2680647808901244;0.004;0.26767001082419906
1832;300644;XS2976487483;24982036.9381655;0.021653326;0.021653326;53.88856028;-3516.137234779907;;0.0;0.0;24985596.53;8.0;XS2976487483;Bond;24982036.9381655;24978520.80093072;0.0025;0.021600570858054242;0.004;0.021568917772886786
1833;300644;XS2976509716;9918164.546922;0.271282887;0.271282887;336.3167078;-16143.76987218028;;0.0;0.0;9934495.224;8.0;XS2976509716;Bond;9918164.546922;9902020.777049819;0.0025;0.2706191438121322;0.0035;0.27035364653698507
1834;300644;XS2977963219;37190238.01004;0.274000379;0.274000379;1276.534337;-61140.83585910699;;0.0;0.0;37252086.68;8.0;XS2977963219;Bond;37190238.01004;37129097.174180895;0.0025;0.2733299583553173;0.0035;0.2730617900974442
1835;300644;XS2985295562;12974447.91787455;0.059555628;0.059555628;79.93655515;-5022.5590590650245;;0.0;0.0;12979533.05;8.0;XS2985295562;Bond;12974447.91787455;12969425.358815486;0.0025;0.05941046829079501;0.004;0.059323372465272015
1836;300644;XS2989343293;19572481.820609998;0.725014897;0.725014897;2427.537482;-92237.21579282555;;0.0;0.0;19665989.56;8.0;XS2989343293;Bond;19572481.820609998;19480244.60481717;0.0025;0.7232283113221377;0.004;0.7221563599154203
1837;300644;XS2993382667;29410421.897135;0.656870845;0.656870845;3170.429019;-125572.51644195421;;0.0;0.0;29537717.32;8.0;XS2993382667;Bond;29410421.897135;29284849.38069305;0.0025;0.6552545555603733;0.004;0.6542847818965972
1838;300644;XS2994493786;14845599.203683;0.330814863;0.330814863;643.2792632;-31922.441633675455;;0.0;0.0;14877923.02;8.0;XS2994493786;Bond;14845599.203683;14813676.762049325;0.0025;0.3300051764306377;0.004;0.32951936448902036
1839;300644;XS2996733593;7478725.7027769;0.086647065;0.086647065;68.82067416;-4212.062608556924;;0.0;0.0;7482989.982;8.0;XS2996733593;Bond;7478725.7027769;7474513.640168343;0.0025;0.08643577947021604;0.004;0.08630900815234567
1840;300644;XS2996858960;19718184.785311;0.341623072;0.341623072;892.7046657;-111147.08320025647;;0.0;0.0;19831140.79;8.0;XS2996858960;Bond;19718184.785311;19607037.70211074;0.0025;0.34078300864221006;0.014;0.33691871719637634
1841;300644;XS2997427682;34219364.45848;0.746444094;0.746444094;4424.249638;-166028.47625302838;;0.0;0.0;34387770.32;8.0;XS2997427682;Bond;34219364.45848;34053335.982226975;0.0025;0.7446047705021818;0.004;0.7435011764034909
1842;300644;XS2998732262;24444436.093459997;0.743730827;0.743730827;3143.942495;-118170.52436369474;;0.0;0.0;24564296.4;8.0;XS2998732262;Bond;24444436.093459997;24326265.5690963;0.0025;0.7418982690255728;0.004;0.7407987342409164
1843;300644;XS2999542348;29738928.548903503;0.276494834;0.276494834;1031.646168;-53447.290731035086;;0.0;0.0;29793045.78;8.0;XS2999542348;Bond;29738928.548903503;29685481.258172467;0.0025;0.27581870518251933;0.004;0.2754130278920309
1844;300644;XS2999676203;19646699.192775;0.597370517;0.597370517;1855.612575;-76286.33255185465;;0.0;0.0;19723973.94;8.0;XS2999676203;Bond;19646699.192775;19570412.860223144;0.0025;0.595901418949441;0.004;0.5950199601191056
1845;300644;XS3002279886;24485612.445865;0.689484831;0.689484831;2826.597373;-109735.97933459672;;0.0;0.0;24596871.17;8.0;XS3002279886;Bond;24485612.445865;24375876.466530405;0.0025;0.6877873265146495;0.004;0.6867688238234392
1846;300644;XS3002353103;14944634.595586;0.113754011;0.113754011;185.2338782;-11050.07883315226;;0.0;0.0;14955820.73;8.0;XS3002353103;Bond;14944634.595586;14933584.516752848;0.0025;0.1134764940802887;0.004;0.11330998392846192
1847;300644;XS3003206359;29251006.23627;0.858355755;0.858355755;4636.453687;-163200.5020258811;;0.0;0.0;29416544.82;8.0;XS3003206359;Bond;29251006.23627;29087805.73424412;0.0025;0.8562350468961825;0.004;0.854962622033892
1848;300644;XS3005193340;3985131.2042143997;0.116465203;0.116465203;50.69658471;-2784.774688082787;;0.0;0.0;3987950.084;8.0;XS3005193340;Bond;3985131.2042143997;3982346.429526317;0.0025;0.11618107750178457;0.0035;0.11606742730249839
1849;300644;XS3006178597;14721451.628405;0.618826131;0.618826131;1459.81342;-59215.123200411836;;0.0;0.0;14781468.44;8.0;XS3006178597;Bond;14721451.628405;14662236.505204588;0.0025;0.6173044372425505;0.004;0.6163914209880808
1850;300644;XS3010368689;9981151.424662098;0.059634466;0.059634466;61.65752353;-3868.934129286612;;0.0;0.0;9985063.381;8.0;XS3010368689;Bond;9981151.424662098;9977282.490532812;0.0025;0.059488921777234416;0.004;0.05940159524357507
1851;300644;XS3015128211;9877819.454774;0.401370884;0.401370884;547.5359943;-23788.014759330224;;0.0;0.0;9901909.58;8.0;XS3015128211;Bond;9877819.454774;9854031.44001467;0.0025;0.40038785904983504;0.0035;0.399994649069769
1852;300644;XS3020856848;12305617.254139;0.512841631;0.512841631;943.2888082;-41020.41334998351;;0.0;0.0;12347174.8;8.0;XS3020856848;Bond;12305617.254139;12264596.840789016;0.0025;0.5115827688567861;0.004;0.5108274515708577
1853;300644;XS3020942176;14731316.9318665;0.597124585;0.597124585;1390.213861;-57176.80481138767;;0.0;0.0;14789258.41;8.0;XS3020942176;Bond;14731316.9318665;14674140.127055112;0.0025;0.5956566963625741;0.004;0.5947759631801187
1854;300644;XS3033735351;24952227.50615;0.05957961;0.05957961;153.8517092;-8919.863900686138;;0.0;0.0;24961254.59;8.0;XS3033735351;Bond;24952227.50615;24943307.642249312;0.0025;0.059434338057555186;0.0035;0.05937622928057726
1855;300644;XS3038488436;9712647.929755999;0.971942541;0.971942541;1851.986797;-61360.88210645533;;0.0;0.0;9774966.69;8.0;XS3038488436;Bond;9712647.929755999;9651287.047649544;0.0025;0.9695372755797208;0.004;0.9680941163275533
1856;300644;XS3041239669;12475961.5031544;0.059567713;0.059567713;76.8942271;-4458.986965313699;;0.0;0.0;12480474.99;8.0;XS3041239669;Bond;12475961.5031544;12471502.516189087;0.0025;0.05942249900957663;0.0035;0.05936441341340728
1857;300644;XS3041246524;9986881.57291;0.040614092;0.040614092;41.19365959;-2433.648761971628;;0.0;0.0;9989344.699;8.0;XS3041246524;Bond;9986881.57291;9984447.924148029;0.0025;0.040515096335731034;0.0035;0.04047549807002345
1858;300644;XS3041382113;9961962.521002;0.119173441;0.119173441;130.0010322;-7123.208116445059;;0.0;0.0;9969173.101;8.0;XS3041382113;Bond;9961962.521002;9954839.312885555;0.0025;0.11888270324396258;0.0035;0.11876640814154761
1859;300645;BE6356749489;5991588.8709828;0.043340519;0.043340519;26.4558575;-1687.910713469621;;0.0;0.0;5993296.55;8.0;BE6356749489;Bond;5991588.8709828;5989900.96026933;0.0025;0.043234827514652394;0.004;0.04317141262344383
1860;300645;CSH_EUR_DB;88381997.72396074;0.0;0.0;0.0;0.0;;0.0;0.0;100322147.88;;;Cash;88381997.72396074;88381997.72396074;0.0;0.0;0.0;0.0
1861;300645;DE000A2AAL31;3943614.850302;0.916584842;0.916584842;687.7563585;-21687.945566837476;;0.0;0.0;3965976.438;7.0;DE000A2AAL31;Bond;3943614.850302;3921926.9047351624;0.0025;0.9143252252776589;0.0035;0.9134213785887225
1862;300645;DE000CZ450R9;9730512.7847005;0.884312588;0.884312588;1610.580691;-55931.297130836305;;0.0;0.0;9787332.945;8.0;DE000CZ450R9;Bond;9730512.7847005;9674581.487569664;0.0025;0.8821296453004971;0.004;0.8808198796807953
1863;300645;DE000CZ451J4;9800562.5044;0.653786181;0.653786181;1049.174714;-41648.570154122564;;0.0;0.0;9842805.669;8.0;DE000CZ451J4;Bond;9800562.5044;9758913.934245877;0.0025;0.6521784594351002;0.004;0.6512138264961604
1864;300645;DE000CZ452E3;9715830.5059655;0.933139022;0.933139022;1742.029587;-58930.433745653674;;0.0;0.0;9775716.815;8.0;DE000CZ452E3;Bond;9715830.5059655;9656900.072219845;0.0025;0.9308334415190683;0.004;0.9294500932305093
1865;300645;ES0000012C12;0.0;0.0;0.0;0.0;0.0;;0.0;0.0;0.0;;;Bond;0.0;0.0;0.0;;0.0;
1866;300645;FR0012949923;6619293.75085;0.434901664;0.434901664;406.6019238;-17272.451200496802;;0.0;0.0;6636530.548;6.0;FR0012949923;Bond;6619293.75085;6602021.299649504;0.0025;0.43383884305722087;0.0035;0.4334137146801092
1867;300645;FR0013015559;1499613.8729154;0.521928534;0.521928534;117.3031972;-4696.147621540783;;0.0;0.0;1504461.123;5.0;FR0013015559;Bond;1499613.8729154;1494917.7252938591;0.0025;0.5206540008042415;0.0035;0.5201441875259382
1868;300645;FR0013218393;3362631.070474;0.614895225;0.614895225;329.3452913;-13439.82762636216;;0.0;0.0;3376098.466;4.0;FR0013218393;Bond;3362631.070474;3349191.242847638;0.0025;0.6133918969138437;0.004;0.6124899000621498
1869;300645;FR0013518081;2514910.3287130003;0.20456507;0.20456507;60.48470314;-3086.7768446213877;;0.0;0.0;2517973.288;6.0;FR0013518081;Bond;2514910.3287130003;2511823.551868379;0.0025;0.20406842613810935;0.0035;0.2038697685933531
1870;300645;FR001400KI02;1533851.8076246001;0.338855988;0.338855988;68.70733294;-3118.529218309319;;0.0;0.0;1537060.685;6.0;FR001400KI02;Bond;1533851.8076246001;1530733.2784062908;0.0025;0.33802319685785065;0.0035;0.3376900804009909
1871;300645;FR0128539220;5177288.3938212255;0.003926711;0.027094661;-0.221600516;-611.9317839347578;;0.0;0.0;5177906.666;8.0;FR0128539220;Bond;5177288.3938212255;5176676.46203729;0.0025;0.003927819608359243;0.004;0.027099309579756498
1872;300645;FR0128540327;7245319.8955081245;0.00404975;0.029829673;-0.398152622;-937.8564286706912;;0.0;0.0;7246266.782;8.0;FR0128540327;Bond;7245319.8955081245;7244382.039079454;0.0025;0.004051164828112286;0.004;0.029835430360644555
1873;300645;FR0128580331;15501850.387905;0.005852417;0.067803606;-5.410338844;-4431.133655743911;;0.0;0.0;15506325.57;8.0;FR0128580331;Bond;15501850.387905;15497419.254249256;0.0025;0.0058612279383095595;0.004;0.06783595581410275
1874;300645;FR0128585413;8262787.5404992;0.006484781;0.081379407;-4.306457413;-2823.638919975418;;0.0;0.0;8265639.013;8.0;FR0128585413;Bond;8262787.5404992;8259963.9015792245;0.0025;0.00649791580584999;0.004;0.0814267449113562
1875;300645;FR0128607365;4128861.509963375;0.006865703;0.094948132;-3.016928929;-1638.9795927697376;;0.0;0.0;4130516.715;8.0;FR0128607365;Bond;4128861.509963375;4127222.530370605;0.0025;0.006884088161978405;0.004;0.09501342029873587
1876;300645;FR0128614551;6171147.840460924;0.010868672;0.179106461;-17.16610853;-4036.2040293983164;;0.0;0.0;6175223.787;8.0;FR0128614551;Bond;6171147.840460924;6167111.636431526;0.0025;0.010938509117542948;0.0035;0.17931609645175328
1877;300645;FR0128615376;5135517.104012575;0.012545517;0.217123169;-21.27049648;-4063.7084110996466;;0.0;0.0;5139621.025;8.0;FR0128615376;Bond;5135517.104012575;5131453.395601476;0.0025;0.012649456505747985;0.0035;0.2174331320898665
1878;300645;FR0128637131;10291558.29259945;0.006592305;0.095043094;-7.572076299;-4082.178896815273;;0.0;0.0;10295677.0;8.0;FR0128637131;Bond;10291558.29259945;10287476.113702636;0.0025;0.006610807547514755;0.004;0.09510865700095113
1879;300645;FR0128637602;12345880.49247925;0.010066195;0.171001381;-31.34175586;-8755.340556709629;;0.0;0.0;12354721.24;8.0;FR0128637602;Bond;12345880.49247925;12337125.15192254;0.0025;0.010129914340562431;0.004;0.1712198925209884
1880;300645;FR0128656842;7129305.44708425;0.019669473;0.401919881;-104.5355802;-11812.212590119456;;0.0;0.0;7141239.111;8.0;FR0128656842;Bond;7129305.44708425;7117493.23449413;0.0025;0.020037010221438903;0.004;0.40315255136460204
1881;300645;FR0128662154;3974636.6795801;0.200574557;0.200574557;93.90307643;-5181.871443077742;;0.0;0.0;3979881.4;8.0;FR0128662154;Bond;3974636.6795801;3969454.808137022;0.0025;0.20008449301069325;0.004;0.1997904546171092
1882;300645;FR0128693506;5119110.2430888;0.014921122;0.276757805;-35.00955081;-5857.972028892536;;0.0;0.0;5125030.222;8.0;FR0128693506;Bond;5119110.2430888;5113252.271059908;0.0025;0.01509265338412741;0.004;0.2773377441855906
1883;300645;FR0128714401;4955436.227476;0.287465234;0.287465234;180.3653837;-9259.351625572524;;0.0;0.0;4964808.153;8.0;FR0128714401;Bond;4955436.227476;4946176.875850427;0.0025;0.28676188768862826;0.004;0.2863398799018052
1884;300645;FR0128716844;7165268.650958525;0.013592656;0.252444382;-40.63886117;-7478.814845620954;;0.0;0.0;7172822.779;8.0;FR0128716844;Bond;7165268.650958525;7157789.836112904;0.0025;0.013734909029413787;0.004;0.252926160469887
1885;300645;FR0128719442;10229797.295406502;0.016336401;0.309516876;-87.812424;-13082.974780866067;;0.0;0.0;10243012.38;8.0;FR0128719442;Bond;10229797.295406502;10216714.320625635;0.0025;0.01655166781379452;0.004;0.3102434381761959
1886;300645;FR0128730498;3068227.5914030503;0.013389212;0.252439458;-17.43338807;-3200.869714991588;;0.0;0.0;3071460.768;8.0;FR0128730498;Bond;3068227.5914030503;3065026.7216880587;0.0025;0.013531707887049216;0.004;0.2529216370551082
1887;300645;FR0128767771;9970602.570535501;0.100319842;0.100319842;107.716458;-4501.12173534412;;0.0;0.0;9975152.88;8.0;FR0128767771;Bond;9970602.570535501;9966101.448800158;0.0025;0.10007491705090363;0.002;0.1001239020407229
1888;300645;FR0128768654;10206837.137581;0.017928463;0.352895291;-114.7542505;-14865.261302345385;;0.0;0.0;10221857.94;8.0;FR0128768654;Bond;10206837.137581;10191971.876278656;0.0025;0.018210338587647746;0.004;0.3538431465667341
1889;300645;FR0128789924;7131987.918041499;0.016346508;0.333936278;-72.00021912;-9817.975744262412;;0.0;0.0;7141906.68;8.0;FR0128789924;Bond;7131987.918041499;7122169.942297237;0.0025;0.016599560839556386;0.004;0.334786147461053
1890;300645;FR0128805639;8146744.02072325;0.015710955;0.342005843;-86.90314246;-11464.919047815914;;0.0;0.0;8158329.659;8.0;FR0128805639;Bond;8146744.02072325;8135279.101675434;0.0025;0.015978252682567938;0.004;0.3429004039422652
1891;300645;FR0128807213;3948651.195094;0.428689597;0.428689597;238.5265718;-10156.47413711049;;0.0;0.0;3958933.576;8.0;FR0128807213;Bond;3948651.195094;3938494.7209568894;0.0025;0.427638856399894;0.0035;0.42721856015985166
1892;300645;FR0128816420;7984090.168420601;0.059503631;0.059503631;49.10324591;-2850.4941315145634;;0.0;0.0;7986978.61;8.0;FR0128816420;Bond;7984090.168420601;7981239.674289086;0.0025;0.05935872928791488;0.0035;0.05930076860308083
1893;300645;FR0128931484;10096393.06883525;0.027122063;0.619034103;-357.3844332;-22559.62821637074;;0.0;0.0;10119202.83;8.0;FR0128931484;Bond;10096393.06883525;10073833.440618878;0.0025;0.02800883297764107;0.0035;0.6216142176190121
1894;300645;FR0128958198;1397926.69531318;0.046034866;0.046034866;6.571613476;-386.12020857939046;;0.0;0.0;1398317.458;8.0;FR0128958198;Bond;1397926.69531318;1397540.5751046007;0.0025;0.04592263973610966;0.0035;0.04587774923055353
1895;300645;FR0128958727;4888203.356168999;0.075852018;0.075852018;38.99034751;-2224.680533758748;;0.0;0.0;4890454.305;8.0;FR0128958727;Bond;4888203.356168999;4885978.675635241;0.0025;0.0756669914008807;0.0035;0.07559298076123298
1896;300645;FR0128961622;11073947.56329225;0.009191924;0.238430963;-58.10284698;-10815.965137863519;;0.0;0.0;11084892.38;8.0;FR0128961622;Bond;11073947.56329225;11063131.598154387;0.0025;0.009323305361647905;0.004;0.23886823250923778
1897;300645;FR0129024883;2796500.8555755997;0.037881845;0.037881845;10.72310685;-635.6196717196935;;0.0;0.0;2797144.582;8.0;FR0129024883;Bond;2796500.8555755997;2795865.23590388;0.0025;0.03778957076201758;0.0035;0.03775266106682462
1898;300645;FR0129025716;4971498.6368388;0.175967343;0.175967343;100.7607386;-5248.928435115873;;0.0;0.0;4976816.331;8.0;FR0129025716;Bond;4971498.6368388;4966249.708403684;0.0025;0.17553806228910585;0.0035;0.17536635000474818
1899;300645;FR0129025963;3097524.1073514596;0.024357366;0.024357366;7.535700286;-452.6851702594968;;0.0;0.0;3097982.439;8.0;FR0129025963;Bond;3097524.1073514596;3097071.4221812002;0.0025;0.024298028850998438;0.0035;0.024274293991397813
1900;300645;FR0129026458;4965830.051138001;0.211163332;0.211163332;124.4989223;-6291.607318464184;;0.0;0.0;4972205.372;8.0;FR0129026458;Bond;4965830.051138001;4959538.443819537;0.0025;0.21064802887597092;0.0035;0.21044190762635928
1901;300645;FR0129052918;2998959.83715342;0.01083361;0.01083361;3.203221022;-194.93736768830198;;0.0;0.0;2999157.042;8.0;FR0129052918;Bond;2998959.83715342;2998764.8997857315;0.0025;0.010807200650838728;0.0035;0.01079663691117422
1902;300645;FR0129066082;5976640.2555688;0.124671714;0.124671714;82.05209845;-4470.707907738963;;0.0;0.0;5981162.998;8.0;FR0129066082;Bond;5976640.2555688;5972169.5476610605;0.0025;0.12436735159189503;0.0035;0.12424560662865304
1903;300645;FR0129080679;3492403.5370722003;0.064944026;0.064944026;23.57808115;-1474.2698497417082;;0.0;0.0;3493896.819;8.0;FR0129080679;Bond;3492403.5370722003;3490929.2672224585;0.0025;0.06478578912519387;0.004;0.06469084700031018
1904;300645;FR0129083459;4938978.177777;0.401582911;0.401582911;274.1168237;-12892.160020981559;;0.0;0.0;4952029.829;8.0;FR0129083459;Bond;4938978.177777;4926086.017756018;0.0025;0.4005985651934842;0.004;0.4000079577095747
1905;300645;FR0129084226;10007354.39874875;0.013258864;0.409728569;-158.4229636;-16732.91136653275;;0.0;0.0;10024274.79;8.0;FR0129084226;Bond;10007354.39874875;9990621.487382216;0.0025;0.013655069840333968;0.004;0.4110333051556552
1906;300645;FR0129101509;4992244.17786375;0.028047159;0.765411127;-275.2238437;-15634.522635309948;;0.0;0.0;5008072.335;8.0;FR0129101509;Bond;4992244.17786375;4976609.65522844;0.0025;0.029427382729739052;0.004;0.7699597551684123
1907;300645;FR0129102085;4988979.18768825;0.03690773;0.934110306;-407.5932036;-19101.357244643455;;0.0;0.0;5008321.99;8.0;FR0129102085;Bond;4988979.18768825;4969877.830443607;0.0025;0.038953603400518524;0.004;0.9408685029737963
1908;300645;FR0129102465;1998094.3534044002;0.029792798;0.029792798;5.982712104;-357.1729287355074;;0.0;0.0;1998455.718;8.0;FR0129102465;Bond;1998094.3534044002;1997737.1804756646;0.0025;0.02972016180192923;0.0035;0.029691107322700923
1909;300645;FR0129106086;2496197.93487155;0.046018628;0.046018628;11.72655306;-746.6654271649436;;0.0;0.0;2496953.862;8.0;FR0129106086;Bond;2496197.93487155;2495451.269444385;0.0025;0.045906478142595686;0.004;0.0458391882281531
1910;300645;FR0129106409;9980316.0040918;0.059552841;0.059552841;61.48371812;-3863.3151187893227;;0.0;0.0;9984227.633;8.0;FR0129106409;Bond;9980316.0040918;9976452.68897301;0.0025;0.05940769489882777;0.004;0.05932060723812444
1911;300645;FR0129107423;5927528.48991;0.390336451;0.390336451;316.8466822;-13882.382603717153;;0.0;0.0;5941592.973;8.0;FR0129107423;Bond;5927528.48991;5913646.107306283;0.0025;0.38938102181071127;0.0035;0.3889988501349958
1912;300645;FR0129108918;4961476.743754;0.238237739;0.238237739;143.5674857;-7092.066009198212;;0.0;0.0;4968664.291;8.0;FR0129108918;Bond;4961476.743754;4954384.677744802;0.0025;0.2376562209922947;0.0035;0.23742361378921256
1913;300645;FR0129109825;6973061.46555675;0.038593326;0.991460683;-642.5413623;-28326.849218863183;;0.0;0.0;7001743.993;8.0;FR0129109825;Bond;6973061.46555675;6944734.616337887;0.0025;0.04090070549357369;0.004;0.9990785095542103
1914;300645;FR0129110146;6876626.014002;0.577648235;0.577648235;619.4521894;-23833.625278460044;;0.0;0.0;6900902.064;8.0;FR0129110146;Bond;6876626.014002;6852792.38872354;0.0025;0.5762304079204723;0.0035;0.5756632770886614
1915;300645;IRSB100008097;-14389.197437273227;0.005479452;0.0;-0.0009746870000000001;0.19711229169015412;NATIXIS;0.0;0.0;0.0;;;Swap;-14389.197437273227;-14389.000324981538;0.0025;0.005477833625677138;0.0;0.0
1916;300645;IRSB100008106;-18638.434948523554;0.082196615;0.0;-6.468752135;3.8300406541658387;SOCIETE GENERALE;0.0;0.0;0.0;;;Swap;-18638.434948523554;-18634.604907869387;0.0025;0.0735368757330665;0.0;0.0
1917;300645;IRSB100008394;-15203.528284299478;0.161651507;0.0;-12.874159628;6.144183147185338;BNP PARIBAS;0.0;0.0;0.0;;;Swap;-15203.528284299478;-15197.384101152293;0.0025;0.14054714436555002;0.0;0.0
1918;300645;IRSB100008417;-14859.254133249926;0.161651506;0.0;-15.446285106;6.005052021691438;BNP PARIBAS;0.0;0.0;0.0;;;Swap;-14859.254133249926;-14853.249081228234;0.0025;0.1357291818716866;0.0;0.0
1919;300645;IRSB100008419;-5766.169050475175;0.046576115;0.0;-0.5908605069999999;0.6714143820109314;SOCIETE GENERALE;0.0;0.0;0.0;;;Swap;-5766.169050475175;-5765.497636093164;0.0025;0.04401978328781822;0.0;0.0
1920;300645;IRSB100008433;-25038.194080649017;0.17535076000000002;0.0;-29.827206014;10.976165902673268;NATIXIS;0.0;0.0;0.0;;;Swap;-25038.194080649017;-25027.217914746343;0.0025;0.14564592310475852;0.0;0.0
1921;300645;IRSB100008438;-22050.053803775365;0.26302397;0.0;-47.319799845;14.499231725456493;BNP PARIBAS;0.0;0.0;0.0;;;Swap;-22050.053803775365;-22035.554572049907;0.0025;0.2095464882156824;0.0;0.0
1922;300645;IRSB100008450;-12654.101138274986;0.293162449;0.0;-42.017803395;9.274268198975957;SOCIETE GENERALE;0.0;0.0;0.0;;;Swap;-12654.101138274986;-12644.826870076009;0.0025;0.21036508502698437;0.0;0.0
1923;300645;IRSB100008609;-744.8224554501621;0.109594464;0.0;-1.85218175;0.204071044450561;NATIXIS;0.0;0.0;0.0;;;Swap;-744.8224554501621;-744.6183844057116;0.0025;0.0474559256750604;0.0;0.0
1924;300645;IRSB100008714;-1723.7800015496573;0.161651507;0.0;-11.539484142000001;0.696629087467411;CITIBANK EUROPE PUBLIC LIMITED COMPANY;0.0;0.0;0.0;;;Swap;-1723.7800015496573;-1723.0833724621898;0.0025;-0.005640428252146862;0.0;0.0
1925;300645;IRSB100008729;-3229.310405424963;0.44933101000000003;0.0;-72.299763192;3.627573265182771;BNP PARIBAS;0.0;0.0;0.0;;;Swap;-3229.310405424963;-3225.68283215978;0.0025;-0.10987943183526322;0.0;0.0
1926;300645;IRSB100008738;-2369.9747030498847;0.435631503;0.0;-74.29096309900001;2.5810891049039997;BNP PARIBAS;0.0;0.0;0.0;;;Swap;-2369.9747030498847;-2367.3936139449806;0.0025;-0.34756237301909976;0.0;0.0
1927;300645;IRSB100008770;3793.897333174791;0.45481013;0.0;-101.255613402;-4.3137573482697;NATIXIS;0.0;0.0;0.0;;;Swap;3793.897333174791;3789.5835758265216;0.0025;1.1225541549734979;0.0;0.0
1928;300645;IRSB100008782;1078.645787350034;0.523305638;0.0;-81.086334964;-1.4111535548130545;BNP PARIBAS;0.0;0.0;0.0;;;Swap;1078.645787350034;1077.2346337952208;0.0025;2.4033452789032093;0.0;0.0
1929;300645;IRSB100008795;987.5747052248771;0.44933100000000004;0.0;-60.213118343;-1.1093698246834982;BNP PARIBAS;0.0;0.0;0.0;;;Swap;987.5747052248771;986.4653354001936;0.0025;1.97410317658669;0.0;0.0
1930;300645;IRSB100008821;295.32473167572994;0.063018093;0.0;-3.035612483;-0.04652700351485299;BNP PARIBAS;0.0;0.0;0.0;;;Swap;295.32473167572994;295.2782046722151;0.0025;0.3200004448924456;0.0;0.0
1931;300645;IRSB100008858;10021.013858599687;0.53152449;0.0;-276.481188205;-13.316035701187829;NATIXIS;0.0;0.0;0.0;;;Swap;10021.013858599687;10007.697822898499;0.0025;1.2219843179017604;0.0;0.0
1932;300645;IRSB100008873;-522.7684093999999;0.046576115;0.0;-1.166289688;0.06087130388645369;BNP PARIBAS;0.0;0.0;0.0;;;Swap;-522.7684093999999;-522.7075380961135;0.0025;-0.00919314444054567;0.0;0.0
1933;300645;IRSB100009061;3681.926414550581;0.10411538000000001;0.0;-10.485071609999999;-0.9583629194574281;CREDIT AGRICOLE CORPORATE AND INVESTMENT BANK;0.0;0.0;0.0;;;Swap;3681.926414550581;3680.968051631123;0.0025;0.17533531789263299;0.0;0.0
1934;300645;IRSB100009088;7339.344296998971;0.276723523;0.0;-74.99886293700001;-5.077423025938784;CREDIT AGRICOLE CORPORATE AND INVESTMENT BANK;0.0;0.0;0.0;;;Swap;7339.344296998971;7334.2668739730325;0.0025;0.5323835029494;0.0;0.0
1935;300645;IRSB100009114;4492.628842150041;0.789067408;0.0;-182.18134681;-8.862467488953435;CREDIT AGRICOLE CORPORATE AND INVESTMENT BANK;0.0;0.0;0.0;;;Swap;4492.628842150041;4483.766374661088;0.0025;1.8044031757143386;0.0;0.0
1936;300645;IRSB100009124;1019.0026180750633;0.161651507;0.0;-9.973906259;-0.41180827212194854;CREDIT AGRICOLE CORPORATE AND INVESTMENT BANK;0.0;0.0;0.0;;;Swap;1019.0026180750633;1018.5908098029414;0.0025;0.4064145934520613;0.0;0.0
1937;300645;IRSB100009191;507.5557797000764;0.17809048000000002;0.0;-5.53033874;-0.2259771310839022;CREDIT AGRICOLE CORPORATE AND INVESTMENT BANK;0.0;0.0;0.0;;;Swap;507.5557797000764;507.32980256899253;0.0025;0.4505703106059423;0.0;0.0
1938;300645;IRSB100009204;4924.094198749592;0.6657745049999999;0.0;-260.097722669;-8.1958409443647;NATIXIS;0.0;0.0;0.0;;;Swap;4924.094198749592;4915.898357805227;0.0025;1.9874185243864257;0.0;0.0
1939;300645;IRSB100009217;5550.0739332252815;0.737008907;0.0;-318.299193362;-10.22613480823889;CREDIT AGRICOLE CORPORATE AND INVESTMENT BANK;0.0;0.0;0.0;;;Swap;5550.0739332252815;5539.847798417042;0.0025;2.172127913038032;0.0;0.0
1940;300645;IRSB100009252;9169.265030050574;0.698652458;0.0;-238.593492182;-16.015323878245695;SOCIETE GENERALE;0.0;0.0;0.0;;;Swap;9169.265030050574;9153.249706172328;0.0025;1.3503978738384426;0.0;0.0
1941;300645;IRSB100009272;8582.888423599628;0.663034792;0.0;-218.650765319;-14.226884101751471;CREDIT AGRICOLE CORPORATE AND INVESTMENT BANK;0.0;0.0;0.0;;;Swap;8582.888423599628;8568.661539497876;0.0025;1.3010137312414967;0.0;0.0
1942;300645;IRSB100009274;12992.649019899673;0.871260997;0.0;-370.089366794;-28.299970846872156;JP MORGAN SE;0.0;0.0;0.0;;;Swap;12992.649019899673;12964.3490490528;0.0025;1.5852717284879774;0.0;0.0
1943;300645;IRSB100009278;8455.630883024774;0.9424957469999999;0.0;-350.50997696800005;-19.92349036363176;SOCIETE GENERALE;0.0;0.0;0.0;;;Swap;8455.630883024774;8435.707392661143;0.0025;1.981037678479365;0.0;0.0
1944;300645;IRSB100009288;1411.202836074985;0.12055437999999999;0.0;-7.052940271;-0.4253167073931536;CREDIT AGRICOLE CORPORATE AND INVESTMENT BANK;0.0;0.0;0.0;;;Swap;1411.202836074985;1410.7775193675918;0.0025;0.24553625791169634;0.0;0.0
1945;300645;IRSB100009297;5756.590430199881;0.63563743;0.0;-135.302440786;-9.147760866537116;CREDIT AGRICOLE CORPORATE AND INVESTMENT BANK;0.0;0.0;0.0;;;Swap;5756.590430199881;5747.4426693333435;0.0025;1.2242455166690753;0.0;0.0
1946;300645;IRSB100009319;15050.900288051058;0.627417398;0.0;-385.19138285500003;-23.607991740716113;CREDIT AGRICOLE CORPORATE AND INVESTMENT BANK;0.0;0.0;0.0;;;Swap;15050.900288051058;15027.292296310341;0.0025;1.2682160513391514;0.0;0.0
1947;300645;IRSB100009346;17256.114661324405;0.895918679;0.0;-782.198160094;-38.650188630115736;CREDIT AGRICOLE CORPORATE AND INVESTMENT BANK;0.0;0.0;0.0;;;Swap;17256.114661324405;17217.46447269429;0.0025;2.031144180960538;0.0;0.0
1948;300645;IRSB100009369;4746.434146875017;0.895918678;0.0;-234.597223408;-10.631047515205807;CREDIT AGRICOLE CORPORATE AND INVESTMENT BANK;0.0;0.0;0.0;;;Swap;4746.434146875017;4735.803099359811;0.0025;2.133575191806946;0.0;0.0
1949;300645;IRSB100009384;4662.968788625216;0.408234076;0.0;-81.73318322200001;-4.758956887103136;NATIXIS;0.0;0.0;0.0;;;Swap;4662.968788625216;4658.209831738112;0.0025;0.846854285920071;0.0;0.0
1950;300645;IRSB100009392;16460.464561075445;0.663034805;0.0;-430.048938701;-27.284652276155168;NATIXIS;0.0;0.0;0.0;;;Swap;16460.464561075445;16433.17990879929;0.0025;1.317288158644279;0.0;0.0
1951;300645;IRSB100009422;2060.1858372498436;0.539744518;0.0;-43.280686052;-2.7799350292921083;NATIXIS;0.0;0.0;0.0;;;Swap;2060.1858372498436;2057.4059022205515;0.0025;1.0656764928740976;0.0;0.0
1952;300645;IRSB100009437;12928.322897625254;0.945235455;0.0;-869.773568435;-30.55077294130931;NOMURA FINANCIAL PRODUCTS EUROPE GMBH;0.0;0.0;0.0;;;Swap;12928.322897625254;12897.772124683945;0.0025;2.6293840531632005;0.0;0.0
1953;300645;IRSB100009444;3317.5881226503097;0.791807133;0.0;-153.089698718;-6.567224849676485;CREDIT AGRICOLE CORPORATE AND INVESTMENT BANK;0.0;0.0;0.0;;;Swap;3317.5881226503097;3311.020897800633;0.0025;1.9469964759038378;0.0;0.0
1954;300645;IRSB100009466;8807.66714109991;0.504127031;0.0;-174.43245370800003;-11.100457714697388;NATIXIS;0.0;0.0;0.0;;;Swap;8807.66714109991;8796.566683385212;0.0025;0.9998777574455013;0.0;0.0
1955;300645;IRSB100009474;11060.581694375;-3172.873811106;0.0;-237.868876546;87734.57498420216;JP MORGAN SE;0.0;0.0;0.0;;;Swap;11060.581694375;98795.15667857716;0.0025;21995.48439191476;0.0;0.0
1956;300645;SECL100006676;3.08753423;0.002739726;0.002739726;0.0;-4.652448793201539e-05;;0.0;0.0;0.0;;SECL100006676;Bond;3.08753423;3.087487705512068;0.002;0.00273974101219711;0.0035;0.002739752271344943
1957;300645;XS1179916017;1791133.9792224;0.170266581;0.170266581;34.8428827;-1829.8215525307387;;0.0;0.0;1792990.83;4.0;XS1179916017;Bond;1791133.9792224;1789304.1576698695;0.0025;0.16985273342190899;0.0035;0.1696871943906726
1958;300645;XS1240964483;9900944.491743;0.167918414;0.167918414;189.8733402;-10806.580825010884;;0.0;0.0;9912065.014;7.0;XS1240964483;Bond;9900944.491743;9890137.91091799;0.0025;0.16750947309196998;0.004;0.16726410854715196
1959;300645;XS2152899584;2187463.3671939997;0.508080309;0.508080309;165.4502731;-6668.442381180648;;0.0;0.0;2194135.945;6.0;XS2152899584;Bond;2187463.3671939997;2180794.924812819;0.0025;0.5068347810713029;0.0035;0.506336569899824
1960;300645;XS2156787090;3033228.1735568;0.042706119;0.042706119;13.17662672;-777.2244200044161;;0.0;0.0;3034026.164;6.0;XS2156787090;Bond;3033228.1735568;3032450.9491367955;0.0025;0.04260207619459984;0.0035;0.04256045907243977
1961;300645;XS2180510732;19539337.156888;0.154727527;0.154727527;341.5121386;-19651.276563779196;;0.0;0.0;19559539.75;8.0;XS2180510732;Bond;19539337.156888;19519685.880324222;0.0025;0.15435042390811002;0.004;0.154124162052976
1962;300645;XS2264074647;5013655.948402;0.557857549;0.557857549;434.8666602;-16781.434913428857;;0.0;0.0;5030442.466;6.0;XS2264074647;Bond;5013655.948402;4996874.513488571;0.0025;0.5564671506530757;0.0035;0.5559109913143061
1963;300645;XS2635167880;4906126.4848815;0.202739726;0.204227263;20.19240597;-6494.525983922184;;0.0;0.0;4912600.35;7.0;XS2635167880;Bond;4906126.4848815;4899631.958897578;0.0025;0.20273959066027697;0.004;0.20422946797025882
1964;300645;XS2812505829;10333946.858653525;0.005851474;0.067759734;-3.606626109;-2952.074014651975;;0.0;0.0;10336930.11;8.0;XS2812505829;Bond;10333946.858653525;10330994.784638872;0.0025;0.005860284789653786;0.004;0.06779205983066117
1965;300645;XS2813883043;9974195.730175199;0.078514664;0.078514664;82.5192803;-5090.284071762113;;0.0;0.0;9979349.449;8.0;XS2813883043;Bond;9974195.730175199;9969105.446103437;0.0025;0.07832324346575223;0.004;0.07820839114520357
1966;300645;XS2840087667;4111214.70914085;0.01093343;0.181640205;-11.81060583;-3099.4217258628423;;0.0;0.0;4114348.115;8.0;XS2840087667;Bond;4111214.70914085;4108115.2874149876;0.0025;0.011005548291582316;0.004;0.1818870887632552
1967;300645;XS2843279691;8218356.071473875;0.011511337;0.195321437;-27.40264904;-6657.395136443637;;0.0;0.0;8225082.704;8.0;XS2843279691;Bond;8218356.071473875;8211698.676337431;0.0025;0.011595026338110524;0.004;0.19560741175246568
1968;300645;XS2857881614;6945174.597994001;0.257663332;0.257663332;221.1846306;-10737.100969445368;;0.0;0.0;6956037.451;8.0;XS2857881614;Bond;6945174.597994001;6934437.497024556;0.0025;0.2570331270236301;0.0035;0.2567810450330822
1969;300645;XS2865535673;4093648.17998335;0.01549297;0.290416272;-30.87549771;-4914.005094348989;;0.0;0.0;4098612.974;8.0;XS2865535673;Bond;4093648.17998335;4088734.174889001;0.0025;0.015682127427880176;0.004;0.2910553302003001
1970;300645;XS2889872540;3057296.623086625;0.019345957;0.391012364;-42.37418416;-4929.628942685471;;0.0;0.0;3062277.255;8.0;XS2889872540;Bond;3057296.623086625;3052366.994143939;0.0025;0.019693393098225813;0.004;0.3921783273681558
1971;300645;XS2895045164;7128796.9043580005;0.019937579;0.407332841;-107.4037836;-11970.49976249558;;0.0;0.0;7140891.286;8.0;XS2895045164;Bond;7128796.9043580005;7116826.4045955045;0.0025;0.020315227429854508;0.004;0.4085991686329702
1972;300645;XS2903381072;4934330.167291;0.448169426;0.448169426;316.2758333;-14374.203472000394;;0.0;0.0;4948871.715;8.0;XS2903381072;Bond;4934330.167291;4919955.963818999;0.0025;0.44706914021833827;0.004;0.4464089687493412
1973;300645;XS2908585263;5076842.89850325;0.02686668;0.488775424;-107.6928768;-10266.73894510016;;0.0;0.0;5087163.79;;XS2908585263;Bond;5076842.89850325;5066576.15955815;0.0025;0.027398798754066124;0.004;0.49057953239295443
1974;300645;XS2908892438;4061994.36555025;0.026961676;0.559664749;-116.1412655;-9367.215668134857;;0.0;0.0;4071460.26;8.0;XS2908892438;Bond;4061994.36555025;4052627.149882115;0.0025;0.027678297777255736;0.004;0.5620613346408112
1975;300645;XS2914666057;8115313.412793251;0.023259272;0.502537065;-187.654976;-16784.873841164528;;0.0;0.0;8132273.639;8.0;XS2914666057;Bond;8115313.412793251;8098528.538952086;0.0025;0.023838713605650236;0.004;0.5044721816008997
1976;300645;XS2914760405;2954369.0910095;0.502001335;0.502001335;220.0555971;-9640.131980501785;;0.0;0.0;2964134.493;8.0;XS2914760405;Bond;2954369.0910095;2944728.9590289984;0.0025;0.5007692282981361;0.004;0.5000299642770178
1977;300645;XS2920487852;9846193.347355999;0.524188418;0.524188418;777.8686473;-33548.193341472324;;0.0;0.0;9880151.292;8.0;XS2920487852;Bond;9846193.347355999;9812645.154014526;0.0025;0.5229003025552112;0.004;0.522127433288338
1978;300645;XS2942506978;4039216.65760425;0.027033793;0.616680088;-141.7448559;-10236.60630295938;;0.0;0.0;4049564.33;8.0;XS2942506978;Bond;4039216.65760425;4028980.0513012907;0.0025;0.027912924180505887;0.004;0.6196049519086962
1979;300645;XS2975114831;9992814.7752662;0.021653326;0.021653326;21.55542411;-1406.4548939119627;;0.0;0.0;9994238.612;8.0;XS2975114831;Bond;9992814.7752662;9991408.320372289;0.0025;0.021600570858059245;0.004;0.02156891777289479
1980;300645;XS2976509716;9918164.546922;0.271282887;0.271282887;336.3167078;-16143.76987218028;;0.0;0.0;9934495.224;8.0;XS2976509716;Bond;9918164.546922;9902020.777049819;0.0025;0.2706191438121322;0.0035;0.27035364653698507
1981;300645;XS2978742414;2907214.2527825003;0.779073884;0.779073884;403.0214062;-37371.42254233443;;0.0;0.0;2945428.157;8.0;XS2978742414;Bond;2907214.2527825003;2869842.830240166;0.0025;0.7771255733565222;0.014;0.7681633443965245
1982;300645;XS2993382667;5882084.379427;0.656870845;0.656870845;634.0858038;-25114.503288390842;;0.0;0.0;5907543.464;8.0;XS2993382667;Bond;5882084.379427;5856969.876138609;0.0025;0.6552545555603733;0.004;0.6542847818965972
1983;300645;XS2993406359;5984290.689864201;0.081231904;0.081231904;51.35982306;-2916.6919609628544;;0.0;0.0;5987243.303;8.0;XS2993406359;Bond;5984290.689864201;5981373.997903238;0.0025;0.08103383952519044;0.0035;0.08095461373526662
1984;300645;XS2994523103;5870122.5099255005;0.727539407;0.727539407;731.5815419;-27759.845424275576;;0.0;0.0;5898272.622;8.0;XS2994523103;Bond;5870122.5099255005;5842362.664501225;0.0025;0.7257469913392434;0.004;0.7246715419427894
1985;300645;XS3002279886;4897122.489173;0.689484831;0.689484831;565.3194745;-21947.195866919345;;0.0;0.0;4919374.234;8.0;XS3002279886;Bond;4897122.489173;4875175.293306081;0.0025;0.6877873265151601;0.004;0.686768823824256
1986;300645;XS3004565456;4874768.2120155;0.861070226;0.861070226;776.2813614;-27283.86547911572;;0.0;0.0;4902443.513;8.0;XS3004565456;Bond;4874768.2120155;4847484.346536385;0.0025;0.8589427114894892;0.004;0.8576662027831826
1987;300645;XS3005193340;4981414.006267999;0.116465203;0.116465203;63.37073089;-3480.968360802275;;0.0;0.0;4984937.606;8.0;XS3005193340;Bond;4981414.006267999;4977933.037907197;0.0025;0.11618107750183586;0.0035;0.1160674273025702
1988;300645;XS3006178597;9814301.08727;0.618826131;0.618826131;973.2089467;-39476.74880697851;;0.0;0.0;9854312.295;8.0;XS3006178597;Bond;9814301.08727;9774824.338463021;0.0025;0.6173044372428865;0.004;0.6163914209886184
1989;300645;XS3013234177;2921108.5078315004;0.884966506;0.884966506;484.2130763;-16803.04073384636;;0.0;0.0;2938165.97;8.0;XS3013234177;Bond;2921108.5078315004;2904305.467097654;0.0025;0.8827803335949567;0.004;0.8814686301519307
1990;300645;XS3028074857;2440852.6046195;0.781417852;0.781417852;337.072914;-12397.61769577744;;0.0;0.0;2453435.705;8.0;XS3028074857;Bond;2440852.6046195;2428454.986923723;0.0025;0.7794919770954187;0.004;0.7783364521526699
1991;300645;XS3038488436;5827588.757857501;0.971942541;0.971942541;1111.192078;-36816.52926389784;;0.0;0.0;5864980.014;8.0;XS3038488436;Bond;5827588.757857501;5790772.228593603;0.0025;0.969537275580582;0.004;0.9680941163289312
1992;300647;BE0002819002;2359420.593264;1.632135322;1.632135322;1024.416996;-46210.72427664444;;0.0;0.0;2408005.137;6.0;BE0002819002;Bond;2359420.593264;2313209.8689873554;0.0025;1.627940446403166;0.0095;1.6161947947320303
1993;300647;BE0002990712;2245556.64632;4.248782158;4.248782158;5674.683919;-114490.57216395278;;0.0;0.0;2371132.877;7.0;BE0002990712;Bond;2245556.64632;2131066.074156047;0.0025;4.230735725955953;0.0095;4.180205716232622
1994;300647;BE0390161272;2848835.1846;7.697664052;7.697664052;11893.46199;-131576.25714340922;;0.0;0.0;2990574.411;6.0;BE0390161272;Bond;2848835.1846;2717258.9274565903;0.0025;7.741427860410633;0.0035;7.758933383774886
1995;300647;BE6340794013;2217427.2676959997;2.670960095;2.670960095;2350.990291;-71071.91694697077;;0.0;0.0;2293760.959;6.0;BE6340794013;Bond;2217427.2676959997;2146355.350749029;0.0025;2.662289331379778;0.0095;2.6380111932431567
1996;300647;BE6342251038;2796663.491911;2.568841256;2.568841256;2788.304487;-118539.04519330498;;0.0;0.0;2926311.781;5.0;BE6342251038;Bond;2796663.491911;2678124.4467176953;0.0025;2.5604133425094306;0.014;2.5216449404528123
1997;300647;BE6343825251;4178096.7321400004;6.589266279;6.589266279;23922.76801;-178948.8473986863;;0.0;0.0;4369746.479;6.0;BE6343825251;Bond;4178096.7321400004;3999147.884741314;0.0025;6.554668420866251;0.004;6.533909705986002
1998;300647;BE6350704175;1814503.7908;12.85344396;12.85344396;42181.88048;-139935.73674153216;;0.0;0.0;1969525.144;8.0;BE6350704175;Bond;1814503.7908;1674568.054058468;0.0025;12.685294986732456;0.0035;12.61803539742544
1999;300647;BE6355215664;474906.873869;7.639307928;7.639307928;3610.723744;-23581.73900295946;;0.0;0.0;500362.6027;6.0;BE6355215664;Bond;474906.873869;451325.13486604055;0.0025;7.595130135031015;0.004;7.568623459249624
2000;300647;CDSB100003597;545890.1658424999;2.500703107;0.0;0.0;-3412.7730845077117;JP MORGAN SE;0.0;0.0;0.0;;CDSB100003597;CDS Index;545890.1658424999;542477.3927579923;0.0025;2.5163368970733986;0.014;0.0
2001;300647;CDSO100000060;2103432.285621;1.764982979;-219.4514615;0.0;6453136.743987394;BNP PARIBAS;0.0;0.0;517079.6106;;;CDS Index Option;2103432.285621;8556569.029608393;0.0025;1.7727708912903992;0.014;454.77375386280374
2002;300647;CDSO100000064;-1170883.3420907499;1.661825405;-237.0264574;0.0;-3880560.119251755;;0.0;0.0;-271401.1968;;;CDS Index Option;-1170883.3420907499;-5051443.461342505;0.0025;1.6687295641917586;0.014;549.5151237063161
2003;300647;CH1414003462;2566568.600085;6.756722691;6.756722691;14928.95935;-112720.34993831575;;0.0;0.0;2689217.808;8.0;CH1414003462;Bond;2566568.600085;2453848.2501466842;0.0025;6.725438447010183;0.004;6.706667900616293
2004;300647;CSH_EUR_DB;6996187.5299;0.0;0.0;0.0;0.0;;0.0;0.0;7006490.2;;;Cash;6996187.5299;6996187.5299;0.0;0.0;0.0;0.0
2005;300647;CSH_GBP_DB;1656.6585662250002;0.0;0.0;0.0;-43.567615153846184;;0.0;16.99136991;1699.136991;;;Cash;1656.6585662250002;1613.090951071154;0.0;0.0;0.0;0.0
2006;300647;CSH_USD_DB;88641.58072575;0.0;0.0;0.0;-2331.1395325641042;;0.0;909.1444177;90914.44177;;;Cash;88641.58072575;86310.44119318589;0.0;0.0;0.0;0.0
2007;300647;DE000A289N78;844998.949716;1.855040497;1.855040497;455.7616434;-18810.087259747757;;0.0;0.0;865001.7123;4.0;DE000A289N78;Bond;844998.949716;826188.8624562522;0.0025;1.8501593460639254;0.0095;1.8364921234429163
2008;300647;DE000A2YPFA1;773368.943816;4.193946805;4.193946805;1794.969211;-38921.618532040055;;0.0;0.0;815998.8575;7.0;DE000A2YPFA1;Bond;773368.943816;734447.32528396;0.0025;4.179895429508067;0.0095;4.140551578130653
2009;300647;DE000A30VQB2;947963.157454;4.683446442;4.683446442;2752.877323;-28858.27540001264;;0.0;0.0;978510.8219;6.0;DE000A30VQB2;Bond;947963.157454;919104.8820539874;0.0025;4.665683321141956;0.004;4.655025448627129
2010;300647;DE000A3823H4;855849.6461799999;7.631761654;7.631761654;6918.0233;-78379.68613567189;;0.0;0.0;942194.0959;7.0;DE000A3823H4;Bond;855849.6461799999;777469.960044328;0.0025;7.575290551001974;0.0095;7.4171714626075005
2011;300647;DE000A3823S1;963861.073856;3.660190466;3.660190466;-4276.838276;-58210.59936575817;;0.0;0.0;1027021.37;5.0;DE000A3823S1;Bond;963861.073856;905650.4744902418;0.0025;3.8046127938957155;0.014;4.468955502216006
2012;300647;DE000A3829J7;1100287.3272935;6.999590774;6.999590774;7251.429105;-50060.14666167255;;0.0;0.0;1154258.178;6.0;DE000A3829J7;Bond;1100287.3272935;1050227.1806318276;0.0025;6.957314281548088;0.004;6.931948386076941
2013;300647;DE000A383HC1;906818.51664;4.286878356;4.286878356;-10886.30082;-64142.441084766695;;0.0;0.0;977149.863;6.0;DE000A383HC1;Bond;906818.51664;842676.0755552334;0.0025;4.6329451417879035;0.014;6.22485235641226
2014;300647;DE000A383QR0;3371927.28428;10.44323378;10.44323378;50313.57824;-211282.94951337937;;0.0;0.0;3601075.178;6.0;DE000A383QR0;Bond;3371927.28428;3160644.3347666203;0.0025;10.342853815465205;0.0035;10.302701829651287
2015;300647;DE000A383QV2;884487.933354;4.285873598;4.285873598;2129.890435;-24640.222628524698;;0.0;0.0;910533.4521;6.0;DE000A383QV2;Bond;884487.933354;859847.7107254753;0.0025;4.27159414996083;0.004;4.263026481137328
2016;300647;DE000A3E5FR9;1615352.539783;5.668987154;5.668987154;6364.530063;-59523.18318187216;;0.0;0.0;1677019.726;6.0;DE000A3E5FR9;Bond;1615352.539783;1555829.356601128;0.0025;5.650830056973503;0.004;5.639935798757605
2017;300647;DE000A3E5MH6;1891474.0767269998;4.490347655;4.490347655;4810.999241;-55206.94520200843;;0.0;0.0;1948236.822;6.0;DE000A3E5MH6;Bond;1891474.0767269998;1836267.1315249915;0.0025;4.477167748521652;0.004;4.469259804634644
2018;300647;DE000A3E5MJ2;2728182.43491;7.496414807;7.496414807;18778.20117;-132935.31680816814;;0.0;0.0;2869381.479;6.0;DE000A3E5MJ2;Bond;2728182.43491;2595247.1181018315;0.0025;7.464829281288094;0.004;7.445877965860951
2019;300647;DE000A3KNP96;706677.739608;3.807292296;3.807292296;1324.693531;-17488.436639467513;;0.0;0.0;724587.0685;7.0;DE000A3KNP96;Bond;706677.739608;689189.3029685325;0.0025;3.7966675589466417;0.004;3.7902927167146268
2020;300647;DE000A3LQ9S2;3094585.901336;1.486966081;1.486966081;1153.719436;-29910.03775517839;;0.0;0.0;3125582.466;6.0;DE000A3LQ9S2;Bond;3094585.901336;3064675.8635808215;0.0025;1.4831732842737706;0.004;1.4808976062380328
2021;300647;DE000A3LT423;1007402.2606240001;7.456606516;7.456606516;7143.537625;-45070.81356481229;;0.0;0.0;1056316.192;7.0;DE000A3LT423;Bond;1007402.2606240001;962331.4470591878;0.0025;7.418332771816503;0.0035;7.403023274143104
2022;300647;DE000A3MQNN9;2930025.966248;0.778033584;0.778033584;401.0997117;-14817.780924264463;;0.0;0.0;2944920.0;4.0;DE000A3MQNN9;Bond;2930025.966248;2915208.1853237357;0.0025;0.7761246024849776;0.004;0.7749792135759642
2023;300647;DE000A4DE9Y3;2696158.86724;4.395486904;4.395486904;6770.014715;-77031.0514483698;;0.0;0.0;2778449.589;7.0;DE000A4DE9Y3;Bond;2696158.86724;2619127.81579163;0.0025;4.381013039566535;0.004;4.372328720906457
2024;300647;DE000CZ439B6;2290694.2844975;2.755198333;2.755198333;2443.23533;-41023.5609813909;;0.0;0.0;2333898.63;6.0;DE000CZ439B6;Bond;2290694.2844975;2249670.723516109;0.0025;2.747511337111699;0.004;2.742899139578718
2025;300647;DE000CZ439T8;204555.96424865;4.234479573;4.234479573;484.8096014;-5630.222338950473;;0.0;0.0;210560.0;7.0;DE000CZ439T8;Bond;204555.96424865;198925.74190969954;0.0025;4.220055153683441;0.004;4.2114005020935075
2026;300647;DE000CZ43ZB3;3479063.0565710003;1.877032956;1.877032956;1898.688295;-42447.05408570809;;0.0;0.0;3523308.219;6.0;DE000CZ43ZB3;Bond;3479063.0565710003;3436616.002485292;0.0025;1.8721974122984812;0.004;1.8692960860775698
2027;300647;DE000CZ45WB5;1932439.6452000001;4.814081917;4.814081917;6543.440857;-111635.07301981459;;0.0;0.0;2058632.877;5.0;DE000CZ45WB5;Bond;1932439.6452000001;1820804.5721801855;0.0025;4.787367788531203;0.0095;4.71256822881857
2028;300647;DE000CZ45Y30;846096.087696;7.672355638;7.672355638;6542.991165;-42195.075576706964;;0.0;0.0;892331.5069;6.0;DE000CZ45Y30;Bond;846096.087696;803901.012119293;0.0025;7.626189395906963;0.004;7.598489650651142
2029;300647;DE000CZ45Y55;366383.28164400003;5.656040284;5.656040284;1567.548526;-24867.343204350986;;0.0;0.0;394267.0137;6.0;DE000CZ45Y55;Bond;366383.28164400003;341515.93843964906;0.0025;5.629056287903526;0.0095;5.553501098833397
2030;300647;DE000CZ45ZA0;482861.07312749996;5.0965712;5.0965712;1619.684953;-15996.082952867615;;0.0;0.0;500038.9726;7.0;DE000CZ45ZA0;Bond;482861.07312749996;466864.99017463234;0.0025;5.077650049529481;0.004;5.066297359247169
2031;300647;DE000DL19VU0;1808839.14157;5.432425654;5.432425654;6654.299473;-63871.497018057344;;0.0;0.0;1877990.225;7.0;DE000DL19VU0;Bond;1808839.14157;1744967.6445519426;0.0025;5.414234576295778;0.004;5.403319929673245
2032;300647;DUM25 Cmdty;0.0;0.0;0.0;-3834.712571;54428.55556000001;;0.0;0.0;-7059030.0;;;Bond Future;0.0;54428.55556000001;0.0025;0.0;0.0015;0.0
2033;300647;ES0213679OP3;3164862.602885;4.656663194;4.656663194;9147.219056;-95795.04477999051;;0.0;0.0;3267236.301;6.0;ES0213679OP3;Bond;3164862.602885;3069067.5581050096;0.0025;4.638618422384458;0.004;4.627791559415133
2034;300647;ES0265936072;3350226.625955;4.407748379;4.407748379;8446.654978;-95985.21386893265;;0.0;0.0;3452773.973;5.0;ES0265936072;Bond;3350226.625955;3254241.4120860673;0.0025;4.393288518772193;0.004;4.384612602635509
2035;300647;FI4000562202;803397.562669;3.085214777;3.085214777;1097.501814;-40897.79153051101;;0.0;0.0;847593.7534;5.0;FI4000562202;Bond;803397.562669;762499.771138489;0.0025;3.0748592623470867;0.014;3.0272238949436856
2036;300647;FI4000571260;996427.4620299999;3.445910568;3.445910568;1705.761344;-56654.39870730083;;0.0;0.0;1057912.603;5.0;FI4000571260;Bond;996427.4620299999;939773.0633226992;0.0025;3.432799389859044;0.014;3.3724879704106456
2037;300647;FR0010582452;43670889.34605;0.033149011;0.296124349;548.5318323;-87429.20789999803;;0.0;2.03e-07;43721711.23;;FR0010582452;Fund Unit;43670889.34605;43583460.13815001;0.0;0.033149011;0.0;0.296124349
2038;300647;FR0011949403;412848.25519808003;0.173155294;0.173155294;8.101002535;-857.8423320745269;;0.0;0.0;413746.0274;2.0;FR0011949403;Bond;412848.25519808003;411990.4128660055;0.0025;0.1727396951931066;0.0095;0.1715760185338052
2039;300647;FR0013067196;903517.86636;1.120125631;1.120125631;216.517424;-12144.642242115226;;0.0;0.0;916270.8903;5.0;FR0013067196;Bond;903517.86636;891373.2241178848;0.0025;1.117271378775131;0.0095;1.1092794725454977
2040;300647;FR0013312154;376844.271724;2.65563444;2.65563444;379.1033403;-12009.127518083671;;0.0;0.0;389754.7945;6.0;FR0013312154;Bond;376844.271724;364835.1442059163;0.0025;2.648115558182671;0.0095;2.627062689094149
2041;300647;FR0013320058;1132323.169619;2.779051528;2.779051528;1210.061398;-20454.098825676654;;0.0;0.0;1153152.164;5.0;FR0013320058;Bond;1132323.169619;1111869.0707933235;0.0025;2.7716430028138217;0.004;2.767197887702115
2042;300647;FR0013430741;931641.191792;4.9831988;4.9831988;2888.096299;-30176.596248295016;;0.0;0.0;962758.1233;6.0;FR0013430741;Bond;931641.191792;901464.5955437049;0.0025;4.96777924480599;0.004;4.958527511689583
2043;300647;FR0013430840;1833823.6121425;3.952675615;3.952675615;3656.873318;-47115.31418052471;;0.0;0.0;1882119.178;5.0;FR0013430840;Bond;1833823.6121425;1786708.2979619752;0.0025;3.9418816039187052;0.004;3.935405197269928
2044;300647;FR0013447877;479681.92294899997;1.647128103;1.647128103;208.9407886;-4740.585454742271;;0.0;0.0;484662.6712;4.0;FR0013447877;Bond;479681.92294899997;474941.3374942577;0.0025;1.6430211316555363;0.0035;1.6413783431177509
2045;300647;FR0013456621;641814.5366405001;6.56279897;6.56279897;3365.547195;-27378.648569969453;;0.0;0.0;670486.3562;6.0;FR0013456621;Bond;641814.5366405001;614435.8880705306;0.0025;6.53937979082489;0.004;6.5253282833198245
2046;300647;FR0013457967;782756.9831225;4.353630197;4.353630197;1886.211378;-22150.923851125783;;0.0;0.0;805512.5753;6.0;FR0013457967;Bond;782756.9831225;760606.0592713743;0.0025;4.340772876821506;0.004;4.333058484714409
2047;300647;FR0013463775;431582.57592;4.823246894;4.823246894;1325.872516;-24979.55182572791;;0.0;0.0;459267.1233;6.0;FR0013463775;Bond;431582.57592;406603.02409427206;0.0025;4.804603225365288;0.0095;4.752400953188095
2048;300647;FR0013476611;1035892.486376;1.723500831;1.723500831;491.8857152;-21424.338733148303;;0.0;0.0;1058542.808;7.0;FR0013476611;Bond;1035892.486376;1014468.1476428517;0.0025;1.7190559078008283;0.0095;1.7066101228431476
2049;300647;FR0013508512;2116762.61496885;0.058687266;0.058687266;12.82975792;-807.475569182961;;0.0;0.0;2117592.247;6.0;FR0013508512;Bond;2116762.61496885;2115955.139399667;0.0025;0.058544350782764175;0.004;0.058458601652422684
2050;300647;FR0013515749;2619749.255265;4.806574589;4.806574589;7686.781685;-81848.13129940475;;0.0;0.0;2707374.658;7.0;FR0013515749;Bond;2619749.255265;2537901.123965595;0.0025;4.79097831342124;0.004;4.781620548073985
2051;300647;FR0013518024;1995087.9001702;0.207727047;0.207727047;48.96220096;-2693.8191670506117;;0.0;0.0;1997863.014;5.0;FR0013518024;Bond;1995087.9001702;1992394.0810031495;0.0025;0.207221388932069;0.004;0.20691799409131043
2052;300647;FR0013523602;784844.6280039999;4.807083686;4.807083686;2396.295473;-45273.76568787321;;0.0;0.0;834841.9726;7.0;FR0013523602;Bond;784844.6280039999;739570.8623161267;0.0025;4.7885235697088255;0.0095;4.736555244093537
2053;300647;FR0013533999;2354575.3738880004;2.560760521;2.560760521;1799.40372;-72354.04393405448;;0.0;0.0;2430298.913;5.0;FR0013533999;Bond;2354575.3738880004;2282221.3299539457;0.0025;2.558048861934452;0.0095;2.5504562165509177
2054;300647;FR00140009W6;2743224.696452;0.552870321;0.552870321;231.8901831;-18199.770222030536;;0.0;0.0;2762295.89;5.0;FR00140009W6;Bond;2743224.696452;2725024.9262299696;0.0025;0.5515211857719267;0.0095;0.5477436071333214
2055;300647;FR0014000OZ2;1569191.9018879998;0.630868859;0.630868859;159.4799777;-11879.451656353469;;0.0;0.0;1581567.123;7.0;FR0014000OZ2;Bond;1569191.9018879998;1557312.4502316464;0.0025;0.629323049922782;0.0095;0.6249947845065713
2056;300647;FR0014000RR2;1919220.077694;2.976890213;2.976890213;2316.187724;-34279.84479528221;;0.0;0.0;1955567.466;6.0;FR0014000RR2;Bond;1919220.077694;1884940.2328987177;0.0025;2.9688739513001496;0.0035;2.9656674466202095
2057;300647;FR0014001IM0;964229.340211;5.484001463;5.484001463;3569.044309;-34370.92823050022;;0.0;0.0;999747.4521;6.0;FR0014001IM0;Bond;964229.340211;929858.4119804997;0.0025;5.466650954883033;0.004;5.456240650012852
2058;300647;FR0014003Z81;894503.1691374;0.199555054;0.199555054;20.92247282;-1071.01576932231;;0.0;0.0;895563.1233;5.0;FR0014003Z81;Bond;894503.1691374;893432.1533680777;0.0025;0.19906985832776514;0.0035;0.1988757800588712
2059;300647;FR0014006IU2;3332544.5620075003;0.615941112;0.615941112;327.5509546;-13342.232821530943;;0.0;0.0;3346310.274;7.0;FR0014006IU2;Bond;3332544.5620075003;3319202.329185969;0.0025;0.6144323570202376;0.004;0.6135271040323802
2060;300647;FR0014007YA9;3200149.81356;3.630555433;3.630555433;5640.881035;-139419.85550441034;;0.0;0.0;3345867.123;6.0;FR0014007YA9;Bond;3200149.81356;3060729.95805559;0.0025;3.6194404448824296;0.0095;3.588318478153233
2061;300647;FR0014008PK4;2255167.667926;2.782091677;2.782091677;2415.306627;-40781.54079464676;;0.0;0.0;2298098.63;7.0;FR0014008PK4;Bond;2255167.667926;2214386.127131353;0.0025;2.7746665177579315;0.004;2.770211422212691
2062;300647;FR0014009HA0;2969769.5337880002;1.908823613;1.908823613;1676.237059;-68025.19453515044;;0.0;0.0;3041875.0;8.0;FR0014009HA0;Bond;2969769.5337880002;2901744.3392528496;0.0025;1.9038217974367342;0.0095;1.8898167138595896
2063;300647;FR001400CSG4;2769754.840446;1.176119569;1.176119569;711.5705211;-21174.158649676585;;0.0;0.0;2791508.178;6.0;FR001400CSG4;Bond;2769754.840446;2748580.6817963235;0.0025;1.1731550270436624;0.004;1.17137630186986
2064;300647;FR001400E946;3722766.029675;6.406042588;6.406042588;19889.03586;-155013.28525317519;;0.0;0.0;3890559.63;6.0;FR001400E946;Bond;3722766.029675;3567752.744421825;0.0025;6.375072478732521;0.004;6.3564904131720334
2065;300647;FR001400EHG3;2119675.309421;4.147789175;4.147789175;4831.482043;-57147.780969052794;;0.0;0.0;2180619.863;8.0;FR001400EHG3;Bond;2119675.309421;2062527.5284519473;0.0025;4.133815811108983;0.004;4.125431792774373
2066;300647;FR001400F0H3;2722697.203872;3.224765432;3.224765432;3878.632485;-52680.35894909689;;0.0;0.0;2777662.986;6.0;FR001400F0H3;Bond;2722697.203872;2670016.844922903;0.0025;3.2151493319971793;0.0035;3.2113028919960507
2067;300647;FR001400F0U6;2319602.55547;0.97809403;0.97809403;-251.1113117;-13612.736468867704;;0.0;0.0;2333646.058;6.0;FR001400F0U6;Bond;2319602.55547;2305989.819001132;0.0025;0.9831921043280127;0.0035;0.9852313340592178
2068;300647;FR001400F2H9;2905409.75052;4.232918069;4.232918069;6792.516123;-147580.33716989867;;0.0;0.0;3065403.846;6.0;FR001400F2H9;Bond;2905409.75052;2757829.413350101;0.0025;4.21926491310045;0.0095;4.181036076581711
2069;300647;FR001400GDJ1;1175538.250496;4.174554731;4.174554731;2820.262184;-29444.09259047724;;0.0;0.0;1207084.247;7.0;FR001400GDJ1;Bond;1175538.250496;1146094.1579055227;0.0025;4.158143895723448;0.0035;4.151579561612827
2070;300647;FR001400I7P8;1073202.4323880002;2.769179012;2.769179012;1213.536351;-35662.67581675439;;0.0;0.0;1111482.877;6.0;FR001400I7P8;Bond;1073202.4323880002;1037539.7565712458;0.0025;2.760080847144272;0.0095;2.7346059855482343
2071;300647;FR001400KKC3;3510556.21448;3.435389537;3.435389537;5853.967187;-198992.1134565362;;0.0;0.0;3731262.836;5.0;FR001400KKC3;Bond;3510556.21448;3311564.101023464;0.0025;3.42320597335979;0.014;3.3671615806148245
2072;300647;FR001400KXW4;1442696.430752;1.192407596;1.192407596;378.9921686;-10321.693096504638;;0.0;0.0;1453353.725;6.0;FR001400KXW4;Bond;1442696.430752;1432374.7376554955;0.0025;1.1893947581864375;0.0035;1.1881896230610125
2073;300647;FR001400L5X1;2764009.0675365003;3.110030514;3.110030514;4027.246631;-141836.51692668485;;0.0;0.0;2920387.671;5.0;FR001400L5X1;Bond;2764009.0675365003;2622172.5506098154;0.0025;3.09778546588903;0.014;3.041458244578569
2074;300647;FR001400LCK1;3188149.76238;4.170222022;4.170222022;-13012.56365;-79771.75409106686;;0.0;0.0;3271802.466;6.0;FR001400LCK1;Bond;3188149.76238;3108378.0082889334;0.0025;4.3157374237781765;0.0035;4.373943584489447
2075;300647;FR001400LWN3;1657147.4919210002;5.551906977;5.551906977;6713.728276;-59802.13669504263;;0.0;0.0;1721518.904;8.0;FR001400LWN3;Bond;1657147.4919210002;1597345.3552259575;0.0025;5.527681744161377;0.004;5.513146604458204
2076;300647;FR001400LZO4;609609.515464;6.87017409;6.87017409;3766.076409;-25128.740988949365;;0.0;0.0;636542.2192;6.0;FR001400LZO4;Bond;609609.515464;584480.7744750507;0.0025;6.833726059245147;0.0035;6.819146846943205
2077;300647;FR001400M1X9;1498049.71416;6.31129475;6.31129475;8696.622804;-113455.59955460412;;0.0;0.0;1626531.507;7.0;FR001400M1X9;Bond;1498049.71416;1384594.1146053958;0.0025;6.265743440359859;0.0095;6.138199773367466
2078;300647;FR001400M998;2187245.593076;3.947458128;3.947458128;4552.99699;-51804.36236592023;;0.0;0.0;2241512.096;6.0;FR001400M998;Bond;2187245.593076;2135441.23071008;0.0025;3.9343738885631523;0.0035;3.9291401927884135
2079;300647;FR001400MF86;2047363.08516;7.085598744;7.085598744;8387.543924;-87040.75982832999;;0.0;0.0;2140590.699;7.0;FR001400MF86;Bond;2047363.08516;1960322.32533167;0.0025;7.108694155503335;0.0035;7.11793232010467
2080;300647;FR001400N2U2;2445488.50172;4.237879767;4.237879767;5350.160098;-124364.23490244399;;0.0;0.0;2578532.609;6.0;FR001400N2U2;Bond;2445488.50172;2321124.266817556;0.0025;4.228084643513116;0.0095;4.200658297749839
2081;300647;FR001400N3F1;2948715.75562;3.313873608;3.313873608;4385.874987;-58630.02792025738;;0.0;0.0;3009121.816;6.0;FR001400N3F1;Bond;2948715.75562;2890085.7276997427;0.0025;3.3041433837874887;0.0035;3.300251294102484
2082;300647;FR001400N8H6;1117681.17138;8.547496728;8.547496728;10625.40193;-57320.256931906544;;0.0;0.0;1179948.0;6.0;FR001400N8H6;Bond;1117681.17138;1060360.9144480934;0.0025;8.492479768555523;0.0035;8.47047298477773
2083;300647;FR001400O671;1643594.282924;5.045635092;5.045635092;5635.267945;-99515.72389118293;;0.0;0.0;1754242.808;6.0;FR001400O671;Bond;1643594.282924;1544078.559032817;0.0025;5.023565558359386;0.0095;4.961770864165664
2084;300647;FR001400O9D2;1334609.80811;8.632156139;8.632156139;13073.485;-74883.64161360126;;0.0;0.0;1416967.233;8.0;FR001400O9D2;Bond;1334609.80811;1259726.1664963989;0.0025;8.573548044450087;0.004;8.538383187720138
2085;300647;FR001400OF19;1964799.0447200001;6.153557069;6.153557069;9653.238727;-72543.01830480722;;0.0;0.0;2041799.726;6.0;FR001400OF19;Bond;1964799.0447200001;1892256.026415193;0.0025;6.125395427210915;0.0035;6.114130770495281
2086;300647;FR001400OL29;844403.9646610001;4.267671539;4.267671539;2110.348377;-59460.03966214145;;0.0;0.0;909655.8904;5.0;FR001400OL29;Bond;844403.9646610001;784943.9249988586;0.0025;4.250723675758331;0.014;4.172763504846651
2087;300647;FR001400OP33;1079147.5885400001;4.349790539;4.349790539;2652.347474;-28164.395824895742;;0.0;0.0;1108500.137;5.0;FR001400OP33;Bond;1079147.5885400001;1050983.1927151044;0.0025;4.335646804038402;0.0035;4.3299893100537625
2088;300647;FR001400ORA4;1502193.4309399999;3.572411909;3.572411909;2565.968897;-32198.722213869747;;0.0;0.0;1536523.562;5.0;FR001400ORA4;Bond;1502193.4309399999;1469994.7087261302;0.0025;3.561613522918148;0.0035;3.557294168485407
2089;300647;FR001400Q6S4;763946.789658;8.696440064;8.696440064;7646.881967;-39861.70481007607;;0.0;0.0;806906.9589;6.0;FR001400Q6S4;Bond;763946.789658;724085.084847924;0.0025;8.635267614552461;0.0035;8.610798634773445
2090;300647;FR001400QOK5;3493779.91512;4.189669457;4.189669457;8304.695336;-87826.6979991499;;0.0;0.0;3587815.068;6.0;FR001400QOK5;Bond;3493779.91512;3405953.21712085;0.0025;4.174127922090127;0.0035;4.167911308126178
2091;300647;FR001400SCF6;478447.468038;4.378319637;4.378319637;1291.679702;-34564.13308563113;;0.0;0.0;517506.8493;6.0;FR001400SCF6;Bond;478447.468038;443883.33495236887;0.0025;4.3587505565339715;0.014;4.268732786390243
2092;300647;FR001400SMS8;950381.0910295;3.85388007;3.85388007;1980.102431;-60433.80330278686;;0.0;0.0;1018352.74;5.0;FR001400SMS8;Bond;950381.0910295;889947.2877267131;0.0025;3.8389239849194565;0.014;3.7701259935489553
2093;300647;FR001400U3P1;769910.477842;5.605496226;5.605496226;3123.121839;-25894.381667407128;;0.0;0.0;797286.4438;7.0;FR001400U3P1;Bond;769910.477842;744016.0961745929;0.0025;5.582638345741889;0.0035;5.573495193638644
2094;300647;FR001400WJH9;3316686.4188800002;4.245616018;4.245616018;8061.036345;-168976.52384015982;;0.0;0.0;3502517.123;8.0;FR001400WJH9;Bond;3316686.4188800002;3147709.8950398406;0.0025;4.229917937800661;0.0095;4.185963313242511
2095;300647;FR001400WKP0;2946501.84796;4.61058933;4.61058933;8445.151277;-163021.3197723559;;0.0;0.0;3126710.959;7.0;FR001400WKP0;Bond;2946501.84796;2783480.528187644;0.0025;4.5920791179160565;0.0095;4.540250524081015
2096;300647;FR001400WL86;2144541.41658;4.679295592;4.679295592;6116.64654;-65227.130783517496;;0.0;0.0;2214428.082;7.0;FR001400WL86;Bond;2144541.41658;2079314.2857964826;0.0025;4.662730278991501;0.004;4.652791091186401
2097;300647;FR001400WP90;2686800.17509;6.542776782;6.542776782;14869.60063;-114264.36972244052;;0.0;0.0;2810979.452;8.0;FR001400WP90;Bond;2686800.17509;2572535.8053675597;0.0025;6.511438707330964;0.004;6.492635862529541
2098;300647;FR001400WRF6;3564534.14708;4.196725121;4.196725121;8219.947973;-89756.21999827768;;0.0;0.0;3657802.685;6.0;FR001400WRF6;Bond;3564534.14708;3474777.9270817223;0.0025;4.1831054479539596;0.0035;4.177657578735543
2099;300647;FR001400XFK9;1389136.162936;4.539696253;4.539696253;3830.727585;-75675.07480544827;;0.0;0.0;1472722.603;7.0;FR001400XFK9;Bond;1389136.162936;1313461.0881305516;0.0025;4.522277535682611;0.0095;4.473505127193923
2100;300647;FXW1023856;62810.52372499999;0.05479452;0.0;-0.00015624200000000088;69229.31048717954;MORGAN STANLEY EUROPE SE;0.0;-26999.43109;-4688.054000000004;;;Currency Forward;62810.52372499999;132039.83421217953;0.0;0.05479452;0.0;0.0
2101;300647;IT0005549479;2677701.2912885;1.983463156;1.983463156;1651.278828;-34522.29205128836;;0.0;0.0;2713794.521;6.0;IT0005549479;Bond;2677701.2912885;2643178.999237212;0.0025;1.9778815272864778;0.004;1.9745325500583644
2102;300647;IT0005572166;1667963.4440195;2.467866457;2.467866457;1471.322928;-26756.02172748649;;0.0;0.0;1695950.247;6.0;IT0005572166;Bond;1667963.4440195;1641207.4222920134;0.0025;2.4610396836578134;0.004;2.456943619652501
2103;300647;IT0005611253;3719752.5479;3.947861637;3.947861637;7752.947483;-95452.9444894182;;0.0;0.0;3821365.068;7.0;IT0005611253;Bond;3719752.5479;3624299.603410582;0.0025;3.9347190579760793;0.004;3.926833510561727
2104;300647;IT0005630147;3566157.079155;4.299689194;4.299689194;8624.678139;-99666.8858727708;;0.0;0.0;3672625.0;6.0;IT0005630147;Bond;3566157.079155;3466490.193282229;0.0025;4.285445521963901;0.004;4.276899318742241
2105;300647;OATM25 Cmdty;0.0;0.0;0.0;-89702.97736;422606.3463;;0.0;0.0;-11042100.0;;;Bond Future;0.0;422606.3463;0.0025;0.0;0.002;0.0
2106;300647;OEM25 Cmdty;0.0;0.0;0.0;107261.0174;-755233.8224000001;;0.0;0.0;39106280.0;;;Bond Future;0.0;-755233.8224000001;0.0025;0.0;0.0015;0.0
2107;300647;PTEDP4OM0025;2760356.1930615;2.443550654;2.443550654;2535.223666;-111293.65798366824;;0.0;0.0;2881281.249;6.0;PTEDP4OM0025;Bond;2760356.1930615;2649062.5350778317;0.0025;2.435516984259608;0.014;2.398562103453804
2108;300647;RXM25 Cmdty;0.0;0.0;0.0;-96450.38547;423747.6052;;0.0;0.0;-13011830.0;;;Bond Future;0.0;423747.6052;0.0025;0.0;0.0015;0.0
2109;300647;UBM25 Cmdty;0.0;0.0;0.0;98346.89836;-155851.35476;;0.0;0.0;1908160.0;;;Bond Future;0.0;-155851.35476;0.0025;0.0;0.0015;0.0
2110;300647;USX10001AD18;1193065.603341;6.895212419;6.895212419;7447.611419;-82164.15543518541;;0.0;12794.14923;1279414.923;8.0;USX10001AD18;Bond;1193065.603341;1110901.4479058145;0.00125;6.876612165989601;0.00475;6.824531457560486
2111;300647;USX60003AC87;1260067.971963;5.532954514;5.532954514;4995.728416;-76177.77435846579;;0.0;13395.08887;1339508.887;5.0;USX60003AC87;Bond;1260067.971963;1183890.1976045342;0.00125;5.521663371752406;0.00475;5.490048173459142
2112;300647;XS1069439740;3546617.5628279997;0.505123;0.505123;265.0854025;-21497.737238260408;;0.0;0.0;3569029.11;5.0;XS1069439740;Bond;3546617.5628279997;3525119.8255897393;0.0025;0.5038922941230947;0.0095;0.5004463176677598
2113;300647;XS1223842847;1183667.498038;1.945508929;1.945508929;690.2837806;-13817.014118400115;;0.0;0.0;1197639.616;6.0;XS1223842847;Bond;1183667.498038;1169850.4839195998;0.0025;1.940392098428694;0.0035;1.9383453662001715
2114;300647;XS1311440082;936803.5521120001;2.344566571;2.344566571;769.5280473;-26356.77950251022;;0.0;0.0;964895.5479;7.0;XS1311440082;Bond;936803.5521120001;910446.7726094899;0.0025;2.3377730483464854;0.0095;2.318751184916644
2115;300647;XS1401197253;231066.31214599998;9.279151228;9.279151228;2550.319556;-13936.645151643417;;0.0;0.0;246511.726;6.0;XS1401197253;Bond;231066.31214599998;217129.66699435655;0.0025;9.218478446653252;0.004;9.182074777845203
2116;300647;XS1729882024;2832097.1293320004;2.525960664;2.525960664;2608.276998;-85845.19134383944;;0.0;0.0;2923952.055;6.0;XS1729882024;Bond;2832097.1293320004;2746251.937988161;0.0025;2.518887602734134;0.0095;2.49908303118971
2117;300647;XS1851313863;1006662.5494038;0.25397785;0.25397785;31.22932284;-1534.0199398385757;;0.0;0.0;1008187.26;6.0;XS1851313863;Bond;1006662.5494038;1005128.5294639615;0.0025;0.253363546045354;0.0035;0.2531178244634956
2118;300647;XS1963116964;1555018.5371319999;4.540862887;4.540862887;4311.341908;-84733.51156631677;;0.0;0.0;1648162.342;6.0;XS1963116964;Bond;1555018.5371319999;1470285.0255656831;0.0025;4.523098124094574;0.0095;4.473356787959379
2119;300647;XS2021462440;3389979.8969199997;4.053934742;4.053934742;7178.181098;-89327.92231223619;;0.0;0.0;3481570.411;5.0;XS2021462440;Bond;3389979.8969199997;3300651.9746077633;0.0025;4.042083956534298;0.004;4.034973485254877
2120;300647;XS2050933972;6690710.36432;1.655566071;1.655566071;2458.441121;-132922.9568406749;;0.0;0.0;6830000.0;5.0;XS2050933972;Bond;6690710.36432;6557787.407479324;0.0025;1.65323229423352;0.0095;1.6466977192873764
2121;300647;XS2063495811;2299429.8567035;2.868266203;2.868266203;2614.691884;-42869.950136986576;;0.0;0.0;2343112.877;6.0;XS2063495811;Bond;2299429.8567035;2256559.9065665132;0.0025;2.860405969696984;0.004;2.8556898297151747
2122;300647;XS2079079799;1670491.7539040002;0.602265478;0.602265478;159.2096674;-12072.954175920613;;0.0;0.0;1683052.397;5.0;XS2079079799;Bond;1670491.7539040002;1658418.7997280795;0.0025;0.600789610621588;0.0095;0.5966571819620344
2123;300647;XS2108490090;241883.058068;6.387169489;6.387169489;1200.930531;-9269.688530387668;;0.0;0.0;251514.6575;6.0;XS2108490090;Bond;241883.058068;232613.36953761234;0.0025;6.365036272697044;0.0035;6.356182986175861
2124;300647;XS2112475921;215826.1318635;8.984882284;8.984882284;2115.909775;-12604.620525929957;;0.0;0.0;229404.6164;6.0;XS2112475921;Bond;215826.1318635;203221.51133757003;0.0025;8.94160830603278;0.004;8.91564391925245
2125;300647;XS2117454871;1482846.74634;9.112054066;9.112054066;14807.9312;-81070.67834545362;;0.0;0.0;1569477.534;6.0;XS2117454871;Bond;1482846.74634;1401776.0679945464;0.0025;9.069974119629233;0.0035;9.053142141080926
2126;300647;XS2123970167;507079.99385800003;2.77277846;2.77277846;550.1423112;-23199.337993695517;;0.0;0.0;531397.726;5.0;XS2123970167;Bond;507079.99385800003;483880.6558643045;0.0025;2.7648761575143608;0.014;2.7285255660804197
2127;300647;XS2187689034;2149783.1778644;0.204226218;0.204226218;50.98987965;-2634.252527611606;;0.0;0.0;2152543.151;4.0;XS2187689034;Bond;2149783.1778644;2147148.9253367884;0.0025;0.20373752349389215;0.0035;0.20354204569144901
2128;300647;XS2197675288;1505219.8974600001;12.26182341;12.26182341;27878.84901;-110740.44345523696;;0.0;0.0;1625753.529;6.0;XS2197675288;Bond;1505219.8974600001;1394479.4540047632;0.0025;12.174668043991659;0.0035;12.139805897588323
2129;300647;XS2199343513;952683.1813478;0.260699614;0.260699614;30.64217723;-1614.3668946708124;;0.0;0.0;954297.6438;5.0;XS2199343513;Bond;952683.1813478;951068.8144531292;0.0025;0.26006542274361755;0.004;0.25968490798978805
2130;300647;XS2200513070;1522839.42932;6.774413443;6.774413443;8507.320567;-61898.06340909515;;0.0;0.0;1587431.573;7.0;XS2200513070;Bond;1522839.42932;1460941.365910905;0.0025;6.749482996347885;0.0035;6.739510817687039
2131;300647;XS2221845683;1134558.092304;5.655587062;5.655587062;4700.779068;-76999.10481506285;;0.0;0.0;1220565.069;8.0;XS2221845683;Bond;1134558.092304;1057558.987488937;0.0025;5.631969506250248;0.0095;5.565840350150941
2132;300647;XS2226645278;251116.53218799998;6.461070119;6.461070119;1387.562208;-19469.778270081457;;0.0;0.0;273169.5205;7.0;XS2226645278;Bond;251116.53218799998;231646.75391791854;0.0025;6.4272944136856065;0.0095;6.332722438805304
2133;300647;XS2227906208;446953.0995055;6.338646674;6.338646674;2199.377034;-18415.005554494433;;0.0;0.0;466138.637;6.0;XS2227906208;Bond;446953.0995055;428538.09395100555;0.0025;6.316072206386924;0.004;6.302527525819078
2134;300647;XS2232115423;1510071.906717;6.314075669;6.314075669;7375.885309;-61975.60385017461;;0.0;0.0;1574862.11;7.0;XS2232115423;Bond;1510071.906717;1448096.3028668254;0.0025;6.29163305643528;0.004;6.278167488896447
2135;300647;XS2244941147;1305513.733522;3.479974265;3.479974265;2128.251187;-27258.925171563773;;0.0;0.0;1334583.562;7.0;XS2244941147;Bond;1305513.733522;1278254.8083504362;0.0025;3.469494765535443;0.0035;3.46530296574962
2136;300647;XS2258971071;2653665.2635335;0.61892658;0.61892658;262.6689606;-10675.755779153322;;0.0;0.0;2664674.384;6.0;XS2258971071;Bond;2653665.2635335;2642989.507754347;0.0025;0.6174096688621056;0.004;0.616499522179369
2137;300647;XS2265360359;1576256.910106;5.384342509;5.384342509;5625.56959;-50922.642517132364;;0.0;0.0;1628732.575;6.0;XS2265360359;Bond;1576256.910106;1525334.2675888676;0.0025;5.3675968180379074;0.0035;5.360898541653071
2138;300647;XS2282094494;2316535.1900540004;0.765983248;0.765983248;310.2393801;-10646.562893903163;;0.0;0.0;2327515.964;6.0;XS2282094494;Bond;2316535.1900540004;2305888.627160097;0.0025;0.7641019768481884;0.0035;0.7633494683874638
2139;300647;XS2289133758;2207162.067805;5.476918544;5.476918544;8191.994384;-78574.90458203484;;0.0;0.0;2291649.575;7.0;XS2289133758;Bond;2207162.067805;2128587.1632229653;0.0025;5.459121363063209;0.004;5.448443054501134
2140;300647;XS2292263121;5754353.14876;4.646952565;4.646952565;15585.40145;-173811.33980954974;;0.0;0.0;5939922.773;8.0;XS2292263121;Bond;5754353.14876;5580541.80895045;0.0025;4.633226632543231;0.004;4.624991073069169
2141;300647;XS2298459426;967936.7829;9.736682775;9.736682775;11243.59547;-61259.20710878374;;0.0;0.0;1034467.126;6.0;XS2298459426;Bond;967936.7829;906677.5757912162;0.0025;9.683289174040791;0.004;9.651253013465267
2142;300647;XS2304664167;1954723.3761339998;0.881170617;0.881170617;321.5406941;-11195.891222180078;;0.0;0.0;1966278.63;7.0;XS2304664167;Bond;1954723.3761339998;1943527.4849118197;0.0025;0.8789994156786828;0.004;0.8776966948858924
2143;300647;XS2305244241;1411963.2231059999;0.87846276;0.87846276;231.1988374;-8062.3212149232495;;0.0;0.0;1420284.534;6.0;XS2305244241;Bond;1411963.2231059999;1403900.9018910767;0.0025;0.8762984315958132;0.004;0.8749998345533012
2144;300647;XS2319954710;3448665.389424;1.419323654;1.419323654;1192.194595;-58737.26834328726;;0.0;0.0;3510593.952;7.0;XS2319954710;Bond;3448665.389424;3389928.121080713;0.0025;1.4157174185480133;0.0095;1.4056199592824503
2145;300647;XS2331216577;1647731.7535815;1.010462694;1.010462694;332.9076518;-10822.314533636494;;0.0;0.0;1658914.493;6.0;XS2331216577;Bond;1647731.7535815;1636909.4390478635;0.0025;1.0079642822276766;0.004;1.0064652351642824
2146;300647;XS2342206591;1978209.8380439999;1.07319399;1.07319399;440.3962685;-25476.03490977233;;0.0;0.0;2004915.558;7.0;XS2342206591;Bond;1978209.8380439999;1952733.8031342276;0.0025;1.0705077624304165;0.0095;1.062986325235582
2147;300647;XS2369906644;1536339.1581400002;7.683322266;7.683322266;11047.44022;-76727.22760212093;;0.0;0.0;1617772.877;6.0;XS2369906644;Bond;1536339.1581400002;1459611.9305378792;0.0025;7.651136965344266;0.004;7.631825784950825
2148;300647;XS2381261424;1838753.41352;6.130201162;6.130201162;8880.159411;-135263.13974630123;;0.0;0.0;1991317.808;7.0;XS2381261424;Bond;1838753.41352;1703490.2737736986;0.0025;6.103413440046973;0.0095;6.028407818578496
2149;300647;XS2384274440;574766.50156;3.488662515;3.488662515;915.8337479;-12030.998093220367;;0.0;0.0;587058.7192;6.0;XS2384274440;Bond;574766.50156;562735.5034667796;0.0025;3.479254395374522;0.0035;3.475491147524331
2150;300647;XS2384715244;925585.649788;2.371023816;2.371023816;745.6805407;-13167.5137163711;;0.0;0.0;938938.7671;6.0;XS2384715244;Bond;925585.649788;912418.1360716289;0.0025;2.3649374245415786;0.0035;2.36250286795821
2151;300647;XS2385390724;261675.4873324;3.285889393;3.285889393;375.3246874;-5588.938603518654;;0.0;0.0;267376.8493;5.0;XS2385390724;Bond;261675.4873324;256086.54872888135;0.0025;3.2770242279422934;0.004;3.271705128907669
2152;300647;XS2387735470;622969.9123815;10.39952042;10.39952042;8210.425324;-42110.82411157063;;0.0;0.0;668857.1918;6.0;XS2387735470;Bond;622969.9123815;580859.0882699294;0.0025;10.340408248729299;0.004;10.304940945966877
2153;300647;XS2389353264;1594631.655635;6.570182923;6.570182923;8361.561517;-68100.64087013391;;0.0;0.0;1665776.211;8.0;XS2389353264;Bond;1594631.655635;1526531.014764866;0.0025;6.547011950816016;0.004;6.5331093675056255
2154;300647;XS2390506546;5722384.897860001;2.413010213;2.413010213;4759.099179;-89753.12580814543;;0.0;0.0;5816406.849;8.0;XS2390506546;Bond;5722384.897860001;5632631.772051855;0.0025;2.4067751689199346;0.004;2.4030341424718955
2155;300647;XS2404247384;284146.33816800005;1.537723374;1.537723374;111.8609485;-5243.261590049305;;0.0;0.0;289662.3288;6.0;XS2404247384;Bond;284146.33816800005;278903.07657795073;0.0025;1.533793013714854;0.0095;1.5227880049164453
2156;300647;XS2407357768;2160658.211167;0.604103717;0.604103717;207.0329916;-8484.200767461609;;0.0;0.0;2169389.26;7.0;XS2407357768;Bond;2160658.211167;2152174.010399538;0.0025;0.6026205850416386;0.004;0.6017307058666217
2157;300647;XS2407529309;1560420.4216800001;2.517246204;2.517246204;1420.844677;-47135.54859741672;;0.0;0.0;1610662.671;7.0;XS2407529309;Bond;1560420.4216800001;1513284.8730825835;0.0025;2.5103237132539014;0.0095;2.490940739164825
2158;300647;XS2413697140;785188.803911;4.426972901;4.426972901;1953.322996;-22594.0621210369;;0.0;0.0;809257.1918;7.0;XS2413697140;Bond;785188.803911;762594.7417899631;0.0025;4.41377534320711;0.004;4.405856808531376
2159;300647;XS2415386726;1287208.283464;4.45022942;4.45022942;3212.491635;-34370.23303643515;;0.0;0.0;1322467.192;6.0;XS2415386726;Bond;1287208.283464;1252838.050427565;0.0025;4.437348159711031;0.0035;4.432195655595444
2160;300647;XS2430287529;1030401.7696314;0.77974;0.77974;141.0835329;-4820.672855114327;;0.0;0.0;1035234.756;3.0;XS2430287529;Bond;1030401.7696314;1025581.0967762857;0.0025;0.7778369637844774;0.0035;0.7770757492982683
2161;300647;XS2430951660;2867664.026758;1.771383576;1.771383576;1412.982271;-33018.26423015344;;0.0;0.0;2902019.096;8.0;XS2430951660;Bond;2867664.026758;2834645.7625278463;0.0025;1.7669098413426358;0.004;1.7642256005482173
2162;300647;XS2464732770;1359138.030404;5.969861983;5.969861983;6258.131351;-48683.19874415004;;0.0;0.0;1410261.986;7.0;XS2464732770;Bond;1359138.030404;1310454.83165985;0.0025;5.943847975786043;0.0035;5.933442372900459
2163;300647;XS2486589596;4407346.2642985;1.146204482;1.146204482;1090.356902;-32836.18027212183;;0.0;0.0;4441384.327;8.0;XS2486589596;Bond;4407346.2642985;4374510.084026378;0.0025;1.1433040604313425;0.004;1.141563807490148
2164;300647;XS2526881532;508996.859434;2.282925292;2.282925292;389.6877898;-6972.010823702684;;0.0;0.0;516335.6164;5.0;XS2526881532;Bond;508996.859434;502024.8486102973;0.0025;2.276814671829399;0.0035;2.274370423761159
2165;300647;XS2535309798;1661176.0375599999;7.796059725;7.796059725;13013.50218;-77703.76561533962;;0.0;0.0;1744718.116;7.0;XS2535309798;Bond;1661176.0375599999;1583472.2719446602;0.0025;7.752158364044477;0.0035;7.734597819662267
2166;300647;XS2536941656;2031550.1826145;4.369461326;4.369461326;5079.723522;-57699.06970595491;;0.0;0.0;2092949.315;8.0;XS2536941656;Bond;2031550.1826145;1973851.112908545;0.0025;4.354681370512022;0.004;4.345813397219235
2167;300647;XS2554489513;3853362.03304;4.380287553;4.380287553;9947.827675;-101273.00250316731;;0.0;0.0;3961242.808;7.0;XS2554489513;Bond;3853362.03304;3752089.0305368328;0.0025;4.363714926846278;0.0035;4.357085876384789
2168;300647;XS2555187801;3763433.97344;4.028291271;4.028291271;8213.888195;-98541.35345725578;;0.0;0.0;3868111.301;7.0;XS2555187801;Bond;3763433.97344;3664892.619982744;0.0025;4.014295311696188;0.004;4.0058977361139005
2169;300647;XS2555918270;2053678.08238;1.542467124;1.542467124;816.110329;-20590.25101477834;;0.0;0.0;2074980.308;6.0;XS2555918270;Bond;2053678.08238;2033087.8313652216;0.0025;1.538480395860781;0.004;1.5360883589772496
2170;300647;XS2555925218;4585088.32859;2.645409642;2.645409642;4566.890144;-78841.33968017873;;0.0;0.0;4667843.801;6.0;XS2555925218;Bond;4585088.32859;4506246.988909821;0.0025;2.638004347266016;0.004;2.633561170425625
2171;300647;XS2557084733;2341578.457025;7.679819443;7.679819443;18245.81554;-116888.84845020849;;0.0;0.0;2469067.014;7.0;XS2557084733;Bond;2341578.457025;2224689.6085747913;0.0025;7.632465987858974;0.004;7.604053914774359
2172;300647;XS2558978883;2180725.89952;2.635687649;2.635687649;2191.822513;-68972.54783063135;;0.0;0.0;2254695.205;6.0;XS2558978883;Bond;2180725.89952;2111753.3516893685;0.0025;2.627927560075346;0.0095;2.606199311086314
2173;300647;XS2560328648;1402479.184804;2.694230961;2.694230961;1458.135727;-45343.23410228373;;0.0;0.0;1450999.315;6.0;XS2560328648;Bond;1402479.184804;1357135.9507017161;0.0025;2.686386052227323;0.0095;2.6644203076638275
2174;300647;XS2560422581;4038177.1379400003;7.004123535;7.004123535;26215.26367;-183845.29494723925;;0.0;0.0;4238847.707;8.0;XS2560422581;Bond;4038177.1379400003;3854331.842992761;0.0025;6.964471506260864;0.004;6.940680289017383
2175;300647;XS2573569576;3523823.6144499998;4.274750893;4.274750893;8469.451733;-97912.54292719005;;0.0;0.0;3627816.781;7.0;XS2573569576;Bond;3523823.6144499998;3425911.0715228096;0.0025;4.260347544778837;0.004;4.251705535846138
2176;300647;XS2574873183;694728.258536;7.865621814;7.865621814;5562.651943;-32786.81847085796;;0.0;0.0;730044.5918;7.0;XS2574873183;Bond;694728.258536;661941.4400651421;0.0025;7.820118169786264;0.0035;7.801916712100769
2177;300647;XS2576067081;1718187.3413200001;7.747273988;7.747273988;13451.6456;-79867.60857551589;;0.0;0.0;1804332.466;7.0;XS2576067081;Bond;1718187.3413200001;1638319.7327444842;0.0025;7.701600250657315;0.0035;7.683330755720242
2178;300647;XS2576362839;1271820.852229;2.096392213;2.096392213;854.4062338;-17330.529651135348;;0.0;0.0;1289926.685;6.0;XS2576362839;Bond;1271820.852229;1254490.3225778646;0.0025;2.0905844230368826;0.004;2.087099749059012
2179;300647;XS2576550086;5291708.364925;2.644686432;2.644686432;5563.568584;-230916.00369449783;;0.0;0.0;5544058.219;7.0;XS2576550086;Bond;5291708.364925;5060792.361230502;0.0025;2.6358879789420646;0.014;2.5954150948755625
2180;300647;XS2580221658;1148314.711348;2.730852813;2.730852813;1226.739744;-18815.270758163813;;0.0;0.0;1168207.534;6.0;XS2580221658;Bond;1148314.711348;1129499.440589836;0.0025;2.722789311569345;0.0035;2.719563910997083
2181;300647;XS2589260723;4134899.5530000003;5.048520098;5.048520098;13589.87312;-125250.74097919032;;0.0;0.0;4266605.967;7.0;XS2589260723;Bond;4134899.5530000003;4009648.81202081;0.0025;5.030073307280869;0.0035;5.022694590993217
2182;300647;XS2590758822;2652564.8764600004;7.597203085;7.597203085;20061.77174;-120912.44437562737;;0.0;0.0;2782920.007;8.0;XS2590758822;Bond;2652564.8764600004;2531652.432084373;0.0025;7.552417829619321;0.0035;7.534503727467049
2183;300647;XS2592650373;3447478.9690455;1.836795849;1.836795849;1815.236315;-41160.04788907422;;0.0;0.0;3490367.295;8.0;XS2592650373;Bond;3447478.9690455;3406318.9211564255;0.0025;1.8320668911208902;0.004;1.829229516393424
2184;300647;XS2595028536;3142022.14776;2.710860802;2.710860802;3253.724821;-55364.300415959835;;0.0;0.0;3200149.327;9.0;XS2595028536;Bond;3142022.14776;3086657.8473440404;0.0025;2.703343937596536;0.004;2.698833818954457
2185;300647;XS2596599063;2617774.8296035;1.858966259;1.858966259;1406.364078;-31631.308032300476;;0.0;0.0;2650721.367;6.0;XS2596599063;Bond;2617774.8296035;2586143.5215712;0.0025;1.8541747364235446;0.004;1.8512998228776711
2186;300647;XS2597113989;4218693.7134335;1.843950143;1.843950143;2234.770418;-50563.89569503288;;0.0;0.0;4271385.393;8.0;XS2597113989;Bond;4218693.7134335;4168129.8177384674;0.0025;1.8392072626745597;0.004;1.8363615344792954
2187;300647;XS2598331242;1186405.9653275001;2.834245729;2.834245729;1367.320701;-21856.679260582332;;0.0;0.0;1209378.425;7.0;XS2598331242;Bond;1186405.9653275001;1164549.2860669177;0.0025;2.8255158576628054;0.004;2.820277934860489
2188;300647;XS2602037629;3902434.69128;4.906647266;4.906647266;12063.46324;-229774.4461045508;;0.0;0.0;4153165.761;5.0;XS2602037629;Bond;3902434.69128;3672660.245175449;0.0025;4.8895535872907026;0.0095;4.841691286904668
2189;300647;XS2608828641;1562530.057191;1.761592657;1.761592657;785.6464996;-17891.519588081464;;0.0;0.0;1581210.411;4.0;XS2608828641;Bond;1562530.057191;1544638.5376029187;0.0025;1.7567805765354467;0.004;1.7538933282567146
2190;300647;XS2610457967;1184536.799936;6.413362459;6.413362459;6884.067276;-91162.36612816242;;0.0;0.0;1287574.658;7.0;XS2610457967;Bond;1184536.799936;1093374.4338078375;0.0025;6.370900225286037;0.0095;6.252005970886938
2191;300647;XS2622275886;3195975.378528;1.824445496;1.824445496;1697.933877;-37900.738750434975;;0.0;0.0;3235017.178;6.0;XS2622275886;Bond;3195975.378528;3158074.639777565;0.0025;1.8194851865464754;0.004;1.8165090008743605
2192;300647;XS2624976077;2219467.2415299998;2.81130997;2.81130997;2513.608675;-40557.467497310965;;0.0;0.0;2262153.082;8.0;XS2624976077;Bond;2219467.2415299998;2178909.7740326887;0.0025;2.8027554307327938;0.004;2.7976227071724704
2193;300647;XS2625194225;4417433.36154;4.254032538;4.254032538;10810.68304;-112751.43152662725;;0.0;0.0;4535837.808;6.0;XS2625194225;Bond;4417433.36154;4304681.930013373;0.0025;4.238092595225861;0.0035;4.231716618116205
2194;300647;XS2626699982;4327951.2036;2.776360911;2.776360911;4863.960533;-144191.4545566853;;0.0;0.0;4482970.89;7.0;XS2626699982;Bond;4327951.2036;4183759.7490433143;0.0025;2.7675351536726414;0.0095;2.742823033156038
2195;300647;XS2629064267;3051683.59016;3.757637208;3.757637208;5812.351866;-68802.71883256943;;0.0;0.0;3123367.055;6.0;XS2629064267;Bond;3051683.59016;2982880.871327431;0.0025;3.745320856905307;0.0035;3.74039431646743
2196;300647;XS2629470845;2794829.1626799996;7.893452753;7.893452753;23157.63789;-132365.11168992677;;0.0;0.0;2937636.493;8.0;XS2629470845;Bond;2794829.1626799996;2662464.050990073;0.0025;7.8420720754956195;0.0035;7.821519804493867
2197;300647;XS2636745882;4856244.788439999;6.307115681;6.307115681;26034.53164;-183773.38593566668;;0.0;0.0;5053081.327;7.0;XS2636745882;Bond;4856244.788439999;4672471.402504332;0.0025;6.272538904793037;0.0035;6.258708194310251
2198;300647;XS2637069357;1515337.12608;7.946991334;7.946991334;11910.26019;-144508.45210855472;;0.0;0.0;1681762.5;5.0;XS2637069357;Bond;1515337.12608;1370828.6739714453;0.0025;7.908382790317653;0.0095;7.800278868007081
2199;300647;XS2637421848;2454646.6474969997;3.686689164;3.686689164;4577.149131;-58821.87477904475;;0.0;0.0;2516956.164;7.0;XS2637421848;Bond;2454646.6474969997;2395824.772717955;0.0025;3.674051166836041;0.004;3.666468368537666
2200;300647;XS2643673952;611785.6716255001;5.768093069;5.768093069;2637.238577;-22937.438499407617;;0.0;0.0;636302.7946;7.0;XS2643673952;Bond;611785.6716255001;588848.2331260925;0.0025;5.743502237671751;0.004;5.728747738874802
2201;300647;XS2675884576;3180856.491408;2.907029704;2.907029704;3856.67932;-55481.06582810565;;0.0;0.0;3240253.425;6.0;XS2675884576;Bond;3180856.491408;3125375.4255798943;0.0025;2.8978451163193037;0.0035;2.8941712812470253
2202;300647;XS2676395317;4012044.39104;6.025650583;6.025650583;19131.16444;-145051.06574335234;;0.0;0.0;4166763.74;6.0;XS2676395317;Bond;4012044.39104;3866993.325296648;0.0025;5.997210923061046;0.0035;5.985835059085464
2203;300647;XS2676816940;4451179.1359785;0.423442522;0.423442522;263.7819854;-12251.320374881361;;0.0;0.0;4463977.911;7.0;XS2676816940;Bond;4451179.1359785;4438927.815603619;0.0025;0.4224092522244465;0.004;0.4217892903591144
2204;300647;XS2676818482;3332911.76602;3.41819094;3.41819094;5245.648542;-68355.17281457379;;0.0;0.0;3403941.37;6.0;XS2676818482;Bond;3332911.76602;3264556.5932054264;0.0025;3.4080536729249804;0.0035;3.4039987660949724
2205;300647;XS2678749990;2929481.0896799997;6.392249122;6.392249122;16665.26671;-224711.67508107098;;0.0;0.0;3180017.247;6.0;XS2678749990;Bond;2929481.0896799997;2704769.4145989288;0.0025;6.352180948077443;0.0095;6.239990061094282
2206;300647;XS2699159351;4022579.2795200003;5.637905884;5.637905884;17067.06662;-136073.54033317376;;0.0;0.0;4167075.288;7.0;XS2699159351;Bond;4022579.2795200003;3886505.7391868266;0.0025;5.611300422921147;0.0035;5.600658238489606
2207;300647;XS2715918020;832330.956781;2.509751267;2.509751267;763.5550082;-13578.13387673884;;0.0;0.0;846005.4795;6.0;XS2715918020;Bond;832330.956781;818752.8229042612;0.0025;2.502564158820141;0.004;2.498251893912226
2208;300647;XS2717301365;1979295.123475;3.266923146;3.266923146;2900.243098;-42030.33283569514;;0.0;0.0;2023663.973;7.0;XS2717301365;Bond;1979295.123475;1937264.7906393048;0.0025;3.2569728410447607;0.004;3.2510026580716174
2209;300647;XS2717378231;1443930.360738;4.761213123;4.761213123;4288.073972;-41249.161093463335;;0.0;0.0;1487335.26;5.0;XS2717378231;Bond;1443930.360738;1402681.1996445365;0.0025;4.743642910686708;0.0035;4.736614825761391
2210;300647;XS2718201515;1153434.15078;5.107735443;5.107735443;3976.108876;-35348.61895863368;;0.0;0.0;1190635.959;6.0;XS2718201515;Bond;1153434.15078;1118085.5318213664;0.0025;5.086778048580383;0.0035;5.078395090812537
2211;300647;XS2721465271;2903609.27292;6.812536261;6.812536261;17727.37749;-118685.66075726008;;0.0;0.0;3030903.378;7.0;XS2721465271;Bond;2903609.27292;2784923.61216274;0.0025;6.775930629603946;0.0035;6.761288377045523
2212;300647;XS2722162315;1682736.5464;6.959302466;6.959302466;10604.48029;-70264.03558193907;;0.0;0.0;1758035.206;7.0;XS2722162315;Bond;1682736.5464;1612472.510818061;0.0025;6.92283405644747;0.0035;6.908246692626458
2213;300647;XS2723593187;1444563.297338;3.976594119;3.976594119;3039.255937;-34466.65147630523;;0.0;0.0;1480616.411;6.0;XS2723593187;Bond;1444563.297338;1410096.6458616948;0.0025;3.9635291922902085;0.0035;3.958303221606292
2214;300647;XS2728561098;2275963.179556;4.1570947;4.1570947;-3326.079092;-56768.36682676438;;0.0;0.0;2335211.815;6.0;XS2728561098;Bond;2275963.179556;2219194.8127292357;0.0025;4.236833142588398;0.0035;4.268728519623757
2215;300647;XS2730661100;2326206.919861;3.440672558;3.440672558;3479.392758;-132061.3191710249;;0.0;0.0;2466310.0;5.0;XS2730661100;Bond;2326206.919861;2194145.600689975;0.0025;3.4328747128937307;0.014;3.397004625404891
2216;300647;XS2743047156;712904.358984;3.28280602;3.28280602;1097.486018;-28083.920656283;;0.0;0.0;743330.4795;6.0;XS2743047156;Bond;712904.358984;684820.438327717;0.0025;3.2712616189563093;0.0095;3.238937296033975
2217;300647;XS2745719000;1416316.6579395;3.461886516;3.461886516;2288.264664;-31870.329013295108;;0.0;0.0;1450006.849;7.0;XS2745719000;Bond;1416316.6579395;1384446.328926205;0.0025;3.4514570412632435;0.004;3.44519935642119
2218;300647;XS2746663074;2081387.4586;8.483503884;8.483503884;20070.7991;-105944.75153485194;;0.0;0.0;2196293.329;6.0;XS2746663074;Bond;2081387.4586;1975442.707065148;0.0025;8.422353721560171;0.0035;8.39789365658424
2219;300647;XS2747600109;1455646.69748;8.553407735;8.553407735;-1043.472841;-74704.43832991582;;0.0;0.0;1536569.993;7.0;XS2747600109;Bond;1455646.69748;1380942.2591500843;0.0025;8.754230815995694;0.0035;8.83456004839397
2220;300647;XS2747610751;1075526.5987934999;5.845777906;5.845777906;4737.610203;-40867.38258552539;;0.0;0.0;1119593.562;7.0;XS2747610751;Bond;1075526.5987934999;1034659.2162079745;0.0025;5.821087667648946;0.004;5.806273524638313
2221;300647;XS2748213290;1763302.052088;4.936488593;4.936488593;5819.511492;-52227.122796875425;;0.0;0.0;1819552.104;6.0;XS2748213290;Bond;1763302.052088;1711074.9292911247;0.0025;4.914902176603974;0.0035;4.906267610045563
2222;300647;XS2751689048;978978.2640399999;6.24107219;6.24107219;4964.052252;-36659.24410988712;;0.0;0.0;1018068.541;7.0;XS2751689048;Bond;978978.2640399999;942319.0199301128;0.0025;6.211683494350105;0.0035;6.199928016090147
2223;300647;XS2752472436;1702295.0772799999;6.013467456;6.013467456;8039.42966;-61420.176286393704;;0.0;0.0;1767563.822;6.0;XS2752472436;Bond;1702295.0772799999;1640874.900993606;0.0025;5.985804422852281;0.0035;5.974739209593194
2224;300647;XS2753315626;877114.636669;7.530257229;7.530257229;6554.868206;-42931.84241734989;;0.0;0.0;923938.7918;7.0;XS2753315626;Bond;877114.636669;834182.7942516501;0.0025;7.48518873335633;0.004;7.4581476359701275
2225;300647;XS2754488851;927376.677416;4.239398329;4.239398329;2342.826265;-47178.22963909156;;0.0;0.0;979332.5342;6.0;XS2754488851;Bond;927376.677416;880198.4477769085;0.0025;4.221172220999464;0.0095;4.170139118597965
2226;300647;XS2756298639;2460892.837427;2.625681959;2.625681959;2410.265779;-41999.89252071856;;0.0;0.0;2505049.315;6.0;XS2756298639;Bond;2460892.837427;2418892.9449062813;0.0025;2.6184317893339504;0.004;2.6140816875343207
2227;300647;XS2756342122;869060.498312;7.216815417;7.216815417;5826.14766;-37631.095215142464;;0.0;0.0;909504.9863;7.0;XS2756342122;Bond;869060.498312;831429.4030968575;0.0025;7.17942245469365;0.0035;7.164465269771109
2228;300647;XS2757511113;605133.8278285;1.871274378;1.871274378;328.1004708;-7360.414277297481;;0.0;0.0;612806.7945;6.0;XS2757511113;Bond;605133.8278285;597773.4135512025;0.0025;1.8664736751789066;0.004;1.8635932534862507
2229;300647;XS2758880798;1163692.40016;3.499022171;3.499022171;1917.542443;-26466.605804496285;;0.0;0.0;1191730.822;6.0;XS2758880798;Bond;1163692.40016;1137225.7943555037;0.0025;3.488434844271884;0.004;3.4820824482350146
2230;300647;XS2759982577;2479430.3959700004;3.763035775;3.763035775;4714.882617;-55981.11168994517;;0.0;0.0;2537289.473;6.0;XS2759982577;Bond;2479430.3959700004;2423449.284280055;0.0025;3.7508968930340933;0.0035;3.746041340247731
2231;300647;XS2759989234;1165632.1182375;4.11968559;4.11968559;2620.300432;-31213.245964837333;;0.0;0.0;1198492.507;7.0;XS2759989234;Bond;1165632.1182375;1134418.8722726628;0.0025;4.105915983525533;0.004;4.097654219640854
2232;300647;XS2762369549;1842334.2770399998;4.998679158;4.998679158;6211.410743;-110510.85543250613;;0.0;0.0;1965192.123;7.0;XS2762369549;Bond;1842334.2770399998;1731823.4216074937;0.0025;4.976858902828166;0.0095;4.91576218834703
2233;300647;XS2763026395;2254962.82034;5.082663551;5.082663551;7475.558626;-68767.30401481368;;0.0;0.0;2327064.005;7.0;XS2763026395;Bond;2254962.82034;2186195.5163251865;0.0025;5.0643682663634;0.0035;5.05705015250876
2234;300647;XS2764397829;1498084.488764;4.422891523;4.422891523;3778.556974;-79510.382233105;;0.0;0.0;1584592.541;4.0;XS2764397829;Bond;1498084.488764;1418574.106530895;0.0025;4.408739973405342;0.0095;4.3691156345403
2235;300647;XS2764455619;851297.678974;8.598706247;8.598706247;8186.485504;-43920.35202150201;;0.0;0.0;898915.5616;7.0;XS2764455619;Bond;851297.678974;807377.326952498;0.0025;8.543138666789643;0.0035;8.520911634705499
2236;300647;XS2764459363;1094613.055509;5.120971029;5.120971029;3718.899892;-36435.63134397392;;0.0;0.0;1133715.753;8.0;XS2764459363;Bond;1094613.055509;1058177.4241650263;0.0025;5.101595485157339;0.004;5.0899701588517425
2237;300647;XS2770514946;3800426.3426400004;8.666106609;8.666106609;37003.97285;-197609.39906982123;;0.0;0.0;4014871.572;7.0;XS2770514946;Bond;3800426.3426400004;3602816.943570179;0.0025;8.610440239192155;0.0035;8.588173691269017
2238;300647;XS2771494940;3439383.3136400003;5.919080204;5.919080204;15338.34788;-122147.9141144067;;0.0;0.0;3568458.575;6.0;XS2771494940;Bond;3439383.3136400003;3317235.3995255935;0.0025;5.8951784418702555;0.0035;5.885617737018358
2239;300647;XS2774448521;1934203.415608;4.100179261;4.100179261;4433.723143;-95166.96877477542;;0.0;0.0;2038310.959;6.0;XS2774448521;Bond;1934203.415608;1839036.4468332245;0.0025;4.084901099596791;0.0095;4.042122247667804
2240;300647;XS2774944008;1954899.10944;5.195319322;5.195319322;6862.987103;-121875.90139001068;;0.0;0.0;2088362.772;5.0;XS2774944008;Bond;1954899.10944;1833023.2080499893;0.0025;5.175031166413627;0.0095;5.118224330771781
2241;300647;XS2775027472;1817246.3091199999;8.307397528;8.307397528;16583.80753;-90579.52497690366;;0.0;0.0;1915329.356;7.0;XS2775027472;Bond;1817246.3091199999;1726666.7841430963;0.0025;8.251784921373192;0.0035;8.22953987872247
2242;300647;XS2777442281;438943.93009599997;12.70474195;12.70474195;10021.88011;-33460.01617433112;;0.0;0.0;476223.8356;7.0;XS2777442281;Bond;438943.93009599997;405483.91392166883;0.0025;12.537473115094597;0.0035;12.470565581132435
2243;300647;XS2778764188;1322843.82134;8.61916266;8.61916266;12787.57683;-68410.83641943264;;0.0;0.0;1396750.121;6.0;XS2778764188;Bond;1322843.82134;1254432.9849205674;0.0025;8.563219269918388;0.0035;8.540841913885744
2244;300647;XS2782109016;1138524.9600169999;3.944274994;3.944274994;2377.02594;-29189.260943959365;;0.0;0.0;1169488.356;6.0;XS2782109016;Bond;1138524.9600169999;1109335.6990730404;0.0025;3.930972960009252;0.004;3.922991739614803
2245;300647;XS2783118131;1364756.440504;5.151349885;5.151349885;4642.834505;-42182.02759705974;;0.0;0.0;1409128.192;7.0;XS2783118131;Bond;1364756.440504;1322574.4129069403;0.0025;5.1326421246901;0.0035;5.12515902056614
2246;300647;XS2787827604;796144.672962;8.638371808;8.638371808;7723.360276;-41264.36218802592;;0.0;0.0;841025.589;6.0;XS2787827604;Bond;796144.672962;754880.310773974;0.0025;8.582401707552272;0.0035;8.560013667373182
2247;300647;XS2788380306;957556.2775845;1.882045061;1.882045061;523.740087;-11714.066408573446;;0.0;0.0;969876.4399;5.0;XS2788380306;Bond;957556.2775845;945842.2111759266;0.0025;1.8772264228175968;0.004;1.8743352399081548
2248;300647;XS2790191303;2242190.42868;5.31161225;5.31161225;8356.097168;-142915.75377371325;;0.0;0.0;2399724.588;4.0;XS2790191303;Bond;2242190.42868;2099274.6749062864;0.0025;5.288976405773243;0.0095;5.225596041938324
2249;300647;XS2791960664;3058036.04468;12.72685161;12.72685161;59923.87774;-233515.0257520422;;0.0;0.0;3316965.479;7.0;XS2791960664;Bond;3058036.04468;2824521.018927958;0.0025;12.641894907146934;0.0035;12.607912226005707
2250;300647;XS2791972248;2912540.42412;6.772622868;6.772622868;17104.669;-128215.99622240197;;0.0;0.0;3051739.754;9.0;XS2791972248;Bond;2912540.42412;2784324.427897598;0.0025;6.740474763927654;0.004;6.721185901484247
2251;300647;XS2791973642;3923544.84064;3.442733666;3.442733666;6592.186662;-162092.6389551832;;0.0;0.0;4099796.575;6.0;XS2791973642;Bond;3923544.84064;3761452.2016848167;0.0025;3.4303606810377056;0.0095;3.395716323143281
2252;300647;XS2801962155;920873.00099;3.649685042;3.649685042;1666.499204;-20165.378503769127;;0.0;0.0;941811.7808;6.0;XS2801962155;Bond;920873.00099;900707.6224862308;0.0025;3.63774317093483;0.0035;3.632966422508762
2253;300647;XS2806377268;830361.7469810001;4.238854985;4.238854985;2016.643268;-22878.589698534182;;0.0;0.0;854390.0274;6.0;XS2806377268;Bond;830361.7469810001;807483.1572824658;0.0025;4.223058909211535;0.004;4.213581263738457
2254;300647;XS2809670099;593100.301602;8.351992735;8.351992735;5585.681735;-29721.416460637276;;0.0;0.0;625163.7534;6.0;XS2809670099;Bond;593100.301602;563378.8851413628;0.0025;8.290937962369844;0.0035;8.266516053317781
2255;300647;XS2809859536;1023455.6815320001;7.205694559;7.205694559;7554.489477;-88496.50842951323;;0.0;0.0;1125297.945;6.0;XS2809859536;Bond;1023455.6815320001;934959.1731024869;0.0025;7.150965774938139;0.0095;6.997725179564928
2256;300647;XS2810794680;944966.6404899999;7.164228467;7.164228467;6459.598656;-44004.71989006478;;0.0;0.0;992374.9452;6.0;XS2810794680;Bond;944966.6404899999;900961.9205999351;0.0025;7.12164900471297;0.004;7.096101327340753
2257;300647;XS2813211617;1457548.32252;12.90704435;12.90704435;34679.86848;-112875.84504620245;;0.0;0.0;1579980.405;7.0;XS2813211617;Bond;1457548.32252;1344672.4774737975;0.0025;12.728691609446642;0.0035;12.6573505132253
2258;300647;XS2815984732;2085868.249792;4.322197683;4.322197683;5215.230391;-54093.20949776548;;0.0;0.0;2142440.827;6.0;XS2815984732;Bond;2085868.249792;2031775.0402942346;0.0025;4.306394455992371;0.0035;4.300073165189319
2259;300647;XS2817890077;1607687.69888;7.199925449;7.199925449;11688.7324;-138902.77892652433;;0.0;0.0;1766402.09;8.0;XS2817890077;Bond;1607687.69888;1468784.9199534757;0.0025;7.147759658945525;0.0095;7.0016954467929935
2260;300647;XS2818300407;1793014.965868;3.829073512;3.829073512;3637.608806;-82387.03334909692;;0.0;0.0;1882941.781;8.0;XS2818300407;Bond;1793014.965868;1710627.932518903;0.0025;3.8150088578775003;0.0095;3.7756278263345022
2261;300647;XS2821714735;2974453.6929450002;5.842564409;5.842564409;13418.59598;-112959.84233702399;;0.0;0.0;3094875.205;6.0;XS2821714735;Bond;2974453.6929450002;2861493.8506079763;0.0025;5.815121284968539;0.004;5.798655410549662
2262;300647;XS2823235085;2653355.3252;4.33687596;4.33687596;6940.738454;-138087.27507837434;;0.0;0.0;2805460.616;6.0;XS2823235085;Bond;2653355.3252;2515268.0501216254;0.0025;4.318501329726203;0.0095;4.2670523649595715
2263;300647;XS2823261834;584384.538342;8.56253411;8.56253411;5720.319569;-30022.87525745987;;0.0;0.0;616942.5699;6.0;XS2823261834;Bond;584384.538342;554361.6630845402;0.0025;8.501111026528184;0.0035;8.476541793139459
2264;300647;XS2823931824;1395318.998372;5.046578155;5.046578155;4725.370657;-42249.518258643686;;0.0;0.0;1439971.028;6.0;XS2823931824;Bond;1395318.998372;1353069.4801133564;0.0025;5.025583331236077;0.0035;5.017185401730508
2265;300647;XS2827708145;914716.02052;12.61109773;12.61109773;21067.91285;-69213.43877984643;;0.0;0.0;991676.3014;7.0;XS2827708145;Bond;914716.02052;845502.5817401536;0.0025;12.432892453926273;0.0035;12.361610343496782
2266;300647;XS2829201404;1205765.302974;1.57914386;1.57914386;-506.0441805;-31417.26843407513;;0.0;0.0;1238106.0;5.0;XS2829201404;Bond;1205765.302974;1174348.034539925;0.0025;1.5958702765980286;0.014;1.6728117929489594
2267;300647;XS2830327446;2144232.0205265004;3.621907978;3.621907978;3998.99811;-128142.48252016185;;0.0;0.0;2287349.342;6.0;XS2830327446;Bond;2144232.0205265004;2016089.5380063385;0.0025;3.608078458639706;0.014;3.544462669582354
2268;300647;XS2831094706;2916987.07144;4.62289857;4.62289857;9484.256142;-161819.22433522157;;0.0;0.0;3056057.74;7.0;XS2831094706;Bond;2916987.07144;2755167.8471047785;0.0025;4.595041853269847;0.0095;4.517043046425417
2269;300647;XS2831524728;2444836.55226;4.36106601;4.36106601;6202.212055;-63972.56152840005;;0.0;0.0;2511609.534;6.0;XS2831524728;Bond;2444836.55226;2380863.9907315997;0.0025;4.3451917109662945;0.0035;4.338841991352813
2270;300647;XS2831594697;3693172.82773;3.926322002;3.926322002;7640.35266;-94253.80724958156;;0.0;0.0;3793318.767;6.0;XS2831594697;Bond;3693172.82773;3598919.0204804186;0.0025;3.9131425769420525;0.004;3.905234921907284
2271;300647;XS2832954270;3841333.33534;3.563056201;3.563056201;6655.903047;-82121.31936354721;;0.0;0.0;3926453.089;6.0;XS2832954270;Bond;3841333.33534;3759212.015976453;0.0025;3.551476963477043;0.0035;3.54684526846786
2272;300647;XS2838924848;2234395.2768099997;8.488452167;8.488452167;21718.69362;-123282.62329092066;;0.0;0.0;2369009.011;7.0;XS2838924848;Bond;2234395.2768099997;2111112.653519079;0.0025;8.425582560543958;0.004;8.387860796670333
2273;300647;XS2839008948;2808588.64782;7.199749226;7.199749226;18738.52507;-121326.80365976659;;0.0;0.0;2938748.37;7.0;XS2839008948;Bond;2808588.64782;2687261.8441602336;0.0025;7.16254356642845;0.0035;7.147661302599831
2274;300647;XS2839195877;1727500.03512;8.344314173;8.344314173;16293.518;-86488.81816145888;;0.0;0.0;1821395.589;7.0;XS2839195877;Bond;1727500.03512;1641011.216958541;0.0025;8.282586916944418;0.0035;8.257896014522183
2275;300647;XS2843262887;4095884.11796;3.645335152;3.645335152;7370.693863;-89585.22212230861;;0.0;0.0;4188511.241;6.0;XS2843262887;Bond;4095884.11796;4006298.895837691;0.0025;3.6335679049756635;0.0035;3.6288610061659288
2276;300647;XS2844410287;729877.960206;3.605202626;3.605202626;1295.116326;-15788.147632765167;;0.0;0.0;746328.6849;5.0;XS2844410287;Bond;729877.960206;714089.8125732349;0.0025;3.593335625973943;0.0035;3.5885888259635204
2277;300647;XS2845167613;730791.187786;2.939324448;2.939324448;892.5388462;-13962.210630175268;;0.0;0.0;745545.5479;6.0;XS2845167613;Bond;730791.187786;716828.9771558247;0.0025;2.9303902122580134;0.004;2.9250296708128216
2278;300647;XS2858130771;1956484.8344100001;5.170496459;5.170496459;6759.372302;-166913.96548866775;;0.0;0.0;2138566.5;5.0;XS2858130771;Bond;1956484.8344100001;1789570.8689213323;0.0025;5.1509601567163745;0.014;5.0610931662116965
2279;300647;XS2859406139;3175388.562149;1.741961786;1.741961786;1529.145977;-35954.13595127279;;0.0;0.0;3211537.5;6.0;XS2859406139;Bond;3175388.562149;3139434.426197727;0.0025;1.737508817015661;0.004;1.7348370356250575
2280;300647;XS2859413341;1940840.8872;6.394349815;6.394349815;11516.93758;-148924.98681614109;;0.0;0.0;2076849.315;7.0;XS2859413341;Bond;1940840.8872;1791915.900383859;0.0025;6.348219246614926;0.0095;6.219053655136719
2281;300647;XS2861000235;1565838.03758;7.487310166;7.487310166;11455.43354;-70343.49034249334;;0.0;0.0;1641303.452;7.0;XS2861000235;Bond;1565838.03758;1495494.5472375066;0.0025;7.444563492389417;0.0035;7.427464822945183
2282;300647;XS2865533462;3008979.81966;5.379079549;5.379079549;11438.31652;-105206.0217733643;;0.0;0.0;3122028.082;8.0;XS2865533462;Bond;3008979.81966;2903773.7978866356;0.0025;5.35638095189167;0.004;5.342761793626672
2283;300647;XS2886143770;774667.332904;7.677022292;7.677022292;5904.763194;-35682.83030152916;;0.0;0.0;812954.6137;6.0;XS2886143770;Bond;774667.332904;738984.5026024708;0.0025;7.633805941488018;0.0035;7.616519401283226
2284;300647;XS2886191589;583049.32688;4.637766815;4.637766815;1710.707602;-32448.561836545818;;0.0;0.0;618910.274;8.0;XS2886191589;Bond;583049.32688;550600.7650434541;0.0025;4.61818726485384;0.0095;4.563364524444593
2285;300647;XS2886269013;900585.2661380001;3.956945997;3.956945997;1878.743343;-23163.1872147126;;0.0;0.0;925178.0548;6.0;XS2886269013;Bond;900585.2661380001;877422.0789232875;0.0025;3.9439361511067945;0.004;3.9361302435708714
2286;300647;XS2889406497;1720467.92724;5.356563731;5.356563731;6738.154231;-110589.55319283035;;0.0;0.0;1843921.233;7.0;XS2889406497;Bond;1720467.92724;1609878.3740471697;0.0025;5.3303840172047074;0.0095;5.257080818577889
2287;300647;XS2892321501;2874920.13366;6.880626421;6.880626421;17665.29133;-118687.50857955505;;0.0;0.0;3001830.0;6.0;XS2892321501;Bond;2874920.13366;2756232.625080445;0.0025;6.845368474530378;0.0035;6.83126529594253
2288;300647;XS2892988192;2600581.19392;6.070530136;6.070530136;12519.12728;-94721.43905283732;;0.0;0.0;2701362.847;6.0;XS2892988192;Bond;2600581.19392;2505859.7548671626;0.0025;6.042309154904784;0.0035;6.031020762466697
2289;300647;XS2893176862;734390.364528;7.025142349;7.025142349;4947.469812;-61910.3622065184;;0.0;0.0;803247.2826;5.0;XS2893176862;Bond;734390.364528;672480.0023214816;0.0025;6.980102931009662;0.0095;6.853992560636713
2290;300647;XS2894910665;5936438.092940001;5.431877114;5.431877114;22731.39502;-193476.0132943116;;0.0;0.0;6140091.809;7.0;XS2894910665;Bond;5936438.092940001;5742962.07964569;0.0025;5.409912078767646;0.0035;5.401126064674705
2291;300647;XS2895051212;2480688.7184800003;7.049976172;7.049976172;15826.20151;-104932.77813259931;;0.0;0.0;2592595.342;6.0;XS2895051212;Bond;2480688.7184800003;2375755.940347401;0.0025;7.0147375533285485;0.0035;7.000642105859968
2292;300647;XS2895631567;1923597.388326;4.385782967;4.385782967;4781.411461;-50618.88396651513;;0.0;0.0;1975985.814;7.0;XS2895631567;Bond;1923597.388326;1872978.5043594849;0.0025;4.371729166694891;0.0035;4.366107646572848
2293;300647;XS2895710783;1053657.5489295;4.824344284;4.824344284;3205.918538;-33040.84402756464;;0.0;0.0;1088537.237;6.0;XS2895710783;Bond;1053657.5489295;1020616.7049019353;0.0025;4.806463602924661;0.004;4.795735194279458
2294;300647;XS2896350175;2183345.8369555003;3.883547312;3.883547312;4593.784456;-139905.59312853625;;0.0;0.0;2340100.342;7.0;XS2896350175;Bond;2183345.8369555003;2043440.243826964;0.0025;3.8686518771712395;0.014;3.800132876958941
2295;300647;XS2898168443;3070443.80764;4.176303209;4.176303209;6808.601114;-153877.2519228133;;0.0;0.0;3237849.304;4.0;XS2898168443;Bond;3070443.80764;2916566.5557171865;0.0025;4.164470359825184;0.0095;4.131338382135699
2296;300647;XS2898290916;2288986.63608;6.828030565;6.828030565;13967.90454;-101590.25964120001;;0.0;0.0;2398312.11;7.0;XS2898290916;Bond;2288986.63608;2187396.3764388002;0.0025;6.792030019238418;0.004;6.7704296917814695
2297;300647;XS2904504979;1209466.612678;3.974203548;3.974203548;2552.599915;-31243.332271400926;;0.0;0.0;1242723.288;7.0;XS2904504979;Bond;1209466.612678;1178223.2804065992;0.0025;3.960926356196541;0.004;3.952960041114465
2298;300647;XS2904540775;5613810.681334999;4.026994678;4.026994678;12074.38521;-146944.1072907314;;0.0;0.0;5770073.947;8.0;XS2904540775;Bond;5613810.681334999;5466866.574044268;0.0025;4.013765497352245;0.004;4.005827988963592
2299;300647;XS2905579095;2668411.2446;6.256555521;6.256555521;13514.27455;-108517.91018055397;;0.0;0.0;2783892.712;6.0;XS2905579095;Bond;2668411.2446;2559893.334419446;0.0025;6.2278032472257205;0.004;6.210551882961153
2300;300647;XS2906211946;4639928.69396;6.9439813;6.9439813;6990.640046;-193317.46850514997;;0.0;0.0;4846875.452;6.0;XS2906211946;Bond;4639928.69396;4446611.22545485;0.0025;7.026862825448203;0.0035;7.060015435627483
2301;300647;XS2911633274;911653.444156;7.543799634;7.543799634;7170.720668;-82527.97102030648;;0.0;0.0;1004463.838;7.0;XS2911633274;Bond;911653.444156;829125.4731356936;0.0025;7.489431386004343;0.0095;7.337200291616502
2302;300647;XS2915529783;2141999.6004395;3.259023577;3.259023577;-7535.524725;-115183.64879598902;;0.0;0.0;2262676.778;6.0;XS2915529783;Bond;2141999.6004395;2026815.951643511;0.0025;3.3735263150733883;0.014;3.900238910210975
2303;300647;XS2919680236;1320284.71534;8.317427464;8.317427464;11958.0184;-65888.23411001005;;0.0;0.0;1391751.814;7.0;XS2919680236;Bond;1320284.71534;1254396.48122999;0.0025;8.263947681037902;0.0035;8.242555767853062
2304;300647;XS2919892179;3005699.91801;6.294359187;6.294359187;15457.9448;-122973.20679989405;;0.0;0.0;3137476.384;6.0;XS2919892179;Bond;3005699.91801;2882726.711210106;0.0025;6.2648346574115905;0.004;6.247119939658544
2305;300647;XS2931344217;3212284.89898;9.228252461;9.228252461;35761.83265;-177862.6561466719;;0.0;0.0;3404760.205;7.0;XS2931344217;Bond;3212284.89898;3034422.242833328;0.0025;9.162833234427218;0.0035;9.136665543798106
2306;300647;XS2933692753;2744103.35714;9.281818477;9.281818477;30706.74562;-152821.6154585987;;0.0;0.0;2909980.274;7.0;XS2933692753;Bond;2744103.35714;2591281.741681401;0.0025;9.217446775819917;0.0035;9.191698095347883
2307;300647;XS2939329996;3174116.93012;5.564917294;5.564917294;13299.58977;-211964.37837123568;;0.0;0.0;3412004.981;8.0;XS2939329996;Bond;3174116.93012;2962152.5517487647;0.0025;5.537587741491319;0.0095;5.461064994467014
2308;300647;XS2940309649;2050186.1524300002;4.97619646;4.97619646;6583.204939;-66313.83898141072;;0.0;0.0;2121330.822;6.0;XS2940309649;Bond;2050186.1524300002;1983872.3134485895;0.0025;4.957827090480397;0.004;4.946805468768635
2309;300647;XS2941605409;3038554.68772;5.67823533;5.67823533;13136.29307;-207043.54295938584;;0.0;0.0;3270503.425;6.0;XS2941605409;Bond;3038554.68772;2831511.144760614;0.0025;5.650761110544949;0.0095;5.5738332960708075
2310;300647;XS2948768556;910402.352704;8.311171928;8.311171928;8085.235522;-45399.06286187184;;0.0;0.0;959319.8521;7.0;XS2948768556;Bond;910402.352704;865003.2898421282;0.0025;8.2618371868895;0.0035;8.242103290445298
2311;300647;XS2950722616;2137390.2540095;4.243941665;4.243941665;5028.420055;-58961.23709681304;;0.0;0.0;2200060.274;7.0;XS2950722616;Bond;2137390.2540095;2078429.016912687;0.0025;4.230154316926957;0.004;4.221881908083132
2312;300647;XS2957380228;1095996.9825900001;7.298061809;7.298061809;7431.549611;-47991.92232851591;;0.0;0.0;1147204.992;6.0;XS2957380228;Bond;1095996.9825900001;1048005.0602614842;0.0025;7.261700333750717;0.0035;7.247155743651004
2313;300647;XS2958382645;991802.362076;2.546978548;2.546978548;916.8079473;-16419.645710411452;;0.0;0.0;1008963.014;6.0;XS2958382645;Bond;991802.362076;975382.7163655885;0.0025;2.540086654140172;0.004;2.535951517824275
2314;300647;XS2969693113;1838491.86818;5.803058311;5.803058311;-620.0851007;-64013.253092087194;;0.0;0.0;1906144.808;6.0;XS2969693113;Bond;1838491.86818;1774478.615087913;0.0025;5.895679005867136;0.0035;5.93272728381399
2315;300647;XS2970154436;942379.023891;6.648835272;6.648835272;5314.563204;-40727.198808656176;;0.0;0.0;986477.1233;6.0;XS2970154436;Bond;942379.023891;901651.8250823438;0.0025;6.618364855190508;0.004;6.600082605104813
2316;300647;XS2971648725;2317494.9588400004;7.980745653;7.980745653;20353.19804;-221944.05382334092;;0.0;0.0;2569012.132;6.0;XS2971648725;Bond;2317494.9588400004;2095550.9050166595;0.0025;7.920416078937689;0.0095;7.751493271563219
2317;300647;XS2974156031;2688364.655255;5.753308566;5.753308566;11454.45882;-100535.4440974665;;0.0;0.0;2795079.671;6.0;XS2974156031;Bond;2688364.655255;2587829.211157534;0.0025;5.729541129874459;0.004;5.715280668199135
2318;300647;XS2975137618;2794703.496295;4.16693287;4.16693287;6719.126845;-192148.1407001567;;0.0;0.0;3011363.425;7.0;XS2975137618;Bond;2794703.496295;2602555.355594843;0.0025;4.15023529305368;0.014;4.073426439100609
2319;300647;XS2975316899;3709278.3663950004;4.34635647;4.34635647;9115.634672;-104791.99917427762;;0.0;0.0;3820665.39;7.0;XS2975316899;Bond;3709278.3663950004;3604486.3672207226;0.0025;4.33214544641921;0.004;4.323618832270735
2320;300647;XS2979680332;708931.0604640001;7.841553864;7.841553864;5999.712748;-66709.45315789318;;0.0;0.0;786041.3808;6.0;XS2979680332;Bond;708931.0604640001;642221.607306107;0.0025;7.783702752374882;0.0095;7.621719639824553
2321;300647;XS2983840518;935213.2894555;5.920302103;5.920302103;4198.993296;-35988.84382806014;;0.0;0.0;974046.1644;8.0;XS2983840518;Bond;935213.2894555;899224.4456274398;0.0025;5.8956801028986385;0.004;5.880906902837822
2322;300647;XS2986639701;2055631.6251200002;7.974443903;7.974443903;16828.84353;-98355.114478513;;0.0;0.0;2161585.589;6.0;XS2986639701;Bond;2055631.6251200002;1957276.5106414873;0.0025;7.928755741985905;0.0035;7.9104804775802675
2323;300647;XS2986720907;2250504.15532;4.718324044;4.718324044;6697.741924;-127423.29440601918;;0.0;0.0;2391192.085;8.0;XS2986720907;Bond;2250504.15532;2123080.8609139808;0.0025;4.699577815086536;0.0095;4.6470883741288365
2324;300647;XS2994509706;3791280.9035199997;5.952595616;5.952595616;17021.25058;-135407.772511906;;0.0;0.0;3933889.948;7.0;XS2994509706;Bond;3791280.9035199997;3655873.1310080937;0.0025;5.928939657405916;0.0035;5.919477273968282
2325;300647;XS2997384776;725600.5364;9.433877465;9.433877465;6328.265379;-41071.35929361524;;0.0;0.0;770212.7123;6.0;XS2997384776;Bond;725600.5364;684529.1771063848;0.0025;9.43833713195135;0.0035;9.44012099873189
2326;300647;XS2997534768;1511180.916034;5.948753796;5.948753796;6778.407951;-53937.85926420009;;0.0;0.0;1567987.945;7.0;XS2997534768;Bond;1511180.916034;1457243.0567698;0.0025;5.925085376845379;0.0035;5.915618009183531
2327;300647;XS2999533438;852972.787094;6.634714548;6.634714548;4781.440061;-33955.38575748401;;0.0;0.0;889161.6575;6.0;XS2999533438;Bond;852972.787094;819017.401336516;0.0025;6.604622677581259;0.0035;6.592585929413762
2328;300647;XS3002420902;2420019.63546;8.100225912;8.100225912;20340.65889;-117616.23455221132;;0.0;0.0;2546914.767;7.0;XS3002420902;Bond;2420019.63546;2302403.400907789;0.0025;8.054130992857361;0.0035;8.035693025200306
2329;300647;XS3004194885;1618312.87742;9.378201113;9.378201113;18509.03174;-91061.18176921486;;0.0;0.0;1717638.164;6.0;XS3004194885;Bond;1618312.87742;1527251.6956507852;0.0025;9.312146769265322;0.0035;9.28572503177145
2330;300647;XS3005215093;1225573.23264;13.72592771;13.72592771;32530.34231;-100932.77756716593;;0.0;0.0;1338602.712;7.0;XS3005215093;Bond;1225573.23264;1124640.4550728342;0.0025;13.533356417964871;0.0035;13.45632790115082
2331;300647;XS3025207807;1200254.255928;5.81617322;5.81617322;5394.297283;-83770.6399262335;;0.0;0.0;1294192.74;6.0;XS3025207807;Bond;1200254.255928;1116483.6160017664;0.0025;5.788385510193221;0.0095;5.710579922734239
2332;300647;XS3040316898;2850976.518144;2.802019433;2.802019433;-11332.02828;-47930.94964119699;;0.0;0.0;2900733.327;7.0;XS3040316898;Bond;2850976.518144;2803045.568502803;0.0025;2.921017424266463;0.0035;2.968616620773048
2333;300661;AT0000A1ZGE4;9475850.086359998;2.806514595;2.806514595;10215.47976;-106376.44626960538;;0.0;0.0;9586013.699;9.0;AT0000A1ZGE4;Bond;9475850.086359998;9369473.640090393;0.0025;2.7992545510212965;0.0015;2.8021585686127777
2334;300661;AT0000A2WSC8;4283949.572319999;6.507623256;6.507623256;21775.43209;-111513.31945744352;;0.0;0.0;4401808.219;10.0;AT0000A2WSC8;Bond;4283949.572319999;4172436.252862556;0.0025;6.486420477744273;0.0015;6.494901589046564
2335;300661;AT0000A2Y8G4;10425307.664;17.75760517;17.75760517;444381.0217;-740513.9890923481;;0.0;0.0;11245705.48;10.0;AT0000A2Y8G4;Bond;10425307.664;9684793.674907653;0.0025;17.4803060499217;0.0015;17.59122569795302
2336;300661;AT0000A33SH3;20518605.36344;3.781629032;3.781629032;38978.07268;-310375.01495414245;;0.0;0.0;20841780.82;9.0;AT0000A33SH3;Bond;20518605.36344;20208230.348485857;0.0025;3.7698896943045432;0.0015;3.774585429382726
2337;300661;AT0000A3D3Q8;1442311.8024000002;10.98340786;10.98340786;22806.11561;-63365.99514820372;;0.0;0.0;1510524.208;9.0;AT0000A3D3Q8;Bond;1442311.8024000002;1378945.8072517964;0.0025;10.889691103127186;0.0015;10.927177805876312
2338;300661;AT0000A3HU25;5258452.81308;8.415107793;8.415107793;46312.53081;-177001.78898588914;;0.0;0.0;5447154.198;9.0;AT0000A3HU25;Bond;5258452.81308;5081451.02409411;0.0025;8.37196153503286;0.0015;8.389220038219715
2339;300661;AT000B122155;2047658.3830185002;1.857674686;1.857674686;1098.182563;-24725.24043410954;;0.0;0.0;2073424.384;6.0;AT000B122155;Bond;2047658.3830185002;2022933.1425843907;0.0025;1.8528942887448954;0.004;1.8500260503918327
2340;300661;BE0000291972;10800366.613880001;2.78169688;2.78169688;11658.04273;-120173.38445074465;;0.0;0.0;10924820.55;10.0;BE0000291972;Bond;10800366.613880001;10680193.229429256;0.0025;2.77405617984285;0.0015;2.77711245990571
2341;300661;BE0000326356;5208789.60916;6.085706132;6.085706132;24295.30754;-126796.65145905159;;0.0;0.0;5342643.836;10.0;BE0000326356;Bond;5208789.60916;5081992.957700949;0.0025;6.061688418994927;0.0015;6.071295504196956
2342;300661;BE0000346552;12930986.402800001;7.367802949;7.367802949;85085.81455;-381091.839008115;;0.0;0.0;13335698.63;10.0;BE0000346552;Bond;12930986.402800001;12549894.563791886;0.0025;7.339014396634265;0.0015;7.350529817580559
2343;300661;BE0000347568;9291184.10812;4.035362635;4.035362635;19349.11149;-149973.18873925303;;0.0;0.0;9447534.247;10.0;BE0000347568;Bond;9291184.10812;9141210.919380747;0.0025;4.024009920457249;0.0015;4.028551006274349
2344;300661;BE0000356650;13450389.8296;11.01373813;11.01373813;211711.2144;-592556.2853185189;;0.0;0.0;14088636.99;10.0;BE0000356650;Bond;13450389.8296;12857833.544281483;0.0025;10.92349033575289;0.0015;10.959589453451734
2345;300661;BE0000361700;3059382.41196;17.34702711;17.34702711;141652.1725;-212284.75856050925;;0.0;0.0;3292593.836;10.0;BE0000361700;Bond;3059382.41196;2847097.6533994908;0.0025;16.941802874534886;0.0015;17.103892568720934
2346;300661;BE0390130939;2075778.5805000002;4.205758219;4.205758219;5183.316945;-104762.67390914433;;0.0;0.0;2191164.384;4.0;BE0390130939;Bond;2075778.5805000002;1971015.906590856;0.0025;4.187553046265236;0.0095;4.136578562607898
2347;300661;BE0974365976;1933129.8241005;1.173995412;1.173995412;491.7103613;-14751.6560379133;;0.0;0.0;1948417.808;6.0;BE0974365976;Bond;1933129.8241005;1918378.1680625866;0.0025;1.1710820820617918;0.004;1.1693340840988669
2348;300661;CSH_EUR_DB;1884854.3277732795;0.0;0.0;0.0;0.0;;0.0;0.0;628260.57;;;Cash;1884854.3277732795;1884854.3277732795;0.0;0.0;0.0;0.0
2349;300661;DE0001030708;12996322.17368;5.255071777;5.255071777;43503.05942;-273186.42343882023;;0.0;0.0;13282050.0;10.0;DE0001030708;Bond;12996322.17368;12723135.750241179;0.0025;5.24042782095143;0.0015;5.246285403370858
2350;300661;DE0001030724;6328695.9474;24.63064304;24.63064304;444187.4765;-623519.4031564161;;0.0;0.0;7044149.999;10.0;DE0001030724;Bond;6328695.9474;5705176.544243583;0.0025;24.392658071180072;0.0015;24.487852058708043
2351;300661;DE0001030732;12558466.24108;6.225324102;6.225324102;57778.048;-312722.0902989947;;0.0;0.0;12887250.0;10.0;DE0001030732;Bond;12558466.24108;12245744.150781004;0.0025;6.207192630616471;0.0015;6.214445219169883
2352;300661;DE0001030740;19566225.337879997;2.454074184;2.454074184;16777.2942;-192067.87392007193;;0.0;0.0;19764158.9;10.0;DE0001030740;Bond;19566225.337879997;19374157.463959925;0.0025;2.4476938349039266;0.0015;2.450245974542356
2353;300661;DE0001030757;10625536.952;20.48566996;20.48566996;613006.2866;-870684.9725858252;;0.0;0.0;11598807.53;10.0;DE0001030757;Bond;10625536.952;9754851.979414174;0.0025;20.09253179986112;0.0015;20.24978706391667
2354;300661;DE000BU3Z005;14322417.896399999;7.087781504;7.087781504;88113.53034;-406056.67463465;;0.0;0.0;14751339.04;10.0;DE000BU3Z005;Bond;14322417.896399999;13916361.221765349;0.0025;7.0595696026373425;0.0015;7.070854363182406
2355;300661;DE000CZ45Y55;1831916.40872;5.656040284;5.656040284;7837.742628;-124336.71605569115;;0.0;0.0;1971335.069;6.0;DE000CZ45Y55;Bond;1831916.40872;1707579.6926643087;0.0025;5.6290562879600134;0.0095;5.55350109904805
2356;300661;ES0000012F43;4462692.10966;4.409293422;4.409293422;10971.20759;-118063.91378121085;;0.0;0.0;4587260.959;10.0;ES0000012F43;Bond;4462692.10966;4344628.195878789;0.0025;4.396437391230023;0.0035;4.391294978922033
2357;300661;ES0000012I08;9216718.62356;2.774691841;2.774691841;9762.117337;-153441.3237935081;;0.0;0.0;9376400.0;10.0;ES0000012I08;Bond;9216718.62356;9063277.299766492;0.0025;2.7674597546888906;0.0035;2.7645669201644467
2358;300661;ES0000012I32;4133658.28876;6.289477964;6.289477964;19840.45501;-155991.3163071718;;0.0;0.0;4300692.466;10.0;ES0000012I32;Bond;4133658.28876;3977666.972452828;0.0025;6.268378478237002;0.0035;6.259938683931804
2359;300661;ES0000012J07;8879378.0;14.84373302;14.84373302;247477.3414;-790818.6984939694;;0.0;0.0;9779773.973;10.0;ES0000012J07;Bond;8879378.0;8088559.30150603;0.0025;14.697798489810515;0.0035;14.639424677734722
2360;300661;ES0000012L60;4888114.75506;10.61358816;10.61358816;75198.058;-311282.6213341567;;0.0;0.0;5230606.164;10.0;ES0000012L60;Bond;4888114.75506;4576832.133725843;0.0025;10.510612371077194;0.0035;10.469422055508073
2361;300661;ES0000012M93;4469549.75734;16.74404304;16.74404304;199357.7227;-449030.0010379351;;0.0;0.0;4975339.726;10.0;ES0000012M93;Bond;4469549.75734;4020519.7563020648;0.0025;16.329862087817833;0.0035;16.164189706944967
2362;300661;ES0000012N35;9744822.48896;7.95663527;7.95663527;79495.56193;-465215.98989328986;;0.0;0.0;10248926.03;10.0;ES0000012N35;Bond;9744822.48896;9279606.49906671;0.0025;7.9109623086378145;0.0035;7.892693124092941
2363;300661;ES0000012N43;4988662.0578000005;5.57518649;5.57518649;19963.35397;-166876.32784693298;;0.0;0.0;5166366.438;10.0;ES0000012N43;Bond;4988662.0578000005;4821785.729953067;0.0025;5.552849623372202;0.0035;5.543914876721082
2364;300661;ES0000012O00;9790952.20958;4.464568093;4.464568093;25123.49691;-262274.2370098723;;0.0;0.0;10067843.84;10.0;ES0000012O00;Bond;9790952.20958;9528677.972570129;0.0025;4.450249234407072;0.0035;4.444521690969902
2365;300661;ES0213679JR9;1869981.347629;2.430085471;2.430085471;1577.509727;-29537.394275442515;;0.0;0.0;1900851.857;6.0;ES0213679JR9;Bond;1869981.347629;1840443.9533535575;0.0025;2.423758846896328;0.004;2.419962872434125
2366;300661;FI4000369467;9034936.88728;4.300818568;4.300818568;21008.57985;-155430.4973020878;;0.0;0.0;9197386.301;9.0;FI4000369467;Bond;9034936.88728;8879506.389977913;0.0025;4.288929661959905;0.0015;4.293685224375943
2367;300661;FI4000507231;4122581.4699999997;6.257802632;6.257802632;19198.37143;-103193.20469440172;;0.0;0.0;4231473.288;10.0;FI4000507231;Bond;4122581.4699999997;4019388.265305598;0.0025;6.239280840777088;0.0015;6.246689557266253
2368;300661;FI4000571104;4879805.03304;7.994434371;7.994434371;39206.6738;-156045.12431965506;;0.0;0.0;5045858.904;10.0;FI4000571104;Bond;4879805.03304;4723759.908720345;0.0025;7.953349936716753;0.0015;7.969783710430051
2369;300661;FR0000571218;11442412.600185;3.517812021;3.517812021;19688.52939;-181135.15467377694;;0.0;0.0;11631328.77;10.0;FR0000571218;Bond;11442412.600185;11261277.445511222;0.0025;3.5057329639618566;0.002;3.5081487753694853
2370;300661;FR0010171975;3314660.8259849995;16.60496717;16.60496717;144605.2195;-247679.253878247;;0.0;0.0;3588760.959;10.0;FR0010171975;Bond;3314660.8259849995;3066981.5721067525;0.0025;16.20363081683866;0.002;16.28389808747093
2371;300661;FR0013234333;11383516.6269;11.84582139;11.84582139;200575.3163;-606811.971385587;;0.0;0.0;12046150.68;10.0;FR0013234333;Bond;11383516.6269;10776704.655514413;0.0025;11.756135035042695;0.002;11.774072306034157
2372;300661;FR0013313582;8161028.546705;8.269323222;8.269323222;67662.57196;-303687.8229450266;;0.0;0.0;8487164.384;10.0;FR0013313582;Bond;8161028.546705;7857340.723759973;0.0025;8.233004068202389;0.002;8.24026789896191
2373;300661;FR0013384567;1871594.4448560001;3.481344991;3.481344991;3001.362972;-39093.99567469717;;0.0;0.0;1912713.699;6.0;FR0013384567;Bond;1871594.4448560001;1832500.449181303;0.0025;3.4715534082979262;0.0035;3.467636775217097
2374;300661;FR0013407236;9061121.03922;3.99478674;3.99478674;18463.89217;-162887.60779654986;;0.0;0.0;9231465.753;10.0;FR0013407236;Bond;9061121.03922;8898233.43142345;0.0025;3.983739916302839;0.002;3.985949281042271
2375;300661;FR0013451507;8665383.617815;4.534326261;4.534326261;22107.22299;-176812.54424953985;;0.0;0.0;8851000.0;10.0;FR0013451507;Bond;8665383.617815;8488571.073565459;0.0025;4.521946269761188;0.002;4.5244222680089505
2376;300661;FR0013463775;1726330.30348;4.823246894;4.823246894;5303.490063;-99918.20729133586;;0.0;0.0;1837068.493;6.0;FR0013463775;Bond;1726330.30348;1626412.0961886642;0.0025;4.804603225370872;0.0095;4.752400953209313
2377;300661;FR0013536661;1876215.082923;2.37996245;2.37996245;1528.220641;-29024.58939562244;;0.0;0.0;1906609.589;7.0;FR0013536661;Bond;1876215.082923;1847190.4935273775;0.0025;2.3737599241209772;0.004;2.3700384085935635
2378;300661;FR0014002JM6;7666095.71895;17.20390006;17.20390006;273606.6373;-593490.3506964433;;0.0;0.0;8334328.767;10.0;FR0014002JM6;Bond;7666095.71895;7072605.368253556;0.0025;17.05157349873563;0.002;17.082038810988507
2379;300661;FR0014002WK3;11484976.162185;6.46187467;6.46187467;56866.42391;-333965.1444658968;;0.0;0.0;11839680.0;10.0;FR0014002WK3;Bond;11484976.162185;11151011.017719103;0.0025;6.442479855485565;0.002;6.446358818388451
2380;300661;FR0014007LL3;1899760.1821080002;1.737689457;1.737689457;906.143669;-21457.756055303573;;0.0;0.0;1922082.192;7.0;FR0014007LL3;Bond;1899760.1821080002;1878302.4260526965;0.0025;1.7333139205061012;0.004;1.7306885986097618
2381;300661;FR001400AIN5;18887631.018955;2.818349611;2.818349611;20539.18304;-239543.7639074251;;0.0;0.0;19135972.6;10.0;FR001400AIN5;Bond;18887631.018955;18648087.255047575;0.0025;2.8110213240755515;0.002;2.812486981460441
2382;300661;FR001400KZQ1;2092851.6371419998;3.133992609;3.133992609;2855.657382;-42633.38015648775;;0.0;0.0;2137890.411;7.0;FR001400KZQ1;Bond;2092851.6371419998;2050218.256985512;0.0025;3.1244353451948967;0.004;3.118700986911835
2383;300661;FR001400NBC6;10071228.58432;2.358937765;2.358937765;8126.703221;-106908.3065137497;;0.0;0.0;10181767.12;10.0;FR001400NBC6;Bond;10071228.58432;9964320.27780625;0.0025;2.3526761653038863;0.002;2.353928485243109
2384;300661;FR001400NEF3;16279855.661150001;15.87602056;15.87602056;592663.8074;-1163066.9543561242;;0.0;0.0;17562630.14;10.0;FR001400NEF3;Bond;16279855.661150001;15116788.706793876;0.0025;15.59602229357509;0.002;15.652021946860073
2385;300661;FR001400OHF4;2849123.973185;17.45191114;17.45191114;134621.7405;-223751.9628309076;;0.0;0.0;3098209.589;10.0;FR001400OHF4;Bond;2849123.973185;2625372.0103540923;0.0025;17.032078593801693;0.002;17.116045103041355
2386;300661;FR001400OR98;1429914.1684;7.553545323;7.553545323;10633.95016;-64805.52887405551;;0.0;0.0;1500212.587;8.0;FR001400OR98;Bond;1429914.1684;1365108.6395259446;0.0025;7.510266061514959;0.0035;7.492954356920943
2387;300661;FR001400PM68;9831626.152065;4.523752463;4.523752463;25657.44652;-200141.29359314666;;0.0;0.0;10041616.44;10.0;FR001400PM68;Bond;9831626.152065;9631484.858471854;0.0025;4.509671180836042;0.002;4.512487437268834
2388;300661;FR001400PNN3;1459057.361145;7.539330698;7.539330698;10682.19156;-49501.42178860517;;0.0;0.0;1512051.405;6.0;FR001400PNN3;Bond;1459057.361145;1409555.9393563948;0.0025;7.498402053788016;0.002;7.506587782630413
2389;300661;FR001400QMF9;9417593.265959999;8.140880853;8.140880853;78529.97318;-345003.77115087974;;0.0;0.0;9787561.644;10.0;FR001400QMF9;Bond;9417593.265959999;9072589.494809119;0.0025;8.098099564249349;0.002;8.10665582199948
2390;300661;FR001400SVC3;1862682.41429;7.760649213;7.760649213;14624.12487;-93961.56128143606;;0.0;0.0;1965491.233;7.0;FR001400SVC3;Bond;1862682.41429;1768720.8530085639;0.0025;7.71494064895017;0.004;7.687515510520272
2391;300661;IE000GVLBXU6;13727919.657599999;13.73468022;13.73468022;344669.5366;-754194.3463319514;;0.0;0.0;14548191.78;9.0;IE000GVLBXU6;Bond;13727919.657599999;12973725.311268046;0.0025;13.578603981806982;0.0015;13.641034477084188
2392;300661;IE00BFZRQ242;9097261.0296;5.612312592;5.612312592;35057.81873;-204226.69051653985;;0.0;0.0;9311808.219;10.0;IE00BFZRQ242;Bond;9097261.0296;8893034.33908346;0.0025;5.594716037281624;0.0015;5.601754659168974
2393;300661;IT0005083057;3881522.1330999997;14.65041789;14.65041789;117356.9311;-341195.5277951951;;0.0;0.0;4256088.283;10.0;IT0005083057;Bond;3881522.1330999997;3540326.6053048046;0.0025;14.431135486993986;0.0035;14.34342252579158
2394;300661;IT0005323032;9775428.09526;2.734256967;2.734256967;8901.316184;-160371.19424923317;;0.0;0.0;9940473.199;10.0;IT0005323032;Bond;9775428.09526;9615056.901010767;0.0025;2.730182852336918;0.0035;2.7285532064716853
2395;300661;IT0005383309;9999345.78882;4.744521044;4.744521044;26223.94029;-284652.63912773563;;0.0;0.0;10296750.33;10.0;IT0005383309;Bond;9999345.78882;9714693.149692265;0.0025;4.735233103838057;0.0035;4.73151792777328
2396;300661;IT0005433690;9227812.5955;2.912025854;2.912025854;9334.013418;-161229.77312377706;;0.0;0.0;9394039.957;10.0;IT0005433690;Bond;9227812.5955;9066582.822376223;0.0025;2.907937871051168;0.0035;2.9063026778716354
2397;300661;IT0005542359;10282170.46336;5.69113164;5.69113164;40602.56482;-351103.1139114093;;0.0;0.0;10651173.97;10.0;IT0005542359;Bond;10282170.46336;9931067.349448591;0.0025;5.673383285770504;0.0035;5.666283944078706
2398;300661;IT0005580136;2065859.334251;3.416847732;3.416847732;3275.079559;-45881.724075632636;;0.0;0.0;2114500.0;6.0;IT0005580136;Bond;2065859.334251;2019977.6101753674;0.0025;3.4064014725973504;0.004;3.4001337169557604
2399;300661;IT0005582421;9549613.4156;10.59936652;10.59936652;143864.5962;-607319.1162975209;;0.0;0.0;10204347.89;10.0;IT0005582421;Bond;9549613.4156;8942294.29930248;0.0025;10.503608810226513;0.0035;10.465305726317117
2400;300661;IT0005596470;9653168.894140001;9.639151407;9.639151407;116627.6832;-558290.1391677493;;0.0;0.0;10252974.88;10.0;IT0005596470;Bond;9653168.894140001;9094878.754972253;0.0025;9.569389436032617;0.0035;9.541484647645664
2401;300661;IT0005607970;19272655.990000002;8.089143369;8.089143369;156578.2178;-935395.6644271599;;0.0;0.0;20270396.17;10.0;IT0005607970;Bond;19272655.990000002;18337260.32557284;0.0025;8.049619681643497;0.0035;8.033810206700895
2402;300661;IT0005611055;9962284.75658;4.12623753;4.12623753;20388.65012;-246640.51948288392;;0.0;0.0;10218976.82;10.0;IT0005611055;Bond;9962284.75658;9715644.237097116;0.0025;4.117637526573945;0.0035;4.114197525203522
2403;300661;IT0005611741;4448156.81662;16.00473384;16.00473384;183439.3985;-427149.39557150874;;0.0;0.0;4916435.341;10.0;IT0005611741;Bond;4448156.81662;4021007.421048491;0.0025;15.614127152043634;0.0035;15.457884476861087
2404;300661;IT0005619546;9673455.12794;5.865126115;5.865126115;39943.59847;-340416.2057589693;;0.0;0.0;10032038.54;10.0;IT0005619546;Bond;9673455.12794;9333038.922181029;0.0025;5.8478954597109;0.0035;5.841003197595261
2405;300661;IT0005631608;8962491.8708;13.76883731;13.76883731;244309.2697;-740418.5547674564;;0.0;0.0;9768778.022;9.0;IT0005631608;Bond;8962491.8708;8222073.316032544;0.0025;13.561312549008543;0.0035;13.47830264461196
2406;300661;LU1717592346;14813616.32658;1.07422244;1.035547903;-33765.51714;-395435.3434200001;;0.0;5772.145822;19190517.87;;LU1717592346;Fund Unit;14813616.32658;14418180.983159998;0.0;1.07422244;0.0;1.035547903
2407;300661;NL0000102317;10885258.381639998;2.591584856;2.591584856;10414.87574;-112840.28310202115;;0.0;0.0;11002013.7;10.0;NL0000102317;Bond;10885258.381639998;10772418.098537978;0.0025;2.5844559565050953;0.0015;2.587307516303057
2408;300661;NL0013552060;9797632.9088;13.71320926;13.71320926;215044.3088;-537427.9613241476;;0.0;0.0;10384910.96;10.0;NL0013552060;Bond;9797632.9088;9260204.947475852;0.0025;13.634624573547296;0.0015;13.666058448128377
2409;300661;NL0015001DQ7;4951224.09484;4.449302561;4.449302561;12492.62049;-88117.97618102608;;0.0;0.0;5043184.932;10.0;NL0015001DQ7;Bond;4951224.09484;4863106.118658975;0.0025;4.435714850106975;0.0015;4.4411499344641845
2410;300661;NL0015001RG8;14369693.7048;13.84448201;13.84448201;366581.5202;-795763.8639412554;;0.0;0.0;15234274.38;10.0;NL0015001RG8;Bond;14369693.7048;13573929.840858744;0.0025;13.685887714935138;0.0015;13.749325432961083
2411;300661;NL0015001XZ6;9545201.96272;8.009685126;8.009685126;76314.89843;-305816.2487418576;;0.0;0.0;9870397.26;10.0;NL0015001XZ6;Bond;9545201.96272;9239385.713978142;0.0025;7.970195123541258;0.0015;7.985991124524754
2412;300661;UBM25 Cmdty;0.0;0.0;0.0;-799068.5492;1266292.2576;;0.0;0.0;-15503800.0;;;Bond Future;0.0;1266292.2576;0.0025;0.0;0.0015;0.0
2413;300661;XS1909186451;1864844.421355;5.091656629;5.091656629;6177.71214;-61718.45849029806;;0.0;0.0;1930890.137;8.0;XS1909186451;Bond;1864844.421355;1803125.9628647019;0.0025;5.073650983679242;0.004;5.062847596486787
2414;300661;XS2001183164;1943629.8876565;2.043480043;2.043480043;-158.0840771;-25816.497761628536;;0.0;0.0;1969841.644;5.0;XS2001183164;Bond;1943629.8876565;1917813.3898948715;0.0025;2.0559529310834765;0.004;2.063436663933562
2415;300661;XS2201857534;1766898.83968;5.516411621;5.516411621;-6912.654247;-116963.29550810599;;0.0;0.0;1891904.932;5.0;XS2201857534;Bond;1766898.83968;1649935.544171894;0.0025;5.690296339134936;0.0095;6.177173549912758
2416;300661;XS2297549391;914686.3053779999;2.7633812;2.7633812;963.8336917;-16429.575111163656;;0.0;0.0;931934.9315;7.0;XS2297549391;Bond;914686.3053779999;898256.7302668362;0.0025;2.7561286038522987;0.004;2.7517770461636784
2417;300661;XS2311407352;1939720.312138;1.075345736;1.075345736;430.9570589;-13558.15478348622;;0.0;0.0;1953798.082;6.0;XS2311407352;Bond;1939720.312138;1926162.1573545139;0.0025;1.0726822860150491;0.004;1.0710842160240786
2418;300661;XS2314312179;1610888.5552400001;5.98837126;5.98837126;7450.198734;-115759.18472714568;;0.0;0.0;1740684.932;7.0;XS2314312179;Bond;1610888.5552400001;1495129.3705128545;0.0025;5.962400231913551;0.0095;5.889681353271494
2419;300661;XS2325328313;1644144.869176;5.413793084;5.413793084;6295.309056;-106812.72146206937;;0.0;0.0;1763698.63;5.0;XS2325328313;Bond;1644144.869176;1537332.1477139306;0.0025;5.391342822607403;0.0095;5.328482090708132
2420;300661;XS2340236327;1940510.9282840001;1.310232137;1.310232137;591.8585511;-30510.23736524879;;0.0;0.0;1972479.452;6.0;XS2340236327;Bond;1940510.9282840001;1910000.6909187513;0.0025;1.306898872615861;0.0095;1.2975657323402714
2421;300661;XS2353366268;1898960.893124;2.121607075;2.121607075;1272.088939;-26187.517629001282;;0.0;0.0;1926308.219;6.0;XS2353366268;Bond;1898960.893124;1872773.3754949986;0.0025;2.1161129450959835;0.004;2.1128164671535736
2422;300661;XS2356569736;1908536.246272;1.424075171;1.424075171;663.4910088;-32614.78897523396;;0.0;0.0;1942856.164;4.0;XS2356569736;Bond;1908536.246272;1875921.457296766;0.0025;1.4204540484060746;0.0095;1.4103149051430837
2423;300661;XS2357417257;1820890.0731664998;3.097655521;3.097655521;2358.957676;-36663.18622380897;;0.0;0.0;1859589.041;7.0;XS2357417257;Bond;1820890.0731664998;1784226.886942691;0.0025;3.0892567696458126;0.004;3.0842175188333
2424;300661;XS2360310044;1830220.0531295;3.115572553;3.115572553;2399.380186;-37064.19186262306;;0.0;0.0;1869291.781;7.0;XS2360310044;Bond;1830220.0531295;1793155.861266877;0.0025;3.107065057043547;0.004;3.101960559469676
2425;300661;XS2498154207;4838537.49804;4.323652803;4.323652803;11544.70253;-83680.62486328502;;0.0;0.0;4925910.274;9.0;XS2498154207;Bond;4838537.49804;4754856.873176715;0.0025;4.310737984602709;0.0015;4.315903911961626
2426;300661;XS2524746687;1904561.74152;6.844867787;6.844867787;12250.74859;-156437.6797545944;;0.0;0.0;2082000.0;7.0;XS2524746687;Bond;1904561.74152;1748124.0617654056;0.0025;6.801190350691205;0.0095;6.678893529026579
2427;300661;XS2528858033;2067876.2768014998;2.256388573;2.256388573;1564.478791;-30328.560608792483;;0.0;0.0;2099566.959;7.0;XS2528858033;Bond;2067876.2768014998;2037547.7161927072;0.0025;2.25020272013419;0.004;2.246491208414704
2428;300661;XS2532312548;1980273.66685;3.952100507;3.952100507;4082.057199;-46957.4433765398;;0.0;0.0;2028469.315;6.0;XS2532312548;Bond;1980273.66685;1933316.2234734602;0.0025;3.9396142495957918;0.0035;3.934619746634109
2429;300661;XS2536941656;2031550.1826145;4.369461326;4.369461326;5079.723522;-57699.06970595491;;0.0;0.0;2092949.315;8.0;XS2536941656;Bond;2031550.1826145;1973851.112908545;0.0025;4.354681370512022;0.004;4.345813397219235
2430;300661;XS2555420103;2114206.2231920003;1.529431416;1.529431416;827.4717356;-21017.967214741595;;0.0;0.0;2136094.521;7.0;XS2555420103;Bond;2114206.2231920003;2093188.2559772588;0.0025;1.5254946550943753;0.004;1.5231325985510005
2431;300661;XS2555925218;2117823.7083064998;2.645409642;2.645409642;2109.41808;-36416.32317706637;;0.0;0.0;2156047.945;6.0;XS2555925218;Bond;2117823.7083064998;2081407.3851294334;0.0025;2.6380043472697996;0.004;2.6335611704316797
2432;300661;XS2573569576;2042796.2983514997;4.274750893;4.274750893;4909.827092;-56760.8944538686;;0.0;0.0;2103082.192;7.0;XS2573569576;Bond;2042796.2983514997;1986035.4038976312;0.0025;4.260347544777389;0.004;4.251705535843822
2433;300661;XS2575971994;2041950.806914;2.611509177;2.611509177;1979.516937;-34661.72626305003;;0.0;0.0;2078259.178;7.0;XS2575971994;Bond;2041950.806914;2007289.08065095;0.0025;2.6043235174394668;0.004;2.600012121703147
2434;300661;XS2592650373;1029098.199642;1.836795849;1.836795849;541.8615867;-12286.581458552693;;0.0;0.0;1041900.685;8.0;XS2592650373;Bond;1029098.199642;1016811.6181834473;0.0025;1.8320668911167284;0.004;1.8292295163867653
2435;300661;XS2609970848;2095733.6356400002;5.993920148;5.993920148;10670.97457;-150739.92076204665;;0.0;0.0;2262863.288;6.0;XS2609970848;Bond;2095733.6356400002;1944993.7148779535;0.0025;5.956443822503793;0.0095;5.851510111114416
2436;300661;XS2616652637;2066420.0546;6.603164862;6.603164862;12680.69483;-163738.9475360021;;0.0;0.0;2251157.534;7.0;XS2616652637;Bond;2066420.0546;1902681.1070639978;0.0025;6.5587555188837845;0.0095;6.434409358158381
2437;300661;XS2637421848;2134475.345732;3.686689164;3.686689164;3980.129679;-51149.45633157958;;0.0;0.0;2188657.534;7.0;XS2637421848;Bond;2134475.345732;2083325.8894004207;0.0025;3.674051166839369;0.004;3.6664683685429904
2438;300661;XS2643234011;2144892.633005;4.45990135;4.45990135;5758.487154;-62179.06207203636;;0.0;0.0;2211232.603;7.0;XS2643234011;Bond;2144892.633005;2082713.5709329639;0.0025;4.4425095556436425;0.004;4.432074479029828
2439;300661;XS2675722750;2120717.246304;2.227802307;2.227802307;1577.226301;-30709.5020297698;;0.0;0.0;2152849.315;6.0;XS2675722750;Bond;2120717.246304;2090007.74427423;0.0025;2.221616988519498;0.004;2.2179057974311966
2440;300661;XS2723860990;1998397.97414;3.505513292;3.505513292;3381.093809;-84064.92793264371;;0.0;0.0;2089616.438;6.0;XS2723860990;Bond;1998397.97414;1914333.0462073563;0.0025;3.493937297101211;0.0095;3.4615245113846016
2441;300661;XS2768793676;1420054.4204;8.839711252;8.839711252;13986.26135;-50211.48415384888;;0.0;0.0;1473377.055;6.0;XS2768793676;Bond;1420054.4204;1369842.936246151;0.0025;8.788834930428711;0.0015;8.809185459057227
2442;300661;XS2788435050;19729668.350399997;7.609136244;7.609136244;142890.4709;-600502.9381085132;;0.0;0.0;20368578.08;6.0;XS2788435050;Bond;19729668.350399997;19129165.412291482;0.0025;7.572823223405473;0.0015;7.587348431643284
2443;300661;XS2804565435;2041751.188749;3.608669383;3.608669383;3629.239838;-47892.0325165254;;0.0;0.0;2092399.726;7.0;XS2804565435;Bond;2041751.188749;1993859.1562324746;0.0025;3.5967877879665227;0.004;3.5896588309464366
2444;300661;XS2930111096;1853200.2261199998;5.67355435;5.67355435;7988.736901;-126170.78645188929;;0.0;0.0;1994198.63;6.0;XS2930111096;Bond;1853200.2261199998;1727029.4396681106;0.0025;5.646257918582264;0.0095;5.569827910612603
2445;300661;XS2941605409;1841548.2957199998;5.67823533;5.67823533;7961.389736;-125480.9351359031;;0.0;0.0;1982123.288;6.0;XS2941605409;Bond;1841548.2957199998;1716067.3605840968;0.0025;5.650761110598777;0.0095;5.573833296275356
2446;300661;XS2958382645;1983604.723152;2.546978548;2.546978548;1833.615895;-32839.29140426755;;0.0;0.0;2017926.027;6.0;XS2958382645;Bond;1983604.723152;1950765.4317477325;0.0025;2.54008665412348;0.004;2.5359515177975682
2447;300661;XS2980741099;1970191.2555779999;4.411960759;4.411960759;4982.58375;-56500.642297677994;;0.0;0.0;2030199.886;6.0;XS2980741099;Bond;1970191.2555779999;1913690.613280322;0.0025;4.397399633200826;0.004;4.388662957721322
2448;309101;2000019;64365700.40249999;0.0;0.0;0.0;-10059596.64410256;;735608.0046;735608.0046;73560800.46;;US0231351067;Equity;64365700.40249999;54306103.75839743;0.0;0.0;0.0;0.0
2449;309101;2008154;5021715.01125;0.0;0.0;0.0;-784834.5805128203;;57391.0287;57391.0287;5739102.87;;US00724F1012;Equity;5021715.01125;4236880.430737181;0.0;0.0;0.0;0.0
2450;309101;2009834;65728718.545;0.0;0.0;0.0;-10272620.236581191;;751185.3548;751185.3548;75118535.48;;CA0084741085;Equity;65728718.545;55456098.30841881;0.0;0.0;0.0;0.0
2451;309101;2020459;16852326.25125;0.0;0.0;0.0;-2633818.998974358;;192598.0143;192598.0143;19259801.43;;US4385161066;Equity;16852326.25125;14218507.25227564;0.0;0.0;0.0;0.0
2452;309101;2041364;4551842.311625;0.0;0.0;0.0;-711399.0425982904;;52021.05499;52021.05499;5202105.499;;US91913Y1001;Equity;4551842.311625;3840443.2690267097;0.0;0.0;0.0;0.0
2453;309101;2046251;88879041.38749999;0.0;0.0;0.0;-13890741.511111107;;1015760.473;1015760.473;101576047.3;;US0378331005;Equity;88879041.38749999;74988299.87638888;0.0;0.0;0.0;0.0
2454;309101;2113434;41783448.629999995;0.0;0.0;0.0;-6530258.149743587;;477525.1272;477525.1272;47752512.72;;US1011371077;Equity;41783448.629999995;35253190.48025641;0.0;0.0;0.0;0.0
2455;309101;2124533;21505461.678749997;0.0;0.0;0.0;-3361048.955897435;;245776.7049;245776.7049;24577670.49;;CA8787422044;Equity;21505461.678749997;18144412.72285256;0.0;0.0;0.0;0.0
2456;309101;2134781;14623338.4325;0.0;0.0;0.0;-2285454.602393162;;167123.8678;167123.8678;16712386.78;;US9113631090;Equity;14623338.4325;12337883.830106838;0.0;0.0;0.0;0.0
2457;309101;2138158;15119011.88875;0.0;0.0;0.0;-2362922.492991452;;172788.7073;172788.7073;17278870.73;;US8168511090;Equity;15119011.88875;12756089.395758547;0.0;0.0;0.0;0.0
2458;309101;2190385;85035157.0775;0.0;0.0;0.0;-13289987.919316236;;971830.3666;971830.3666;97183036.66;;US46625H1005;Equity;85035157.0775;71745169.15818377;0.0;0.0;0.0;0.0
2459;309101;2206657;11919878.311250001;0.0;0.0;0.0;-1862935.804444444;;136227.1807;136227.1807;13622718.07;;US1912161007;Equity;11919878.311250001;10056942.506805558;0.0;0.0;0.0;0.0
2460;309101;2262314;13586109.17125;0.0;0.0;0.0;-2123347.9535042727;;155269.8191;155269.8191;15526981.91;;US6174464486;Equity;13586109.17125;11462761.217745729;0.0;0.0;0.0;0.0
2461;309101;2270726;13013058.6425;0.0;0.0;0.0;-2033786.942905982;;148720.6702;148720.6702;14872067.02;;US2546871060;Equity;13013058.6425;10979271.699594017;0.0;0.0;0.0;0.0
2462;309101;2297907;14811810.151250001;0.0;0.0;0.0;-2314910.499829059;;169277.8303;169277.8303;16927783.03;;US1729674242;Equity;14811810.151250001;12496899.651420942;0.0;0.0;0.0;0.0
2463;309101;2317087;16727661.387500001;0.0;0.0;0.0;-2614335.357264956;;191173.273;191173.273;19117327.3;;US29364G1031;Equity;16727661.387500001;14113326.030235045;0.0;0.0;0.0;0.0
2464;309101;2328915;18010100.96375;0.0;0.0;0.0;-2814765.4741880335;;205829.7253;205829.7253;20582972.53;;US65339F1012;Equity;18010100.96375;15195335.489561968;0.0;0.0;0.0;0.0
2465;309101;2379504;82911101.3325;0.0;0.0;0.0;-12958023.163076919;;947555.4438;947555.4438;94755544.38;;US67066G1040;Equity;82911101.3325;69953078.16942307;0.0;0.0;0.0;0.0
2466;309101;2405302;15223981.666250002;0.0;0.0;0.0;-2379328.025982905;;173988.3619;173988.3619;17398836.19;;US4062161017;Equity;15223981.666250002;12844653.640267096;0.0;0.0;0.0;0.0
2467;309101;2471950;2274093.367875;0.0;0.0;0.0;-355413.85969230754;;25989.63849;25989.63849;2598963.849;;US45337C1027;Equity;2274093.367875;1918679.5081826923;0.0;0.0;0.0;0.0
2468;309101;2516152;27501247.060000002;0.0;0.0;0.0;-4298119.198632477;;314299.9664;314299.9664;31429996.64;;US5324571083;Equity;27501247.060000002;23203127.861367524;0.0;0.0;0.0;0.0
2469;309101;2573209;24344725.92125;0.0;0.0;0.0;-3804792.3295726487;;278225.4391;278225.4391;27822543.91;;US59156R1086;Equity;24344725.92125;20539933.591677353;0.0;0.0;0.0;0.0
2470;309101;2588173;128674722.57500002;0.0;0.0;0.0;-20110335.152136743;;1470568.258;1470568.258;147056825.8;;US5949181045;Equity;128674722.57500002;108564387.42286327;0.0;0.0;0.0;0.0
2471;309101;2588184;47954490.044999994;0.0;0.0;0.0;-7494718.834871793;;548051.3148;548051.3148;54805131.48;;US5951121038;Equity;47954490.044999994;40459771.2101282;0.0;0.0;0.0;0.0
2472;309101;2671501;42279183.44125;0.0;0.0;0.0;-6607735.629401707;;483190.6679;483190.6679;48319066.79;;US7010941042;Equity;42279183.44125;35671447.81184829;0.0;0.0;0.0;0.0
2473;309101;2692665;37309936.536249995;0.0;0.0;0.0;-5831101.192478631;;426399.2747;426399.2747;42639927.47;;US6934751057;Equity;37309936.536249995;31478835.343771365;0.0;0.0;0.0;0.0
2474;309101;2704407;22948247.2975;0.0;0.0;0.0;-3586539.2601709384;;262265.6834;262265.6834;26226568.34;;US7427181091;Equity;22948247.2975;19361708.037329063;0.0;0.0;0.0;0.0
2475;309101;2730190;16837596.991249997;0.0;0.0;0.0;-2631516.9900854696;;192429.6799;192429.6799;19242967.99;;US75886F1075;Equity;16837596.991249997;14206080.001164528;0.0;0.0;0.0;0.0
2476;309101;2778844;34616639.513749994;0.0;0.0;0.0;-5410170.766495724;;395618.7373;395618.7373;39561873.73;;US58933Y1055;Equity;34616639.513749994;29206468.74725427;0.0;0.0;0.0;0.0
2477;309101;2779201;11963939.155000001;0.0;0.0;0.0;-1869821.9924786317;;136730.7332;136730.7332;13673073.32;;AN8068571086;Equity;11963939.155000001;10094117.16252137;0.0;0.0;0.0;0.0
2478;309101;2886907;35771564.3425;0.0;0.0;0.0;-5590671.8386324765;;408817.8782;408817.8782;40881787.82;;US8835561023;Equity;35771564.3425;30180892.503867526;0.0;0.0;0.0;0.0
2479;309101;2917766;21452500.8425;0.0;0.0;0.0;-3352771.8044444434;;245171.4382;245171.4382;24517143.82;;US91324P1021;Equity;21452500.8425;18099729.038055558;0.0;0.0;0.0;0.0
2480;309101;2936921;32801292.544999994;0.0;0.0;0.0;-5126453.535726495;;374871.9148;374871.9148;37487191.48;;US9311421039;Equity;32801292.544999994;27674839.0092735;0.0;0.0;0.0;0.0
2481;309101;2965839;17369900.8175;0.0;0.0;0.0;-2714709.7736752126;;198513.1522;198513.1522;19851315.22;;US12572Q1058;Equity;17369900.8175;14655191.043824786;0.0;0.0;0.0;0.0
2482;309101;2989301;25800582.115;0.0;0.0;0.0;-4032325.4099145285;;294863.7956;294863.7956;29486379.56;;US8725401090;Equity;25800582.115;21768256.70508547;0.0;0.0;0.0;0.0
2483;309101;4057808;26748512.442;0.0;0.0;0.0;-4240747.117241378;;307454.166;0.0;30745416.6;;FR0000120321;Equity;26748512.442;22507765.324758623;0.0;0.0;0.0;0.0
2484;309101;4061412;6392812.287;0.0;0.0;0.0;-1013525.5310344823;;73480.601;0.0;7348060.1;;FR0000121014;Equity;6392812.287;5379286.755965517;0.0;0.0;0.0;0.0
2485;309101;4162791;5417012.544;0.0;0.0;0.0;-858820.8551724134;;62264.512;0.0;6226451.2;;FR0000121329;Equity;5417012.544;4558191.688827586;0.0;0.0;0.0;0.0
2486;309101;4163437;4468811.028;0.0;0.0;0.0;-708491.64137931;;51365.644;0.0;5136564.4;;FR0000125338;Equity;4468811.028;3760319.38662069;0.0;0.0;0.0;0.0
2487;309101;4834108;21053817.5175;0.0;0.0;0.0;-3337902.103448274;;241997.9025;0.0;24199790.25;;FR0000121972;Equity;21053817.5175;17715915.414051723;0.0;0.0;0.0;0.0
2488;309101;4846288;13684100.196;0.0;0.0;0.0;-2169496.662068965;;157288.508;0.0;15728850.8;;DE0007164600;Equity;13684100.196;11514603.533931036;0.0;0.0;0.0;0.0
2489;309101;5231485;14592805.626;0.0;0.0;0.0;-2313564.1103448262;;167733.398;0.0;16773339.8;;DE0008404005;Equity;14592805.626;12279241.515655175;0.0;0.0;0.0;0.0
2490;309101;5334588;10379408.85;0.0;0.0;0.0;-1645566.206896551;;119303.55;0.0;11930355.0;;DE0007030009;Equity;10379408.85;8733842.643103449;0.0;0.0;0.0;0.0
2491;309101;5633962;7948870.884;0.0;0.0;0.0;-1260225.2689655167;;91366.332;0.0;9136633.2;;DE0006452907;Equity;7948870.884;6688645.615034483;0.0;0.0;0.0;0.0
2492;309101;5671735;4085488.6799999997;0.0;0.0;0.0;-647719.1724137928;;46959.64;0.0;4695964.0;;FR0000120578;Equity;4085488.6799999997;3437769.507586207;0.0;0.0;0.0;0.0
2493;309101;5727973;16607255.652000003;0.0;0.0;0.0;-2632937.875862068;;190887.996;0.0;19088799.6;;DE0007236101;Equity;16607255.652000003;13974317.776137935;0.0;0.0;0.0;0.0
2494;309101;6248990;370.139166732;0.0;0.0;0.0;-36.87369514441686;;4.089935544;4.089935544;408.9935544;;JP3496400007;Equity;370.139166732;333.26547158758314;0.0;0.0;0.0;0.0
2495;309101;6335171;19765606.40835;0.0;0.0;0.0;-1969072.7449379642;;218404.4907;218404.4907;21840449.07;;JP3902900004;Equity;19765606.40835;17796533.663412035;0.0;0.0;0.0;0.0
2496;309101;6563024;2609666.010155;0.0;0.0;0.0;-259977.9691968568;;28836.08851;28836.08851;2883608.851;;JP3890350006;Equity;2609666.010155;2349688.040958143;0.0;0.0;0.0;0.0
2497;309101;6597067;34611750.1228;0.0;0.0;0.0;-3448062.8832423473;;382450.2776;382450.2776;38245027.76;;JP3900000005;Equity;34611750.1228;31163687.239557654;0.0;0.0;0.0;0.0
2498;309101;6610403;6336941.535415;0.0;0.0;0.0;-631293.5007336638;;70021.45343;70021.45343;7002145.343;;JP3914400001;Equity;6336941.535415;5705648.034681337;0.0;0.0;0.0;0.0
2499;309101;6635677;8906967.426085;0.0;0.0;0.0;-887322.4750314305;;98419.52957;98419.52957;9841952.957;;JP3164720009;Equity;8906967.426085;8019644.95105357;0.0;0.0;0.0;0.0
2500;309101;6641373;10639838.088849999;0.0;0.0;0.0;-1059953.0699172865;;117567.2717;117567.2717;11756727.17;;JP3735400008;Equity;10639838.088849999;9579885.018932713;0.0;0.0;0.0;0.0
2501;309101;6804369;1776.2937492199999;0.0;0.0;0.0;-176.95645336310994;;19.62755524;19.62755524;1962.755524;;JP3357200009;Equity;1776.2937492199999;1599.33729585689;0.0;0.0;0.0;0.0
2502;309101;6821506;7876373.894469999;0.0;0.0;0.0;-784653.5463738623;;87031.75574;87031.75574;8703175.574;;JP3435000009;Equity;7876373.894469999;7091720.348096136;0.0;0.0;0.0;0.0
2503;309101;6895675;8100801.508640001;0.0;0.0;0.0;-807011.2868420178;;89511.61888;89511.61888;8951161.888;;JP3571400005;Equity;8100801.508640001;7293790.221797983;0.0;0.0;0.0;0.0
2504;309101;6900643;4786752.24862;0.0;0.0;0.0;-476861.8374160462;;52892.29004;52892.29004;5289229.004;;JP3633400001;Equity;4786752.24862;4309890.411203953;0.0;0.0;0.0;0.0
2505;309101;7103065;2736813.7717199996;0.0;0.0;0.0;-433898.3387586205;;31457.62956;31457.62956;3145762.956;;CH0012005267;Equity;2736813.7717199996;2302915.432961379;0.0;0.0;0.0;0.0
2506;309101;7110388;16604968.0653;0.0;0.0;0.0;-2632575.198620688;;190861.7019;190861.7019;19086170.19;;CH0012032048;Equity;16604968.0653;13972392.866679313;0.0;0.0;0.0;0.0
2507;309101;7123870;5517133.489890001;0.0;0.0;0.0;-874694.1719999996;;63415.32747;63415.32747;6341532.747;;CH0038863350;Equity;5517133.489890001;4642439.317890001;0.0;0.0;0.0;0.0
2508;309101;7144569;7030888.56918;0.0;0.0;0.0;-1114687.0502068962;;80814.81114;0.0;8081481.114;;IT0003128367;Equity;7030888.56918;5916201.518973104;0.0;0.0;0.0;0.0
2509;309101;7309681;7118802.674699999;0.0;0.0;0.0;-1128625.0772413788;;81825.3181;0.0;8182531.81;;FR0000131104;Equity;7118802.674699999;5990177.597458621;0.0;0.0;0.0;0.0
2510;309101;798059;7356164.182835001;0.0;0.0;0.0;-1423979.7988107868;;87055.19743;87055.19743;8705519.743;;GB0007980591;Equity;7356164.182835001;5932184.384024214;0.0;0.0;0.0;0.0
2511;309101;989529;30379580.253099997;0.0;0.0;0.0;-5880769.855260829;;359521.6598;359521.6598;35952165.98;;GB0009895292;Equity;30379580.253099997;24498810.397839166;0.0;0.0;0.0;0.0
2512;309101;B15C557;6018032.4690000005;0.0;0.0;0.0;-954107.4068965513;;69172.787;0.0;6917278.7;;FR0000120271;Equity;6018032.4690000005;5063925.062103449;0.0;0.0;0.0;0.0
2513;309101;B1WGG93;14233231.2243;0.0;0.0;0.0;-2256556.674482757;;163600.3589;163600.3589;16360035.89;;CH0030170408;Equity;14233231.2243;11976674.549817244;0.0;0.0;0.0;0.0
2514;309101;B1XH026;6669649.158;0.0;0.0;0.0;-1057415.64137931;;76662.634;0.0;7666263.4;;FR0000125486;Equity;6669649.158;5612233.51662069;0.0;0.0;0.0;0.0
2515;309101;B29VF02;19900701.712500002;0.0;0.0;0.0;-3110243.9794871784;;227436.591;227436.591;22743659.1;;CA3518581051;Equity;19900701.712500002;16790457.733012825;0.0;0.0;0.0;0.0
2516;309101;B5BKPQ4;65056855.613749996;0.0;0.0;0.0;-10167616.017777776;;743506.9213;743506.9213;74350692.13;;US6200763075;Equity;65056855.613749996;54889239.59597222;0.0;0.0;0.0;0.0
2517;309101;B616C79;15479723.726249998;0.0;0.0;0.0;-2419297.4810256404;;176911.1283;176911.1283;17691112.83;;US88160R1014;Equity;15479723.726249998;13060426.245224359;0.0;0.0;0.0;0.0
2518;309101;B6Z1355;16018297.98625;0.0;0.0;0.0;-2503470.259145298;;183066.2627;183066.2627;18306626.27;;US9837931008;Equity;16018297.98625;13514827.727104701;0.0;0.0;0.0;0.0
2519;309101;B7FBFL2;10005606.37125;0.0;0.0;0.0;-1563757.7723076919;;114349.7871;114349.7871;11434978.71;;US03027X1000;Equity;10005606.37125;8441848.598942308;0.0;0.0;0.0;0.0
2520;309101;B7TL820;42805614.78375;0.0;0.0;0.0;-6690010.613333331;;489207.0261;489207.0261;48920702.61;;US30303M1027;Equity;42805614.78375;36115604.17041667;0.0;0.0;0.0;0.0
2521;309101;B86S2N0;20767687.524;0.0;0.0;0.0;-3292538.6482758606;;238709.052;0.0;23870905.2;;BE0974264930;Equity;20767687.524;17475148.87572414;0.0;0.0;0.0;0.0
2522;309101;B87ZMX0;11972997.77625;0.0;0.0;0.0;-1871237.747692307;;136834.2603;136834.2603;13683426.03;;US6974351057;Equity;11972997.77625;10101760.028557692;0.0;0.0;0.0;0.0
2523;309101;B929F46;18144803.52;0.0;0.0;0.0;-2876702.8965517227;;208560.96;0.0;20856096.0;;NL0010273215;Equity;18144803.52;15268100.623448277;0.0;0.0;0.0;0.0
2524;309101;B92SR70;6031288.8448749995;0.0;0.0;0.0;-942619.0136068373;;68929.01537;68929.01537;6892901.537;;US00287Y1091;Equity;6031288.8448749995;5088669.8312681625;0.0;0.0;0.0;0.0
2525;309101;B94Q9V0;30351441.216250002;0.0;0.0;0.0;-4743570.788376067;;346873.6139;346873.6139;34687361.39;;US8725901040;Equity;30351441.216250002;25607870.427873936;0.0;0.0;0.0;0.0
2526;309101;BDHLTQ5;13787359.53;0.0;0.0;0.0;-2154801.0010256404;;157569.8232;157569.8232;15756982.32;;US05722G1004;Equity;13787359.53;11632558.528974358;0.0;0.0;0.0;0.0
2527;309101;BDJ0LS6;4260751.4075;0.0;0.0;0.0;-665904.9818803418;;48694.3018;48694.3018;4869430.18;;US4622221004;Equity;4260751.4075;3594846.425619658;0.0;0.0;0.0;0.0
2528;309101;BDZ78H9;73306637.7925;0.0;0.0;0.0;-11456959.2642735;;837790.1462;837790.1462;83779014.62;;US11135F1012;Equity;73306637.7925;61849678.5282265;0.0;0.0;0.0;0.0
2529;309101;BJT1GR5;3749663.73753;0.0;0.0;0.0;-594477.009517241;;43099.58319;43099.58319;4309958.319;;CH0432492467;Equity;3749663.73753;3155186.7280127592;0.0;0.0;0.0;0.0
2530;309101;BJYRDP5;11099006.73;0.0;0.0;0.0;-1759652.2758620682;;127574.79;0.0;12757479.0;;FR0011726835;Equity;11099006.73;9339354.454137933;0.0;0.0;0.0;0.0
2531;309101;BK6H543;4854374.711680001;0.0;0.0;0.0;-939692.393138815;;57448.22144;57448.22144;5744822.144;;US09075V1026;Equity;4854374.711680001;3914682.318541186;0.0;0.0;0.0;0.0
2532;309101;BLPLD38;88780.246287;0.0;0.0;0.0;-14075.346220689647;;1020.462601;1020.462601;102046.2601;;CH1243598427;Equity;88780.246287;74704.90006631035;0.0;0.0;0.0;0.0
2533;309101;BM5M5Y3;53675132.30625;0.0;0.0;0.0;-8388787.466666663;;613430.0835;613430.0835;61343008.35;;US75513E1010;Equity;53675132.30625;45286344.83958334;0.0;0.0;0.0;0.0
2534;309101;BN320L4;5031709.4214;0.0;0.0;0.0;-621198.6939999997;;55907.88246;55907.88246;5590788.246;;CA7397211086;Equity;5031709.4214;4410510.727400001;0.0;0.0;0.0;0.0
2535;309101;BNG7113;7798194.15372;0.0;0.0;0.0;-1236336.766344827;;89634.41556;89634.41556;8963441.556;;NO0010161896;Equity;7798194.15372;6561857.387375173;0.0;0.0;0.0;0.0
2536;309101;BP6H4Y1;12869338.125;0.0;0.0;0.0;-2011325.1282051275;;147078.15;147078.15;14707815.0;;US36828A1016;Equity;12869338.125;10858012.996794872;0.0;0.0;0.0;0.0
2537;309101;BP6KMJ1;8141411.17821;0.0;0.0;0.0;-1290750.8804137926;;93579.43883;93579.43883;9357943.883;;DK0062498333;Equity;8141411.17821;6850660.297796207;0.0;0.0;0.0;0.0
2538;309101;BP6MXD8;15193631.04025;0.0;0.0;0.0;-2941128.437886825;;179806.2845;179806.2845;17980628.45;;GB00BP6MXD84;Equity;15193631.04025;12252502.602363175;0.0;0.0;0.0;0.0
2539;309101;BPBPJ01;14722483.9545;0.0;0.0;0.0;-2334123.496551723;;169223.9535;0.0;16922395.35;;FR001400AJ45;Equity;14722483.9545;12388360.457948279;0.0;0.0;0.0;0.0
2540;309101;BQT3XY6;12438913.165;0.0;0.0;0.0;-1944054.8047863245;;142159.0076;142159.0076;14215900.76;;IL0011334468;Equity;12438913.165;10494858.360213675;0.0;0.0;0.0;0.0
2541;309101;BR4T3B3;9660682.08;0.0;0.0;0.0;-1509850.19076923;;110407.7952;110407.7952;11040779.52;;US4435731009;Equity;9660682.08;8150831.88923077;0.0;0.0;0.0;0.0
2542;309101;BSMR1R8;14607324.308849998;0.0;0.0;0.0;-2827633.29005305;;172867.7433;172867.7433;17286774.33;;IE00028FXN24;Equity;14607324.308849998;11779691.018796947;0.0;0.0;0.0;0.0
2543;309101;BVLZX12;15677390.837500002;0.0;0.0;0.0;-2450190.509401709;;179170.181;179170.181;17917018.1;;US29444U7000;Equity;15677390.837500002;13227200.328098293;0.0;0.0;0.0;0.0
2544;309101;BXDZ9Q1;6752154.73365;0.0;0.0;0.0;-1070496.1924137925;;77610.97395;77610.97395;7761097.395;;SE0007100599;Equity;6752154.73365;5681658.541236207;0.0;0.0;0.0;0.0
2545;309101;BYVY8G0;54066253.36875;0.0;0.0;0.0;-8449915.056410255;;617900.0385;617900.0385;61790003.85;;US02079K3059;Equity;54066253.36875;45616338.312339745;0.0;0.0;0.0;0.0
2546;309101;CSH_AUD_DB;32437.59386;0.0;0.0;0.0;0.0;;0.0;324.3759386;32437.59386;;;Cash;32437.59386;32437.59386;0.0;0.0;0.0;0.0
2547;309101;CSH_CAD_DB;162740.9627;0.0;0.0;0.0;0.0;;0.0;1627.409627;162740.9627;;;Cash;162740.9627;162740.9627;0.0;0.0;0.0;0.0
2548;309101;CSH_CHF_DB;666770.9385;0.0;0.0;0.0;0.0;;0.0;6667.709385;666770.9385;;;Cash;666770.9385;666770.9385;0.0;0.0;0.0;0.0
2549;309101;CSH_DKK_DB;251361.8478;0.0;0.0;0.0;0.0;;0.0;2513.618478;251361.8478;;;Cash;251361.8478;251361.8478;0.0;0.0;0.0;0.0
2550;309101;CSH_EUR_DB;0.0;0.0;0.0;0.0;0.0;;0.0;0.0;2822226.51;;;Cash;0.0;0.0;0.0;;0.0;
2551;309101;CSH_GBP_DB;2533342.188975;0.0;0.0;0.0;-66623.0687435898;;0.0;25982.99681;2598299.681;;;Cash;2533342.188975;2466719.12023141;0.0;0.0;0.0;0.0
2552;309101;CSH_JPY_DB;285841.7683875;0.0;0.0;0.0;-7517.206269230776;;0.0;2931.710445;293171.0445;;;Cash;285841.7683875;278324.56211826927;0.0;0.0;0.0;0.0
2553;309101;CSH_NOK_DB;250833.8876;0.0;0.0;0.0;0.0;;0.0;2508.338876;250833.8876;;;Cash;250833.8876;250833.8876;0.0;0.0;0.0;0.0
2554;309101;CSH_SEK_DB;244769.1047;0.0;0.0;0.0;0.0;;0.0;2447.691047;244769.1047;;;Cash;244769.1047;244769.1047;0.0;0.0;0.0;0.0
2555;309101;CSH_USD_DB;8579665.7817;0.0;0.0;0.0;-225632.23620512837;;0.0;87996.57212;8799657.212;;;Cash;8579665.7817;8354033.545494872;0.0;0.0;0.0;0.0
2556;309101;FR0010298331;6978581.27121;0.0;0.0;0.0;-962562.9339599996;;80287.54687;80160.77926;8078037.018;;FR0010298331;Fund Unit;6978581.27121;6016018.33725;0.0;0.0;0.0;0.0
2557;309101;FR0010582452;1422621.5358276945;0.033149011;0.296124349;200.583828;-2848.091162818143;;0.0;7.42e-08;15987892.93;;FR0010582452;Fund Unit;1422621.5358276945;1419773.4446648762;0.0;0.033149011;0.0;0.296124349
2558;309101;LU1897556350;19015320.682800002;0.000883148;0.007889271;7.30672009;-2622802.852799999;;210655.5457;197978.0605;21856785.11;;LU1897556350;Fund Unit;19015320.682800002;16392517.830000004;0.0;0.000883148;0.0;0.007889271
2559;309101;T_LU1602144906;45092865.0171;0.0;0.0;0.0;-6219705.519599997;;518308.7933;518308.7933;51830879.33;;T_LU1602144906;Fund Unit;45092865.0171;38873159.4975;0.0;0.0;0.0;0.0
2560;389037;BE6317283610;3907048.3574475;0.852678182;0.852678182;612.5741958;-21654.456787693733;;0.0;0.0;3929370.411;6.0;BE6317283610;Bond;3907048.3574475;3885393.900659806;0.0025;0.8505761584530144;0.004;0.849314944324823
2561;389037;BE6353250416;2984578.1422447497;0.238804763;1.217938374;18.05347871;-16321.957688350389;;0.0;0.0;3001042.917;5.0;BE6353250416;Bond;2984578.1422447497;2968256.1845563995;0.0025;0.23879610925111205;0.004;1.2236299126739005
2562;389037;BE6355572353;12951203.18037;0.211125343;1.426893192;58.99926769;-80755.75261941057;;0.0;0.0;13032913.11;5.0;BE6355572353;Bond;12951203.18037;12870447.42775059;0.0025;0.21112289015723076;0.004;1.4348550685352457
2563;389037;BE6356749489;1997196.29066102;0.043340519;0.043340519;8.818619168;-562.6369045838026;;0.0;0.0;1997765.517;8.0;BE6356749489;Bond;1997196.29066102;1996633.6537564362;0.0025;0.04323482751465413;0.004;0.043171412623446606
2564;389037;BE6359531173;1995130.5854619;0.075862824;0.075862824;15.91914156;-983.815563002435;;0.0;0.0;1996125.914;8.0;BE6359531173;Bond;1995130.5854619;1994146.7698988977;0.0025;0.07567773698759482;0.004;0.0755666847801517
2565;389037;CH1174335732;9564588.1753925;0.52223589;0.52223589;749.2469964;-32467.31291868726;;0.0;0.0;9598089.452;8.0;CH1174335732;Bond;9564588.1753925;9532120.862473812;0.0025;0.5209593277908521;0.004;0.5201933904653633
2566;389037;CSH_EUR_DB;129686516.73056243;0.0;0.0;0.0;0.0;;0.0;0.0;127373686.0;;;Cash;129686516.73056243;129686516.73056243;0.0;0.0;0.0;0.0
2567;389037;DE000A2YNZW8;7671695.465179999;1.565205992;1.565205992;3083.414892;-72046.70226539379;;0.0;0.0;7746393.425;7.0;DE000A2YNZW8;Bond;7671695.465179999;7599648.762914605;0.0025;1.561282643517352;0.0035;1.5597133041242928
2568;389037;DE000A3LRS64;6000478.7273745;0.173007355;0.665760531;18.537758;-16577.40404666075;;0.0;0.0;6017110.0;6.0;DE000A3LRS64;Bond;6000478.7273745;5983901.323327839;0.0025;0.17300494936625482;0.0035;0.6672037325018934
2569;389037;DE000A4BF827;2991718.1758963997;0.075507525;0.075507525;23.64693108;-1355.3834097567108;;0.0;0.0;2993095.82;8.0;DE000A4BF827;Bond;2991718.1758963997;2990362.792486643;0.0025;0.07532417520167038;0.0035;0.07525083528233853
2570;389037;DE000A4BF8S8;9992101.8863362;0.021573278;0.021573278;21.3945861;-1293.3743507895317;;0.0;0.0;9993416.089;8.0;DE000A4BF8S8;Bond;9992101.8863362;9990808.51198541;0.0025;0.021520912772949628;0.0035;0.021499966682129477
2571;389037;DE000A4BF8Z3;7981903.937850599;0.06203005;0.06203005;51.16181256;-2970.7074021604176;;0.0;0.0;7984922.895;8.0;DE000A4BF8Z3;Bond;7981903.937850599;7978933.230448439;0.0025;0.061879426182290205;0.0035;0.06181917665520629
2572;389037;DE000CZ450R9;9730512.7847005;0.884312588;0.884312588;1610.580691;-55931.297130836305;;0.0;0.0;9787332.945;8.0;DE000CZ450R9;Bond;9730512.7847005;9674581.487569664;0.0025;0.8821296453004971;0.004;0.8808198796807953
2573;389037;DE000CZ451X5;9791384.969836;0.68361051;0.68361051;1116.261206;-43507.70887343349;;0.0;0.0;9835523.566;8.0;DE000CZ451X5;Bond;9791384.969836;9747877.260962566;0.0025;0.6819287077174518;0.004;0.680919626347923
2574;389037;FR0000989626;53978355.881730005;0.033170906;0.425272033;-207.7146266;-108064.77653999758;;0.0;1.06e-06;54044604.74;;FR0000989626;Fund Unit;53978355.881730005;53870291.10519001;0.0;0.033170906;0.0;0.425272033
2575;389037;FR0010213355;48695.0720841;0.032639138;0.32465379;0.118108039;-97.4876317999978;;0.0;2.94e-08;48750.74606;;FR0010213355;Fund Unit;48695.0720841;48597.584452300005;0.0;0.032639138;0.0;0.32465379
2576;389037;FR0010582452;53978561.11629;0.033149011;0.296124349;678.0021996;-108065.18741999757;;0.0;2.51e-07;54041378.52;;FR0010582452;Fund Unit;53978561.11629;53870495.92887001;0.0;0.033149011;0.0;0.296124349
2577;389037;FR0012949923;6017539.773407999;0.434901664;0.434901664;369.6381125;-15702.228363847933;;0.0;0.0;6033209.589;6.0;FR0012949923;Bond;6017539.773407999;6001837.545044151;0.0025;0.43383884305738624;0.0035;0.43341371468034073
2578;389037;FR0013218393;9890091.383167999;0.614895225;0.614895225;968.6626215;-39528.904781103716;;0.0;0.0;9929701.37;4.0;FR0013218393;Bond;9890091.383167999;9850562.478386896;0.0025;0.613391896913626;0.004;0.6124899000618015
2579;389037;FR0013262284;8009462.355185;0.204313533;0.204313533;192.1874748;-10636.870082919264;;0.0;0.0;8020460.274;2.0;FR0013262284;Bond;8009462.355185;7998825.485102081;0.0025;0.20381801672102814;0.004;0.20352070695364502
2580;389037;FR0013398070;6955197.6860919995;0.79460823;0.79460823;982.2538337;-35923.27259719679;;0.0;0.0;6992304.794;8.0;FR0013398070;Bond;6955197.6860919995;6919274.413494803;0.0025;0.7926560888858459;0.004;0.7914848042173533
2581;389037;FR0013412707;1789943.188796;0.978187269;0.978187269;346.7193059;-10505.397837081066;;0.0;0.0;1800534.86;6.0;FR0013412707;Bond;1789943.188796;1779437.790958919;0.0025;0.9757367927316563;0.0035;0.9747566022243188
2582;389037;FR0013444676;1914105.312;1.395111638;1.395111638;638.4109816;-16022.343582772924;;0.0;0.0;1930320.0;6.0;FR0013444676;Bond;1914105.312;1898082.968417227;0.0025;1.3916392365609669;0.0035;1.3902502759853537
2583;389037;FR0013465358;4495103.884407599;0.173231524;0.173231524;89.34118445;-5061.509026822613;;0.0;0.0;4500313.151;4.0;FR0013465358;Bond;4495103.884407599;4490042.375380777;0.0025;0.17280966636987458;0.004;0.17255655179179932
2584;389037;FR0013476199;2447031.2348935;0.776005397;0.776005397;334.5499571;-12342.91139188205;;0.0;0.0;2459734.246;7.0;FR0013476199;Bond;2447031.2348935;2434688.3235016176;0.0025;0.774092941238661;0.004;0.7729454677818575
2585;389037;FR0013507852;5997407.997818;0.993270886;0.993270886;-9107.974654;-35742.30453417702;;0.0;0.0;6033733.151;7.0;FR0013507852;Bond;5997407.997818;5961665.693283822;0.0025;1.033703649477717;0.0035;1.0498767548688037
2586;389037;FR0013512944;10182694.56057;0.901486538;0.901486538;-22341.799;-55077.372401518085;;0.0;0.0;10238095.89;7.0;FR0013512944;Bond;10182694.56057;10127617.188168481;0.0025;0.9583706074007554;0.0035;0.9811242351610576
2587;389037;FR0014002G44;6120278.64575;0.934678467;0.934678467;1098.47269;-34322.955973334676;;0.0;0.0;6154982.63;6.0;FR0014002G44;Bond;6120278.64575;6085955.6897766655;0.0025;0.9323755058464649;0.0035;0.9314543213850508
2588;389037;FR001400A5N5;3531291.9232004;0.092989019;0.092989019;34.91707275;-1970.2282304461714;;0.0;0.0;3533324.795;5.0;FR001400A5N5;Bond;3531291.9232004;3529321.694969954;0.0025;0.09276343881383592;0.0035;0.09267320673937028
2589;389037;FR001400BDD5;8064222.5907815;0.514248844;0.514248844;623.0447759;-26955.611442942467;;0.0;0.0;8091456.438;5.0;FR001400BDD5;Bond;8064222.5907815;8037266.979338557;0.0025;0.5129784645740945;0.004;0.5122162369185512
2590;389037;FR001400E904;9813381.671154;0.411217894;0.411217894;561.9830179;-24212.62886298089;;0.0;0.0;9838287.363;5.0;FR001400E904;Bond;9813381.671154;9789169.04229102;0.0025;0.4102089691622531;0.0035;0.40980539922715437
2591;389037;FR001400KI02;3578987.551458;0.338855988;0.338855988;160.3171102;-7276.568176734009;;0.0;0.0;3586474.932;6.0;FR001400KI02;Bond;3578987.551458;3571710.9832812664;0.0025;0.33802319685790855;0.0035;0.33769008040107196
2592;389037;FR001400KZP3;8282747.55662;1.418891873;1.418891873;2870.495575;-76390.10076229171;;0.0;0.0;8361877.26;8.0;FR001400KZP3;Bond;8282747.55662;8206357.455857708;0.0025;1.4152609281357962;0.004;1.413082361217274
2593;389037;FR001400L248;8069244.309076;0.456718621;0.456718621;531.1117954;-22112.24480011973;;0.0;0.0;8091990.562;6.0;FR001400L248;Bond;8069244.309076;8047132.06427588;0.0025;0.4555946189178393;0.0035;0.45514501808497504
2594;389037;FR001400N9V5;6130858.61482475;0.061523398;0.79497977;4.055506153;-20438.61242266757;;0.0;0.0;6151348.444;9.0;FR001400N9V5;Bond;6130858.61482475;6110420.002402083;0.0025;0.06151632355295329;0.004;0.7974812817095563
2595;389037;FR001400PZU2;8004285.7236305;0.116267356;1.092809753;12.84654161;-37315.23886271596;;0.0;0.0;8041856.667;6.0;FR001400PZU2;Bond;8004285.7236305;7966970.484767784;0.0025;0.11626102729766558;0.004;1.0975224873089877
2596;389037;FR001400SMX8;4982166.1580610005;0.212093451;1.425847975;24.40607716;-27505.052381343245;;0.0;0.0;5009892.917;5.0;FR001400SMX8;Bond;4982166.1580610005;4954661.105679657;0.0025;0.2120834428819626;0.0035;1.4327921694902384
2597;389037;FR0128451731;6223910.75077225;0.060680792;0.847272769;-386.2303011;-22037.579967498128;;0.0;0.0;6246146.54;;FR0128451731;Bond;6223910.75077225;6201873.170804752;0.0025;0.06224139456668309;0.004;0.8526264890529777
2598;389037;FR0128514819;5181797.90074909;0.002872301;0.005426637;0.00452971;-149.68815308920813;;0.0;0.0;5181948.688;8.0;FR0128514819;Bond;5181797.90074909;5181648.212596001;0.0025;0.0028722997713330175;0.004;0.005426719827237208
2599;389037;FR0128539220;6212746.07338555;0.003926711;0.027094661;-0.265920619;-734.318140816275;;0.0;0.0;6213488.0;8.0;FR0128539220;Bond;6212746.07338555;6212011.755244734;0.0025;0.003927819608358301;0.004;0.02709930957975499
2600;389037;FR0128540327;10350456.99501185;0.00404975;0.029829673;-0.56878946;-1339.7948982859375;;0.0;0.0;10351809.69;8.0;FR0128540327;Bond;10350456.99501185;10349117.200113563;0.0025;0.004051164828112096;0.004;0.02983543036064425
2601;389037;FR0128563899;4992763.6708659;0.043296196;0.043296196;22.00047922;-1405.0898840906818;;0.0;0.0;4994186.672;8.0;FR0128563899;Bond;4992763.6708659;4991358.58098181;0.0025;0.04319072057191885;0.004;0.043127435315070156
2602;389037;FR0128580331;10334566.92527;0.005852417;0.067803606;-3.606892562;-2954.0891038292743;;0.0;0.0;10337550.38;8.0;FR0128580331;Bond;10334566.92527;10331612.836166171;0.0025;0.005861227938307946;0.004;0.06783595581410017
2603;389037;FR0128585413;7229939.09756195;0.006484781;0.081379407;-3.768150236;-2470.6840548503937;;0.0;0.0;7232434.136;8.0;FR0128585413;Bond;7229939.09756195;7227468.413507099;0.0025;0.006497915805849369;0.004;0.08142674491135521
2604;389037;FR0128614064;2986842.7179366;0.140947231;0.140947231;47.0533712;-2525.923263154067;;0.0;0.0;2989398.039;8.0;FR0128614064;Bond;2986842.7179366;2984316.794673446;0.0025;0.1406030575958225;0.0035;0.14046538823415153
2605;389037;FR0128614551;7199672.480036575;0.010868672;0.179106461;-20.02712662;-4708.904700636915;;0.0;0.0;7204427.751;8.0;FR0128614551;Bond;7199672.480036575;7194963.5753359385;0.0025;0.010938509117553575;0.0035;0.17931609645176816
2606;389037;FR0128637529;9952181.993189;0.160189253;0.160189253;181.5530948;-10362.511894858479;;0.0;0.0;9962649.599;8.0;FR0128637529;Bond;9952181.993189;9941819.48129414;0.0025;0.1597973409499862;0.004;0.15956219371997793
2607;389037;FR0128637602;5144116.87019965;0.010066195;0.171001381;-13.05906494;-3648.0585641137;;0.0;0.0;5147800.515;8.0;FR0128637602;Bond;5144116.87019965;5140468.811635536;0.0025;0.010129914340574893;0.004;0.17121989252100836
2608;389037;FR0128637701;10262290.9132815;0.033684981;0.591211715;-319.3550313;-25132.959128756193;;0.0;0.0;10287622.07;;FR0128637701;Bond;10262290.9132815;10237157.954152744;0.0025;0.03446579951685183;0.004;0.593854611082996
2609;389037;FR0128668276;11977514.3886952;0.059615858;0.059615858;73.94146628;-4284.298781936459;;0.0;0.0;11981847.55;8.0;FR0128668276;Bond;11977514.3886952;11973230.089913264;0.0025;0.05947040921386549;0.0035;0.059412229699411685
2610;389037;FR0128692623;8147787.75055875;0.079491289;1.268575697;-1158.253369;-42963.53747566832;;0.0;0.0;8191156.802;;FR0128692623;Bond;8147787.75055875;8104824.213083082;0.0025;0.08306097528087596;0.004;1.28069905678537
2611;389037;FR0128716844;6141658.844105599;0.013592656;0.252444382;-34.83330957;-6410.412725263503;;0.0;0.0;6148133.811;8.0;FR0128716844;Bond;6141658.844105599;6135248.431380336;0.0025;0.013734909029386488;0.004;0.2529261604698433
2612;389037;FR0128718600;8187763.50062775;0.015764824;0.295941583;-64.13031883;-10015.095392774141;;0.0;0.0;8197879.131;8.0;FR0128718600;Bond;8187763.50062775;8177748.405234976;0.0025;0.015961256789753457;0.004;0.2966052070270967
2613;389037;FR0128720218;4949896.8580685;0.325495062;0.325495062;210.2200081;-10472.585400618977;;0.0;0.0;4960497.373;8.0;FR0128720218;Bond;4949896.8580685;4939424.272667881;0.0025;0.3246981902526385;0.004;0.32422006720422164
2614;389037;FR0128756287;9869298.932063999;0.442424754;0.442424754;621.5047699;-26198.532913025265;;0.0;0.0;9895814.292;8.0;FR0128756287;Bond;9869298.932063999;9843100.399150973;0.0025;0.4413397644576957;0.0035;0.440905768640774
2615;389037;FR0128787282;4939420.09987;0.404264889;0.404264889;276.4423357;-11981.004710389887;;0.0;0.0;4951548.001;8.0;FR0128787282;Bond;4939420.09987;4927439.09515961;0.0025;0.4032743003305802;0.0035;0.40287806486281225
2616;389037;FR0128789924;10188554.17005975;0.016346508;0.333936278;-102.8574559;-14025.679636627814;;0.0;0.0;10202723.83;8.0;FR0128789924;Bond;10188554.17005975;10174528.490423122;0.0025;0.016599560839556042;0.004;0.33478614746105245
2617;389037;FR0128790138;9877336.548516499;0.407110564;0.407110564;558.0911844;-26137.59234504837;;0.0;0.0;9903791.883;8.0;FR0128790138;Bond;9877336.548516499;9851198.956171451;0.0025;0.4061123566820155;0.004;0.4055134322912248
2618;389037;FR0128813286;2955736.2492130003;0.482891928;0.482891928;208.9809459;-9277.457644272701;;0.0;0.0;2965135.322;8.0;FR0128813286;Bond;2955736.2492130003;2946458.7915687277;0.0025;0.4817073016292968;0.004;0.4809965258068749
2619;389037;FR0128862788;2986771.3184156;0.097247989;0.097247989;31.12169522;-4792.54882126013;;0.0;0.0;2991639.905;8.0;FR0128862788;Bond;2986771.3184156;2981978.7695943397;0.0025;0.09701113579477609;0.014;0.09592161105074608
2620;389037;FR0128866219;5002863.0819475;0.031665664;1.515376607;-153.8097649;-30720.934183106052;;0.0;0.0;5033927.335;;FR0128866219;Bond;5002863.0819475;4972142.147764394;0.0025;0.03243677949224892;0.004;1.5257918459746636
2621;389037;FR0128953223;4971210.8711455995;0.17032526;0.17032526;96.93265635;-5080.336704856204;;0.0;0.0;4976364.476;8.0;FR0128953223;Bond;4971210.8711455995;4966130.534440744;0.0025;0.16991031668612241;0.0035;0.1697443393605714
2622;389037;FR0128957471;12492294.6750494;0.018949317;0.018949317;23.52054662;-1420.3227111295384;;0.0;0.0;12493732.31;8.0;FR0128957471;Bond;12492294.6750494;12490874.352338271;0.0025;0.018903144583058414;0.0035;0.01888467561628178
2623;389037;FR0128957760;12988554.5541088;0.027070527;0.027070527;35.2231011;-2109.642100487851;;0.0;0.0;12990690.01;8.0;FR0128957760;Bond;12988554.5541088;12986444.912008312;0.0025;0.02700456261144313;0.0035;0.026978176856020383
2624;389037;FR0128958057;4990264.2938377;0.043235696;0.043235696;21.9376739;-3559.999574472354;;0.0;0.0;4993876.303;8.0;FR0128958057;Bond;4990264.2938377;4986704.294263228;0.0025;0.043130466948595216;0.014;0.042646413312133216
2625;389037;FR0128958487;8974989.41957245;0.062169883;0.062169883;57.82516466;-9206.571695327444;;0.0;0.0;8984330.662;8.0;FR0128958487;Bond;8974989.41957245;8965782.847877122;0.0025;0.06201847266393385;0.014;0.06132198511802955
2626;389037;FR0128958859;8975600.3266298;0.081141198;0.081141198;76.86062786;-4369.745779631599;;0.0;0.0;8980028.834;8.0;FR0128958859;Bond;8975600.3266298;8971230.580850169;0.0025;0.08094357559828652;0.0035;0.08086452663760113
2627;389037;FR0128959006;5998414.45019182;0.008121106;0.008121106;4.787117369;-292.2825574916369;;0.0;0.0;5998710.277;8.0;FR0128959006;Bond;5998414.45019182;5998122.167634329;0.0025;0.008101319286161287;0.0035;0.008093404600625803
2628;389037;FR0128959097;4979095.26631865;0.094650579;0.094650579;50.42126716;-7776.025122578121;;0.0;0.0;4986985.634;8.0;FR0128959097;Bond;4979095.26631865;4971319.241196072;0.0025;0.09441981102590005;0.014;0.09335827834504028
2629;389037;FR0128961564;4026936.62544965;0.00476808;0.08634765;-2.552091871;-4916.03309025379;;0.0;0.0;4031933.471;8.0;FR0128961564;Bond;4026936.62544965;4022020.592359396;0.0025;0.004783980715502158;0.014;0.08654075855584299
2630;389037;FR0128963453;9990259.501174599;0.021617779;0.021617779;21.48392575;-3563.4591638092047;;0.0;0.0;9993873.724;8.0;FR0128963453;Bond;9990259.501174599;9986696.04201079;0.0025;0.021565185139500734;0.014;0.021323253381204107
2631;389037;FR0128985233;1990130.72616495;0.113659679;0.113659679;24.65452065;-3732.2607218150947;;0.0;0.0;1993916.436;8.0;FR0128985233;Bond;1990130.72616495;1986398.465443135;0.0025;0.11338226549297102;0.014;0.11210616336063772
2632;389037;FR0128985589;5027786.5767438;0.005122161;0.113346145;-5.730083075;-8042.705999792492;;0.0;0.0;5035963.795;8.0;FR0128985589;Bond;5027786.5767438;5019743.870744008;0.0025;0.005150718667257423;0.014;0.11368556350538428
2633;389037;FR0129007342;4019207.374412675;0.005651397;0.124153325;-5.535092384;-7042.7567728152835;;0.0;0.0;4026368.319;8.0;FR0129007342;Bond;4019207.374412675;4012164.6176398597;0.0025;0.005685905850424128;0.014;0.12456192409986216
2634;389037;FR0129008381;5939569.308216;0.227099756;0.227099756;162.5340063;-22256.433220575553;;0.0;0.0;5962209.369;8.0;FR0129008381;Bond;5939569.308216;5917312.874995424;0.0025;0.2265445764616868;0.014;0.223990750585446
2635;389037;FR0129012318;15956164.94860045;0.059387451;0.059387451;97.81167876;-15635.333406543292;;0.0;0.0;15972049.48;8.0;FR0129012318;Bond;15956164.94860045;15940529.615193907;0.0025;0.059243017566012614;0.014;0.05857862376967065
2636;389037;FR0129014009;5022120.378221575;0.004107729;0.075533703;-2.400923904;-5362.324660901485;;0.0;0.0;5027571.482;8.0;FR0129014009;Bond;5022120.378221575;5016758.053560673;0.0025;0.004119722927693864;0.014;0.0756805075310046
2637;389037;FR0129025203;9928069.158788;0.227568441;0.227568441;272.1401549;-13555.891323633401;;0.0;0.0;9941797.01;8.0;FR0129025203;Bond;9928069.158788;9914513.267464366;0.0025;0.2270126298268462;0.0035;0.22679030535758468
2638;389037;FR0129051647;6014085.6087421;0.006760932;0.172754092;-16.51851989;-14647.062639286332;;0.0;0.0;6028987.438;8.0;FR0129051647;Bond;6014085.6087421;5999438.546102813;0.0025;0.006829712241390541;0.014;0.17355643707720433
2639;389037;FR0129052819;4983426.374592001;0.097308606;0.097308606;51.93742103;-2909.5816416910884;;0.0;0.0;4986377.217;8.0;FR0129052819;Bond;4983426.374592001;4980516.79295031;0.0025;0.09707172765271732;0.0035;0.09697697631380425
2640;389037;FR0129054377;4974047.70359065;0.113409458;0.113409458;61.34944219;-9307.716893150944;;0.0;0.0;4983509.545;8.0;FR0129054377;Bond;4974047.70359065;4964739.986697499;0.0025;0.11313326458589745;0.014;0.1118627748810257
2641;389037;FR0129060382;6923733.347635999;0.24603646;0.24603646;208.5761586;-28107.59890679913;;0.0;0.0;6952333.151;8.0;FR0129060382;Bond;6923733.347635999;6895625.7487292;0.0025;0.24543467457380536;0.014;0.24266646161330988
2642;389037;FR0129062230;9846300.902096;0.49609494;0.49609494;721.218763;-29308.20033148356;;0.0;0.0;9876172.943;8.0;FR0129062230;Bond;9846300.902096;9816992.701764517;0.0025;0.49487902330783523;0.0035;0.4943926566309693
2643;389037;FR0129083459;9877956.3555605;0.401582911;0.401582911;548.2336474;-25784.32004198009;;0.0;0.0;9904059.658;8.0;FR0129083459;Bond;9877956.3555605;9852172.03551852;0.0025;0.4005985651934851;0.004;0.40000795770957615
2644;389037;FR0129084309;4981346.58912995;0.080986441;0.080986441;42.53086217;-6656.455272078545;;0.0;0.0;4988111.288;8.0;FR0129084309;Bond;4981346.58912995;4974690.133857871;0.0025;0.08078938738176432;0.014;0.07988294073788017
2645;389037;FR0129101947;4994789.3992703;0.006728726;0.191644521;-17.10245279;-13485.157730104967;;0.0;0.0;5008513.274;8.0;FR0129101947;Bond;4994789.3992703;4981304.2415401945;0.0025;0.006814440660351375;0.014;0.192638075951428
2646;389037;FR0129102770;9902005.4665795;0.230188736;0.230188736;275.7429063;-37608.947016580925;;0.0;0.0;9940200.346;8.0;FR0129102770;Bond;9902005.4665795;9864396.51956292;0.0025;0.22962502369172672;0.014;0.22703194707366953
2647;389037;FR0129104677;11924534.596524;0.197733654;0.197733654;276.8784269;-14147.290788120637;;0.0;0.0;11938861.23;8.0;FR0129104677;Bond;11924534.596524;11910387.305735879;0.0025;0.19725091992204938;0.0035;0.19705782629086913
2648;389037;FR0129107795;4985057.2691396;0.064786197;0.064786197;33.51402489;-5328.887887863542;;0.0;0.0;4990471.589;8.0;FR0129107795;Bond;4985057.2691396;4979728.381251737;0.0025;0.06462861771167697;0.014;0.063903752985391
2649;389037;FR0129108900;3959172.083802;0.322357579;0.322357579;165.9277737;-7657.614766672787;;0.0;0.0;3966932.055;8.0;FR0129108900;Bond;3959172.083802;3951514.4690353274;0.0025;0.3215696221466454;0.0035;0.32125443940530357
2650;389037;FR0129108918;4961476.743754;0.238237739;0.238237739;143.5674857;-7092.066009198212;;0.0;0.0;4968664.291;8.0;FR0129108918;Bond;4961476.743754;4954384.677744802;0.0025;0.2376562209922947;0.0035;0.23742361378921256
2651;389037;FR0129109403;6940841.654816;0.245883447;0.245883447;208.2840489;-10239.828427004053;;0.0;0.0;6951239.948;8.0;FR0129109403;Bond;6940841.654816;6930601.826388996;0.0025;0.24528438188657609;0.0035;0.2450447558412065
2652;389037;IRSB100007429;-18554.44561400003;0.47124901900000005;0.0;-78.10411708400001;21.859410734215917;SOCIETE GENERALE;0.0;0.0;0.0;;;Swap;-18554.44561400003;-18532.586203265815;0.0025;0.36656781527974214;0.0;0.0
2653;389037;IRSB100007660;4770.729937774695;0.161651505;0.0;-15.375123742;-1.9279891859745892;CITIBANK EUROPE PUBLIC LIMITED COMPANY;0.0;0.0;0.0;;;Swap;4770.729937774695;4768.801948588721;0.0025;0.2422869131914297;0.0;0.0
2654;389037;IRSB100007859;-20254.101359299915;0.558923101;0.0;-128.913838973;28.301212849270556;BNP PARIBAS;0.0;0.0;0.0;;;Swap;-20254.101359299915;-20225.800146450645;0.0025;0.4005834286647137;0.0;0.0
2655;389037;IRSB100007876;-9818.677501174978;0.769888794;0.0;-90.476983452;18.898224450136343;NOMURA FINANCIAL PRODUCTS EUROPE GMBH;0.0;0.0;0.0;;;Swap;-9818.677501174978;-9799.779276724841;0.0025;0.541001038515577;0.0;0.0
2656;389037;IRSB100007880;-6719.25513330023;0.36713715599999996;0.0;-26.788000523;6.167220550195617;NOMURA FINANCIAL PRODUCTS EUROPE GMBH;0.0;0.0;0.0;;;Swap;-6719.25513330023;-6713.087912750035;0.0025;0.26780534257413313;0.0;0.0
2657;389037;IRSB100007887;-9739.641523224911;0.67399444;0.0;-76.71196315499999;16.411160585616802;CITIBANK EUROPE PUBLIC LIMITED COMPANY;0.0;0.0;0.0;;;Swap;-9739.641523224911;-9723.230362639295;0.0025;0.4782235747849316;0.0;0.0
2658;389037;IRSB100007916;-6520.715922524804;0.449331011;0.0;-38.175416986;7.32489969477967;BNP PARIBAS;0.0;0.0;0.0;;;Swap;-6520.715922524804;-6513.391022830025;0.0025;0.3034736954283672;0.0;0.0
2659;389037;IRSB100007926;-25781.520810649992;0.635637432;0.0;-195.66162429;40.9692492028403;NATIXIS;0.0;0.0;0.0;;;Swap;-25781.520810649992;-25740.55156144715;0.0025;0.44691702816385903;0.0;0.0
2660;389037;IRSB100007935;-12796.3742974251;0.443851565;0.0;-57.909475013;14.199226895594766;BNP PARIBAS;0.0;0.0;0.0;;;Swap;-12796.3742974251;-12782.175070529505;0.0025;0.33120758532712913;0.0;0.0
2661;389037;IRSB100007937;-46444.288166324826;0.6739944409999999;0.0;-373.411130831;78.25798010076254;CITIBANK EUROPE PUBLIC LIMITED COMPANY;0.0;0.0;0.0;;;Swap;-46444.288166324826;-46366.03018622407;0.0025;0.47413062149261764;0.0;0.0
2662;389037;IRSB100008097;-16218.088909724254;0.005479452;0.0;-0.001098572;0.22216559928141597;NATIXIS;0.0;0.0;0.0;;;Swap;-16218.088909724254;-16217.866744124973;0.0025;0.005477833624714923;0.0;0.0
2663;389037;IRSB100008106;-18638.434948523554;0.082196615;0.0;-6.468752135;3.8300406541658387;SOCIETE GENERALE;0.0;0.0;0.0;;;Swap;-18638.434948523554;-18634.604907869387;0.0025;0.0735368757330665;0.0;0.0
2664;389037;IRSB100008107;-52557.51477102496;0.961674344;0.0;-549.621481703;126.35803384923933;CITIBANK EUROPE PUBLIC LIMITED COMPANY;0.0;0.0;0.0;;;Swap;-52557.51477102496;-52431.15673717572;0.0025;0.7025482832911307;0.0;0.0
2665;389037;IRSB100008121;-37242.609524774525;0.635637432;0.0;-225.961564896;59.181991698266046;SOCIETE GENERALE;0.0;0.0;0.0;;;Swap;-37242.609524774525;-37183.42753307626;0.0025;0.4849653683401364;0.0;0.0
2666;389037;IRSB100008130;-2928.807948875175;0.027397956999999997;0.0;-0.13598380799999998;0.2006083856113506;BNP PARIBAS;0.0;0.0;0.0;;;Swap;-2928.807948875175;-2928.6073404895637;0.0025;0.02623908997992765;0.0;0.0
2667;389037;IRSB100008210;-16695.845980699985;0.12877318;0.0;-16.033223134;5.3749429493123895;NATIXIS;0.0;0.0;0.0;;;Swap;-16695.845980699985;-16690.471037750674;0.0025;0.10480683350179623;0.0;0.0
2668;389037;IRSB100008252;-6470.936798624925;0.145212169;0.0;-6.133165066;2.349146919975604;NOMURA FINANCIAL PRODUCTS EUROPE GMBH;0.0;0.0;0.0;;;Swap;-6470.936798624925;-6468.58765170495;0.0025;0.12156984228728035;0.0;0.0
2669;389037;IRSB100008256;-6897.123217924728;0.09863594199999999;0.0;-3.32683053;1.700760614225192;SOCIETE GENERALE;0.0;0.0;0.0;;;Swap;-6897.123217924728;-6895.422457310503;0.0025;0.08660150321993218;0.0;0.0
2670;389037;IRSB100008297;-14192.015951624897;0.797286275;0.0;-103.421426389;28.287748832028985;CITIBANK EUROPE PUBLIC LIMITED COMPANY;0.0;0.0;0.0;;;Swap;-14192.015951624897;-14163.728202792869;0.0025;0.616693029151997;0.0;0.0
2671;389037;IRSB100008309;-6989.721277450045;0.797286275;0.0;-48.678037319999994;13.932022101465972;NATIXIS;0.0;0.0;0.0;;;Swap;-6989.721277450045;-6975.789255348579;0.0025;0.6247696502118634;0.0;0.0
2672;389037;IRSB100008313;-27388.270588050476;0.164390878;0.0;-26.236969191;11.255954622177985;BNP PARIBAS;0.0;0.0;0.0;;;Swap;-27388.270588050476;-27377.014633428298;0.0025;0.14050934625416917;0.0;0.0
2673;389037;IRSB100008380;-32441.521953724772;0.87674014;0.0;-294.31070035100004;71.10696124880432;CITIBANK EUROPE PUBLIC LIMITED COMPANY;0.0;0.0;0.0;;;Swap;-32441.521953724772;-32370.41499247597;0.0025;0.6518608882799023;0.0;0.0
2674;389037;IRSB100008392;-7395.904954524799;0.065757812;0.0;-1.545137296;1.2158463189237756;NATIXIS;0.0;0.0;0.0;;;Swap;-7395.904954524799;-7394.6891082058755;0.0025;0.06054567349316921;0.0;0.0
2675;389037;IRSB100008403;-11412.19917752535;0.20548798799999998;0.0;-16.467595212;5.862674619112347;BNP PARIBAS;0.0;0.0;0.0;;;Swap;-11412.19917752535;-11406.336502906237;0.0025;0.16951900737647474;0.0;0.0
2676;389037;IRSB100008462;-19914.417534724926;0.063018093;0.0;-4.549025352;3.137421540610315;SOCIETE GENERALE;0.0;0.0;0.0;;;Swap;-19914.417534724926;-19911.280113184315;0.0025;0.05731730264147637;0.0;0.0
2677;389037;IRSB100008477;-15386.805974450115;0.449331011;0.0;-83.513212087;17.284422711401277;CITIBANK EUROPE PUBLIC LIMITED COMPANY;0.0;0.0;0.0;;;Swap;-15386.805974450115;-15369.521551738713;0.0025;0.3141461078760187;0.0;0.0
2678;389037;IRSB100008478;-18850.368180424965;0.523305638;0.0;-119.519723867;24.661259867980462;CITIBANK EUROPE PUBLIC LIMITED COMPANY;0.0;0.0;0.0;;;Swap;-18850.368180424965;-18825.706920556982;0.0025;0.3654791333996621;0.0;0.0
2679;389037;IRSB100008512;-8959.183071649606;0.331519673;0.0;-53.764495389;7.425363605651032;JP MORGAN SE;0.0;0.0;0.0;;;Swap;-8959.183071649606;-8951.757708043955;0.0025;0.18176821464928705;0.0;0.0
2680;389037;IRSB100008539;-5759.27527469997;0.046576115;0.0;-0.972017129;0.670611668777706;CITIBANK EUROPE PUBLIC LIMITED COMPANY;0.0;0.0;0.0;;;Swap;-5759.27527469997;-5758.604663031193;0.0025;0.04236218311079039;0.0;0.0
2681;389037;IRSB100008589;-1031.8293330499237;0.378095702;0.0;-209.86675978600002;0.9753255900592567;BNP PARIBAS;0.0;0.0;0.0;;;Swap;-1031.8293330499237;-1030.8540074598643;0.0025;-4.706369393336182;0.0;0.0
2682;389037;IRSB100008609;-1737.9190625496797;0.109594464;0.0;-4.321757416;0.47616577033878654;NATIXIS;0.0;0.0;0.0;;;Swap;-1737.9190625496797;-1737.4428967793408;0.0025;0.047455925678663455;0.0;0.0
2683;389037;IRSB100008618;-35540.338855099995;0.7698887950000001;0.0;-791.816134035;68.40527163761155;NOMURA FINANCIAL PRODUCTS EUROPE GMBH;0.0;0.0;0.0;;;Swap;-35540.338855099995;-35471.933583462385;0.0025;0.21438652533356406;0.0;0.0
2684;389037;IRSB100008630;-2927.024630424635;0.41097379;0.0;-82.68627324;3.0073260144724037;SOCIETE GENERALE;0.0;0.0;0.0;;;Swap;-2927.024630424635;-2924.0173044101625;0.0025;-0.2948354052339861;0.0;0.0
2685;389037;IRSB100008635;-16201.395581724813;0.635637433;0.0;-319.17614533;25.745533746462755;NATIXIS;0.0;0.0;0.0;;;Swap;-16201.395581724813;-16175.65004797835;0.0025;0.14413416909287724;0.0;0.0
2686;389037;IRSB100008636;-27450.585205798303;0.7698887950000001;0.0;-581.454954472;52.8347449153422;JP MORGAN SE;0.0;0.0;0.0;;;Swap;-27450.585205798303;-27397.750460882962;0.0025;0.2418236599572282;0.0;0.0
2687;389037;IRSB100008658;-5799.732280851475;0.413713184;0.0;-167.53755166;5.9985642706466145;NATIXIS;0.0;0.0;0.0;;;Swap;-5799.732280851475;-5793.733716580828;0.0025;-0.3080368733598218;0.0;0.0
2688;389037;IRSB100008679;-1303.9150190499217;0.413713182;0.0;-50.856013819000005;1.3486170789718344;BNP PARIBAS;0.0;0.0;0.0;;;Swap;-1303.9150190499217;-1302.56640197095;0.0025;-0.5609227308050688;0.0;0.0
2689;389037;IRSB100008683;-4452.9128694001;0.523305638;0.0;-102.604946911;5.825586025199575;CITIBANK EUROPE PUBLIC LIMITED COMPANY;0.0;0.0;0.0;;;Swap;-4452.9128694001;-4447.087283374901;0.0025;-0.052064953320041685;0.0;0.0
2690;389037;IRSB100008689;-6202.0033035001015;0.635637433;0.0;-165.599043028;9.85556364823581;NATIXIS;0.0;0.0;0.0;;;Swap;-6202.0033035001015;-6192.1477398518655;0.0025;-0.030874870885585937;0.0;0.0
2691;389037;IRSB100008699;-2832.6469333001714;0.635637433;0.0;-75.388144949;4.501341063195607;NATIXIS;0.0;0.0;0.0;;;Swap;-2832.6469333001714;-2828.145592236976;0.0025;-0.028703180976234255;0.0;0.0
2692;389037;IRSB100008709;-1593.738906075477;0.180830202;0.0;-14.359669396;0.7204903208022188;BNP PARIBAS;0.0;0.0;0.0;;;Swap;-1593.738906075477;-1593.0184157546748;0.0025;-0.04433933306106802;0.0;0.0
2693;389037;IRSB100008714;-497.98020047507265;0.161651507;0.0;-3.333628753;0.20124812465739406;CITIBANK EUROPE PUBLIC LIMITED COMPANY;0.0;0.0;0.0;;;Swap;-497.98020047507265;-497.77895235041524;0.0025;-0.005640659802801151;0.0;0.0
2694;389037;IRSB100008721;-3848.7556128248953;0.635637433;0.0;-98.585404529;6.116032844950895;BNP PARIBAS;0.0;0.0;0.0;;;Swap;-3848.7556128248953;-3842.6395799799443;0.0025;-0.0037244234939647347;0.0;0.0
2695;389037;IRSB100008722;465.2341271999394;1.119404566;0.0;-530.044639393;-1.3019630156165924;NOMURA FINANCIAL PRODUCTS EUROPE GMBH;0.0;0.0;0.0;;;Swap;465.2341271999394;463.9321641843228;0.0025;29.605219843420542;0.0;0.0
2696;389037;IRSB100008733;-6440.695134224981;0.635637433;0.0;-124.198020809;10.234867304635893;NATIXIS;0.0;0.0;0.0;;;Swap;-6440.695134224981;-6430.460266920345;0.0025;0.15456438251827953;0.0;0.0
2697;389037;IRSB100008744;-909.707124574933;0.45481013;0.0;-77.04304972;1.0343600389746288;NATIXIS;0.0;0.0;0.0;;;Swap;-909.707124574933;-908.6727645359583;0.0025;-1.661921457076401;0.0;0.0
2698;389037;IRSB100008751;1277.1728668232718;0.44933101000000003;0.0;-197.625505952;-1.4346834354857407;BNP PARIBAS;0.0;0.0;0.0;;;Swap;1277.1728668232718;1275.738183387786;0.0025;4.3182530838361055;0.0;0.0
2699;389037;IRSB100008756;-3400.5981840248032;0.635637432;0.0;-163.275977046;5.403868742393473;BNP PARIBAS;0.0;0.0;0.0;;;Swap;-3400.5981840248032;-3395.1943152824097;0.0025;-0.5636999504815208;0.0;0.0
2700;389037;IRSB100008757;-2460.5036953750487;0.62193827;0.0;-137.16668298099998;3.825703529075412;NATIXIS;0.0;0.0;0.0;;;Swap;-2460.5036953750487;-2456.6779918459733;0.0025;-0.7707797045886369;0.0;0.0
2701;389037;IRSB100008786;291.57002350027597;0.558923101;0.0;-123.722736781;-0.4074130542335428;BNP PARIBAS;0.0;0.0;0.0;;;Swap;291.57002350027597;291.16261044604244;0.0025;11.168025144337225;0.0;0.0
2702;389037;IRSB100008791;1528.7516724998368;0.473988736;0.0;-109.931960162;-1.811527682265209;NATIXIS;0.0;0.0;0.0;;;Swap;1528.7516724998368;1526.9401448175715;0.0025;2.2722910353334713;0.0;0.0
2703;389037;IRSB100008793;6055.746683475261;1.389527148;0.0;-569.293036036;-21.036561045249595;NATIXIS;0.0;0.0;0.0;;;Swap;6055.746683475261;6034.710122430011;0.0025;3.744572284298293;0.0;0.0
2704;389037;IRSB100008807;2972.010796825149;0.49042758999999997;0.0;-70.642277965;-3.643890231352344;NOMURA FINANCIAL PRODUCTS EUROPE GMBH;0.0;0.0;0.0;;;Swap;2972.010796825149;2968.3669065937966;0.0025;1.0852585426055175;0.0;0.0
2705;389037;IRSB100008836;6110.465373100149;0.810985696;0.0;-318.70555241;-12.38875003371881;BNP PARIBAS;0.0;0.0;0.0;;;Swap;6110.465373100149;6098.07662306643;0.0025;2.1165631638698787;0.0;0.0
2706;389037;IRSB100008840;54193.396472174696;1.478429971;0.0;-1830.646350842;-200.30285393687183;NATIXIS;0.0;0.0;0.0;;;Swap;54193.396472174696;53993.09361823782;0.0025;2.328391322605588;0.0;0.0
2707;389037;IRSB100008846;2333.3700502495594;0.8082459820000001;0.0;-317.106837554;-4.714842419083362;BNP PARIBAS;0.0;0.0;0.0;;;Swap;2333.3700502495594;2328.6552078304762;0.0025;4.207398932661511;0.0;0.0
2708;389037;IRSB100008864;-3775.214950000396;0.7698887950000001;0.0;-476.487025496;7.266239221804476;SOCIETE GENERALE;0.0;0.0;0.0;;;Swap;-3775.214950000396;-3767.9487107785917;0.0025;-2.3839929306591165;0.0;0.0
2709;389037;IRSB100008873;-174.25610170000004;0.046576115;0.0;-0.388763295;0.020290430580577244;BNP PARIBAS;0.0;0.0;0.0;;;Swap;-174.25610170000004;-174.23581126941946;0.0025;-0.00919316498941846;0.0;0.0
2710;389037;IRSB100008877;18627.182636150068;1.271120415;0.0;-1194.6930324129999;-59.19348030685967;BNP PARIBAS;0.0;0.0;0.0;;;Swap;18627.182636150068;18567.98915584321;0.0025;2.878586688158665;0.0;0.0
2711;389037;IRSB100008899;13474.275009650099;1.03334092;0.0;-427.75138841300003;-34.80879933701211;NATIXIS;0.0;0.0;0.0;;;Swap;13474.275009650099;13439.466210313087;0.0025;1.8296549375906679;0.0;0.0
2712;389037;IRSB100008904;33763.39549475011;1.272543489;0.0;-1195.585533252;-107.41347275844046;BNP PARIBAS;0.0;0.0;0.0;;;Swap;33763.39549475011;33655.98202199167;0.0025;2.16185945401775;0.0;0.0
2713;389037;IRSB100008906;7038.118294125015;1.020187199;0.0;-185.471091242;-17.950495471785143;BNP PARIBAS;0.0;0.0;0.0;;;Swap;7038.118294125015;7020.16779865323;0.0025;1.6815983819623272;0.0;0.0
2714;389037;IRSB100008933;21983.43684464984;1.591963527;0.0;-1964.693109279;-87.49207413697629;NATIXIS;0.0;0.0;0.0;;;Swap;21983.43684464984;21895.944770512866;0.0025;3.832587332594363;0.0;0.0
2715;389037;IRSB100008976;12962.276637799805;0.539744519;0.0;-131.413479925;-17.490794422535483;BNP PARIBAS;0.0;0.0;0.0;;;Swap;12962.276637799805;12944.785843377269;0.0025;0.7939265312045142;0.0;0.0
2716;389037;IRSB100008988;14460.424346900156;0.53974452;0.0;-145.003759021;-19.512336995284844;BNP PARIBAS;0.0;0.0;0.0;;;Swap;14460.424346900156;14440.91200990487;0.0025;0.7911635354640902;0.0;0.0
2717;389037;IRSB100009094;575.0697162498548;0.11781466;0.0;-2.691194958;-0.16937910774068277;BNP PARIBAS;0.0;0.0;0.0;;;Swap;575.0697162498548;574.900337142114;0.0025;0.2348436521209298;0.0;0.0
2718;389037;IRSB100009114;13477.886528924653;0.789067408;0.0;-546.54404043;-26.58740247174173;CREDIT AGRICOLE CORPORATE AND INVESTMENT BANK;0.0;0.0;0.0;;;Swap;13477.886528924653;13451.299126452912;0.0025;1.8044031755282097;0.0;0.0
2719;389037;IRSB100009120;3298.5557354249704;1.038358911;0.0;-214.32235310899998;-8.56271185327169;CREDIT AGRICOLE CORPORATE AND INVESTMENT BANK;0.0;0.0;0.0;;;Swap;3298.5557354249704;3289.993023571699;0.0025;2.6654194873127164;0.0;0.0
2720;389037;IRSB100009126;306.71367087468707;0.046576115;0.0;-0.973149602;-0.03571382801682894;NOMURA FINANCIAL PRODUCTS EUROPE GMBH;0.0;0.0;0.0;;;Swap;306.71367087468707;306.67795704667026;0.0025;0.12590222847898278;0.0;0.0
2721;389037;IRSB100009134;2818.910509424892;0.545223956;0.0;-80.53704036900001;-3.842343848896537;CREDIT AGRICOLE CORPORATE AND INVESTMENT BANK;0.0;0.0;0.0;;;Swap;2818.910509424892;2815.0681655759954;0.0025;1.2602239321964102;0.0;0.0
2722;389037;IRSB100009139;948.3939652746424;0.065757813;0.0;-3.720931235;-0.15591078254714605;NOMURA FINANCIAL PRODUCTS EUROPE GMBH;0.0;0.0;0.0;;;Swap;948.3939652746424;948.2380544920952;0.0025;0.1638536852150263;0.0;0.0
2723;389037;IRSB100009144;1785.3603249750968;0.17535076000000002;0.0;-14.973474002;-0.7826607246455756;CREDIT AGRICOLE CORPORATE AND INVESTMENT BANK;0.0;0.0;0.0;;;Swap;1785.3603249750968;1784.577664250451;0.0025;0.38509782616050303;0.0;0.0
2724;389037;IRSB100009177;388.2532943247579;0.079457077;0.0;-1.8192421470000002;-0.07712367975666488;NATIXIS;0.0;0.0;0.0;;;Swap;388.2532943247579;388.17617064500126;0.0025;0.19661559789876354;0.0;0.0
2725;389037;IRSB100009181;8994.446778450067;1.559363047;0.0;-1438.083536217;-35.06401983630808;CREDIT AGRICOLE CORPORATE AND INVESTMENT BANK;0.0;0.0;0.0;;;Swap;8994.446778450067;8959.382758613758;0.0025;5.5625849047918745;0.0;0.0
2726;389037;IRSB100009183;10866.549555600446;1.119547983;0.0;-1259.00291353;-30.414059092855062;CREDIT AGRICOLE CORPORATE AND INVESTMENT BANK;0.0;0.0;0.0;;;Swap;10866.549555600446;10836.135496507592;0.0025;4.019191763718135;0.0;0.0
2727;389037;IRSB100009204;4103.41117074953;0.6657745049999999;0.0;-216.748080085;-6.829866352543097;NATIXIS;0.0;0.0;0.0;;;Swap;4103.41117074953;4096.581304396987;0.0025;1.9874186023972558;0.0;0.0
2728;389037;IRSB100009217;3700.050180850133;0.737008907;0.0;-212.199498455;-6.817424849083772;CREDIT AGRICOLE CORPORATE AND INVESTMENT BANK;0.0;0.0;0.0;;;Swap;3700.050180850133;3693.2327560010494;0.0025;2.1721278120607783;0.0;0.0
2729;389037;IRSB100009252;11003.11713835047;0.698652458;0.0;-286.312171172;-19.218387085926203;SOCIETE GENERALE;0.0;0.0;0.0;;;Swap;11003.11713835047;10983.898751264544;0.0025;1.3503978827289282;0.0;0.0
2730;389037;IRSB100009266;15588.51267922523;0.8192045139999999;0.0;-466.423115307;-31.925449883418857;NATIXIS;0.0;0.0;0.0;;;Swap;15588.51267922523;15556.587229341812;0.0025;1.568906015087134;0.0;0.0
2731;389037;IRSB100009272;8582.888423599628;0.663034792;0.0;-218.650765319;-14.226884101751471;CREDIT AGRICOLE CORPORATE AND INVESTMENT BANK;0.0;0.0;0.0;;;Swap;8582.888423599628;8568.661539497876;0.0025;1.3010137312414967;0.0;0.0
2732;389037;IRSB100009282;7100.114244074898;1.421770968;0.0;-391.06698007800003;-25.23684075427239;NATIXIS;0.0;0.0;0.0;;;Swap;7100.114244074898;7074.8774033206255;0.0025;2.8037988019390268;0.0;0.0
2733;389037;IRSB100009319;7525.450424324515;0.627417398;0.0;-192.59571103;-11.803996310019206;CREDIT AGRICOLE CORPORATE AND INVESTMENT BANK;0.0;0.0;0.0;;;Swap;7525.450424324515;7513.6464280144955;0.0025;1.2682160926287915;0.0;0.0
2734;389037;IRSB100009320;696.861862575028;0.24384531199999998;0.0;-7.015166995;-0.4248162457512721;BNP PARIBAS;0.0;0.0;0.0;;;Swap;696.861862575028;696.4370463292768;0.0025;0.4956638914764948;0.0;0.0
2735;389037;IRSB100009332;8888.352451824412;0.884960134;0.0;-381.59530779199997;-19.6645939420144;CREDIT AGRICOLE CORPORATE AND INVESTMENT BANK;0.0;0.0;0.0;;;Swap;8888.352451824412;8868.687857882398;0.0025;1.9602195961209317;0.0;0.0
2736;389037;IRSB100009337;10999.103112625455;1.156039266;0.0;-651.1848646630001;-31.788487722444614;CREDIT AGRICOLE CORPORATE AND INVESTMENT BANK;0.0;0.0;0.0;;;Swap;10999.103112625455;10967.31462490301;0.0025;2.6394666136225498;0.0;0.0
2737;389037;IRSB100009346;17256.116894376268;0.895918679;0.0;-782.198240249;-38.650193631697924;CREDIT AGRICOLE CORPORATE AND INVESTMENT BANK;0.0;0.0;0.0;;;Swap;17256.116894376268;17217.46670074457;0.0025;2.031144150440264;0.0;0.0
2738;389037;IRSB100009351;7630.186867100447;0.24110559199999998;0.0;-91.002494449;-4.599201804157196;JP MORGAN SE;0.0;0.0;0.0;;;Swap;7630.186867100447;7625.58766529629;0.0025;0.5394169301289558;0.0;0.0
2739;389037;IRSB100009363;4696.807335775522;0.47398874;0.0;-110.091850196;-5.565584477767492;CREDIT AGRICOLE CORPORATE AND INVESTMENT BANK;0.0;0.0;0.0;;;Swap;4696.807335775522;4691.2417512977545;0.0025;1.0605434105077045;0.0;0.0
2740;389037;IRSB100009369;7910.722424399621;0.895918678;0.0;-390.995318877;-17.718409941232657;CREDIT AGRICOLE CORPORATE AND INVESTMENT BANK;0.0;0.0;0.0;;;Swap;7910.722424399621;7893.004014458388;0.0025;2.1335752030396677;0.0;0.0
2741;389037;IRSB100009384;9325.93656665043;0.408234076;0.0;-163.46634993400002;-9.517912742802878;NATIXIS;0.0;0.0;0.0;;;Swap;9325.93656665043;9316.418653907627;0.0025;0.8468542891474712;0.0;0.0
2742;389037;IRSB100009399;4098.922413399829;0.252065436;0.0;-43.525997323;-2.5829916631595;CREDIT AGRICOLE CORPORATE AND INVESTMENT BANK;0.0;0.0;0.0;;;Swap;4098.922413399829;4096.3394217366695;0.0025;0.5176964741566015;0.0;0.0
2743;389037;IRSB100009418;11692.524397225208;0.583581067;0.0;-266.804543575;-17.058839659140546;SOCIETE GENERALE;0.0;0.0;0.0;;;Swap;11692.524397225208;11675.465557566067;0.0025;1.1548921524667393;0.0;0.0
2744;389037;IRSB100009432;12625.970268425106;0.695912734;0.0;-473.650524119;-21.966433722256074;NATIXIS;0.0;0.0;0.0;;;Swap;12625.970268425106;12604.00383470285;0.0025;1.6349732237568642;0.0;0.0
2745;389037;IRSB100009458;3067.7538461749664;0.328779958;0.0;-42.407557465000004;-2.5215399517493595;BNP PARIBAS;0.0;0.0;0.0;;;Swap;3067.7538461749664;3065.232306223217;0.0025;0.6746414650265051;0.0;0.0
2746;389037;IRSB100009472;13777.539085275;-2749.550337943;0.0;-251.817390906;94705.09311985192;CREDIT AGRICOLE CORPORATE AND INVESTMENT BANK;0.0;0.0;0.0;;;Swap;13777.539085275;108482.63220512692;0.0025;16150.974248896677;0.0;0.0
2747;389037;XS0970852348;3754941.27256;0.440710155;0.440710155;234.89878;-9929.044501474891;;0.0;0.0;3765153.607;5.0;XS0970852348;Bond;3754941.27256;3745012.228058525;0.0025;0.43963178748444454;0.0035;0.4392004404782224
2748;389037;XS1400169931;5859241.1803125;1.518719145;1.518719145;2248.689481;-57840.52141213445;;0.0;0.0;5919220.274;8.0;XS1400169931;Bond;5859241.1803125;5801400.658900366;0.0025;1.5148907870237294;0.004;1.5125937722379672
2749;389037;XS1485532896;3518784.9526074403;0.023938413;0.023938413;8.380598622;-505.40476472221394;;0.0;0.0;3519305.617;5.0;XS1485532896;Bond;3518784.9526074403;3518279.547842718;0.0025;0.023880303769122084;0.0035;0.02385706007677092
2750;389037;XS1614416193;7963958.1433884995;0.617777899;0.617777899;787.4413565;-31979.722642052173;;0.0;0.0;7996854.794;7.0;XS1614416193;Bond;7963958.1433884995;7931978.4207464475;0.0025;0.6162601321509875;0.004;0.6153494720415801
2751;389037;XS1639488771;1207890.4382066;0.234306182;0.234306182;34.1852866;-1698.0971811029722;;0.0;0.0;1209640.274;6.0;XS1639488771;Bond;1207890.4382066;1206192.341025497;0.0025;0.23373588933777623;0.0035;0.2335077722728867
2752;389037;XS1676952481;2986516.150428;0.425080453;0.425080453;178.2991198;-7617.057828694502;;0.0;0.0;2994145.068;6.0;XS1676952481;Bond;2986516.150428;2978899.0925993053;0.0025;0.4240396521108405;0.0035;0.4236233317551767
2753;389037;XS1957442541;2998475.857892;0.400580859;0.400580859;165.5951012;-7206.792209070836;;0.0;0.0;3005739.041;6.0;XS1957442541;Bond;2998475.857892;2991269.0656829295;0.0025;0.39960136094383153;0.0035;0.3992095617213642
2754;389037;XS2010447238;14625039.277020002;1.245255956;1.245255956;4085.040822;-109271.50359865856;;0.0;0.0;14737995.21;6.0;XS2010447238;Bond;14625039.277020002;14515767.773421343;0.0025;1.2421496549792679;0.0035;1.240907134570975
2755;389037;XS2056430874;745863.5881246;0.234642817;0.234642817;21.16882096;-1050.0692004917034;;0.0;0.0;746907.2119;4.0;XS2056430874;Bond;745863.5881246;744813.5189241084;0.0025;0.23407091949384556;0.0035;0.23384216049138376
2756;389037;XS2063547041;2692168.3623148403;0.023996397;0.023996397;6.443062171;-419.91521528415376;;0.0;0.0;2692599.916;7.0;XS2063547041;Bond;2692168.3623148403;2691748.447099556;0.0025;0.023938005036877513;0.004;0.023902969859004024
2757;389037;XS2106861771;3733254.3283801503;0.061210008;0.061210008;23.60555995;-1485.3314274901938;;0.0;0.0;3734784.055;4.0;XS2106861771;Bond;3733254.3283801503;3731768.99695266;0.0025;0.06106129837138769;0.004;0.0609720725942203
2758;389037;XS2133390521;2721330.511882;0.529384123;0.529384123;217.5435782;-8643.774998554763;;0.0;0.0;2729991.691;6.0;XS2133390521;Bond;2721330.511882;2712686.736883445;0.0025;0.5280862380426282;0.0035;0.5275670840596794
2759;389037;XS2148623106;6209314.079204725;0.002648623;0.002648623;1.594324672;-106.89985854863548;;0.0;0.0;6209424.658;5.0;XS2148623106;Bond;6209314.079204725;6209207.179346177;0.0025;0.002642221452698041;0.004;0.002638380524316865
2760;389037;XS2152899584;5172356.562476;0.508080309;0.508080309;391.2146911;-15767.835123125904;;0.0;0.0;5188134.176;6.0;XS2152899584;Bond;5172356.562476;5156588.727352874;0.0025;0.5068347810720604;0.0035;0.5063365699008846
2761;389037;XS2168647357;9906675.333212001;0.749299772;0.749299772;1287.691298;-48249.95219494954;;0.0;0.0;9956320.548;5.0;XS2168647357;Bond;9906675.333212001;9858425.381017052;0.0025;0.7474538427657254;0.004;0.7463462852251606
2762;389037;XS2178586157;2920056.152772;1.200845472;1.200845472;777.5425084;-21039.217254251977;;0.0;0.0;2941222.11;6.0;XS2178586157;Bond;2920056.152772;2899016.935517748;0.0025;1.1977936326102128;0.0035;1.196572896854298
2763;389037;XS2178833773;14872150.867262;0.503715052;0.503715052;1114.391485;-44947.95748472834;;0.0;0.0;14918500.4;7.0;XS2178833773;Bond;14872150.867262;14827202.909777272;0.0025;0.502476088462463;0.0035;0.5019805030474482
2764;389037;XS2180510732;7352430.993315;0.154727527;0.154727527;128.5071449;-7394.552522719593;;0.0;0.0;7360033.0;8.0;XS2180510732;Bond;7352430.993315;7345036.44079228;0.0025;0.15435042390831288;0.004;0.1541241620533006
2765;389037;XS2264074647;5013655.948402;0.557857549;0.557857549;434.8666602;-16781.434913428857;;0.0;0.0;5030442.466;6.0;XS2264074647;Bond;5013655.948402;4996874.513488571;0.0025;0.5564671506530757;0.0035;0.5559109913143061
2766;389037;XS2289133915;4893356.3808065;0.786160085;0.786160085;681.4699082;-25005.249543755846;;0.0;0.0;4919110.959;6.0;XS2289133915;Bond;4893356.3808065;4868351.131262744;0.0025;0.7842235964060054;0.004;0.7830617032496087
2767;389037;XS2390400633;4843926.405076;1.126833076;1.126833076;1155.956816;-32749.778945696467;;0.0;0.0;4876963.699;8.0;XS2390400633;Bond;4843926.405076;4811176.626130303;0.0025;1.1240414465020192;0.0035;1.122924794702827
2768;389037;XS2407357768;3584728.396257;0.604103717;0.604103717;343.4865543;-14076.060365992966;;0.0;0.0;3599214.0;7.0;XS2407357768;Bond;3584728.396257;3570652.335891007;0.0025;0.6026205850415637;0.004;0.6017307058665019
2769;389037;XS2432293673;12319087.313348;0.617212982;0.617212982;1215.323804;-45621.00369713933;;0.0;0.0;12364820.21;7.0;XS2432293673;Bond;12319087.313348;12273466.30965086;0.0025;0.615699018635409;0.0035;0.6150934332895726
2770;389037;XS2434710799;4898163.37188;0.788522891;0.788522891;684.6002324;-23173.883655510755;;0.0;0.0;4921381.506;6.0;XS2434710799;Bond;4898163.37188;4874989.48822449;0.0025;0.7865831438542323;0.0035;0.7858072449959252
2771;389037;XS2480958904;3470172.86033;0.456217662;0.456217662;227.0204773;-9498.92489445363;;0.0;0.0;3479782.781;5.0;XS2480958904;Bond;3470172.86033;3460673.9354355466;0.0025;0.455102485645085;0.0035;0.454656415103119
2772;389037;XS2485554088;8031569.4630215;0.156759882;0.40356104;19.89697296;-16112.483804561924;;0.0;0.0;8047795.556;6.0;XS2485554088;Bond;8031569.4630215;8015456.979216938;0.0025;0.15675938251247754;0.004;0.404113392229569
2773;389037;XS2517103250;2008631.2831374;0.352066245;0.352066245;93.93905126;-4243.027640662297;;0.0;0.0;2012866.575;6.0;XS2517103250;Bond;2008631.2831374;2004388.2554967375;0.0025;0.3512069292764238;0.0035;0.3508632029869933
2774;389037;XS2583352443;4056815.789556;0.534957967;0.534957967;329.7955425;-13021.355563646266;;0.0;0.0;4070197.26;6.0;XS2583352443;Bond;4056815.789556;4043794.4339923537;0.0025;0.5336410623844908;0.0035;0.5331143005382872
2775;389037;XS2625195891;4170587.7210825006;1.068606938;1.068606938;931.7784233;-28968.6733328614;;0.0;0.0;4200520.548;7.0;XS2625195891;Bond;4170587.7210825006;4141619.047749639;0.0025;1.0658763256013362;0.004;1.0642379581621377
2776;389037;XS2719281227;4018274.97572775;0.127377316;0.617793533;7.045564132;-11209.449878676756;;0.0;0.0;4029661.333;8.0;XS2719281227;Bond;4018274.97572775;4007065.525849073;0.0025;0.1273740439443921;0.004;0.6192500731861684
2777;389037;XS2745115597;11746649.031324249;0.026422522;0.758571806;2.136642738;-36418.64731170025;;0.0;0.0;11783549.53;8.0;XS2745115597;Bond;11746649.031324249;11710230.384012548;0.0025;0.026419720028941343;0.004;0.7608662549870632
2778;389037;XS2752874821;10257723.272137001;0.078806818;0.810232699;9.143400703;-35265.51757701886;;0.0;0.0;10293205.05;7.0;XS2752874821;Bond;10257723.272137001;10222457.754559983;0.0025;0.07880006009999466;0.004;0.8128229524078535
2779;389037;XS2813883043;9974195.730175199;0.078514664;0.078514664;82.5192803;-5090.284071762113;;0.0;0.0;9979349.449;8.0;XS2813883043;Bond;9974195.730175199;9969105.446103437;0.0025;0.07832324346575223;0.004;0.07820839114520357
2780;389037;XS2819223194;7989740.32219375;0.115539634;1.092889758;12.3019106;-37235.45065027395;;0.0;0.0;8027239.544;5.0;XS2819223194;Bond;7989740.32219375;7952504.871543476;0.0025;0.11553451468142506;0.004;1.097605801554746
2781;389037;XS2824777267;7992516.5476935;0.142827776;1.120808947;18.8369853;-34207.17760282715;;0.0;0.0;8027017.008;7.0;XS2824777267;Bond;7992516.5476935;7958309.370090673;0.0025;0.14281985473865358;0.0035;1.1251232024613884
2782;389037;XS2825596682;9960329.123398;0.124599448;0.124599448;136.5848767;-7446.309064042289;;0.0;0.0;9967866.469;8.0;XS2825596682;Bond;9960329.123398;9952882.814333959;0.0025;0.12429543835864558;0.0035;0.12417383450210381
2783;389037;XS2841263358;5138100.006327376;0.01080062;0.189877338;-16.24660406;-4041.17167054275;;0.0;0.0;5142183.542;8.0;XS2841263358;Bond;5138100.006327376;5134058.834656833;0.0025;0.010879961301840827;0.004;0.19014803108331965
2784;389037;XS2843279691;4109178.035737725;0.011511337;0.195321437;-13.70132452;-3328.6975682224565;;0.0;0.0;4112541.352;8.0;XS2843279691;Bond;4109178.035737725;4105849.3381695026;0.0025;0.011595026338110508;0.004;0.19560741175246568
2785;389037;XS2885066808;14831851.8360515;0.371826745;0.371826745;745.7157225;-35846.714738388466;;0.0;0.0;14868125.99;8.0;XS2885066808;Bond;14831851.8360515;14796005.121313112;0.0025;0.37091543302994334;0.004;0.37036864584790935
2786;389037;XS2889872540;7133692.120538;0.019345957;0.391012364;-98.87309638;-11502.467532936864;;0.0;0.0;7145313.595;8.0;XS2889872540;Bond;7133692.120538;7122189.6530050635;0.0025;0.01969339309824905;0.004;0.39217832736819297
2787;389037;XS2898793406;5085400.041645;0.020674638;0.428812738;-85.22462736;-8985.584275097914;;0.0;0.0;5094484.493;8.0;XS2898793406;Bond;5085400.041645;5076414.457369902;0.0025;0.02109467377561994;0.004;0.43021860693545044
2788;389037;XS2908566982;9858402.875458;0.466483889;0.466483889;665.4151896;-27592.716676034583;;0.0;0.0;9886355.53;8.0;XS2908566982;Bond;9858402.875458;9830810.158781966;0.0025;0.46534047552764485;0.0035;0.46488311013870276
2789;389037;XS2908585263;10153685.79700675;0.02686668;0.488775424;-215.3857537;-20533.477890200826;;0.0;0.0;10174327.58;;XS2908585263;Bond;10153685.79700675;10133152.31911655;0.0025;0.02739879875431233;0.004;0.4905795323933484
2790;389037;XS2914760405;3939158.7880105;0.502001335;0.502001335;293.4074628;-12853.509307328644;;0.0;0.0;3952179.324;8.0;XS2914760405;Bond;3939158.7880105;3926305.2787031713;0.0025;0.5007692282981351;0.004;0.5000299642770162
2791;389037;XS2918558227;12165532.897132501;0.028389724;0.600428106;-401.4809818;-30081.55180678012;;0.0;0.0;12195936.05;8.0;XS2918558227;Bond;12165532.897132501;12135451.345325721;0.0025;0.02921677674499473;0.004;0.6031902221281753
2792;389037;XS2922134684;5063223.76276825;0.024400632;0.534661051;-133.0663579;-11137.298803221798;;0.0;0.0;5074488.649;8.0;XS2922134684;Bond;5063223.76276825;5052086.4639650285;0.0025;0.02505914436215668;0.004;0.5368557389739085
2793;389037;XS2923562263;9621918.397883251;0.024529388;0.540593034;-258.2040981;-21396.217662663545;;0.0;0.0;9643540.618;8.0;XS2923562263;Bond;9621918.397883251;9600522.180220587;0.0025;0.025201767013855386;0.004;0.5428353969723033
2794;389037;XS2924143154;10123921.512136;0.024579909;0.540072255;-271.619971;-22492.70915573781;;0.0;0.0;10146673.11;8.0;XS2924143154;Bond;10123921.512136;10101428.80298026;0.0025;0.025252157470096258;0.004;0.5423121480269314
2795;389037;XS2931921113;8982887.97237475;0.09918967;1.555195347;11.77578035;-58108.10654310495;;0.0;0.0;9041638.75;8.0;XS2931921113;Bond;8982887.97237475;8924779.865831645;0.0025;0.09918149366347194;0.004;1.564817440768338
2796;389037;XS2936812366;10070112.2599125;0.108473936;1.606818453;-2285.348;-67454.23059402217;;0.0;0.0;10138414.13;;XS2936812366;Bond;10070112.2599125;10002658.029318478;0.0025;0.11417694365710264;0.004;1.626223661035804
2797;389037;XS2942506978;6058824.9864065;0.027033793;0.616680088;-212.6172838;-15354.90945443939;;0.0;0.0;6074346.495;8.0;XS2942506978;Bond;6058824.9864065;6043470.076952061;0.0025;0.02791292418029956;0.004;0.6196049519083662
2798;389037;XS2978738495;4993821.7133720005;0.037895538;0.037895538;19.16252712;-1135.4613630258827;;0.0;0.0;4994971.241;8.0;XS2978738495;Bond;4993821.7133720005;4992686.252008975;0.0025;0.03780319700584329;0.0035;0.037766260608180606
2799;389037;XS2978742414;8721642.759347498;0.779073884;0.779073884;1209.064219;-112114.26763985798;;0.0;0.0;8836284.472;8.0;XS2978742414;Bond;8721642.759347498;8609528.49170764;0.0025;0.777125573355773;0.014;0.7681633443923289
2800;389037;XS2982074358;-66230.0;0.542762112;0.797420512;0.0;301.12047873344;;0.0;0.0;0.0;8.0;XS2982074358;Bond;-66230.0;-65928.87952126656;0.0025;0.5434985887755568;0.004;0.7999640298918334
2801;389037;XS2993382667;4901736.983187;0.656870845;0.656870845;528.4048365;-20928.752741739674;;0.0;0.0;4922952.887;8.0;XS2993382667;Bond;4901736.983187;4880808.23044526;0.0025;0.6552545555605553;0.004;0.6542847818968885
2802;389037;XS2994523103;3913415.0066170003;0.727539407;0.727539407;487.721028;-18506.563616183717;;0.0;0.0;3932181.748;8.0;XS2994523103;Bond;3913415.0066170003;3894908.4430008167;0.0025;0.7257469913388175;0.004;0.724671541942108
2803;389037;XS3002279886;5876546.9872115;0.689484831;0.689484831;678.3833694;-26336.635041217025;;0.0;0.0;5903249.081;8.0;XS3002279886;Bond;5876546.9872115;5850210.352170283;0.0025;0.6877873265152602;0.004;0.6867688238244163
2804;389037;XS3003192898;19980463.4719381;0.029784068;0.029784068;59.7915717;-3868.1466376781827;;0.0;0.0;19984378.22;8.0;XS3003192898;Bond;19980463.4719381;19976595.32530042;0.0025;0.029711473183273805;0.004;0.02966791629323809
2805;389037;XS3006178597;4907150.543134999;0.618826131;0.618826131;486.6044734;-19738.374401478068;;0.0;0.0;4927156.147;8.0;XS3006178597;Bond;4907150.543134999;4887412.168733521;0.0025;0.6173044372423792;0.004;0.6163914209878067
2806;389037;XS3007482790;4870123.099369;0.874111178;0.874111178;792.6825695;-27670.688756063908;;0.0;0.0;4898210.647;8.0;XS3007482790;Bond;4870123.099369;4842452.410612936;0.0025;0.8719522443648627;0.004;0.8706568841837804
2807;389037;XS3013234177;4868514.180388;0.884966506;0.884966506;807.0217938;-28005.067893591244;;0.0;0.0;4896943.284;8.0;XS3013234177;Bond;4868514.180388;4840509.112494409;0.0025;0.8827803335956972;0.004;0.8814686301531155
2808;389037;XS3019213654;17556381.453160003;0.195291335;0.930341869;68.3098591;-73905.26986543139;;0.0;0.0;17630707.6;8.0;XS3019213654;Bond;17556381.453160003;17482476.183294572;0.0025;0.19528940964187733;0.004;0.9336483775777571
2809;389037;XS3020829951;7861403.52755;0.575352982;0.575352982;704.8094375;-29400.032754827873;;0.0;0.0;7891195.493;8.0;XS3020829951;Bond;7861403.52755;7832003.494795172;0.0025;0.5739391995677056;0.004;0.5730909301083289
2810;389037;XS3022659927;7950437.0149465;0.192334351;0.192334351;178.7611215;-9939.42393233473;;0.0;0.0;7960502.143;8.0;XS3022659927;Bond;7950437.0149465;7940497.591014165;0.0025;0.19186472126441195;0.004;0.19158294342305912
2811;389037;XS3037605048;16998521.2076607;0.002708113;0.002708113;4.500493311;-276.20349757944985;;0.0;0.0;16998800.64;8.0;XS3037605048;Bond;16998521.2076607;16998245.00416312;0.0025;0.0027015123864062274;0.0035;0.002698872140968718
2812;389038;BE0002251206;37026462.48188;1.049312806;1.049312806;8051.457343;-466228.09491738275;;0.0;0.0;37513595.0;6.0;BE0002251206;Bond;37026462.48188;36560234.38696262;0.0025;1.0466291635753444;0.0095;1.0391149647863087
2813;389038;BE0002276450;5845212.46322;1.923309019;1.923309019;3331.451256;-67452.89909089339;;0.0;0.0;5913397.808;5.0;BE0002276450;Bond;5845212.46322;5777759.564129107;0.0025;1.918308180947903;0.0035;1.9163078457270644
2814;389038;BE0002832138;14577829.774925;0.89310313;0.89310313;2444.307073;-84626.78510385263;;0.0;0.0;14665582.19;6.0;BE0002832138;Bond;14577829.774925;14493202.989821147;0.0025;0.8909053903666764;0.004;0.8895867465866822
2815;389038;BE6360428419;16932885.59329;0.113446862;0.113446862;208.7337336;-11525.896410982554;;0.0;0.0;16944584.32;8.0;BE6360428419;Bond;16932885.59329;16921359.696879018;0.0025;0.1131708594453202;0.0035;0.11306045842344828
2816;389038;BTSM25 Cmdty;0.0;0.0;0.0;-123059.5477;2730685.2216;;0.0;0.0;-204231000.0;;;Bond Future;0.0;2730685.2216;0.0025;0.0;0.0035;0.0
2817;389038;CH0336602930;19552739.8863;1.37180013;1.37180013;6371.489808;-174345.93226623643;;0.0;0.0;19733520.55;8.0;CH0336602930;Bond;19552739.8863;19378393.954033766;0.0025;1.3683581755340133;0.004;1.3662930028544213
2818;389038;CH0483180946;19546818.150135;1.188543484;1.188543484;5078.201748;-151009.58174429327;;0.0;0.0;19703424.66;8.0;CH0483180946;Bond;19546818.150135;19395808.568390705;0.0025;1.1855801518280693;0.004;1.1838021525249107
2819;389038;CH1142231682;37753475.413049996;0.578611646;0.578611646;3403.110474;-141989.90358127505;;0.0;0.0;37899935.3;6.0;CH1142231682;Bond;37753475.413049996;37611485.50946872;0.0025;0.5771951165133135;0.004;0.5763451988213014
2820;389038;CH1194000340;25344199.039505;1.149738995;1.149738995;6296.835109;-189404.89056294292;;0.0;0.0;25540349.32;7.0;CH1194000340;Bond;25344199.039505;25154794.148942057;0.0025;1.1468324264690783;0.004;1.1450884853505252
2821;389038;CSH_EUR_DB;-7.450580596923828e-09;0.0;0.0;0.0;0.0;;0.0;0.0;-59169583.03;;;Cash;-7.450580596923828e-09;-7.450580596923828e-09;0.0;0.0;0.0;0.0
2822;389038;DE000A3LKBD0;25188587.790237498;0.062957899;0.79268771;16.08335687;-83831.28730943531;;0.0;0.0;25273233.33;5.0;DE000A3LKBD0;Bond;25188587.790237498;25104756.502928063;0.0025;0.06295184530237129;0.004;0.7951755845179483
2823;389038;DE000CZ40LD5;20482208.01076;0.949636267;0.949636267;3779.965117;-233407.7706630675;;0.0;0.0;20725462.48;6.0;DE000CZ40LD5;Bond;20482208.01076;20248800.240096934;0.0025;0.947277071787167;0.0095;0.9406713251912344
2824;389038;DE000HCB0B02;10039859.542051999;0.183146628;0.670368336;34.86215761;-31518.531791317604;;0.0;0.0;10071651.11;5.0;DE000HCB0B02;Bond;10039859.542051999;10008341.01026068;0.0025;0.18314367534254106;0.004;0.6720270158223203
2825;389038;DE000HCB0B28;27825303.06117;0.813872256;0.813872256;4070.920912;-147200.57414580788;;0.0;0.0;27977261.75;5.0;DE000HCB0B28;Bond;27825303.06117;27678102.48702419;0.0025;0.8118706550775325;0.004;0.810669694524052
2826;389038;DE000LB1B2E5;18076313.76216;1.423621059;1.423621059;6316.867887;-308805.85129082995;;0.0;0.0;18400439.34;5.0;DE000LB1B2E5;Bond;18076313.76216;17767507.91086917;0.0025;1.419951412937325;0.0095;1.4096764039618346
2827;389038;DE000LB2CLH7;25094747.502865;1.291127787;1.291127787;7413.583667;-210603.41775653613;;0.0;0.0;25312745.21;5.0;DE000LB2CLH7;Bond;25094747.502865;24884144.085108466;0.0025;1.2879097213986932;0.004;1.2859788820379092
2828;389038;DUK25P 106.1;-20000.04711;-1182.286957;-1182.286957;0.0;-94583.17936;;0.0;0.0;12266823.8;;;Bond Future Option;-20000.04711;-114583.22647;0.0025;-1182.286957;0.0015;-1182.286957
2829;389038;DUK25P 106.4;80000.00058;-1011.147281;-1011.147281;0.0;323567.1324;;0.0;0.0;-41964554.67;;;Bond Future Option;80000.00058;403567.13298;0.0025;-1011.147281;0.0015;-1011.147281
2830;389038;DUM25 Cmdty;0.0;0.0;0.0;-92962.72899;1319480.1344;;0.0;0.0;-171128000.0;;;Bond Future;0.0;1319480.1344;0.0025;0.0;0.0015;0.0
2831;389038;FR0000989626;0.0;0.033170906;0.425272033;-126.8612175;0.0;;0.0;6.49e-07;33007614.66;;FR0000989626;Fund Unit;0.0;0.0;0.0;;0.0;
2832;389038;FR0010582452;0.0;0.033149011;0.296124349;414.0973761;0.0;;0.0;1.53e-07;33006372.34;;FR0010582452;Fund Unit;0.0;0.0;0.0;;0.0;
2833;389038;FR0011952647;7445989.070660001;1.194522515;1.194522515;1951.247533;-106732.81909616757;;0.0;0.0;7558055.36;5.0;FR0011952647;Bond;7445989.070660001;7339256.251563833;0.0025;1.1915383874759933;0.0095;1.1831828304087746
2834;389038;FR0012401669;1325424.655772;1.817042836;1.817042836;686.1745772;-28900.240505139347;;0.0;0.0;1356098.489;5.0;FR0012401669;Bond;1325424.655772;1296524.4152668607;0.0025;1.8123544055528278;0.0095;1.7992268003007459
2835;389038;FR0012891992;5786190.961876;0.535086525;0.535086525;245.2874113;-37153.35377731964;;0.0;0.0;5823928.222;6.0;FR0012891992;Bond;5786190.961876;5749037.608098681;0.0025;0.5347425224121235;0.0095;0.5337793151660692
2836;389038;FR0013155009;18468244.45628;1.003937102;1.003937102;3758.467536;-222491.4698215837;;0.0;0.0;18699901.64;6.0;FR0013155009;Bond;18468244.45628;18245752.986458417;0.0025;1.0013690828858648;0.0095;0.9941786293662861
2837;389038;FR0013166477;8473783.61896;1.272356166;1.272356166;1684.449902;-129380.05004320262;;0.0;0.0;8606077.333;7.0;FR0013166477;Bond;8473783.61896;8344403.568916798;0.0025;1.2714337995013294;0.0095;1.2688511733050514
2838;389038;FR0013192762;9246462.237680001;1.524770697;1.524770697;2576.025854;-169184.8160511782;;0.0;0.0;9420833.333;6.0;FR0013192762;Bond;9246462.237680001;9077277.421628824;0.0025;1.523618115358663;0.0095;1.52039088676292
2839;389038;FR0013334695;19870130.433679998;1.105612751;1.105612751;4625.726086;-131812.01742905861;;0.0;0.0;20002736.99;6.0;FR0013334695;Bond;19870130.433679998;19738318.41625094;0.0025;1.1028487505657103;0.0035;1.1017431503919946
2840;389038;FR0013455540;44512434.057835;1.847818518;1.847818518;23513.3565;-534630.8495665889;;0.0;0.0;45068744.25;7.0;FR0013455540;Bond;44512434.057835;43977803.20826841;0.0025;1.8431485403442618;0.004;1.8403465537508188
2841;389038;FR0014002X43;9691194.0909;1.003860836;1.003860836;1937.328897;-63235.966312539385;;0.0;0.0;9756709.589;8.0;FR0014002X43;Bond;9691194.0909;9627958.124587461;0.0025;1.001382524733746;0.004;0.9998955379739934
2842;389038;FR0014007PV3;11164764.643284999;2.546563347;2.546563347;10212.29176;-184806.5727200622;;0.0;0.0;11358123.29;7.0;FR0014007PV3;Bond;11164764.643284999;10979958.070564937;0.0025;2.5399085744530834;0.004;2.535915710924933
2843;389038;FR001400CMY0;10095399.43616;2.304360785;2.304360785;7881.277941;-151212.3767023884;;0.0;0.0;10253220.55;8.0;FR001400CMY0;Bond;10095399.43616;9944187.059457611;0.0025;2.298118977831322;0.004;2.2943738935301146
2844;389038;FR001400F0U6;15046070.6306;0.97809403;0.97809403;-1628.83013;-88298.83115248916;;0.0;0.0;15137163.62;6.0;FR001400F0U6;Bond;15046070.6306;14957771.79944751;0.0025;0.9831921043280083;0.0035;0.9852313340592116
2845;389038;FR001400F2Q0;32888705.141245;0.988587315;0.988587315;6633.718958;-536470.3857052665;;0.0;0.0;33453180.28;4.0;FR001400F2Q0;Bond;32888705.141245;32352234.755539734;0.0025;0.9859880261695221;0.014;0.974031297549324
2846;389038;FR001400H2O3;26195464.50668;1.629066425;1.629066425;11584.27741;-256044.91029066948;;0.0;0.0;26459920.01;6.0;FR001400H2O3;Bond;26195464.50668;25939419.59638933;0.0025;1.6246454548818958;0.0035;1.6228770668346542
2847;389038;FR001400KXW4;25822190.27718;1.192407596;1.192407596;6783.414506;-184743.45499120065;;0.0;0.0;26012940.51;6.0;FR001400KXW4;Bond;25822190.27718;25637446.822188802;0.0025;1.1893947581831041;0.0035;1.1881896230563458
2848;389038;FR0128664192;37234702.1708385;0.219414259;0.219414259;977.3678117;-53103.85980835143;;0.0;0.0;37288489.54;8.0;FR0128664192;Bond;37234702.1708385;37181598.31103015;0.0025;0.21887839449430943;0.004;0.21855687579089508
2849;389038;FR0128718899;14970885.05553325;0.059579604;0.059579604;92.31102549;-5797.736120398229;;0.0;0.0;14976752.66;8.0;FR0128718899;Bond;14970885.05553325;14965087.319412852;0.0025;0.059434327407525696;0.004;0.059347161452041115
2850;389038;FR0128735398;25537413.609192252;0.017023695;0.328098017;-247.7975602;-34601.95190886851;;0.0;0.0;25572411.67;8.0;FR0128735398;Bond;25537413.609192252;25502811.657283384;0.0025;0.01726700238231876;0.004;0.3289167428219816
2851;389038;FR0128756279;19902147.423226;0.1572084;0.1572084;354.8247918;-18772.708517816893;;0.0;0.0;19921140.73;8.0;FR0128756279;Bond;19902147.423226;19883374.714708183;0.0025;0.1568244745109502;0.0035;0.1566709043153303
2852;389038;FR0128764620;16810770.910296;0.37172078;0.37172078;844.5712507;-37493.47725105923;;0.0;0.0;16848715.14;8.0;FR0128764620;Bond;16810770.910296;16773277.433044942;0.0025;0.37081022364128813;0.0035;0.37044600109780335
2853;389038;FR0128765262;40788327.575558;0.179022733;0.179022733;844.4452138;-32859.17044684045;;0.0;0.0;40821544.01;8.0;FR0128765262;Bond;40788327.575558;40755468.40511116;0.0025;0.17858527810879643;0.002;0.17867276908703714
2854;389038;FR0128767334;9973521.981016599;0.086788944;0.086788944;92.07505869;-5193.548644159313;;0.0;0.0;9978771.088;8.0;FR0128767334;Bond;9973521.981016599;9968328.43237244;0.0025;0.08657697604589203;0.0035;0.08649218886424884
2855;389038;FR0128771187;19688927.70295;0.504455275;0.504455275;1475.66579;-64559.192352503946;;0.0;0.0;19754360.64;8.0;FR0128771187;Bond;19688927.70295;19624368.510597497;0.0025;0.5032177373698341;0.004;0.5024752147917346
2856;389038;FR0128910736;12952743.045834;0.113752555;0.113752555;160.5316835;-8840.445694332597;;0.0;0.0;12961691.94;8.0;FR0128910736;Bond;12952743.045834;12943902.600139666;0.0025;0.11347506301450555;0.0035;0.11336406622030777
2857;389038;FR0128913326;24842673.049832;0.208901547;0.208901547;616.0591481;-31138.03699035068;;0.0;0.0;24874157.6;8.0;FR0128913326;Bond;24842673.049832;24811535.01284165;0.0025;0.20839068603227665;0.0035;0.20818634164518732
2858;389038;FR0128913615;14687825.3701;0.708459976;0.708459976;1761.596935;-62434.41845515944;;0.0;0.0;14751113.71;8.0;FR0128913615;Bond;14687825.3701;14625390.951644842;0.0025;0.70671636839895;0.0035;0.70601892535853
2859;389038;FR0128914480;14849700.653007999;0.325334916;0.325334916;629.9362032;-28986.756687429013;;0.0;0.0;14879051.11;8.0;FR0128914480;Bond;14849700.653007999;14820713.89632057;0.0025;0.32453900298232363;0.0035;0.32422063777525306
2860;389038;FR0128961093;25142880.223393;0.030200703;0.72581704;-1228.731339;-74894.85524874875;;0.0;0.0;25218574.51;8.0;FR0128961093;Bond;25142880.223393;25067985.36814425;0.0025;0.031424731995555844;0.004;0.72987907956526
2861;389038;FR0128984533;19983711.9676763;0.024354045;0.024354045;48.6039653;-3163.447433430877;;0.0;0.0;19986915.35;8.0;FR0128984533;Bond;19983711.9676763;19980548.52024287;0.0025;0.024294723322881222;0.004;0.024259130316609954
2862;389038;FR0129007870;43436974.315179996;0.046066182;0.046066182;204.4738262;-12005.853385994442;;0.0;0.0;43449116.26;8.0;FR0129007870;Bond;43436974.315179996;43424968.461794004;0.0025;0.0459538030309155;0.0035;0.0459088514432817
2863;389038;FR0129010304;17837198.144706;0.303951866;0.303951866;695.7617482;-32529.897961770763;;0.0;0.0;17870098.71;8.0;FR0129010304;Bond;17837198.144706;17804668.24674423;0.0025;0.30320767723954006;0.0035;0.30291000173535604
2864;389038;FR0129024677;14981960.6630506;0.037927782;0.037927782;57.5873349;-3409.3952277645512;;0.0;0.0;14985409.36;8.0;FR0129024677;Bond;14981960.6630506;14978551.267822836;0.0025;0.03783528383476619;0.0035;0.037798284568672666
2865;389038;FR0129060366;32093976.53476882;0.19263189;0.19263189;1569.481467;-37093.94014504901;;0.0;0.0;69675632.15;8.0;FR0129060366;Bond;32093976.53476882;32056882.59462377;0.0025;0.1915020906105928;0.0035;0.19105017085482995
2866;389038;FR0129084481;39790737.564768;0.162462106;0.162462106;735.8897491;-38786.922144393124;;0.0;0.0;39830021.97;8.0;FR0129084481;Bond;39790737.564768;39751950.64262361;0.0025;0.16206574093485185;0.0035;0.1619071949087926
2867;389038;FR0129106110;19969251.1218366;0.045979725;0.045979725;93.65010989;-5509.08405022793;;0.0;0.0;19974833.13;8.0;FR0129106110;Bond;19969251.1218366;19963742.037786372;0.0025;0.04586776744604552;0.0035;0.045822984424463725
2868;389038;IRSB100005612;2386581.439303247;0.10137566099999999;0.0;-100.452962536;-604.853177349245;BNP PARIBAS;0.0;0.0;0.0;;;Swap;2386581.439303247;2385976.5861258977;0.0025;0.10245362189070935;0.0;0.0
2869;389038;IRSB100007802;-251808.53881909954;1.809536615;0.0;-10050.090665596;1139.1419274070238;NOMURA FINANCIAL PRODUCTS EUROPE GMBH;0.0;0.0;0.0;;;Swap;-251808.53881909954;-250669.3968916925;0.0025;0.8199317795913197;0.0;0.0
2870;389038;IRSB100008596;30744.372827124622;2.294227158;0.0;-6581.775075921;-176.33643773916637;NATIXIS;0.0;0.0;0.0;;;Swap;30744.372827124622;30568.036389385456;0.0025;7.659401906235645;0.0;0.0
2871;389038;IRSB100008726;-80979.66358224401;0.430152377;0.0;-2542.96395962;87.08398694640648;SOCIETE GENERALE;0.0;0.0;0.0;;;Swap;-80979.66358224401;-80892.5795952976;0.0025;-0.354447568170033;0.0;0.0
2872;389038;IRSB100008727;-20074.34825182351;0.430152378;0.0;-635.733440356;21.587571593305064;NATIXIS;0.0;0.0;0.0;;;Swap;-20074.34825182351;-20052.760680230207;0.0025;-0.36110868135723323;0.0;0.0
2873;389038;IRSB100008823;28682.59059792306;0.67399444;0.0;-911.9593734959999;-48.32976646949104;SOCIETE GENERALE;0.0;0.0;0.0;;;Swap;28682.59059792306;28634.26083145357;0.0025;1.4700019782082188;0.0;0.0
2874;389038;IRSB100008971;1775.8693276999088;0.39727430799999996;0.0;-15.778266899;-1.763768145651016;JP MORGAN SE;0.0;0.0;0.0;;;Swap;1775.8693276999088;1774.1055595542578;0.0025;0.6197892003295727;0.0;0.0
2875;389038;IRSB100009041;454995.88561676786;1.00277097;0.0;-20037.837712710003;-1140.6416639148383;BNP PARIBAS;0.0;0.0;0.0;;;Swap;454995.88561676786;453855.243952853;0.0025;2.1062748939638194;0.0;0.0
2876;389038;IRSB100009049;279947.1737427545;1.736612054;0.0;-15222.595258880001;-1215.3990910122493;NATIXIS;0.0;0.0;0.0;;;Swap;279947.1737427545;278731.77465174225;0.0025;3.103568373178689;0.0;0.0
2877;389038;XS1204154410;22203335.2896;1.880997102;1.880997102;12250.66112;-501172.9120136631;;0.0;0.0;22731421.11;8.0;XS1204154410;Bond;22203335.2896;21702162.377586335;0.0025;1.876048760038995;0.0095;1.862193402548181
2878;389038;XS1385945131;48738622.16447999;0.954060225;0.954060225;9066.131341;-557994.9699412051;;0.0;0.0;49319101.23;7.0;XS1385945131;Bond;48738622.16447999;48180627.19453879;0.0025;0.9516854187987611;0.0095;0.9450359614352921
2879;389038;XS1405136364;12193091.480560001;1.011588639;1.011588639;2528.253887;-148012.71379226624;;0.0;0.0;12348148.63;4.0;XS1405136364;Bond;12193091.480560001;12045078.766767735;0.0025;1.0089631343753598;0.0095;1.0016117214263671
2880;389038;XS1512677003;22400047.07144;1.535183829;1.535183829;8829.156296;-412658.2803949619;;0.0;0.0;22832591.51;6.0;XS1512677003;Bond;22400047.07144;21987388.79104504;0.0025;1.531221854098823;0.0095;1.520128324375527
2881;389038;XS1586555945;14528469.704400001;1.922675281;1.922675281;8207.475133;-167601.17742844357;;0.0;0.0;14703020.55;8.0;XS1586555945;Bond;14528469.704400001;14360868.526971558;0.0025;1.917793892063459;0.0035;1.9158413364888425
2882;389038;XS1587911451;48492747.55488;1.917385545;1.917385545;27626.30413;-1115751.518388732;;0.0;0.0;49669500.0;6.0;XS1587911451;Bond;48492747.55488;47376996.03649127;0.0025;1.9123339706163816;0.0095;1.8981895623422498
2883;389038;XS1602547264;29956955.913205;1.046612969;1.046612969;6426.52811;-203796.70070839033;;0.0;0.0;30167869.32;8.0;XS1602547264;Bond;29956955.913205;29753159.212496612;0.0025;1.0439883306337248;0.004;1.0424135476139598
2884;389038;XS1706111793;24871572.167719997;0.549770217;0.549770217;2091.369106;-88878.72258056077;;0.0;0.0;24963149.31;7.0;XS1706111793;Bond;24871572.167719997;24782693.445139438;0.0025;0.5484236670466419;0.004;0.5476157370746271
2885;389038;XS1734066811;12868588.63404;2.453138269;2.453138269;9673.43476;-189410.56347709175;;0.0;0.0;13060713.57;6.0;XS1734066811;Bond;12868588.63404;12679178.070562908;0.0025;2.449390260733729;0.0035;2.447891057427221
2886;389038;XS1843449122;14900050.68088;1.488654989;1.488654989;5557.993752;-133086.20869466919;;0.0;0.0;15034255.48;8.0;XS1843449122;Bond;14900050.68088;14766964.472185332;0.0025;1.4848697620378393;0.0035;1.4833556712529752
2887;389038;XS1960248919;48939329.098255;0.919443187;0.919443187;8566.89658;-292480.06265231926;;0.0;0.0;49241863.01;8.0;XS1960248919;Bond;48939329.098255;48646849.03560268;0.0025;0.9171803421983437;0.004;0.9158226353173499
2888;389038;XS2013574038;20734536.02091;1.173882327;1.173882327;5295.619226;-158209.3850576925;;0.0;0.0;20898282.33;7.0;XS2013574038;Bond;20734536.02091;20576326.635852307;0.0025;1.1709423037155222;0.004;1.1691782897448353
2889;389038;XS2052337503;6804066.732255;0.636166652;0.636166652;703.5048382;-71420.58582521351;;0.0;0.0;6878381.52;4.0;XS2052337503;Bond;6804066.732255;6732646.146429786;0.0025;0.6345935530544111;0.014;0.6273572979047024
2890;389038;XS2105735935;19034934.988029998;1.791060156;1.791060156;9549.974123;-221602.63858922065;;0.0;0.0;19265378.08;6.0;XS2105735935;Bond;19034934.988029998;18813332.349440776;0.0025;1.7865372038254013;0.004;1.7838234325206421
2891;389038;XS2113885011;30210890.34338;1.800644828;1.800644828;15263.00683;-326394.5006764941;;0.0;0.0;30540566.21;6.0;XS2113885011;Bond;30210890.34338;29884495.842703506;0.0025;1.7961202476728886;0.0035;1.794310415542044
2892;389038;XS2194370727;19225220.081035;2.138500699;2.138500699;13084.26207;-267235.4527811942;;0.0;0.0;19503619.18;6.0;XS2194370727;Bond;19225220.081035;18957984.628253806;0.0025;2.1329192117899733;0.004;2.1295703194639577
2893;389038;XS2311407352;6789021.092476499;1.075345736;1.075345736;1508.349706;-47453.541742156325;;0.0;0.0;6838293.287;6.0;XS2311407352;Bond;6789021.092476499;6741567.550734343;0.0025;1.072682286015596;0.004;1.0710842160249536
2894;389038;XS2324321285;16536319.01214;0.95492395;0.95492395;3064.850723;-102641.02595196338;;0.0;0.0;16642420.14;6.0;XS2324321285;Bond;16536319.01214;16433677.986188037;0.0025;0.9525701352291357;0.004;0.951157846366617
2895;389038;XS2338643740;19126391.54486;1.534803947;1.534803947;7446.791828;-190809.1980269706;;0.0;0.0;19324437.26;8.0;XS2338643740;Bond;19126391.54486;18935582.34683303;0.0025;1.5309593447128351;0.004;1.5286525833405362
2896;389038;XS2382849888;20712460.786219;0.413289727;0.413289727;1190.18095;-55641.60721492526;;0.0;0.0;20769791.1;5.0;XS2382849888;Bond;20712460.786219;20656819.179004077;0.0025;0.41228019615144407;0.004;0.4116744776423105
2897;389038;XS2416413339;19041026.6959;1.622318993;1.622318993;8111.758842;-200789.02515736094;;0.0;0.0;19249657.53;6.0;XS2416413339;Bond;19041026.6959;18840237.67074264;0.0025;1.6182484207309384;0.004;1.6158060773695013
2898;389038;XS2438616240;13913683.56692;2.728676474;2.728676474;14344.38636;-227795.64609441;;0.0;0.0;14152415.75;7.0;XS2438616240;Bond;13913683.56692;13685887.92082559;0.0025;2.721516778771658;0.0035;2.7186529006803215
2899;389038;XS2442768227;11322494.577675002;2.271712206;2.271712206;8514.658445;-167189.41937407525;;0.0;0.0;11497058.63;7.0;XS2442768227;Bond;11322494.577675002;11155305.158300927;0.0025;2.265813582178205;0.004;2.2622744078851276
2900;389038;XS2486589596;5049986.59544;1.146204482;1.146204482;2518.14527;-37624.062253266115;;0.0;0.0;10257238.63;8.0;XS2486589596;Bond;5049986.59544;5012362.533186734;0.0025;1.1370228450037052;0.004;1.1315138628059282
2901;389038;XS2487667276;8505564.375296999;0.816362578;0.816362578;1249.853289;-45133.55899495572;;0.0;0.0;8552474.11;7.0;XS2487667276;Bond;8505564.375296999;8460430.816302042;0.0025;0.814355063441535;0.004;0.8131505547064559
2902;389038;XS2535283548;22815507.067475;0.465215469;0.465215469;1528.444655;-68991.82433564326;;0.0;0.0;22886832.47;5.0;XS2535283548;Bond;22815507.067475;22746515.243139356;0.0025;0.46408174550522896;0.004;0.46340151140836633
2903;389038;XS2537060746;10623809.49938;1.326897014;1.326897014;3306.752917;-84580.20661219294;;0.0;0.0;10711451.09;6.0;XS2537060746;Bond;10623809.49938;10539229.292767808;0.0025;1.3235171862246382;0.0035;1.3221652551144936
2904;389038;XS2617442525;15639542.9453;0.751359964;0.751359964;2035.135062;-70505.55854614238;;0.0;0.0;15712379.51;7.0;XS2617442525;Bond;15639542.9453;15569037.386753857;0.0025;0.7495181302895892;0.0035;0.7487813968054249
2905;389038;XS2623501181;10529232.11521;1.053182873;1.053182873;2304.446234;-72079.84504227477;;0.0;0.0;10604212.33;7.0;XS2623501181;Bond;10529232.11521;10457152.270167725;0.0025;1.0504843145006117;0.004;1.0488651794009787
2906;389038;XS2625985945;3836969.4812600003;2.448185782;2.448185782;3331.746824;-56361.684779931886;;0.0;0.0;3895930.205;6.0;XS2625985945;Bond;3836969.4812600003;3780607.7964800685;0.0025;2.4414616239530234;0.0035;2.4387719607342326
2907;389038;XS2633552026;13493632.872465;1.039362662;1.039362662;2889.864223;-91161.05818544354;;0.0;0.0;13587820.93;6.0;XS2633552026;Bond;13493632.872465;13402471.814279556;0.0025;1.036709223230069;0.004;1.0351171599681102
2908;389038;XS2710354544;20746768.356165003;1.507851175;1.507851175;7926.391632;-203339.75378142545;;0.0;0.0;20957863.01;8.0;XS2710354544;Bond;20746768.356165003;20543428.602383576;0.0025;1.5039838559325154;0.004;1.5016634644920244
2909;389038;XS2764789231;9164194.570430001;0.850255637;0.850255637;1428.045745;-46751.44855243741;;0.0;0.0;9212503.424;6.0;XS2764789231;Bond;9164194.570430001;9117443.121877564;0.0025;0.8481672527964306;0.0035;0.8473318991150027
2910;389038;XS2887901325;15159952.63066;2.261424324;2.261424324;11447.4734;-205698.5137779739;;0.0;0.0;15374151.37;7.0;XS2887901325;Bond;15159952.63066;14954254.116882026;0.0025;2.2553316053821684;0.0035;2.2528945179350357
2911;389038;XS2936118400;10010429.20829875;0.099045653;0.59053725;10.07895989;-26124.849088319243;;0.0;0.0;10036898.06;5.0;XS2936118400;Bond;10010429.20829875;9984304.359210432;0.0025;0.09904500695523527;0.004;0.591891913137414
2912;389038;XS2941360963;35104291.11642;2.010174027;2.010174027;21598.58774;-423394.4054308459;;0.0;0.0;35546119.86;7.0;XS2941360963;Bond;35104291.11642;34680896.710989155;0.0025;2.004894297023986;0.0035;2.0027824050335803
2913;389038;XS2972980978;20482072.3904332;0.027076285;0.027076285;55.56804128;-3327.4705766040033;;0.0;0.0;20485439.86;8.0;XS2972980978;Bond;20482072.3904332;20478744.919856597;0.0025;0.027010292594680418;0.0035;0.026983895632552584
2914;389038;XS2993789424;9973576.8549964;0.081208357;0.081208357;85.54801312;-4859.626738844909;;0.0;0.0;9978497.758;8.0;XS2993789424;Bond;9973576.8549964;9968717.228257556;0.0025;0.08101040735126842;0.0035;0.08093122749177581
2915;389038;XS2997385583;16946283.726108;0.097459988;0.097459988;177.1645997;-9909.507651546486;;0.0;0.0;16956318.15;8.0;XS2997385583;Bond;16946283.726108;16936374.218456455;0.0025;0.0972223721004172;0.0035;0.0971273257405841
2916;389038;XS3000450224;19490893.726;0.846687315;0.846687315;3026.302075;-107267.50109281237;;0.0;0.0;19599793.4;8.0;XS3000450224;Bond;19490893.726;19383626.224907186;0.0025;0.8445978263654116;0.004;0.8433441331846585
2917;389038;XS3002412719;0.0;0.369584059;0.369584059;0.0;0.0;;0.0;0.0;0.0;8.0;XS3002412719;Bond;0.0;0.0;0.0025;;0.004;
2918;389038;XS3002547134;21658442.93502;2.224789247;2.224789247;15776.83584;-289112.8256915737;;0.0;0.0;21954711.0;6.0;XS3002547134;Bond;21658442.93502;21369330.109328426;0.0025;2.218952511538032;0.0035;2.2166178173532454
2919;389038;XS3011742767;24688201.036318;0.387155057;0.387155057;1304.708092;-57348.97127665894;;0.0;0.0;24746371.96;8.0;XS3011742767;Bond;24688201.036318;24630852.06504134;0.0025;0.3862085937280306;0.0035;0.3858300084192428
2920;389038;XS3017362073;34990913.895583406;0.008125645;0.008125645;27.95620957;-1705.9424672464672;;0.0;0.0;34992639.56;8.0;XS3017362073;Bond;34990913.895583406;34989207.953116156;0.0025;0.008105836158859545;0.0035;0.008097912622403364
2921;389038;XS3023971479;16001475.822618;0.192313824;0.192313824;359.6724425;-18463.83003054728;;0.0;0.0;16020173.34;8.0;XS3023971479;Bond;16001475.822618;15983011.992587453;0.0025;0.19184434915824677;0.0035;0.1916565592215455
2922;389038;XS3041247175;24805594.0208785;0.238285094;0.238285094;718.1577555;-38420.22146944066;;0.0;0.0;24844528.46;8.0;XS3041247175;Bond;24805594.0208785;24767173.79940906;0.0025;0.2377032573758224;0.004;0.23735415540131583
2923;389043;CSH_EUR_DB;1036279.81;0.0;0.0;0.0;0.0;;0.0;0.0;1036279.81;;;Cash;1036279.81;1036279.81;0.0;0.0;0.0;0.0
2924;389043;CSH_USD_DB;121.2025550775;0.0;0.0;0.0;-3.1874439205128233;;0.0;1.243103129;124.3103129;;;Cash;121.2025550775;118.01511115698717;0.0;0.0;0.0;0.0
2925;389043;FR001400NNP3;777767411.2878001;2.078056894;1.992129889;-1268469.932;-20761758.412200008;;-5930.191922;249446.5423;996449704.0;;FR001400NNP3;Fund Unit;777767411.2878001;757005652.8756001;0.0;2.078056894;0.0;1.992129889
2926;389059;182704;1859161.5276650002;0.0;0.0;0.0;-359889.8002166224;;22001.91157;22001.91157;2200191.157;;IE0001827041;Equity;1859161.5276650002;1499271.7274483778;0.0;0.0;0.0;0.0
2927;389059;2000019;6130323.567375;0.0;0.0;0.0;-958096.9677948714;;70060.84077;70060.84077;7006084.077;;US0231351067;Equity;6130323.567375;5172226.599580128;0.0;0.0;0.0;0.0
2928;389059;2007849;898059.547;0.0;0.0;0.0;-140356.0708376068;;10263.53768;10263.53768;1026353.768;;US0079031078;Equity;898059.547;757703.4761623932;0.0;0.0;0.0;0.0
2929;389059;2009834;6303953.182625;0.0;0.0;0.0;-985233.2202393159;;72045.17923;72045.17923;7204517.923;;CA0084741085;Equity;6303953.182625;5318719.962385684;0.0;0.0;0.0;0.0
2930;389059;2020459;1200503.1184999999;0.0;0.0;0.0;-187624.41900854695;;13720.03564;13720.03564;1372003.564;;US4385161066;Equity;1200503.1184999999;1012878.6994914529;0.0;0.0;0.0;0.0
2931;389059;2023607;436593.97565;0.0;0.0;0.0;-68234.46750085468;;4989.645436;4989.645436;498964.5436;;US0311621009;Equity;436593.97565;368359.5081491453;0.0;0.0;0.0;0.0
2932;389059;2023748;2383307.049375;0.0;0.0;0.0;-372482.6646153845;;27237.79485;27237.79485;2723779.485;;US42809H1077;Equity;2383307.049375;2010824.3847596154;0.0;0.0;0.0;0.0
2933;389059;2041364;1677574.48775;0.0;0.0;0.0;-262185.0237264956;;19172.27986;19172.27986;1917227.986;;US91913Y1001;Equity;1677574.48775;1415389.4640235044;0.0;0.0;0.0;0.0
2934;389059;2045247;725965.8396375;0.0;0.0;0.0;-113459.86260512816;;8296.752453;8296.752453;829675.2453;;US0383361039;Equity;725965.8396375;612505.9770323718;0.0;0.0;0.0;0.0
2935;389059;2046251;7762494.481000001;0.0;0.0;0.0;-1213185.9506324783;;88714.22264;88714.22264;8871422.264;;US0378331005;Equity;7762494.481000001;6549308.5303675225;0.0;0.0;0.0;0.0
2936;389059;2073390;2387414.834875;0.0;0.0;0.0;-373124.6628376067;;27284.74097;27284.74097;2728474.097;;US0846707026;Equity;2387414.834875;2014290.1720373936;0.0;0.0;0.0;0.0
2937;389059;2089212;4190852.840125;0.0;0.0;0.0;-654980.6636581195;;47895.46103;47895.46103;4789546.103;;US0311001004;Equity;4190852.840125;3535872.1764668804;0.0;0.0;0.0;0.0
2938;389059;2094670;1210421.7965;0.0;0.0;0.0;-189174.59090598288;;13833.39196;13833.39196;1383339.196;;US0865161014;Equity;1210421.7965;1021247.205594017;0.0;0.0;0.0;0.0
2939;389059;2113434;2966712.0437499997;0.0;0.0;0.0;-463661.95555555547;;33905.2805;33905.2805;3390528.05;;US1011371077;Equity;2966712.0437499997;2503050.0881944443;0.0;0.0;0.0;0.0
2940;389059;2124533;1808789.801875;0.0;0.0;0.0;-282692.4232478632;;20671.88345;20671.88345;2067188.345;;CA8787422044;Equity;1808789.801875;1526097.3786271368;0.0;0.0;0.0;0.0
2941;389059;2131179;2242487.926;0.0;0.0;0.0;-350474.3034529914;;25628.43344;25628.43344;2562843.344;;US0534841012;Equity;2242487.926;1892013.6225470086;0.0;0.0;0.0;0.0
2942;389059;2134781;5276504.189250001;0.0;0.0;0.0;-824655.1113846151;;60302.90502;60302.90502;6030290.502;;US9113631090;Equity;5276504.189250001;4451849.077865385;0.0;0.0;0.0;0.0
2943;389059;2138158;801627.4023625001;0.0;0.0;0.0;-125284.86874529911;;9161.456027;9161.456027;916145.6027;;US8168511090;Equity;801627.4023625001;676342.533617201;0.0;0.0;0.0;0.0
2944;389059;2150204;2801815.645125;0.0;0.0;0.0;-437890.60143589735;;32020.75023;32020.75023;3202075.023;;US74762E1029;Equity;2801815.645125;2363925.0436891024;0.0;0.0;0.0;0.0
2945;389059;2170473;268178.411375;0.0;0.0;0.0;-41913.10947008546;;3064.89613;3064.89613;306489.613;;US21036P1084;Equity;268178.411375;226265.30190491455;0.0;0.0;0.0;0.0
2946;389059;2190385;3633656.695375;0.0;0.0;0.0;-567897.5055042733;;41527.50509;41527.50509;4152750.509;;US46625H1005;Equity;3633656.695375;3065759.189870727;0.0;0.0;0.0;0.0
2947;389059;2250870;1159909.62325;0.0;0.0;0.0;-181280.1364786324;;13256.10998;13256.10998;1325610.998;;US2358511028;Equity;1159909.62325;978629.4867713675;0.0;0.0;0.0;0.0
2948;389059;2262314;1312415.99125;0.0;0.0;0.0;-205115.0755555555;;14999.0399;14999.0399;1499903.99;;US6174464486;Equity;1312415.99125;1107300.9156944444;0.0;0.0;0.0;0.0
2949;389059;2270726;516080.29760000005;0.0;0.0;0.0;-80657.23820854697;;5898.060544;5898.060544;589806.0544;;US2546871060;Equity;516080.29760000005;435423.05939145305;0.0;0.0;0.0;0.0
2950;389059;2289874;4043237.132375;0.0;0.0;0.0;-631910.0768547007;;46208.42437;46208.42437;4620842.437;;US2371941053;Equity;4043237.132375;3411327.0555202994;0.0;0.0;0.0;0.0
2951;389059;2295677;2461821.7907499997;0.0;0.0;0.0;-384753.58878632466;;28135.10618;28135.10618;2813510.618;;US0605051046;Equity;2461821.7907499997;2077068.201963675;0.0;0.0;0.0;0.0
2952;389059;2297907;609834.1337375001;0.0;0.0;0.0;-95309.85240341877;;6969.532957;6969.532957;696953.2957;;US1729674242;Equity;609834.1337375001;514524.2813340813;0.0;0.0;0.0;0.0
2953;389059;2302232;2213644.573875;0.0;0.0;0.0;-345966.429128205;;25298.79513;25298.79513;2529879.513;;US1273871087;Equity;2213644.573875;1867678.1447467948;0.0;0.0;0.0;0.0
2954;389059;2304227;1148989.8630000001;0.0;0.0;0.0;-179573.50728205123;;13131.31272;13131.31272;1313131.272;;US2788651006;Equity;1148989.8630000001;969416.3557179489;0.0;0.0;0.0;0.0
2955;389059;2317087;2940004.8194999998;0.0;0.0;0.0;-459487.93271794857;;33600.05508;33600.05508;3360005.508;;US29364G1031;Equity;2940004.8194999998;2480516.886782051;0.0;0.0;0.0;0.0
2956;389059;2328915;1048608.5942499998;0.0;0.0;0.0;-163885.1038632478;;11984.09822;11984.09822;1198409.822;;US65339F1012;Equity;1048608.5942499998;884723.4903867521;0.0;0.0;0.0;0.0
2957;389059;2330299;727497.3894125;0.0;0.0;0.0;-113699.22569572648;;8314.255879;8314.255879;831425.5879;;US3032501047;Equity;727497.3894125;613798.1637167735;0.0;0.0;0.0;0.0
2958;389059;2336747;1603640.899875;0.0;0.0;0.0;-250630.07958974352;;18327.32457;18327.32457;1832732.457;;US3167731005;Equity;1603640.899875;1353010.8202852565;0.0;0.0;0.0;0.0
2959;389059;237400;959990.938595;0.0;0.0;0.0;-185831.59233863832;;11360.83951;11360.83951;1136083.951;;GB0002374006;Equity;959990.938595;774159.3462563616;0.0;0.0;0.0;0.0
2960;389059;2379504;7838122.970125001;0.0;0.0;0.0;-1225005.7877606833;;89578.54823;89578.54823;8957854.823;;US67066G1040;Equity;7838122.970125001;6613117.182364318;0.0;0.0;0.0;0.0
2961;389059;2405302;717565.0377;0.0;0.0;0.0;-112146.91675897433;;8200.743288;8200.743288;820074.3288;;US4062161017;Equity;717565.0377;605418.1209410257;0.0;0.0;0.0;0.0
2962;389059;2414580;420288.87477500003;0.0;0.0;0.0;-65686.17334700852;;4803.301426;4803.301426;480330.1426;;US4180561072;Equity;420288.87477500003;354602.7014279915;0.0;0.0;0.0;0.0
2963;389059;2419217;1157701.7182500002;0.0;0.0;0.0;-180935.067076923;;13230.87678;13230.87678;1323087.678;;US4228061093;Equity;1157701.7182500002;976766.6511730772;0.0;0.0;0.0;0.0
2964;389059;2433530;1097887.125125;0.0;0.0;0.0;-171586.7545982905;;12547.28143;12547.28143;1254728.143;;US4364401012;Equity;1097887.125125;926300.3705267095;0.0;0.0;0.0;0.0
2965;389059;2437071;568090.2182374999;0.0;0.0;0.0;-88785.7728136752;;6492.459637;6492.459637;649245.9637;;US09061G1013;Equity;568090.2182374999;479304.4454238247;0.0;0.0;0.0;0.0
2966;389059;2437264;280048.2456625;0.0;0.0;0.0;-43768.223986324774;;3200.551379;3200.551379;320055.1379;;US4404521001;Equity;280048.2456625;236280.0216761752;0.0;0.0;0.0;0.0
2967;389059;2471950;291490.06547499995;0.0;0.0;0.0;-45556.444909401696;;3331.315034;3331.315034;333131.5034;;US45337C1027;Equity;291490.06547499995;245933.62056559825;0.0;0.0;0.0;0.0
2968;389059;2516152;3288214.398875;0.0;0.0;0.0;-513908.9658803417;;37579.59313;37579.59313;3757959.313;;US5324571083;Equity;3288214.398875;2774305.432994658;0.0;0.0;0.0;0.0
2969;389059;2550161;1522967.406625;0.0;0.0;0.0;-238021.768068376;;17405.34179;17405.34179;1740534.179;;US5797802064;Equity;1522967.406625;1284945.638556624;0.0;0.0;0.0;0.0
2970;389059;2573209;1436943.48525;0.0;0.0;0.0;-224577.24799999993;;16422.21126;16422.21126;1642221.126;;US59156R1086;Equity;1436943.48525;1212366.23725;0.0;0.0;0.0;0.0
2971;389059;2588173;10060153.136249999;0.0;0.0;0.0;-1572282.7856410253;;114973.1787;114973.1787;11497317.87;;US5949181045;Equity;10060153.136249999;8487870.350608973;0.0;0.0;0.0;0.0
2972;389059;2588184;5773173.662375;0.0;0.0;0.0;-902278.6676239313;;65979.12757;65979.12757;6597912.757;;US5951121038;Equity;5773173.662375;4870894.994751069;0.0;0.0;0.0;0.0
2973;389059;2613990;240941.4483;0.0;0.0;0.0;-37656.29472820512;;2753.616552;2753.616552;275361.6552;;US4523271090;Equity;240941.4483;203285.15357179486;0.0;0.0;0.0;0.0
2974;389059;2649100;393284.85349999997;0.0;0.0;0.0;-61465.76464957264;;4494.68404;4494.68404;449468.404;;US9497461015;Equity;393284.85349999997;331819.0888504273;0.0;0.0;0.0;0.0
2975;389059;2692665;1458966.66475;0.0;0.0;0.0;-228019.21011965806;;16673.90474;16673.90474;1667390.474;;US6934751057;Equity;1458966.66475;1230947.4546303418;0.0;0.0;0.0;0.0
2976;389059;2701271;811315.8605124999;0.0;0.0;0.0;-126799.06000683756;;9272.181263;9272.181263;927218.1263;;US22160K1051;Equity;811315.8605124999;684516.8005056623;0.0;0.0;0.0;0.0
2977;389059;2704407;1267540.16375;0.0;0.0;0.0;-198101.51521367516;;14486.1733;14486.1733;1448617.33;;US7427181091;Equity;1267540.16375;1069438.648536325;0.0;0.0;0.0;0.0
2978;389059;2719951;358939.90466249996;0.0;0.0;0.0;-56098.0559179487;;4102.170339;4102.170339;410217.0339;;US30063P1057;Equity;358939.90466249996;302841.84874455124;0.0;0.0;0.0;0.0
2979;389059;2730190;1452367.3246250001;0.0;0.0;0.0;-226987.81141880335;;16598.48371;16598.48371;1659848.371;;US75886F1075;Equity;1452367.3246250001;1225379.5132061967;0.0;0.0;0.0;0.0
2980;389059;2731654;534927.4671125;0.0;0.0;0.0;-83602.82758290596;;6113.456767;6113.456767;611345.6767;;US7599161095;Equity;534927.4671125;451324.63952959405;0.0;0.0;0.0;0.0
2981;389059;2740542;512408.699775;0.0;0.0;0.0;-80083.41095384612;;5856.099426;5856.099426;585609.9426;;BMG0450A1053;Equity;512408.699775;432325.28882115387;0.0;0.0;0.0;0.0
2982;389059;2749602;1468560.1621249998;0.0;0.0;0.0;-229518.56013675203;;16783.54471;16783.54471;1678354.471;;US7766961061;Equity;1468560.1621249998;1239041.6019882478;0.0;0.0;0.0;0.0
2983;389059;2754907;283402.40696249995;0.0;0.0;0.0;-44292.439671794855;;3238.884651;3238.884651;323888.4651;;LR0008862868;Equity;283402.40696249995;239109.9672907051;0.0;0.0;0.0;0.0
2984;389059;2778844;2559929.939;0.0;0.0;0.0;-400086.73039316223;;29256.34216;29256.34216;2925634.216;;US58933Y1055;Equity;2559929.939;2159843.2086068373;0.0;0.0;0.0;0.0
2985;389059;2797560;3925109.5397500005;0.0;0.0;0.0;-613448.133196581;;44858.39474;44858.39474;4485839.474;;US8175651046;Equity;3925109.5397500005;3311661.4065534193;0.0;0.0;0.0;0.0
2986;389059;2831811;1216060.2895;0.0;0.0;0.0;-190055.82058119652;;13897.83188;13897.83188;1389783.188;;US00206R1023;Equity;1216060.2895;1026004.4689188034;0.0;0.0;0.0;0.0
2987;389059;2849472;3413241.21425;0.0;0.0;0.0;-533449.1763418801;;39008.47102;39008.47102;3900847.102;;US8581191009;Equity;3413241.21425;2879792.03790812;0.0;0.0;0.0;0.0
2988;389059;2886907;1225746.528125;0.0;0.0;0.0;-191569.6649572649;;14008.53175;14008.53175;1400853.175;;US8835561023;Equity;1225746.528125;1034176.863167735;0.0;0.0;0.0;0.0
2989;389059;2909730;1085506.9277499998;0.0;0.0;0.0;-169651.87637606834;;12405.79346;12405.79346;1240579.346;;US9024941034;Equity;1085506.9277499998;915855.0513739315;0.0;0.0;0.0;0.0
2990;389059;2917766;2028791.8323750002;0.0;0.0;0.0;-317076.1349743589;;23186.19237;23186.19237;2318619.237;;US91324P1021;Equity;2028791.8323750002;1711715.6974006414;0.0;0.0;0.0;0.0
2991;389059;2931034;2526768.5563749997;0.0;0.0;0.0;-394903.99904273497;;28877.35493;28877.35493;2887735.493;;US92532F1003;Equity;2526768.5563749997;2131864.5573322647;0.0;0.0;0.0;0.0
2992;389059;2931205;1014073.158;0.0;0.0;0.0;-158487.62420512817;;11589.40752;11589.40752;1158940.752;;US9291601097;Equity;1014073.158;855585.5337948719;0.0;0.0;0.0;0.0
2993;389059;2936921;2034613.7096250001;0.0;0.0;0.0;-317986.02543589735;;23252.72811;23252.72811;2325272.811;;US9311421039;Equity;2034613.7096250001;1716627.6841891028;0.0;0.0;0.0;0.0
2994;389059;2945143;2433156.898375;0.0;0.0;0.0;-380273.60560683743;;27807.50741;27807.50741;2780750.741;;US9478901096;Equity;2433156.898375;2052883.2927681624;0.0;0.0;0.0;0.0
2995;389059;2965107;4659513.6945;0.0;0.0;0.0;-728226.8045128203;;53251.58508;53251.58508;5325158.508;;US6311031081;Equity;4659513.6945;3931286.88998718;0.0;0.0;0.0;0.0
2996;389059;2965839;1565504.48425;0.0;0.0;0.0;-244669.80950427343;;17891.47982;17891.47982;1789147.982;;US12572Q1058;Equity;1565504.48425;1320834.6747457266;0.0;0.0;0.0;0.0
2997;389059;2989301;1170332.022125;0.0;0.0;0.0;-182909.03398290594;;13375.22311;13375.22311;1337522.311;;US8725401090;Equity;1170332.022125;987422.988142094;0.0;0.0;0.0;0.0
2998;389059;3163836;1465385.264525;0.0;0.0;0.0;-283664.00780282926;;17341.83745;17341.83745;1734183.745;;GB0031638363;Equity;1465385.264525;1181721.2567221709;0.0;0.0;0.0;0.0
2999;389059;3208986;1358332.0091900001;0.0;0.0;0.0;-262941.0237577365;;16074.93502;16074.93502;1607493.502;;GB0032089863;Equity;1358332.0091900001;1095390.9854322637;0.0;0.0;0.0;0.0
3000;389059;4012250;991330.2;0.0;0.0;0.0;-157166.8965517241;;11394.6;0.0;1139460.0;;NL0000235190;Equity;991330.2;834163.3034482759;0.0;0.0;0.0;0.0
3001;389059;4031879;1938657.54;0.0;0.0;0.0;-307357.5172413792;;22283.42;0.0;2228342.0;;FR0000124141;Equity;1938657.54;1631300.0227586208;0.0;0.0;0.0;0.0
3002;389059;4056719;3221843.3514;0.0;0.0;0.0;-510795.6165517239;;37032.6822;0.0;3703268.22;;IT0000062072;Equity;3221843.3514;2711047.7348482762;0.0;0.0;0.0;0.0
3003;389059;4057808;1000727.7225;0.0;0.0;0.0;-158656.79310344823;;11502.6175;0.0;1150261.75;;FR0000120321;Equity;1000727.7225;842070.9293965518;0.0;0.0;0.0;0.0
3004;389059;4061412;860465.67;0.0;0.0;0.0;-136419.448275862;;9890.41;0.0;989041.0;;FR0000121014;Equity;860465.67;724046.221724138;0.0;0.0;0.0;0.0
3005;389059;4076836;576601.2;0.0;0.0;0.0;-91415.17241379307;;6627.6;0.0;662760.0;;IT0000072618;Equity;576601.2;485186.0275862069;0.0;0.0;0.0;0.0
3006;389059;4162791;2382870.1440000003;0.0;0.0;0.0;-377783.6137931033;;27389.312;0.0;2738931.2;;FR0000121329;Equity;2382870.1440000003;2005086.530206897;0.0;0.0;0.0;0.0
3007;389059;4352097;513778.5;0.0;0.0;0.0;-81455.17241379307;;5905.5;0.0;590550.0;;DE0005785604;Equity;513778.5;432323.32758620696;0.0;0.0;0.0;0.0
3008;389059;4380429;1705481.88;0.0;0.0;0.0;-270389.51724137925;;19603.24;0.0;1960324.0;;FR0000130577;Equity;1705481.88;1435092.3627586206;0.0;0.0;0.0;0.0
3009;389059;4490005;538151.10195;0.0;0.0;0.0;-85319.23931034478;;6185.64485;0.0;618564.485;;FI0009000202;Equity;538151.10195;452831.86263965524;0.0;0.0;0.0;0.0
3010;389059;4497749;879737.04;0.0;0.0;0.0;-139474.7586206896;;10111.92;0.0;1011192.0;;BE0003565737;Equity;879737.04;740262.2813793104;0.0;0.0;0.0;0.0
3011;389059;454492;578561.1819585;0.0;0.0;0.0;-111995.7922374005;;6846.877893;6846.877893;684687.7893;;GB0004544929;Equity;578561.1819585;466565.38972109946;0.0;0.0;0.0;0.0
3012;389059;4557104;1553289.387;0.0;0.0;0.0;-246260.70344827577;;17853.901;0.0;1785390.1;;DE0006602006;Equity;1553289.387;1307028.6835517243;0.0;0.0;0.0;0.0
3013;389059;4635088;1035980.4096000001;0.0;0.0;0.0;-164245.80413793097;;11907.8208;0.0;1190782.08;;AT0000720008;Equity;1035980.4096000001;871734.6054620692;0.0;0.0;0.0;0.0
3014;389059;4732495;1013925.2927700001;0.0;0.0;0.0;-160749.1546206896;;11654.31371;11654.31371;1165431.371;;NO0010063308;Equity;1013925.2927700001;853176.1381493105;0.0;0.0;0.0;0.0
3015;389059;4741714;326526.66000000003;0.0;0.0;0.0;-51767.99999999997;;3753.18;0.0;375318.0;;FR0000130395;Equity;326526.66000000003;274758.66000000003;0.0;0.0;0.0;0.0
3016;389059;4741844;374482.8;0.0;0.0;0.0;-59371.034482758594;;4304.4;0.0;430440.0;;DE0006599905;Equity;374482.8;315111.7655172414;0.0;0.0;0.0;0.0
3017;389059;4813345;1212558.98433;0.0;0.0;0.0;-192240.8219310344;;13937.45959;13937.45959;1393745.959;;SE0000148884;Equity;1212558.98433;1020318.1623989654;0.0;0.0;0.0;0.0
3018;389059;4834108;1268249.2425;0.0;0.0;0.0;-201070.03448275852;;14577.5775;0.0;1457757.75;;FR0000121972;Equity;1268249.2425;1067179.2080172414;0.0;0.0;0.0;0.0
3019;389059;5051605;1103299.2;0.0;0.0;0.0;-174918.6206896551;;12681.6;0.0;1268160.0;;GRS260333000;Equity;1103299.2;928380.5793103449;0.0;0.0;0.0;0.0
3020;389059;5076705;1575943.1952;0.0;0.0;0.0;-249852.2703448275;;18114.2896;0.0;1811428.96;;DE0006048432;Equity;1575943.1952;1326090.9248551724;0.0;0.0;0.0;0.0
3021;389059;5176177;2624513.7967499997;0.0;0.0;0.0;-416094.14137931017;;30166.82525;0.0;3016682.525;;FR0000133308;Equity;2624513.7967499997;2208419.6553706895;0.0;0.0;0.0;0.0
3022;389059;5231485;1627209.024;0.0;0.0;0.0;-257980.0275862068;;18703.552;0.0;1870355.2;;DE0008404005;Equity;1627209.024;1369228.9964137932;0.0;0.0;0.0;0.0
3023;389059;5258246;384406.07046;0.0;0.0;0.0;-60944.283862068936;;4418.46058;4418.46058;441846.058;;LU0075646355;Equity;384406.07046;323461.78659793106;0.0;0.0;0.0;0.0
3024;389059;5271782;1190954.31;0.0;0.0;0.0;-188815.58620689646;;13689.13;0.0;1368913.0;;ES0130670112;Equity;1190954.31;1002138.7237931036;0.0;0.0;0.0;0.0
3025;389059;5334588;711468.6;0.0;0.0;0.0;-112797.2413793103;;8177.8;0.0;817780.0;;DE0007030009;Equity;711468.6;598671.3586206897;0.0;0.0;0.0;0.0
3026;389059;540528;1870798.8490749998;0.0;0.0;0.0;-362142.51103006187;;22139.63135;22139.63135;2213963.135;;GB0005405286;Equity;1870798.8490749998;1508656.338044938;0.0;0.0;0.0;0.0
3027;389059;5474008;830028.1806;0.0;0.0;0.0;-131593.8455172413;;9540.5538;0.0;954055.38;;ES0113679I37;Equity;830028.1806;698434.3350827587;0.0;0.0;0.0;0.0
3028;389059;5641567;725634.8274000001;0.0;0.0;0.0;-115043.17517241374;;8340.6302;0.0;834063.02;;FR0000120172;Equity;725634.8274000001;610591.6522275864;0.0;0.0;0.0;0.0
3029;389059;5671519;1451579.0354999998;0.0;0.0;0.0;-230135.39999999994;;16684.8165;0.0;1668481.65;;NL0000395903;Equity;1451579.0354999998;1221443.6354999999;0.0;0.0;0.0;0.0
3030;389059;5671735;3589821.1440000003;0.0;0.0;0.0;-569135.3379310343;;41262.312;0.0;4126231.2;;FR0000120578;Equity;3589821.1440000003;3020685.806068966;0.0;0.0;0.0;0.0
3031;389059;5701513;1481638.0488;0.0;0.0;0.0;-234900.99862068956;;17030.3224;0.0;1703032.24;;FI0009007884;Equity;1481638.0488;1246737.0501793104;0.0;0.0;0.0;0.0
3032;389059;5705946;560614.08;0.0;0.0;0.0;-88880.5517241379;;6443.84;0.0;644384.0;;ES0113900J37;Equity;560614.08;471733.52827586205;0.0;0.0;0.0;0.0
3033;389059;5727973;2203755.762;0.0;0.0;0.0;-349386.56551724125;;25330.526;0.0;2533052.6;;DE0007236101;Equity;2203755.762;1854369.196482759;0.0;0.0;0.0;0.0
3034;389059;5738298;308884.8;0.0;0.0;0.0;-48971.0344827586;;3550.4;0.0;355040.0;;ES0176252718;Equity;308884.8;259913.76551724138;0.0;0.0;0.0;0.0
3035;389059;5756029;663131.0519999999;0.0;0.0;0.0;-105133.73793103444;;7622.196;0.0;762219.6;;DE0005190003;Equity;663131.0519999999;557997.3140689655;0.0;0.0;0.0;0.0
3036;389059;5842359;3663608.9412;0.0;0.0;0.0;-580833.7599999997;;42110.4476;0.0;4211044.76;;DE0005557508;Equity;3663608.9412;3082775.1812;0.0;0.0;0.0;0.0
3037;389059;5956078;2226731.77296;0.0;0.0;0.0;-353029.21489655157;;25594.61808;0.0;2559461.808;;NL0000009082;Equity;2226731.77296;1873702.5580634486;0.0;0.0;0.0;0.0
3038;389059;5962332;487200.0;0.0;0.0;0.0;-77241.3793103448;;5600.0;0.0;560000.0;;NL0000226223;Equity;487200.0;409958.6206896552;0.0;0.0;0.0;0.0
3039;389059;5966516;684176.7;0.0;0.0;0.0;-108470.34482758617;;7864.1;0.0;786410.0;;FR0000130809;Equity;684176.7;575706.3551724138;0.0;0.0;0.0;0.0
3040;389059;5983816;2040643.5779699998;0.0;0.0;0.0;-323526.52841379296;;23455.67331;23455.67331;2345567.331;;CH0011075394;Equity;2040643.5779699998;1717117.049556207;0.0;0.0;0.0;0.0
3041;389059;673123;710820.2681255001;0.0;0.0;0.0;-137598.03033731206;;8412.074179;8412.074179;841207.4179;;GB0006731235;Equity;710820.2681255001;573222.237788188;0.0;0.0;0.0;0.0
3042;389059;7021963;2384314.344;0.0;0.0;0.0;-378012.57931034465;;27405.912;0.0;2740591.2;;DE0005810055;Equity;2384314.344;2006301.7646896555;0.0;0.0;0.0;0.0
3043;389059;7062713;670056.948;0.0;0.0;0.0;-106231.77931034479;;7701.804;0.0;770180.4;;FR0000121220;Equity;670056.948;563825.1686896551;0.0;0.0;0.0;0.0
3044;389059;7088429;2918703.1440000003;0.0;0.0;0.0;-462735.3379310343;;33548.312;0.0;3354831.2;;FR0000120628;Equity;2918703.1440000003;2455967.806068966;0.0;0.0;0.0;0.0
3045;389059;7097328;989838.672;0.0;0.0;0.0;-156930.42758620685;;11377.456;0.0;1137745.6;;BE0003797140;Equity;989838.672;832908.2444137932;0.0;0.0;0.0;0.0
3046;389059;7103065;3696586.7862299997;0.0;0.0;0.0;-586062.1143448274;;42489.50329;42489.50329;4248950.329;;CH0012005267;Equity;3696586.7862299997;3110524.6718851724;0.0;0.0;0.0;0.0
3047;389059;7108899;2096642.20416;0.0;0.0;0.0;-332404.6300689654;;24099.33568;24099.33568;2409933.568;;CH0012221716;Equity;2096642.20416;1764237.5740910345;0.0;0.0;0.0;0.0
3048;389059;7110388;3151164.96726;0.0;0.0;0.0;-499590.16524137906;;36220.28698;36220.28698;3622028.698;;CH0012032048;Equity;3151164.96726;2651574.802018621;0.0;0.0;0.0;0.0
3049;389059;7123870;1955452.07133;0.0;0.0;0.0;-310020.1460689654;;22476.46059;22476.46059;2247646.059;;CH0038863350;Equity;1955452.07133;1645431.9252610346;0.0;0.0;0.0;0.0
3050;389059;7133608;706599.4588199999;0.0;0.0;0.0;-112025.28082758618;;8121.83286;8121.83286;812183.286;;NO0010096985;Equity;706599.4588199999;594574.1779924138;0.0;0.0;0.0;0.0
3051;389059;7144569;2569841.22717;0.0;0.0;0.0;-407426.2746206895;;29538.40491;0.0;2953840.491;;IT0003128367;Equity;2569841.22717;2162414.9525493104;0.0;0.0;0.0;0.0
3052;389059;718875;1301407.4755499999;0.0;0.0;0.0;-251921.77732095486;;15401.2719;15401.2719;1540127.19;;GB0007188757;Equity;1301407.4755499999;1049485.698229045;0.0;0.0;0.0;0.0
3053;389059;7212477;1885282.17;0.0;0.0;0.0;-298895.3103448275;;21669.91;0.0;2166991.0;;FR0000121667;Equity;1885282.17;1586386.8596551726;0.0;0.0;0.0;0.0
3054;389059;7251470;876609.6727499999;0.0;0.0;0.0;-138978.94137931027;;10075.97325;0.0;1007597.325;;IT0003153415;Equity;876609.6727499999;737630.7313706896;0.0;0.0;0.0;0.0
3055;389059;7309681;669117.0;0.0;0.0;0.0;-106082.75862068961;;7691.0;0.0;769100.0;;FR0000131104;Equity;669117.0;563034.2413793104;0.0;0.0;0.0;0.0
3056;389059;7380482;558453.0;0.0;0.0;0.0;-88537.93103448272;;6419.0;0.0;641900.0;;FR0000125007;Equity;558453.0;469915.0689655173;0.0;0.0;0.0;0.0
3057;389059;7383072;719767.1124;0.0;0.0;0.0;-114112.89931034477;;8273.1852;0.0;827318.52;;ES0130960018;Equity;719767.1124;605654.2130896552;0.0;0.0;0.0;0.0
3058;389059;7437805;1456858.4330099998;0.0;0.0;0.0;-230972.4031724137;;16745.49923;16745.49923;1674549.923;;CH0014852781;Equity;1456858.4330099998;1225886.029837586;0.0;0.0;0.0;0.0
3059;389059;7582556;1404496.7844;0.0;0.0;0.0;-222670.91310344817;;16143.6412;0.0;1614364.12;;FR0000121964;Equity;1404496.7844;1181825.8712965518;0.0;0.0;0.0;0.0
3060;389059;7792559;857663.0868;0.0;0.0;0.0;-135975.12275862065;;9858.1964;0.0;985819.64;;NL0000009165;Equity;857663.0868;721687.9640413794;0.0;0.0;0.0;0.0
3061;389059;790873;1065839.56531;0.0;0.0;0.0;-206321.38870910695;;12613.48598;12613.48598;1261348.598;;GB0007908733;Equity;1065839.56531;859518.176600893;0.0;0.0;0.0;0.0
3062;389059;B00FWN1;536534.1394875;0.0;0.0;0.0;-83853.93144615382;;6131.818737;6131.818737;613181.8737;;US02043Q1076;Equity;536534.1394875;452680.20804134617;0.0;0.0;0.0;0.0
3063;389059;B012877;1414063.33833;0.0;0.0;0.0;-224187.60813793098;;16253.60159;16253.60159;1625360.159;;CH0018294154;Equity;1414063.33833;1189875.730192069;0.0;0.0;0.0;0.0
3064;389059;B019KW7;658845.893797;0.0;0.0;0.0;-127537.01793191861;;7796.992826;7796.992826;779699.2826;;GB00B019KW72;Equity;658845.893797;531308.8758650814;0.0;0.0;0.0;0.0
3065;389059;B01FLQ6;2251577.835;0.0;0.0;0.0;-356968.3448275861;;25880.205;0.0;2588020.5;;ES0167050915;Equity;2251577.835;1894609.4901724139;0.0;0.0;0.0;0.0
3066;389059;B01R311;2341356.2025;0.0;0.0;0.0;-365926.24410256394;;26758.3566;26758.3566;2675835.66;;US7591EP1005;Equity;2341356.2025;1975429.9583974362;0.0;0.0;0.0;0.0
3067;389059;B01Z7J1;1404244.762375;0.0;0.0;0.0;-219466.82488888883;;16048.51157;16048.51157;1604851.157;;US6098391054;Equity;1404244.762375;1184777.9374861112;0.0;0.0;0.0;0.0
3068;389059;B02L486;653372.092785;0.0;0.0;0.0;-103586.53868965512;;7510.024055;7510.024055;751002.4055;;NO0003054108;Equity;653372.092785;549785.5540953449;0.0;0.0;0.0;0.0
3069;389059;B058TZ6;631620.0;0.0;0.0;0.0;-100137.93103448272;;7260.0;0.0;726000.0;;FR0000073272;Equity;631620.0;531482.0689655172;0.0;0.0;0.0;0.0
3070;389059;B07DRZ5;1019131.3979999999;0.0;0.0;0.0;-161574.5379310344;;11714.154;0.0;1171415.4;;IT0003828271;Equity;1019131.3979999999;857556.8600689655;0.0;0.0;0.0;0.0
3071;389059;B09DHL9;445857.6;0.0;0.0;0.0;-70686.89655172412;;5124.8;0.0;512480.0;;DE000A0D9PT0;Equity;445857.6;375170.70344827586;0.0;0.0;0.0;0.0
3072;389059;B0R7JF1;639830.0160000001;0.0;0.0;0.0;-101439.55862068961;;7354.368;0.0;735436.8;;FR0010259150;Equity;639830.0160000001;538390.4573793104;0.0;0.0;0.0;0.0
3073;389059;B0X7DZ3;555211.6471125;0.0;0.0;0.0;-86773.00467692304;;6345.275967;6345.275967;634527.5967;;US1696561059;Equity;555211.6471125;468438.642435577;0.0;0.0;0.0;0.0
3074;389059;B13X013;1498145.22;0.0;0.0;0.0;-237518.06896551716;;17220.06;0.0;1722006.0;;FR0000130452;Equity;1498145.22;1260627.1510344828;0.0;0.0;0.0;0.0
3075;389059;B142S60;667456.833897;0.0;0.0;0.0;-105819.55353103444;;7671.917631;7671.917631;767191.7631;;CH0025238863;Equity;667456.833897;561637.2803659656;0.0;0.0;0.0;0.0
3076;389059;B15C557;1700433.4962;0.0;0.0;0.0;-269589.1393103447;;19545.2126;0.0;1954521.26;;FR0000120271;Equity;1700433.4962;1430844.3568896553;0.0;0.0;0.0;0.0
3077;389059;B19NLV4;1275258.539035;0.0;0.0;0.0;-246859.96026083105;;15091.81703;15091.81703;1509181.703;;GB00B19NLV48;Equity;1275258.539035;1028398.5787741689;0.0;0.0;0.0;0.0
3078;389059;B1VQF42;2005351.0257299999;0.0;0.0;0.0;-317931.19710344815;;23050.01179;23050.01179;2305001.179;;NO0003733800;Equity;2005351.0257299999;1687419.8286265517;0.0;0.0;0.0;0.0
3079;389059;B1WY233;1539125.6133499998;0.0;0.0;0.0;-297938.3992484526;;18214.5043;18214.5043;1821450.43;;GB00B1WY2338;Equity;1539125.6133499998;1241187.2141015471;0.0;0.0;0.0;0.0
3080;389059;B1XH026;1864057.5629999998;0.0;0.0;0.0;-295530.33103448263;;21425.949;0.0;2142594.9;;FR0000125486;Equity;1864057.5629999998;1568527.2319655172;0.0;0.0;0.0;0.0
3081;389059;B1Y9TB3;1983155.8824;0.0;0.0;0.0;-314412.34758620674;;22794.8952;0.0;2279489.52;;FR0000120644;Equity;1983155.8824;1668743.5348137934;0.0;0.0;0.0;0.0
3082;389059;B1YXBJ7;1715706.4679999999;0.0;0.0;0.0;-272010.5379310344;;19720.764;0.0;1972076.4;;FR0000120073;Equity;1715706.4679999999;1443695.9300689655;0.0;0.0;0.0;0.0
3083;389059;B23FN39;442985.4933875;0.0;0.0;0.0;-69233.3860239316;;5062.691353;5062.691353;506269.1353;;US5500211090;Equity;442985.4933875;373752.1073635684;0.0;0.0;0.0;0.0
3084;389059;B24CGK7;1366449.232135;0.0;0.0;0.0;-264512.3265738284;;16170.99683;16170.99683;1617099.683;;GB00B24CGK77;Equity;1366449.232135;1101936.9055611715;0.0;0.0;0.0;0.0
3085;389059;B283W97;2366806.19256;0.0;0.0;0.0;-375236.8121379309;;27204.66888;0.0;2720466.888;;ES0140609019;Equity;2366806.19256;1991569.380422069;0.0;0.0;0.0;0.0
3086;389059;B288C92;3526277.1444;0.0;0.0;0.0;-559060.9820689652;;40531.9212;0.0;4053192.12;;ES0144580Y14;Equity;3526277.1444;2967216.162331035;0.0;0.0;0.0;0.0
3087;389059;B28DTJ6;942948.1775999999;0.0;0.0;0.0;-149496.34206896546;;10838.4848;0.0;1083848.48;;FR0006174348;Equity;942948.1775999999;793451.8355310345;0.0;0.0;0.0;0.0
3088;389059;B2PZN04;2371290.81;0.0;0.0;0.0;-370604.6687179486;;27100.4664;27100.4664;2710046.64;;US92826C8394;Equity;2371290.81;2000686.1412820513;0.0;0.0;0.0;0.0
3089;389059;B39J2M4;1132448.127655;0.0;0.0;0.0;-219215.23458443853;;13401.75299;13401.75299;1340175.299;;GB00B39J2M42;Equity;1132448.127655;913232.8930705615;0.0;0.0;0.0;0.0
3090;389059;B3Z5T14;585312.2876575;0.0;0.0;0.0;-113302.64699160033;;6926.772635;6926.772635;692677.2635;;CH0114405324;Equity;585312.2876575;472009.6406658997;0.0;0.0;0.0;0.0
3091;389059;B4Q5ZN4;846673.8072650001;0.0;0.0;0.0;-163896.06971264366;;10019.80837;10019.80837;1001980.837;;IE00B4Q5ZN47;Equity;846673.8072650001;682777.7375523564;0.0;0.0;0.0;0.0
3092;389059;B4YVF56;744231.756;0.0;0.0;0.0;-117991.55862068963;;8554.388;0.0;855438.8;;DE000A1DAHH0;Equity;744231.756;626240.1973793104;0.0;0.0;0.0;0.0
3093;389059;B545MG5;1818684.58698;0.0;0.0;0.0;-288336.83503448265;;20904.42054;20904.42054;2090442.054;;CH0126881561;Equity;1818684.58698;1530347.7519455173;0.0;0.0;0.0;0.0
3094;389059;B58YSC6;2793029.54175;0.0;0.0;0.0;-436517.43753846135;;31920.33762;31920.33762;3192033.762;;US78467J1007;Equity;2793029.54175;2356512.1042115386;0.0;0.0;0.0;0.0
3095;389059;B5BKPQ4;4581613.55925;0.0;0.0;0.0;-716051.9359999998;;52361.29782;52361.29782;5236129.782;;US6200763075;Equity;4581613.55925;3865561.62325;0.0;0.0;0.0;0.0
3096;389059;B616C79;1084491.751875;0.0;0.0;0.0;-169493.21641025634;;12394.19145;12394.19145;1239419.145;;US88160R1014;Equity;1084491.751875;914998.5354647437;0.0;0.0;0.0;0.0
3097;389059;B6Z1355;1484490.9625000001;0.0;0.0;0.0;-232008.3555555555;;16965.611;16965.611;1696561.1;;US9837931008;Equity;1484490.9625000001;1252482.6069444446;0.0;0.0;0.0;0.0
3098;389059;B71QPM2;1094945.6165999998;0.0;0.0;0.0;-173594.23172413785;;12585.5818;12585.5818;1258558.18;;CH0126673539;Equity;1094945.6165999998;921351.3848758619;0.0;0.0;0.0;0.0
3099;389059;B7TL820;3572970.464;0.0;0.0;0.0;-558412.966290598;;40833.94816;40833.94816;4083394.816;;US30303M1027;Equity;3572970.464;3014557.497709402;0.0;0.0;0.0;0.0
3100;389059;B86S2N0;1342162.224;0.0;0.0;0.0;-212788.30344827578;;15427.152;0.0;1542715.2;;BE0974264930;Equity;1342162.224;1129373.9205517243;0.0;0.0;0.0;0.0
3101;389059;B87ZMX0;3068858.19275;0.0;0.0;0.0;-479626.1888547007;;35072.66506;35072.66506;3507266.506;;US6974351057;Equity;3068858.19275;2589232.003895299;0.0;0.0;0.0;0.0
3102;389059;B92SR70;935488.761375;0.0;0.0;0.0;-146205.81374358968;;10691.30013;10691.30013;1069130.013;;US00287Y1091;Equity;935488.761375;789282.9476314103;0.0;0.0;0.0;0.0
3103;389059;B94Q9V0;1021026.2238749999;0.0;0.0;0.0;-159574.306051282;;11668.87113;11668.87113;1166887.113;;US8725901040;Equity;1021026.2238749999;861451.9178237179;0.0;0.0;0.0;0.0
3104;389059;B97C733;861701.4925589999;0.0;0.0;0.0;-136615.377337931;;9904.614857;9904.614857;990461.4857;;SE0005190238;Equity;861701.4925589999;725086.115221069;0.0;0.0;0.0;0.0
3105;389059;BBJPFY1;542880.0;0.0;0.0;0.0;-86068.96551724133;;6240.0;0.0;624000.0;;DE000A1ML7J1;Equity;542880.0;456811.03448275867;0.0;0.0;0.0;0.0
3106;389059;BD0Q398;1810466.3808;0.0;0.0;0.0;-287033.90896551707;;20809.9584;0.0;2080995.84;;NL0011794037;Equity;1810466.3808;1523432.4718344829;0.0;0.0;0.0;0.0
3107;389059;BD6G507;1619742.858;0.0;0.0;0.0;-256796.33103448263;;18617.734;0.0;1861773.4;;NL0011585146;Equity;1619742.858;1362946.5269655173;0.0;0.0;0.0;0.0
3108;389059;BD6K457;1531612.47668;0.0;0.0;0.0;-296484.03328028286;;18125.59144;18125.59144;1812559.144;;GB00BD6K4575;Equity;1531612.47668;1235128.443399717;0.0;0.0;0.0;0.0
3109;389059;BDHLTQ5;324788.34359999996;0.0;0.0;0.0;-50760.57140512818;;3711.866784;3711.866784;371186.6784;;US05722G1004;Equity;324788.34359999996;274027.7721948718;0.0;0.0;0.0;0.0
3110;389059;BDJ0LS6;893261.166;0.0;0.0;0.0;-139606.14071794867;;10208.69904;10208.69904;1020869.904;;US4622221004;Equity;893261.166;753655.0252820513;0.0;0.0;0.0;0.0
3111;389059;BDQZFJ3;515939.7565;0.0;0.0;0.0;-80635.27329914528;;5896.45436;5896.45436;589645.436;;US5132721045;Equity;515939.7565;435304.48320085474;0.0;0.0;0.0;0.0
3112;389059;BDZ78H9;10174797.981250001;0.0;0.0;0.0;-1590200.4170940164;;116283.4055;116283.4055;11628340.55;;US11135F1012;Equity;10174797.981250001;8584597.564155985;0.0;0.0;0.0;0.0
3113;389059;BF0LKD0;352284.2992375;0.0;0.0;0.0;-55057.863617094;;4026.106277;4026.106277;402610.6277;;US4990491049;Equity;352284.2992375;297226.435620406;0.0;0.0;0.0;0.0
3114;389059;BF2FJ99;183283.419725;0.0;0.0;0.0;-28645.027747008535;;2094.667654;2094.667654;209466.7654;;US60937P1066;Equity;183283.419725;154638.39197799147;0.0;0.0;0.0;0.0
3115;389059;BFH3N85;627617.1600125;0.0;0.0;0.0;-98089.12879316235;;7172.767543;7172.767543;717276.7543;;US9224751084;Equity;627617.1600125;529528.0312193376;0.0;0.0;0.0;0.0
3116;389059;BJYRDP5;1314841.0920000002;0.0;0.0;0.0;-208456.77241379302;;15113.116;0.0;1511311.6;;FR0011726835;Equity;1314841.0920000002;1106384.3195862072;0.0;0.0;0.0;0.0
3117;389059;BK4N0D7;724328.2725;0.0;0.0;0.0;-113203.93025641021;;8278.0374;8278.0374;827803.74;;US14448C1045;Equity;724328.2725;611124.3422435897;0.0;0.0;0.0;0.0
3118;389059;BL9XPM3;2641256.0448749997;0.0;0.0;0.0;-412797.0375384614;;30185.78337;30185.78337;3018578.337;;US0404132054;Equity;2641256.0448749997;2228459.0073365383;0.0;0.0;0.0;0.0
3119;389059;BLGZ986;1280856.993585;0.0;0.0;0.0;-247943.6889522546;;15158.07093;15158.07093;1515807.093;;GB00BLGZ9862;Equity;1280856.993585;1032913.3046327455;0.0;0.0;0.0;0.0
3120;389059;BLRB262;2067713.5488000002;0.0;0.0;0.0;-327818.2399999999;;23766.8224;0.0;2376682.24;;GB00B10RZP78;Equity;2067713.5488000002;1739895.3088000002;0.0;0.0;0.0;0.0
3121;389059;BM5M5Y3;1930492.298;0.0;0.0;0.0;-301713.0819829059;;22062.76912;22062.76912;2206276.912;;US75513E1010;Equity;1930492.298;1628779.216017094;0.0;0.0;0.0;0.0
3122;389059;BMBQHZ4;1354439.28642;0.0;0.0;0.0;-214734.7263448275;;15568.26766;15568.26766;1556826.766;;CH1256740924;Equity;1354439.28642;1139704.5600751725;0.0;0.0;0.0;0.0
3123;389059;BMC1PR6;620764.9509249999;0.0;0.0;0.0;-97018.20966837605;;7094.456582;7094.456582;709445.6582;;US08265T2087;Equity;620764.9509249999;523746.7412566239;0.0;0.0;0.0;0.0
3124;389059;BMH4FS1;2037182.574;0.0;0.0;0.0;-318387.5085128204;;23282.08656;23282.08656;2328208.656;;US21037T1097;Equity;2037182.574;1718795.0654871797;0.0;0.0;0.0;0.0
3125;389059;BMJ6DW5;1237464.1826300002;0.0;0.0;0.0;-239543.8647126436;;14644.54654;14644.54654;1464454.654;;GB00BMJ6DW54;Equity;1237464.1826300002;997920.3179173565;0.0;0.0;0.0;0.0
3126;389059;BMV2C79;408256.2;0.0;0.0;0.0;-64725.51724137929;;4692.6;0.0;469260.0;;FR001400J770;Equity;408256.2;343530.6827586207;0.0;0.0;0.0;0.0
3127;389059;BMXX645;1336148.1315;0.0;0.0;0.0;-211834.82068965508;;15358.0245;0.0;1535802.45;;FI4000552500;Equity;1336148.1315;1124313.3108103448;0.0;0.0;0.0;0.0
3128;389059;BMY36H7;186267.0;0.0;0.0;0.0;-29531.034482758612;;2141.0;0.0;214100.0;;IT0005495657;Equity;186267.0;156735.9655172414;0.0;0.0;0.0;0.0
3129;389059;BN320L4;567937.03599;0.0;0.0;0.0;-70115.68345555553;;6310.411511;6310.411511;631041.1511;;CA7397211086;Equity;567937.03599;497821.3525344445;0.0;0.0;0.0;0.0
3130;389059;BN7SWP6;2661274.00474;0.0;0.0;0.0;-515159.84793987614;;31494.36692;31494.36692;3149436.692;;GB00BN7SWP63;Equity;2661274.00474;2146114.156800124;0.0;0.0;0.0;0.0
3131;389059;BNBNSG0;2121891.198;0.0;0.0;0.0;-336407.64137931017;;24389.554;0.0;2438955.4;;NL0006294274;Equity;2121891.198;1785483.5566206896;0.0;0.0;0.0;0.0
3132;389059;BNG7113;1495018.09113;0.0;0.0;0.0;-237022.28951724127;;17184.11599;17184.11599;1718411.599;;NO0010161896;Equity;1495018.09113;1257995.8016127588;0.0;0.0;0.0;0.0
3133;389059;BNG8PQ9;1117392.2256;0.0;0.0;0.0;-177152.94896551716;;12843.5888;0.0;1284358.88;;NL0010773842;Equity;1117392.2256;940239.2766344829;0.0;0.0;0.0;0.0
3134;389059;BP6H4Y1;1453803.4437499999;0.0;0.0;0.0;-227212.25982905974;;16614.8965;16614.8965;1661489.65;;US36828A1016;Equity;1453803.4437499999;1226591.1839209402;0.0;0.0;0.0;0.0
3135;389059;BP6KMJ1;1038604.0668599999;0.0;0.0;0.0;-164661.76248275852;;11937.97778;11937.97778;1193797.778;;DK0062498333;Equity;1038604.0668599999;873942.3043772414;0.0;0.0;0.0;0.0
3136;389059;BPBPJ01;887265.5589;0.0;0.0;0.0;-140668.3406896551;;10198.4547;0.0;1019845.47;;FR001400AJ45;Equity;887265.5589;746597.2182103449;0.0;0.0;0.0;0.0
3137;389059;BPQY8M8;1196323.731005;0.0;0.0;0.0;-231580.04408930143;;14157.67729;14157.67729;1415767.729;;GB00BPQY8M80;Equity;1196323.731005;964743.6869156985;0.0;0.0;0.0;0.0
3138;389059;BQT3XY6;350453.6196875;0.0;0.0;0.0;-54771.75008547006;;4005.184225;4005.184225;400518.4225;;IL0011334468;Equity;350453.6196875;295681.8696020299;0.0;0.0;0.0;0.0
3139;389059;BQZJ0Q9;1338997.4578749998;0.0;0.0;0.0;-209269.44396581192;;15302.82809;15302.82809;1530282.809;;US49338L1035;Equity;1338997.4578749998;1129728.0139091879;0.0;0.0;0.0;0.0
3140;389059;BR4T3B3;394738.542625;0.0;0.0;0.0;-61692.95904273503;;4511.29763;4511.29763;451129.763;;US4435731009;Equity;394738.542625;333045.58358226495;0.0;0.0;0.0;0.0
3141;389059;BRC3N84;609569.075752;0.0;0.0;0.0;-117998.1887674624;;7213.835216;7213.835216;721383.5216;;IE000IVNQZ81;Equity;609569.075752;491570.8869845376;0.0;0.0;0.0;0.0
3142;389059;BRRD6G8;567702.9971375;0.0;0.0;0.0;-88725.25474188032;;6488.034253;6488.034253;648803.4253;;US63001N1063;Equity;567702.9971375;478977.7423956196;0.0;0.0;0.0;0.0
3143;389059;BSLSSX7;9537.305592499999;0.0;0.0;0.0;-1490.5679070085466;;108.9977782;108.9977782;10899.77782;;US3847471014;Equity;9537.305592499999;8046.737685491453;0.0;0.0;0.0;0.0
3144;389059;BSML4N7;1122906.082375;0.0;0.0;0.0;-175496.92129914524;;12833.21237;12833.21237;1283321.237;;US5128073062;Equity;1122906.082375;947409.1610758548;0.0;0.0;0.0;0.0
3145;389059;BSMR1R8;719258.376018;0.0;0.0;0.0;-139231.44890716177;;8511.933444;8511.933444;851193.3444;;IE00028FXN24;Equity;719258.376018;580026.9271108382;0.0;0.0;0.0;0.0
3146;389059;BTJZ707;516780.0;0.0;0.0;0.0;-81931.03448275858;;5940.0;0.0;594000.0;;GRS830003000;Equity;516780.0;434848.9655172414;0.0;0.0;0.0;0.0
3147;389059;BTK05J6;498138.14852099994;0.0;0.0;0.0;-96427.79074535807;;5895.126018;5895.126018;589512.6018;;GB00BTK05J60;Equity;498138.14852099994;401710.35777564184;0.0;0.0;0.0;0.0
3148;389059;BTMKJR0;1316832.696;0.0;0.0;0.0;-208772.52413793094;;15136.008;0.0;1513600.8;;ES0105046017;Equity;1316832.696;1108060.171862069;0.0;0.0;0.0;0.0
3149;389059;BVLZX12;1296487.2655;0.0;0.0;0.0;-202625.6043760683;;14816.99732;14816.99732;1481699.732;;US29444U7000;Equity;1296487.2655;1093861.6611239316;0.0;0.0;0.0;0.0
3150;389059;BYMXPS7;672466.5;0.0;0.0;0.0;-106613.79310344823;;7729.5;0.0;772950.0;;IT0005239360;Equity;672466.5;565852.7068965518;0.0;0.0;0.0;0.0
3151;389059;BYQCQ32;1458193.4193;0.0;0.0;0.0;-231184.05379310335;;16760.8439;16760.8439;1676084.39;;CH0360674466;Equity;1458193.4193;1227009.3655068965;0.0;0.0;0.0;0.0
3152;389059;BYVY8G0;4821780.994625;0.0;0.0;0.0;-753587.2616752135;;55106.06851;55106.06851;5510606.851;;US02079K3059;Equity;4821780.994625;4068193.732949787;0.0;0.0;0.0;0.0
3153;389059;BYYHL23;792326.4;0.0;0.0;0.0;-125616.55172413788;;9107.2;0.0;910720.0;;BE0974293251;Equity;792326.4;666709.8482758622;0.0;0.0;0.0;0.0
3154;389059;BYZF9J9;1262738.43891;0.0;0.0;0.0;-200196.3438620689;;14514.23493;14514.23493;1451423.493;;FI4000297767;Equity;1262738.43891;1062542.0950479312;0.0;0.0;0.0;0.0
3155;389059;BZ00V34;355689.24964999995;0.0;0.0;0.0;-55590.01703931622;;4065.019996;4065.019996;406501.9996;;US98980G1022;Equity;355689.24964999995;300099.2326106837;0.0;0.0;0.0;0.0
3156;389059;BZ0P4R4;793420.5642;0.0;0.0;0.0;-125790.02206896545;;9119.7766;0.0;911977.66;;IT0005090300;Equity;793420.5642;667630.5421310345;0.0;0.0;0.0;0.0
3157;389059;BZ16HK0;184263.7243125;0.0;0.0;0.0;-28798.237743589732;;2105.871135;2105.871135;210587.1135;;US35086T1097;Equity;184263.7243125;155465.48656891027;0.0;0.0;0.0;0.0
3158;389059;BZCNN35;605955.0;0.0;0.0;0.0;-96068.96551724133;;6965.0;0.0;696500.0;;PTBCP0AM0015;Equity;605955.0;509886.03448275867;0.0;0.0;0.0;0.0
3159;389059;CSH_CAD_DB;62455.02887;0.0;0.0;0.0;0.0;;0.0;624.5502887;62455.02887;;;Cash;62455.02887;62455.02887;0.0;0.0;0.0;0.0
3160;389059;CSH_CHF_DB;339813.9984;0.0;0.0;0.0;0.0;;0.0;3398.139984;339813.9984;;;Cash;339813.9984;339813.9984;0.0;0.0;0.0;0.0
3161;389059;CSH_DKK_DB;28497.50099;0.0;0.0;0.0;0.0;;0.0;284.9750099;28497.50099;;;Cash;28497.50099;28497.50099;0.0;0.0;0.0;0.0
3162;389059;CSH_EUR_DB;4232445.88;0.0;0.0;0.0;0.0;;0.0;0.0;4232445.88;;;Cash;4232445.88;4232445.88;0.0;0.0;0.0;0.0
3163;389059;CSH_GBP_DB;94434.699411;0.0;0.0;0.0;-2483.489793846156;;0.0;968.5610196;96856.10196;;;Cash;94434.699411;91951.20961715384;0.0;0.0;0.0;0.0
3164;389059;CSH_NOK_DB;96167.85253;0.0;0.0;0.0;0.0;;0.0;961.6785253;96167.85253;;;Cash;96167.85253;96167.85253;0.0;0.0;0.0;0.0
3165;389059;CSH_SEK_DB;124473.9631;0.0;0.0;0.0;0.0;;0.0;1244.739631;124473.9631;;;Cash;124473.9631;124473.9631;0.0;0.0;0.0;0.0
3166;389059;CSH_USD_DB;1474195.685625;0.0;0.0;0.0;-38769.11730769234;;0.0;15119.95575;1511995.575;;;Cash;1474195.685625;1435426.5683173076;0.0;0.0;0.0;0.0
3167;389059;FR0014001GE1;28661134.7796;0.0;0.0;0.0;-3953259.969599998;;329327.5308;329450.3925;33273790.85;;FR0014001GE1;Fund Unit;28661134.7796;24707874.81;0.0;0.0;0.0;0.0
3168;389059;T_IE00B4L5YC18;24628833.567;0.0;0.0;0.0;-3397080.4919999987;;283090.041;281511.5621;28309004.1;;T_IE00B4L5YC18;Fund Unit;24628833.567;21231753.075000003;0.0;0.0;0.0;0.0
3169;389059;T_LU0950674175;24487054.8;0.0;0.0;0.0;-3377524.799999999;;281460.4;279891.0078;28146040.0;;T_LU0950674175;Fund Unit;24487054.8;21109530.0;0.0;0.0;0.0;0.0
3170;389059;T_LU1681045370;24565711.5;0.0;0.0;0.0;-3388373.9999999986;;282364.5;280790.0666;28236450.0;;T_LU1681045370;Fund Unit;24565711.5;21177337.5;0.0;0.0;0.0;0.0
3171;389088;AT0000A2L583;2883459.975532;2.32194473;2.32194473;2009.864388;-80342.81633222946;;0.0;0.0;2968495.879;5.0;AT0000A2L583;Bond;2883459.975532;2803117.1591997705;0.0025;2.317997493863581;0.0095;2.3069452326816076
3172;389088;BE0002592708;3020034.6180040003;0.541534855;0.541534855;170.894372;-19625.44810746932;;0.0;0.0;3040343.407;4.0;BE0002592708;Bond;3020034.6180040003;3000409.169896531;0.0025;0.5408533327042845;0.0095;0.538945070276281
3173;389088;BE6350791073;3131199.252642;2.60447074;2.60447074;3088.095669;-48930.70100769574;;0.0;0.0;3181774.521;7.0;BE6350791073;Bond;3131199.252642;3082268.551634304;0.0025;2.596773055554634;0.0035;2.5936939817764877
3174;389088;CDSO100000056;3147290.06242675;1.515938655;-316.7005378;0.0;13942550.628703738;MORGAN STANLEY EUROPE SE;0.0;0.0;579609.5419;;;CDS Index Option;3147290.06242675;17089840.69113049;0.0025;1.521683830014308;0.014;1087.4886911993294
3175;389088;CDSO100000057;-1323810.30167325;1.403379678;-350.7363444;0.0;-6495672.881243879;MORGAN STANLEY EUROPE SE;0.0;0.0;-224116.3097;;;CDS Index Option;-1323810.30167325;-7819483.182917129;0.0025;1.4083033643015586;0.014;1371.487421563056
3176;389088;CH1174335732;5012886.8839275;0.52223589;0.52223589;392.687105;-17016.411381431826;;0.0;0.0;5030445.205;8.0;CH1174335732;Bond;5012886.8839275;4995870.472546068;0.0025;0.5209593277908331;0.004;0.5201933904653329
3177;389088;CSH_EUR_DB;7533528.396725775;0.0;0.0;0.0;0.0;;0.0;0.0;4555645.39;;;Cash;7533528.396725775;7533528.396725775;0.0;0.0;0.0;0.0
3178;389088;CSH_GBP_DB;749337.8099025;0.0;0.0;0.0;-19706.451279487195;;0.0;7685.515999;768551.5999;;;Cash;749337.8099025;729631.3586230128;0.0;0.0;0.0;0.0
3179;389088;CSH_USD_DB;1607885.9394;0.0;0.0;0.0;-42284.968820512855;;0.0;16491.13784;1649113.784;;;Cash;1607885.9394;1565600.9705794873;0.0;0.0;0.0;0.0
3180;389088;DE0001135085;46728650.8552;2.947774176;2.947774176;57131.12157;-550982.0410811154;;0.0;0.0;47298640.7;10.0;DE0001135085;Bond;46728650.8552;46177668.814118885;0.0025;2.9389322474058353;0.0015;2.942469018843501
3181;389088;DE000A3LWGE2;3007200.68583;1.832796116;1.832796116;1574.010885;-35825.30729064144;;0.0;0.0;3044492.877;5.0;DE000A3LWGE2;Bond;3007200.68583;2971375.3785393583;0.0025;1.8281086204624106;0.004;1.825296123139857
3182;389088;DE000A3MQS56;2959726.0359645;0.808510942;0.808510942;428.791992;-15554.310755097293;;0.0;0.0;2975356.849;5.0;DE000A3MQS56;Bond;2959726.0359645;2944171.725209403;0.0025;0.80652327764638;0.004;0.8053306790342081
3183;389088;DE000A4DE982;3686828.7148;4.767222132;4.767222132;11613.09655;-210911.17735305213;;0.0;0.0;3927582.466;5.0;DE000A4DE982;Bond;3686828.7148;3475917.5374469482;0.0025;4.745290955763181;0.0095;4.683883662300091
3184;389088;DE000BU22072;15018327.60896;1.640406416;1.640406416;6530.64729;-98544.64386931171;;0.0;0.0;15119557.47;10.0;DE000BU22072;Bond;15018327.60896;14919782.965090688;0.0025;1.6362626196613292;0.0015;1.6379201381967976
3185;389088;DE000BU25034;55023221.975200005;4.17976059;4.17976059;124610.7625;-919935.5789870517;;0.0;0.0;55980753.06;10.0;DE000BU25034;Bond;55023221.975200005;54103286.39621295;0.0025;4.166819235641873;0.0015;4.171995777385124
3186;389088;DE000BU35025;38262975.3588;3.730562747;3.730562747;70623.48174;-570969.721851673;;0.0;0.0;38855945.51;9.0;DE000BU35025;Bond;38262975.3588;37692005.63694833;0.0025;3.719212007658003;0.0015;3.723752303394802
3187;389088;DE000CB94MF6;1463773.200772;3.625595115;3.625595115;2798.941229;-63684.58759424253;;0.0;0.0;1534256.164;4.0;DE000CB94MF6;Bond;1463773.200772;1400088.6131777575;0.0025;3.6106539316962727;0.0095;3.568818618445837
3188;389088;DE000CZ439B6;2082449.3492674998;2.755198333;2.755198333;2221.123028;-37294.14634178188;;0.0;0.0;2121726.027;6.0;DE000CZ439B6;Bond;2082449.3492674998;2045155.202925718;0.0025;2.747511337099438;0.004;2.7428991395591003
3189;389088;DE000DL19VZ9;3621856.3061679997;2.216843874;2.216843874;2719.088428;-96349.07957804156;;0.0;0.0;3728554.795;6.0;DE000DL19VZ9;Bond;3621856.3061679997;3525507.226589958;0.0025;2.21036125529308;0.0095;2.192209922913703
3190;389088;DK0030045703;3100215.2490105;2.981231427;2.981231427;3865.922922;-60075.98435029577;;0.0;0.0;3163483.151;7.0;DK0030045703;Bond;3100215.2490105;3040139.2646602043;0.0025;2.9722761459110525;0.004;2.9669029772576843
3191;389088;DK0030352471;3004875.969784;0.988153485;0.988153485;450.9830442;-35631.34393841778;;0.0;0.0;3041775.412;5.0;DK0030352471;Bond;3004875.969784;2969244.625845582;0.0025;0.9868425096049145;0.0095;0.983171778498675
3192;389088;DUM25 Cmdty;0.0;0.0;0.0;-62110.72331;881577.6648;;0.0;0.0;-114334895.0;;;Bond Future;0.0;881577.6648;0.0025;0.0;0.0015;0.0
3193;389088;ES0000012B39;37622381.1094;2.936440507;2.936440507;44731.79214;-662855.3031566024;;0.0;0.0;38313459.61;10.0;ES0000012B39;Bond;37622381.1094;36959525.8062434;0.0025;2.9282730241504216;0.0035;2.9250060310105903
3194;389088;ES0000012K53;27185545.311800003;4.142738298;4.142738298;59793.08719;-675735.5982912495;;0.0;0.0;27897095.6;10.0;ES0000012K53;Bond;27185545.311800003;26509809.713508755;0.0025;4.130657897061486;0.0035;4.125825736686079
3195;389088;ES0840609020;3019807.3701;2.308774333;2.308774333;1923.412782;-83664.64496029334;;0.0;0.0;3107156.25;5.0;ES0840609020;Bond;3019807.3701;2936142.7251397064;0.0025;2.3061771233961643;0.0095;2.298904936505424
3196;389088;ES0840609061;1684621.09644;5.764973781;5.764973781;7211.092623;-116541.55742275289;;0.0;0.0;1811625.0;6.0;ES0840609061;Bond;1684621.09644;1568079.539017247;0.0025;5.741047518957335;0.0095;5.6740539852378715
3197;389088;FR0000571218;50410921.784;3.517812021;3.517812021;86740.17883;-798012.6598865069;;0.0;0.0;51243214.64;10.0;FR0000571218;Bond;50410921.784;49612909.12411349;0.0025;3.505732963959021;0.002;3.508148775367217
3198;389088;FR0013067196;3011726.221188;1.120125631;1.120125631;721.7247465;-40482.14080688945;;0.0;0.0;3054236.301;5.0;FR0013067196;Bond;3011726.221188;2971244.0803811103;0.0025;1.1172713787764905;0.0095;1.1092794725506643
3199;389088;FR0013259132;20722767.63462;3.282306222;4.689988881;32831.24647;-553174.4953800001;;8.222701517;-428.4046079;21276124.45;;FR0013259132;Fund Unit;20722767.63462;20169593.13924;0.0;3.282306222;0.0;4.689988881
3200;389088;FR0013286192;59207495.6011;3.032117306;3.032117306;73595.50097;-807858.3242565638;;0.0;0.0;60047094.19;10.0;FR0013286192;Bond;59207495.6011;58399637.276843436;0.0025;3.024026397829212;0.002;3.0256445794633695
3201;389088;FR0013455854;2785346.5542800003;3.989077969;3.989077969;5589.703946;-133331.57490850094;;0.0;0.0;2929471.154;4.0;FR0013455854;Bond;2785346.5542800003;2652014.9793714993;0.0025;3.978689194002759;0.0095;3.949600624010484
3202;389088;FR0013461795;2952498.49254;1.080321634;1.080321634;513.187649;-38275.775950120194;;0.0;0.0;2992298.37;3.0;FR0013461795;Bond;2952498.49254;2914222.7165898797;0.0025;1.078894003503739;0.0095;1.0748966381142089
3203;389088;FR00140007L3;2698482.7986749997;3.429185656;3.429185656;4470.244135;-152684.37535195425;;0.0;0.0;2868390.411;7.0;FR00140007L3;Bond;2698482.7986749997;2545798.4233230455;0.0025;3.417169520402808;0.014;3.3618952966557236
3204;389088;FR0014000OZ2;2942234.816424;0.630868859;0.630868859;299.0249581;-22273.9718585698;;0.0;0.0;2965438.356;7.0;FR0014000OZ2;Bond;2942234.816424;2919960.84456543;0.0025;0.629323049923857;0.0095;0.6249947845106567
3205;389088;FR0014009HA0;4598352.826512;1.908823613;1.908823613;2595.463833;-105329.33347381676;;0.0;0.0;4710000.0;8.0;FR0014009HA0;Bond;4598352.826512;4493023.493038183;0.0025;1.9038217974383174;0.0095;1.8898167138656055
3206;389088;FR001400F6O6;3137553.979365;0.741235057;0.741235057;408.3304177;-15116.822517778754;;0.0;0.0;3153122.466;6.0;FR001400F6O6;Bond;3137553.979365;3122437.1568472213;0.0025;0.7393550576743692;0.004;0.7382270580789906
3207;389088;FR001400I7P8;3219607.296176;2.769179012;2.769179012;3640.609054;-106988.02741743176;;0.0;0.0;3334448.63;6.0;FR001400I7P8;Bond;3219607.296176;3112619.2687585684;0.0025;2.760080847127832;0.0095;2.734605985485763
3208;389088;FR001400L9Q7;1550714.584235;3.222296495;3.222296495;2382.041617;-82448.22579717607;;0.0;0.0;1640667.74;5.0;FR001400L9Q7;Bond;1550714.584235;1468266.3584378238;0.0025;3.2098521599921064;0.014;3.1526082189557947
3209;389088;FR001400M1X9;2996099.42832;6.31129475;6.31129475;17393.24561;-226911.19910920825;;0.0;0.0;3253063.014;7.0;FR001400M1X9;Bond;2996099.42832;2769188.2292107916;0.0025;6.265743440343171;0.0095;6.13819977330405
3210;389088;FR001400MLX3;2665711.927896;3.282491367;3.282491367;4064.826823;-144377.91043875454;;0.0;0.0;2822929.521;6.0;FR001400MLX3;Bond;2665711.927896;2521334.0174572454;0.0025;3.2713068409784993;0.014;3.219858021279597
3211;389088;FR001400Q6Z9;1002421.2970695;3.456511952;3.456511952;1723.462671;-57170.53970529114;;0.0;0.0;1064354.247;6.0;FR001400Q6Z9;Bond;1002421.2970695;945250.7573642088;0.0025;3.4433981457960816;0.014;3.3830746372580562
3212;389088;FR001400SIM9;2982482.93867;3.874175613;3.874175613;4653.101172;-75105.30733669527;;0.0;0.0;3060131.918;6.0;FR001400SIM9;Bond;2982482.93867;2907377.6313333046;0.0025;3.8726951188658556;0.004;3.871806822385369
3213;389088;FR001400UM87;1735499.28712;6.860237419;6.860237419;11199.31128;-142871.24580178136;;0.0;0.0;1896006.868;4.0;FR001400UM87;Bond;1735499.28712;1592628.0413182187;0.0025;6.816567626855347;0.0095;6.694292208850319
3214;389088;FR001400WK95;1903177.342618;2.469520545;2.469520545;1666.526451;-28199.61329024193;;0.0;0.0;1931806.0;7.0;FR001400WK95;Bond;1903177.342618;1874977.729327758;0.0025;2.462875503311246;0.0035;2.4602174866357442
3215;389088;FR001400WKP0;3041550.29488;4.61058933;4.61058933;8717.575511;-168280.072034785;;0.0;0.0;3227572.603;7.0;FR001400WKP0;Bond;3041550.29488;2873270.222845215;0.0025;4.59207911792714;0.0095;4.540250524123133
3216;389088;FXF11702;-39203.66000000015;0.076712328;0.0;-0.005613605999999827;0.0;BNP PARIBAS;0.0;239377.5248;-39203.66000000015;;;Currency Forward;-39203.66000000015;-39203.66000000015;0.0;0.076712328;0.0;0.0
3217;389088;FXW1023881;32415.145375000022;0.076712328;0.0;-0.0013756790000000185;42820.60346153849;BNP PARIBAS;0.0;-16700.03535;-9334.94299999997;;;Currency Forward;32415.145375000022;75235.74883653852;0.0;0.076712328;0.0;0.0
3218;389088;FXW1023892;7096.380892499976;0.076712328;0.0;-0.00031391700000000383;9478.945735897443;GOLDMAN SACHS BANK EUROPE SE;0.0;-3696.788837;-2145.5912000000244;;;Currency Forward;7096.380892499976;16575.32662839742;0.0;0.076712328;0.0;0.0
3219;389088;IKM25 Cmdty;0.0;0.0;0.0;-360060.8502;2511930.1607999997;;0.0;0.0;-55351920.0;;;Bond Future;0.0;2511930.1607999997;0.0025;0.0;0.0035;0.0
3220;389088;INFS10000382;1632888.18334625;9.934246575;0.0;11.49345556;1315925.694670902;JP MORGAN SE;0.0;3002.212366;77393075.36;;;Index Linked Swap;1632888.18334625;2948813.878017152;0.00125;10.057520159667785;0.0;0.0
3221;389088;INFS10000394;-1039664.57169625;4.931506849;0.0;-3.561632194;-698451.765012714;JP MORGAN SE;0.0;-3366.634281;-77393075.36;;;Index Linked Swap;-1039664.57169625;-1738116.3367089638;0.00125;4.961863726861687;0.0;0.0
3222;389088;INFS10000399;512588.80163600005;4.95890411;0.0;1.24154843;697128.9774120682;GOLDMAN SACHS BANK EUROPE SE;0.0;0.0;74000000.0;;;Index Linked Swap;512588.80163600005;1209717.7790480682;0.0025;5.02032038208447;0.0;0.0
3223;389088;INFS10000404;-1380988.873677725;9.961643836;0.0;-5.87e-05;-1345951.6977473593;GOLDMAN SACHS BANK EUROPE SE;0.0;0.0;-74000000.0;;;Index Linked Swap;-1380988.873677725;-2726940.571425084;0.0025;10.209729704725648;0.0;0.0
3224;389088;IT0005521981;23246355.71962;2.806089928;2.806089928;22682.32246;-391388.18788518524;;0.0;0.0;23649693.1;10.0;IT0005521981;Bond;23246355.71962;22854967.531734817;0.0025;2.8013818621636934;0.0035;2.799498635829171
3225;389088;IT0005548315;26593413.74234;3.115493235;3.115493235;31454.77806;-497109.60365889786;;0.0;0.0;27106396.04;10.0;IT0005548315;Bond;26593413.74234;26096304.1386811;0.0025;3.1101888972476264;0.0035;3.108067162146677
3226;389088;IT0005572166;3127431.4564075;2.467866457;2.467866457;2758.730491;-50167.540720925725;;0.0;0.0;3179906.712;6.0;IT0005572166;Bond;3127431.4564075;3077263.9156865743;0.0025;2.461039683641858;0.004;2.4569436196269727
3227;389088;IT0005611055;41355436.4962;4.12623753;4.12623753;84637.3644;-1023854.124840913;;0.0;0.0;42421016.59;10.0;IT0005611055;Bond;41355436.4962;40331582.37135909;0.0025;4.117637526578901;0.0035;4.114197525210461
3228;389088;IT0005633794;7969990.58604;1.847755237;1.847755237;3521.619831;-88359.55106517667;;0.0;0.0;8060399.421;9.0;IT0005633794;Bond;7969990.58604;7881631.034974824;0.0025;1.845244236196327;0.0035;1.844239835874858
3229;389088;IT0005636532;2927351.8964400003;6.049478671;6.049478671;14102.02741;-212507.4343203022;;0.0;0.0;3162413.805;5.0;IT0005636532;Bond;2927351.8964400003;2714844.462119698;0.0025;6.020535839145084;0.0095;5.939495909951319
3230;389088;LU1717592346;17168042.6928;1.07422244;1.035547903;-39132.09488;-458284.5072000001;;0.0;6689.551268;22240594.24;;LU1717592346;Fund Unit;17168042.6928;16709758.1856;0.0;1.07422244;0.0;1.035547903
3231;389088;LU2023296168;12140728.29056;3.236585554;3.262438622;21287.44281;-324085.14944000007;;2.71878052;208.8666425;12464924.73;;LU2023296168;Fund Unit;12140728.29056;11816643.14112;0.0;3.236585554;0.0;3.262438622
3232;389088;LU2550878602;26547572.42248;0.536002618;0.741697933;627.6491279;-708662.0975200002;;-5944.138154;309.9877735;21026959.6;;LU2550878602;Fund Unit;26547572.42248;25838910.324959997;0.0;0.536002618;0.0;0.741697933
3233;389088;OEM25 Cmdty;0.0;0.0;0.0;561828.0397;-3955878.3659999995;;0.0;0.0;204836810.0;;;Bond Future;0.0;-3955878.3659999995;0.0025;0.0;0.0015;0.0
3234;389088;PTEDP4OM0025;4671372.019640001;2.443550654;2.443550654;4290.378511;-188343.11353553232;;0.0;0.0;4876014.422;6.0;PTEDP4OM0025;Bond;4671372.019640001;4483028.906104468;0.0025;2.435516984266325;0.014;2.3985621034914213
3235;389088;PTEDPUOM0008;3119060.959946;2.772732422;2.772732422;3413.388178;-51889.92869902031;;0.0;0.0;3172421.096;7.0;PTEDPUOM0008;Bond;3119060.959946;3067171.0312469797;0.0025;2.7645934335107083;0.0035;2.761337838114992
3236;389088;RXM25 Cmdty;0.0;0.0;0.0;-348558.3237;1531365.1084;;0.0;0.0;-47022950.0;;;Bond Future;0.0;1531365.1084;0.0025;0.0;0.0015;0.0
3237;389088;TUM25 Cmdty;0.0;0.0;0.0;142323.5023;-1673509.63505;;0.0;0.0;320481581.9;;;Bond Future;0.0;-1673509.63505;0.00125;0.0;0.0015;0.0
3238;389088;UBM25 Cmdty;0.0;0.0;0.0;-1604283.779;2542325.2248;;0.0;0.0;-31126860.0;;;Bond Future;0.0;2542325.2248;0.0025;0.0;0.0015;0.0
3239;389088;UXYM25 Cmdty;0.0;0.0;0.0;-569291.8344;1721376.5401249998;;0.0;0.0;-78076629.33;;;Bond Future;0.0;1721376.5401249998;0.00125;0.0;0.0015;0.0
3240;389088;XS1069439740;3039957.910424;0.505123;0.505123;227.2160593;-18426.63191504523;;0.0;0.0;3059167.808;5.0;XS1069439740;Bond;3039957.910424;3021531.2785089547;0.0025;0.5038922941226259;0.0095;0.5004463176659787
3241;389088;XS1819574929;2876687.949674;2.918116125;2.918116125;3384.107661;-50367.05695522133;;0.0;0.0;2927951.096;6.0;XS1819574929;Bond;2876687.949674;2826320.892718779;0.0025;2.9099948730065215;0.0035;2.90674637220913
3242;389088;XS2125121769;3183199.2244039997;0.725020122;0.725020122;384.3315688;-27694.601880332317;;0.0;0.0;3213516.692;4.0;XS2125121769;Bond;3183199.2244039997;3155504.6225236673;0.0025;0.7233158195313848;0.0095;0.7185437726192621
3243;389088;XS2181959110;3364544.32656;6.176077478;6.176077478;17164.75018;-249356.23726799872;;0.0;0.0;3645746.712;7.0;XS2181959110;Bond;3364544.32656;3115188.0892920014;0.0025;6.143895892486106;0.0095;6.053787453047203
3244;389088;XS2182055009;3055755.020171;0.412061551;0.412061551;173.7657018;-8184.534495070042;;0.0;0.0;3064267.808;3.0;XS2182055009;Bond;3055755.020171;3047570.48567593;0.0025;0.41106441122899623;0.004;0.41046612736639393
3245;389088;XS2183818637;3018052.031012;0.430681445;0.430681445;183.0854734;-15597.828117617197;;0.0;0.0;3034212.329;7.0;XS2183818637;Bond;3018052.031012;3002454.2028943826;0.0025;0.42962857481124944;0.0095;0.4266805382827479
3246;389088;XS2193658619;4685303.34956;3.911983882;3.911983882;9399.352295;-109972.98711455599;;0.0;0.0;4797804.11;7.0;XS2193658619;Bond;4685303.34956;4575330.362445444;0.0025;3.9000895450103235;0.0035;3.895331810214453
3247;389088;XS2209344543;2779021.387809;2.920075524;2.920075524;-2840.834574;-133896.71353102394;;0.0;0.0;2919412.5;5.0;XS2209344543;Bond;2779021.387809;2645124.674277976;0.0025;2.9669486963881795;0.014;3.182565289373806
3248;389088;XS2226123573;3014334.632476;0.408735419;0.408735419;111.0903836;-14784.783948135468;;0.0;0.0;3029673.913;2.0;XS2226123573;Bond;3014334.632476;2999549.8485278646;0.0025;0.4082317298185069;0.0095;0.4068214001103264
3249;389088;XS2242931603;2856755.1457;3.823959962;3.823959962;5551.806798;-65544.70379036566;;0.0;0.0;2926880.137;8.0;XS2242931603;Bond;2856755.1457;2791210.4419096345;0.0025;3.8119317340720333;0.0035;3.8071204429008465
3250;389088;XS2262077675;991543.4008884;0.626354252;0.626354252;99.58902925;-7452.689102267878;;0.0;0.0;999363.0747;4.0;XS2262077675;Bond;991543.4008884;984090.7117861322;0.0025;0.6248240912098798;0.0095;0.6205396409975436
3251;389088;XS2286011528;3019015.3943662504;0.06280422;0.729954276;59.52531801;-21409.57763358888;;0.0;0.0;3041917.808;5.0;XS2286011528;Bond;3019015.3943662504;2997605.8167326613;0.0025;0.06232116096419057;0.0095;0.7331430959764325
3252;389088;XS2297549391;2744058.9166274997;2.7633812;2.7633812;2891.501075;-49288.7253423552;;0.0;0.0;2795804.795;7.0;XS2297549391;Bond;2744058.9166274997;2694770.1912851445;0.0025;2.7561286038579476;0.004;2.751777046172716
3253;389088;XS2307437629;4190516.1462160004;0.87299019;0.87299019;689.7367388;-43899.353840198084;;0.0;0.0;4236602.74;4.0;XS2307437629;Bond;4190516.1462160004;4146616.7923758025;0.0025;0.8707806022340683;0.0095;0.8645937564894594
3254;389088;XS2321520525;4693236.7183920005;1.30678218;1.30678218;1427.736536;-73596.45732139613;;0.0;0.0;4770921.462;4.0;XS2321520525;Bond;4693236.7183920005;4619640.261070604;0.0025;1.3034460919097188;0.0095;1.2941050452569316
3255;389088;XS2322423539;796652.639664;3.519995982;3.519995982;1317.17728;-16825.284544001843;;0.0;0.0;814037.1507;5.0;XS2322423539;Bond;796652.639664;779827.3551199982;0.0025;3.5096371684348537;0.0035;3.505493643008795
3256;389088;XS2356040357;2669428.1353200004;3.633403647;3.633403647;4589.52413;-58194.6595336566;;0.0;0.0;2728858.356;8.0;XS2356040357;Bond;2669428.1353200004;2611233.4757863437;0.0025;3.623425423766739;0.0035;3.619434134473435
3257;389088;XS2382950330;4679589.989159999;2.102697034;2.102697034;3116.658245;-118077.11988651389;;0.0;0.0;4805231.169;6.0;XS2382950330;Bond;4679589.989159999;4561512.869273486;0.0025;2.097100096914229;0.0095;2.0814286730740688
3258;389088;XS2433361719;2922415.4116869997;0.77495528;0.77495528;395.3845541;-14720.81814866139;;0.0;0.0;2937165.616;5.0;XS2433361719;Bond;2922415.4116869997;2907694.5935383383;0.0025;0.773074325345278;0.004;0.7719457525524447
3259;389088;XS2463450408;2950116.901964;3.105335313;3.105335313;3588.8377;-109933.22631776362;;0.0;0.0;3068019.701;5.0;XS2463450408;Bond;2950116.901964;2840183.675646236;0.0025;3.0990304078887263;0.0095;3.0813766735771604
3260;389088;XS2555925218;3176735.562963;2.645409642;2.645409642;3164.12712;-54624.48477425301;;0.0;0.0;3234071.918;6.0;XS2555925218;Bond;3176735.562963;3122111.078188747;0.0025;2.6380043472737444;0.004;2.633561170437991
3261;389088;XS2558978883;2388414.08076;2.635687649;2.635687649;2400.567515;-75541.36192028182;;0.0;0.0;2469428.082;6.0;XS2558978883;Bond;2388414.08076;2312872.718839718;0.0025;2.6279275600708774;0.0095;2.6061993110693353
3262;389088;XS2580221658;3131767.39531;2.730852813;2.730852813;3345.653847;-51314.374806863976;;0.0;0.0;3186020.548;6.0;XS2580221658;Bond;3131767.39531;3080453.020503136;0.0025;2.722789311577701;0.0035;2.7195639110087813
3263;389088;XS2582389156;2386022.297675;3.944374819;3.944374819;5419.7141;-155287.5434306096;;0.0;0.0;2560597.562;7.0;XS2582389156;Bond;2386022.297675;2230734.7542443904;0.0025;3.9264839710239614;0.014;3.8441860703341844
3264;389088;XS2588884481;3174460.59076;2.945176399;2.945176399;3987.420247;-112192.15693754339;;0.0;0.0;3295695.205;6.0;XS2588884481;Bond;3174460.59076;3062268.4338224567;0.0025;2.9354592142058324;0.0095;2.9082510967821635
3265;389088;XS2592804434;3146905.07135;3.647048794;3.647048794;5411.496833;-189369.11969744175;;0.0;0.0;3352358.75;6.0;XS2592804434;Bond;3146905.07135;2957535.951652558;0.0025;3.6373105796782235;0.014;3.5925147937980517
3266;389088;XS2615937187;3135985.6314034997;1.886146353;1.886146353;-29823.19647;-38447.03110125873;;0.0;0.0;3174628.371;4.0;XS2615937187;Bond;3135985.6314034997;3097538.600302241;0.0025;2.132790008838594;0.004;2.28077620234175
3267;389088;XS2619991883;20789729.44696;1.669866465;1.669866465;9290.414752;-138864.288079606;;0.0;0.0;20935902.08;5.0;XS2619991883;Bond;20789729.44696;20650865.158880394;0.0025;1.6656657197297735;0.0015;1.667346017837864
3268;389088;XS2626699982;2427875.065928;2.776360911;2.776360911;2728.563226;-80887.88915800856;;0.0;0.0;2514837.329;7.0;XS2626699982;Bond;2427875.065928;2346987.1767699914;0.0025;2.7675351536765986;0.0095;2.742823033171075
3269;389088;XS2688529135;3031262.6520995;1.322015631;1.322015631;1039.180901;-66121.71402774389;;0.0;0.0;3098416.667;3.0;XS2688529135;Bond;3031262.6520995;2965140.938071756;0.0025;1.3178144159619918;0.014;1.298488826787154
3270;389088;XS2689949399;24491898.09868;3.041948996;3.041948996;31575.31038;-298012.41932565573;;0.0;0.0;24806741.45;8.0;XS2689949399;Bond;24491898.09868;24193885.679354344;0.0025;3.032852267512468;0.0015;3.0364909589074807
3271;389088;XS2745719000;3034964.267465;3.461886516;3.461886516;4903.42428;-68293.56218151285;;0.0;0.0;3107157.534;7.0;XS2745719000;Bond;3034964.267465;2966670.705283487;0.0025;3.4514570412692565;0.004;3.4451993564308103
3272;389088;XS2747270630;3038061.83294;2.595898578;2.595898578;2907.965688;-47319.00235203012;;0.0;0.0;3087642.74;7.0;XS2747270630;Bond;3038061.83294;2990742.83058797;0.0025;2.588815853716975;0.0035;2.5859827640037656
3273;389088;XS2753547673;3125852.3575494997;2.855254935;2.855254935;3619.630682;-58013.18490483486;;0.0;0.0;3186364.11;6.0;XS2753547673;Bond;3125852.3575494997;3067839.172644665;0.0025;2.8466869874119514;0.004;2.841546218859122
3274;389088;XS2774944008;3225583.5297999997;5.195319322;5.195319322;11323.92872;-201095.2372451388;;0.0;0.0;3445798.573;5.0;XS2774944008;Bond;3225583.5297999997;3024488.292554861;0.0025;5.175031166392124;0.0095;5.118224330690073
3275;389088;XS2778270772;3307828.057583;1.898959424;1.898959424;1962.126567;-103643.61583816107;;0.0;0.0;3414346.667;3.0;XS2778270772;Bond;3307828.057583;3204184.441744839;0.0025;1.893145123465669;0.014;1.8663993410077462
3276;389088;XS2799494633;3066474.1710800002;3.800629963;3.800629963;6404.038761;-139854.40338446683;;0.0;0.0;3223137.452;4.0;XS2799494633;Bond;3066474.1710800002;2926619.7676955336;0.0025;3.78453181831901;0.0095;3.739457013212239
3277;389088;XS2802883731;2917194.87948;3.700123746;3.700123746;648.0530281;-178100.7037470137;;0.0;0.0;3105555.0;5.0;XS2802883731;Bond;2917194.87948;2739094.1757329865;0.0025;3.728797300888265;0.014;3.860695653374285
3278;389088;XS2818300407;2291074.678;3.829073512;3.829073512;4648.055697;-105272.32036252474;;0.0;0.0;2405981.164;8.0;XS2818300407;Bond;2291074.678;2185802.3576374752;0.0025;3.8150088578591665;0.0095;3.775627826264833
3279;389088;XS2822575648;2907180.74507;3.287118041;3.287118041;4444.984567;-157678.0635468624;;0.0;0.0;3080682.74;7.0;XS2822575648;Bond;2907180.74507;2749502.6815231377;0.0025;3.275906718694488;0.014;3.2243346360891327
3280;389088;XS2844410287;3128048.4011600004;3.605202626;3.605202626;5550.498538;-67663.4898607028;;0.0;0.0;3198551.507;5.0;XS2844410287;Bond;3128048.4011600004;3060384.9112992976;0.0025;3.593335625993858;0.0035;3.5885888259914007
3281;389088;XS2860457071;1663474.5140385;3.572102692;3.572102692;2918.394672;-38623.66163285707;;0.0;0.0;1703982.027;6.0;XS2860457071;Bond;1663474.5140385;1624850.8524056429;0.0025;3.560142561481288;0.004;3.552966483170061
3282;389088;XS2890435865;2650161.858785;1.369448069;1.369448069;865.1230532;-23590.1837603287;;0.0;0.0;2674855.015;6.0;XS2890435865;Bond;2650161.858785;2626571.6750246715;0.0025;1.3659754992628919;0.004;1.363891957420627
3283;389088;XS2905432584;2584904.9346855;3.065865171;3.065865171;3400.616894;-51512.30506238897;;0.0;0.0;2639861.027;5.0;XS2905432584;Bond;2584904.9346855;2533392.629623111;0.0025;3.0564748068940815;0.004;3.05084058843053
3284;389088;XS2980761956;1438716.9036400001;7.17130449;7.17130449;10243.90814;-123809.72389094916;;0.0;0.0;1578535.414;4.0;XS2980761956;Bond;1438716.9036400001;1314907.179749051;0.0025;7.121869274048862;0.0095;6.983450669385678
3285;400804;AT0000A1ZGE4;18951700.17476;2.806514595;2.806514595;20430.95952;-212752.89256211196;;0.0;0.0;19172027.4;9.0;AT0000A1ZGE4;Bond;18951700.17476;18738947.282197885;0.0025;2.7992545510241977;0.0015;2.8021585686145185
3286;400804;AT0000A2U543;2737843.181652;2.516163448;2.516163448;2488.990927;-82666.33128034543;;0.0;0.0;2826030.822;6.0;AT0000A2U543;Bond;2737843.181652;2655176.8503716546;0.0025;2.5092634827052516;0.0095;2.489943579879957
3287;400804;AT0000A2WSC8;17135798.293199997;6.507623256;6.507623256;87101.72836;-446053.2779318136;;0.0;0.0;17607232.88;10.0;AT0000A2WSC8;Bond;17135798.293199997;16689745.015268184;0.0025;6.486420477773343;0.0015;6.494901589064006
3288;400804;AT0000A2Y8G4;10425307.664;17.75760517;17.75760517;444381.0217;-740513.9890923481;;0.0;0.0;11245705.48;10.0;AT0000A2Y8G4;Bond;10425307.664;9684793.674907653;0.0025;17.4803060499217;0.0015;17.59122569795302
3289;400804;AT0000A32HA3;3041528.7639344996;1.752345412;1.752345412;1479.829439;-34643.75833715324;;0.0;0.0;3077598.493;5.0;AT0000A32HA3;Bond;3041528.7639344996;3006885.0055973465;0.0025;1.7478586649481205;0.004;1.7451666167169928
3290;400804;AT0000A32RP0;3028164.380671;0.857225051;0.857225051;477.4935913;-16872.819376771033;;0.0;0.0;3045628.767;6.0;AT0000A32RP0;Bond;3028164.380671;3011291.5612942292;0.0025;0.8551200336845696;0.004;0.8538570232953113
3291;400804;AT0000A33SH3;20518605.36344;3.781629032;3.781629032;38978.07268;-310375.01495414245;;0.0;0.0;20841780.82;9.0;AT0000A33SH3;Bond;20518605.36344;20208230.348485857;0.0025;3.7698896943045432;0.0015;3.774585429382726
3292;400804;AT0000A39UW5;9612521.777;7.702826477;7.702826477;70639.23769;-296174.3490184588;;0.0;0.0;9927286.301;10.0;AT0000A39UW5;Bond;9612521.777;9316347.427981542;0.0025;7.6674435994109436;0.0015;7.681596750446566
3293;400804;AT0000A3D3Q8;14423118.024;10.98340786;10.98340786;228061.1561;-633659.9514820371;;0.0;0.0;15105242.08;9.0;AT0000A3D3Q8;Bond;14423118.024;13789458.072517963;0.0025;10.889691103127186;0.0015;10.927177805876312
3294;400804;AT0000A3EPP2;14951978.1972;4.201802106;4.201802106;34118.46332;-251301.01391144417;;0.0;0.0;15214469.5;9.0;AT0000A3EPP2;Bond;14951978.1972;14700677.183288556;0.0025;4.188893220331414;0.0015;4.194056774598848
3295;400804;AT0000A3HGD0;2838315.90382;5.941839469;5.941839469;12794.75235;-109621.31350825256;;0.0;0.0;2956551.37;7.0;AT0000A3HGD0;Bond;2838315.90382;2728694.5903117475;0.0025;5.917406419260299;0.004;5.90274658941648
3296;400804;AT0000A3HU25;19121646.596;8.415107793;8.415107793;168409.203;-643642.8691399661;;0.0;0.0;19807833.45;9.0;AT0000A3HU25;Bond;19121646.596;18478003.726860035;0.0025;8.371961534995881;0.0015;8.389220038197529
3297;400804;AT000B122080;2924742.2238555;0.950731827;0.950731827;538.0746115;-18074.19586693619;;0.0;0.0;2943455.342;5.0;AT000B122080;Bond;2924742.2238555;2906668.0279885638;0.0025;0.9483922208809403;0.004;0.9469884572095045
3298;400804;AT000B122155;3071487.5735310004;1.857674686;1.857674686;1647.273844;-37087.860639128674;;0.0;0.0;3110136.575;6.0;AT000B122155;Bond;3071487.5735310004;3034399.7128918716;0.0025;1.852894288744614;0.004;1.8500260503913826
3299;400804;BE0000346552;8620657.602640001;7.367802949;7.367802949;56723.87637;-254061.22602820108;;0.0;0.0;8890465.754;10.0;BE0000346552;Bond;8620657.602640001;8366596.3766118;0.0025;7.339014396639355;0.0015;7.350529817583613
3300;400804;BE0000351602;18724155.28768;2.506624876;2.506624876;16526.68151;-187737.7337047425;;0.0;0.0;18918000.0;10.0;BE0000351602;Bond;18724155.28768;18536417.553975258;0.0025;2.5002668059026685;0.0015;2.502810033941601
3301;400804;BE0000352618;12172754.56436;6.381909938;6.381909938;58674.53633;-310741.69330849574;;0.0;0.0;12501000.0;10.0;BE0000352618;Bond;12172754.56436;11862012.871051505;0.0025;6.363228055511952;0.0015;6.370700808507171
3302;400804;BE0000355645;5353371.1014;20.3892844;20.3892844;306004.7309;-436605.62354074337;;0.0;0.0;5843164.383;10.0;BE0000355645;Bond;5353371.1014;4916765.477859257;0.0025;19.9995634952;0.0015;20.155451857120003
3303;400804;BE0000356650;13450389.8296;11.01373813;11.01373813;211711.2144;-592556.2853185189;;0.0;0.0;14088636.99;10.0;BE0000356650;Bond;13450389.8296;12857833.544281483;0.0025;10.92349033575289;0.0015;10.959589453451734
3304;400804;BE0000358672;8469267.918;17.29964049;17.29964049;384065.5;-586061.1607795632;;0.0;0.0;9112958.904;10.0;BE0000358672;Bond;8469267.918;7883206.757220436;0.0025;16.914131032162242;0.0015;17.068334815297344
3305;400804;BE0000360694;14248644.6024;8.119554607;8.119554607;117454.5936;-462770.5916996903;;0.0;0.0;14741897.26;10.0;BE0000360694;Bond;14248644.6024;13785874.01070031;0.0025;8.078292232558862;0.0015;8.094797182335318
3306;400804;BE0000361700;8741092.604600001;17.34702711;17.34702711;404720.4929;-606527.881532067;;0.0;0.0;9407410.959;10.0;BE0000361700;Bond;8741092.604600001;8134564.723067934;0.0025;16.94180287427989;0.0015;17.103892568567932
3307;400804;BE0000362716;20033419.41844;4.200737255;4.200737255;45692.58065;-336620.5251843253;;0.0;0.0;20384712.33;10.0;BE0000362716;Bond;20033419.41844;19696798.893255673;0.0025;4.187832292409097;0.0015;4.192994277445458
3308;400804;BE0002251206;2028847.2592240002;1.049312806;1.049312806;441.1757448;-25546.74492626094;;0.0;0.0;2055539.452;6.0;BE0002251206;Bond;2028847.2592240002;2003300.5142977391;0.0025;1.0466291635754617;0.0095;1.0391149647867537
3309;400804;BE0002256254;2925602.115392;1.262945287;1.262945287;835.0045055;-22169.252419629338;;0.0;0.0;2948592.329;5.0;BE0002256254;Bond;2925602.115392;2903432.862972371;0.0025;1.2597975421656922;0.0035;1.2585384442319691
3310;400804;BE0002601798;1968802.2073300001;1.234361968;1.234361968;543.0863963;-14581.287403455617;;0.0;0.0;1983493.699;6.0;BE0002601798;Bond;1968802.2073300001;1954220.9199265444;0.0025;1.2312749393512294;0.0035;1.2300401278917212
3311;400804;BE0002755362;2450919.76094;5.451525003;5.451525003;8902.713628;-80167.50214266716;;0.0;0.0;2533575.206;6.0;BE0002755362;Bond;2450919.76094;2370752.2587973326;0.0025;5.435012889726393;0.0035;5.42840804441695
3312;400804;BE0002819002;2831304.711524;1.632135322;1.632135322;1229.300395;-55452.869124280085;;0.0;0.0;2889606.164;6.0;BE0002819002;Bond;2831304.711524;2775851.8423997196;0.0025;1.627940446403426;0.0095;1.6161947947330184
3313;400804;BE0002831122;2415735.08942;6.289823356;6.289823356;11601.91367;-91167.28192405599;;0.0;0.0;2510143.973;6.0;BE0002831122;Bond;2415735.08942;2324567.807495944;0.0025;6.268661970936788;0.0035;6.260197416911502
3314;400804;BE0002900810;3084694.3842909997;1.563098031;1.563098031;1246.97128;-31340.918169093122;;0.0;0.0;3117277.397;7.0;BE0002900810;Bond;3084694.3842909997;3053353.4661219064;0.0025;1.5591001027519864;0.004;1.5567013458031784
3315;400804;BE0002914951;3128439.073008;2.704687094;2.704687094;3378.90387;-101537.38542156074;;0.0;0.0;3237482.877;6.0;BE0002914951;Bond;3128439.073008;3026901.6875864393;0.0025;2.695973908989949;0.0095;2.6715769909618055
3316;400804;BE0002990712;3062122.69936;4.248782158;4.248782158;7738.205344;-156123.5074877708;;0.0;0.0;3233363.014;7.0;BE0002990712;Bond;3062122.69936;2905999.1918722293;0.0025;4.230735725953244;0.0095;4.180205716222328
3317;400804;BE0390128917;1997511.01798;7.202555979;7.202555979;13703.78345;-86323.10955402136;;0.0;0.0;2090045.479;7.0;BE0390128917;Bond;1997511.01798;1911187.9084259786;0.0025;7.160737273881637;0.0035;7.144009791834291
3318;400804;BE0390130939;3113667.8697200003;4.205758219;4.205758219;7774.975417;-157144.01081173331;;0.0;0.0;3286746.575;4.0;BE0390130939;Bond;3113667.8697200003;2956523.8589082668;0.0025;4.1875530462486;0.0095;4.136578562544681
3319;400804;BE0974365976;4832824.5612544995;1.173995412;1.173995412;1229.275903;-36879.14010243902;;0.0;0.0;4871044.521;6.0;BE0974365976;Bond;4832824.5612544995;4795945.421152061;0.0025;1.171082082064405;0.004;1.1693340841030482
3320;400804;BE6277215545;2995703.23254;2.075849945;2.075849945;1986.795015;-74623.56468605378;;0.0;0.0;3075000.0;3.0;BE6277215545;Bond;2995703.23254;2921079.6678539463;0.0025;2.0700424550254377;0.0095;2.0537814830966634
3321;400804;BE6328904428;2399791.7661599996;5.433822358;5.433822358;9214.52491;-156480.50584205418;;0.0;0.0;2575047.945;5.0;BE6328904428;Bond;2399791.7661599996;2243311.2603179454;0.0025;5.411645458323524;0.0095;5.349550139229393
3322;400804;BE6334364708;2822231.228485;2.924397649;4.462314829;2678.410254;-140273.31641027707;;0.0;0.0;2975126.712;5.0;BE6334364708;Bond;2822231.228485;2681957.912074723;0.0025;2.922051903653348;0.0095;4.5613224409072695
3323;400804;BE6340794013;3167753.239564;2.670960095;2.670960095;3358.557559;-101531.30992418903;;0.0;0.0;3276801.37;6.0;BE6340794013;Bond;3167753.239564;3066221.929639811;0.0025;2.6622893313763814;0.0095;2.6380111932302497
3324;400804;BE6344187966;3122555.2404685;2.903119266;2.903119266;3719.984161;-58923.47680539688;;0.0;0.0;3184410.0;7.0;BE6344187966;Bond;3122555.2404685;3063631.7636631033;0.0025;2.894406346330534;0.004;2.8891785945288544
3325;400804;BE6349118800;2828071.3530200003;8.561576908;8.561576908;26947.56174;-145276.5023411541;;0.0;0.0;2985518.219;7.0;BE6349118800;Bond;2828071.3530200003;2682794.8506788462;0.0025;8.506613396635828;0.0035;8.484627992090159
3326;400804;BE6350792089;3031718.09054;5.394732703;5.394732703;11535.85694;-98131.8523758771;;0.0;0.0;3135517.397;7.0;BE6350792089;Bond;3031718.09054;2933586.2381641227;0.0025;5.372364156749808;0.0035;5.3634167382497315
3327;400804;BE6352762387;3056591.643225;4.559508696;4.559508696;8419.405506;-90587.61515313457;;0.0;0.0;3152967.945;7.0;BE6352762387;Bond;3056591.643225;2966004.0280718654;0.0025;4.542618800008659;0.004;4.532484862413856
3328;400804;CH1142231682;2947954.873696;0.578611646;0.578611646;265.729605;-11087.18664171927;;0.0;0.0;2959391.096;6.0;CH1142231682;Bond;2947954.873696;2936867.6870542807;0.0025;0.577195116513014;0.004;0.5763451988208225
3329;400804;CSH_EUR_DB;-3568360.84;0.0;0.0;0.0;0.0;;0.0;0.0;-3568360.84;;;Cash;-3568360.84;-3568360.84;0.0;0.0;0.0;0.0
3330;400804;DE0001030724;6328695.9474;24.63064304;24.63064304;444187.4765;-623519.4031564161;;0.0;0.0;7044149.999;10.0;DE0001030724;Bond;6328695.9474;5705176.544243583;0.0025;24.392658071180072;0.0015;24.487852058708043
3331;400804;DE0001030732;16744621.6548;6.225324102;6.225324102;77037.39733;-416962.78706599027;;0.0;0.0;17183000.0;10.0;DE0001030732;Bond;16744621.6548;16327658.86773401;0.0025;6.207192630621631;0.0015;6.214445219172979
3332;400804;DE0001030757;7083691.304;20.48566996;20.48566996;408670.8577;-580456.648609064;;0.0;0.0;7732538.356;10.0;DE0001030757;Bond;7083691.304;6503234.655390935;0.0025;20.092531800521716;0.0015;20.24978706431303
3333;400804;DE0001102440;9468294.52564;2.806756782;2.806756782;10203.16401;-106300.79949525415;;0.0;0.0;9578027.397;10.0;DE0001102440;Bond;9468294.52564;9361993.726144746;0.0025;2.7995111482834796;0.0015;2.802409401770088
3334;400804;DE0001102622;19657709.98396;4.326985819;4.326985819;47027.87897;-340234.52933843853;;0.0;0.0;20012093.15;10.0;DE0001102622;Bond;19657709.98396;19317475.45462156;0.0025;4.313984394382378;0.0015;4.319184964229427
3335;400804;DE0001135069;10959857.4234;2.562244972;2.562244972;10292.56964;-112327.35830777409;;0.0;0.0;11075734.25;10.0;DE0001135069;Bond;10959857.4234;10847530.065092226;0.0025;2.5551798380883723;0.0015;2.5580058916530235
3336;400804;DE0001135143;23418069.845200002;4.164604137;4.164604137;53910.59159;-390107.96223149955;;0.0;0.0;23824120.55;10.0;DE0001135143;Bond;23418069.845200002;23027961.882968504;0.0025;4.15041161297557;0.0015;4.156088622585342
3337;400804;DE0001135325;16922294.7484;10.62093499;10.62093499;254830.0057;-718922.3696174992;;0.0;0.0;17692025.34;10.0;DE0001135325;Bond;16922294.7484;16203372.3787825;0.0025;10.526474822383046;0.0015;10.564258889429828
3338;400804;DE0001135481;13248443.6688;14.58696885;14.58696885;372388.2558;-773018.5404310613;;0.0;0.0;14091047.26;10.0;DE0001135481;Bond;13248443.6688;12475425.128368938;0.0025;14.416216111379104;0.0015;14.484517206827462
3339;400804;DE000A14J9N8;5053131.941336;0.260256979;0.260256979;162.22651;-15781.354242486153;;0.0;0.0;5069465.342;6.0;DE000A14J9N8;Bond;5053131.941336;5037350.587093514;0.0025;0.2596237094670878;0.0095;0.25785055477493357
3340;400804;DE000A254TM8;2636131.09856;4.766754203;4.766754203;7938.299438;-150789.4679246386;;0.0;0.0;2802621.452;7.0;DE000A254TM8;Bond;2636131.09856;2485341.630635361;0.0025;4.748275449334431;0.0095;4.696534939070837
3341;400804;DE000A289N78;2816663.1657080003;1.855040497;1.855040497;1519.205478;-62700.29086555875;;0.0;0.0;2883339.041;4.0;DE000A289N78;Bond;2816663.1657080003;2753962.8748424416;0.0025;1.850159346063868;0.0095;1.836492123442698
3342;400804;DE000A2DAHN6;2978933.6770240003;2.158507515;2.158507515;2109.594872;-77160.60874251465;;0.0;0.0;3060762.904;7.0;DE000A2DAHN6;Bond;2978933.6770240003;2901773.0682814857;0.0025;2.152451123113644;0.0095;2.1354932258318455
3343;400804;DE000A2YNZX6;1740935.581476;4.637083332;4.637083332;4699.508467;-48437.18020168852;;0.0;0.0;1792375.89;6.0;DE000A2YNZX6;Bond;1740935.581476;1692498.4012743114;0.0025;4.623354299445122;0.0035;4.61786268642317
3344;400804;DE000A30VTT8;3057045.94476;3.079024789;3.079024789;4115.09312;-112952.64294033559;;0.0;0.0;3178706.301;8.0;DE000A30VTT8;Bond;3057045.94476;2944093.3018196644;0.0025;3.0690732439026034;0.0095;3.0412089176298935
3345;400804;DE000A3823H4;2852832.15356;7.631761654;7.631761654;23060.07767;-261265.62041804937;;0.0;0.0;3140646.986;7.0;DE000A3823H4;Bond;2852832.15356;2591566.5331419506;0.0025;7.575290550946318;0.0095;7.417171462396008
3346;400804;DE000A382988;2937671.78502;5.00999376;5.00999376;9500.792513;-88306.30387126957;;0.0;0.0;3031768.767;8.0;DE000A382988;Bond;2937671.78502;2849365.48114873;0.0025;4.991890773355509;0.0035;4.984649578697713
3347;400804;DE000A3MQQV5;2766401.6263119997;2.991564358;2.991564358;3470.93467;-99310.42206225856;;0.0;0.0;2873691.781;5.0;DE000A3MQQV5;Bond;2766401.6263119997;2667091.204249741;0.0025;2.9825711288953283;0.0095;2.9573900874022474
3348;400804;DE000A4DE9Y3;2888741.6435800004;4.395486904;4.395486904;7253.587194;-82533.26941206963;;0.0;0.0;2976910.274;7.0;DE000A4DE9Y3;Bond;2888741.6435800004;2806208.374167931;0.0025;4.381013039574459;0.004;4.372328720919133
3349;400804;DE000BLB6JJ0;1808496.597226;2.777480098;2.777480098;1919.470114;-32649.911489623584;;0.0;0.0;1842775.616;6.0;DE000BLB6JJ0;Bond;1808496.597226;1775846.6857363763;0.0025;2.770232029653663;0.004;2.7658831886458612
3350;400804;DE000BU25034;20204167.631279998;4.17976059;4.17976059;45756.25789;-337794.33447591116;;0.0;0.0;20555766.79;10.0;DE000BU25034;Bond;20204167.631279998;19866373.296804085;0.0025;4.16681923563233;0.0015;4.171995777379398
3351;400804;DE000BU2Z049;19023923.790400002;8.584389429;8.584389429;172600.465;-653235.0811376456;;0.0;0.0;19718654.3;10.0;DE000BU2Z049;Bond;19023923.790400002;18370688.709262356;0.0025;8.541798508709537;0.0015;8.558834876825722
3352;400804;DE000BU3Z005;9548278.598960001;7.087781504;7.087781504;58742.35356;-270704.4497949909;;0.0;0.0;9834226.028;10.0;DE000BU3Z005;Bond;9548278.598960001;9277574.14916501;0.0025;7.059569602659249;0.0015;7.07085436319555
3353;400804;DE000CZ45Y55;2747874.61252;5.656040284;5.656040284;11756.61394;-186505.07404552813;;0.0;0.0;2957002.603;6.0;DE000CZ45Y55;Bond;2747874.61252;2561369.538474472;0.0025;5.629056287956411;0.0095;5.553501099034362
3354;400804;DE000CZ45ZA0;2897166.4391650003;5.0965712;5.0965712;9718.109717;-95976.49773045679;;0.0;0.0;3000233.836;7.0;DE000CZ45ZA0;Bond;2897166.4391650003;2801189.9414345436;0.0025;5.077650049549688;0.004;5.066297359279501
3355;400804;DE000DL19WL7;2902092.5537425;1.825947881;1.825947881;1504.909297;-34443.953368317976;;0.0;0.0;2938047.945;7.0;DE000DL19WL7;Bond;2902092.5537425;2867648.600374182;0.0025;1.8213190935896328;0.004;1.8185418211434126
3356;400804;DE000LB2CLH7;1930365.192607;1.291127787;1.291127787;570.2756667;-16200.262905011281;;0.0;0.0;1947134.247;5.0;DE000LB2CLH7;Bond;1930365.192607;1914164.9297019888;0.0025;1.2879097213988955;0.004;1.285978882038233
3357;400804;ES0000012A89;19430026.124900002;2.490282128;2.490282128;17176.34717;-290317.4808324694;;0.0;0.0;19731420.8;10.0;ES0000012A89;Bond;19430026.124900002;19139708.644067533;0.0025;2.483685628114986;0.0035;2.481047028160981
3358;400804;ES0000012F43;13388076.331920002;4.409293422;4.409293422;32913.62278;-354191.7414214125;;0.0;0.0;13761782.88;10.0;ES0000012F43;Bond;13388076.331920002;13033884.590498589;0.0025;4.396437391224847;0.0035;4.391294978914785
3359;400804;ES0000012G00;6977560.534;20.29095213;20.29095213;389741.7407;-849488.0806774274;;0.0;0.0;7976654.794;10.0;ES0000012G00;Bond;6977560.534;6128072.453322573;0.0025;19.92384779890815;0.0035;19.777006066471408
3360;400804;ES0000012G26;9604061.23244;2.257591014;2.257591014;7152.291726;-130092.25401757384;;0.0;0.0;9738879.452;10.0;ES0000012G26;Bond;9604061.23244;9473968.978422426;0.0025;2.2517149234664875;0.0035;2.2493644872530822
3361;400804;ES0000012H41;8200108.3206400005;5.892650773;5.892650773;34507.86751;-289922.24780581816;;0.0;0.0;8509578.082;10.0;ES0000012H41;Bond;8200108.3206400005;7910186.0728341825;0.0025;5.874253582438615;0.0035;5.866894706214061
3362;400804;ES0000012I08;18433437.24712;2.774691841;2.774691841;19524.23467;-306882.6475870162;;0.0;0.0;18752800.0;10.0;ES0000012I08;Bond;18433437.24712;18126554.599532984;0.0025;2.7674597546943156;0.0035;2.7645669201720415
3363;400804;ES0000012I32;12400974.86834;6.289477964;6.289477964;59521.36502;-467973.9489992534;;0.0;0.0;12902077.4;10.0;ES0000012I32;Bond;12400974.86834;11933000.919340746;0.0025;6.268378478277095;0.0035;6.259938683987933
3364;400804;ES0000012J07;8879378.0;14.84373302;14.84373302;247477.3414;-790818.6984939694;;0.0;0.0;9779773.973;10.0;ES0000012J07;Bond;8879378.0;8088559.30150603;0.0025;14.697798489810515;0.0035;14.639424677734722
3365;400804;ES0000012K46;8674000.1678;18.97488832;18.97488832;456790.8139;-987529.1068299976;;0.0;0.0;9815254.109;10.0;ES0000012K46;Bond;8674000.1678;7686471.060970003;0.0025;18.558452508405754;0.0035;18.391878183768053
3366;400804;ES0000012K53;13654673.843659999;4.142738298;4.142738298;30032.6918;-339406.44167297485;;0.0;0.0;14012069.18;10.0;ES0000012K53;Bond;13654673.843659999;13315267.401987024;0.0025;4.130657897056148;0.0035;4.125825736678607
3367;400804;ES0000012L60;19552459.0246;10.61358816;10.61358816;300792.232;-1245130.4856142781;;0.0;0.0;20922424.66;10.0;ES0000012L60;Bond;19552459.0246;18307328.53898572;0.0025;10.510612371162956;0.0035;10.469422055628138
3368;400804;ES0000012M85;19617959.7878;7.535838236;7.535838236;144937.2159;-887026.6288872822;;0.0;0.0;20576575.34;10.0;ES0000012M85;Bond;19617959.7878;18730933.15891272;0.0025;7.493110726160349;0.0035;7.476019722224489
3369;400804;ES0000012N35;19489644.967800003;7.95663527;7.95663527;158991.1239;-930431.979303453;;0.0;0.0;20497852.05;10.0;ES0000012N35;Bond;19489644.967800003;18559212.98849655;0.0025;7.910962308480608;0.0035;7.892693123872851
3370;400804;ES0000012N43;14965986.179340001;5.57518649;5.57518649;59890.06191;-500628.9837394986;;0.0;0.0;15499099.32;10.0;ES0000012N43;Bond;14965986.179340001;14465357.195600502;0.0025;5.552849623411909;0.0035;5.543914876776673
3371;400804;ES0000012O00;19581904.409160003;4.464568093;4.464568093;50246.99381;-524548.4737518707;;0.0;0.0;20135687.67;10.0;ES0000012O00;Bond;19581904.409160003;19057355.935408134;0.0025;4.45024923438708;0.0035;4.444521690941912
3372;400804;ES0000101966;4791161.07378;2.253743799;2.253743799;3556.938899;-64788.29736025114;;0.0;0.0;4858392.192;6.0;ES0000101966;Bond;4791161.07378;4726372.7764197495;0.0025;2.2478823013485036;0.0035;2.245537702287905
3373;400804;ES0213679OP3;3164862.602885;4.656663194;4.656663194;9147.219056;-95795.04477999051;;0.0;0.0;3267236.301;6.0;ES0213679OP3;Bond;3164862.602885;3069067.5581050096;0.0025;4.638618422384458;0.004;4.627791559415133
3374;400804;ES0224244105;2799256.39108;4.452866928;4.452866928;7526.873848;-149576.59448199318;;0.0;0.0;2963778.082;6.0;ES0224244105;Bond;2799256.39108;2649679.796598007;0.0025;4.435214904431642;0.0095;4.385789238440238
3375;400804;ES0413679525;2035492.1535755;2.912298287;2.912298287;2423.634986;-38531.742028389155;;0.0;0.0;2075855.726;6.0;ES0413679525;Bond;2035492.1535755;1996960.4115471109;0.0025;2.9037348037343724;0.004;2.898596713774996
3376;400804;ES0413860596;1935653.683366;1.992629486;1.992629486;1169.835206;-25070.763927037395;;0.0;0.0;1961678.602;7.0;ES0413860596;Bond;1935653.683366;1910582.9194389626;0.0025;1.9874468708737312;0.004;1.9843373017979697
3377;400804;EU000A2SCAE8;5057552.41596;2.826323107;2.826323107;5647.979284;-57177.1090323657;;0.0;0.0;5116821.233;9.0;EU000A2SCAE8;Bond;5057552.41596;5000375.306927634;0.0025;2.8183748222344036;0.0015;2.821554136140642
3378;400804;EU000A2SCAN9;4787965.82748;7.686606376;7.686606376;35041.068;-147212.83463031155;;0.0;0.0;4944466.438;9.0;EU000A2SCAN9;Bond;4787965.82748;4640752.992849689;0.0025;7.65135189418651;0.0015;7.665453686911906
3379;400804;EU000A3K4C42;6963318.2483;11.15489071;11.15489071;98595.08691;-194187.63509683788;;0.0;0.0;7169927.397;10.0;EU000A3K4C42;Bond;6963318.2483;6769130.613203162;0.0025;11.111989421367337;0.0;11.15489071
3380;400804;EU000A3K4D41;5053454.345225001;7.718565228;7.718565228;37834.85283;-97513.542475848;;0.0;0.0;5155905.479;10.0;EU000A3K4D41;Bond;5053454.345225001;4955940.802749153;0.0025;7.680332631178505;0.0;7.718565228
3381;400804;EU000A3K4DG1;3947195.802775;15.03607567;15.03607567;107400.7523;-148375.83693707825;;0.0;0.0;4106421.37;10.0;EU000A3K4DG1;Bond;3947195.802775;3798819.965837922;0.0025;14.921050087687789;0.0;15.03607567
3382;400804;EU000A3K4DM9;4763389.59475;16.13554725;16.13554725;164878.3668;-192149.74469061743;;0.0;0.0;4968332.877;10.0;EU000A3K4DM9;Bond;4763389.59475;4571239.850059383;0.0025;15.921095363344543;0.0;16.13554725
3383;400804;EU000A3K4DW8;4847878.958450001;6.9238986;6.9238986;28440.34268;-83915.55583345355;;0.0;0.0;4935819.178;10.0;EU000A3K4DW8;Bond;4847878.958450001;4763963.402616547;0.0025;6.89708568479304;0.0;6.9238986
3384;400804;EU000A3K4DY4;4075656.4111499996;17.74775139;17.74775139;180481.7699;-180834.34184037455;;0.0;0.0;4268545.89;10.0;EU000A3K4DY4;Bond;4075656.4111499996;3894822.069309625;0.0025;17.42813629629901;0.0;17.74775139
3385;400804;EU000A3K4ES4;4859337.1397;8.190514772;8.190514772;40246.2071;-99501.18156210269;;0.0;0.0;4964032.192;10.0;EU000A3K4ES4;Bond;4859337.1397;4759835.958137898;0.0025;8.151170047691378;0.0;8.190514772
3386;400804;EU000A3K4EU0;5240318.6163;16.28433799;16.28433799;192053.0686;-213337.79880779586;;0.0;0.0;5467183.562;10.0;EU000A3K4EU0;Bond;5240318.6163;5026980.817492204;0.0025;16.031059136106883;0.0;16.28433799
3387;400804;EU000A3K4EY2;4400126.112675;17.54180843;17.54180843;198034.8755;-192965.4233409636;;0.0;0.0;4605482.192;10.0;EU000A3K4EY2;Bond;4400126.112675;4207160.689334037;0.0025;17.185930130710304;0.0;17.54180843
3388;400804;EU000A3KSXE1;4140341.27945;6.089761038;6.089761038;18090.4803;-63034.22251904419;;0.0;0.0;4206200.0;10.0;EU000A3KSXE1;Bond;4140341.27945;4077307.0569309555;0.0025;6.073240985539013;0.0;6.089761038
3389;400804;EU000A3LS460;4842146.3815750005;7.653495619;7.653495619;34677.82711;-92648.36529485242;;0.0;0.0;4939376.712;10.0;EU000A3LS460;Bond;4842146.3815750005;4749498.016280148;0.0025;7.620893998268537;0.0;7.653495619
3390;400804;FI4000278551;9529964.61204;2.392329874;2.392329874;7784.319422;-91195.27615818445;;0.0;0.0;9624086.301;9.0;FI4000278551;Bond;9529964.61204;9438769.335881816;0.0025;2.3862173386212393;0.0015;2.3886623527727435
3391;400804;FI4000369467;18069873.772520002;4.300818568;4.300818568;42017.15971;-310860.99456908094;;0.0;0.0;18394772.6;9.0;FI4000369467;Bond;18069873.772520002;17759012.77795092;0.0025;4.288929661939506;0.0015;4.2936852243637045
3392;400804;FI4000507231;8245162.938959999;6.257802632;6.257802632;38396.74286;-206386.40936277094;;0.0;0.0;8462946.575;10.0;FI4000507231;Bond;8245162.938959999;8038776.529597228;0.0025;6.239280840762403;0.0015;6.246689557257442
3393;400804;FI4000571104;9759610.06812;7.994434371;7.994434371;78413.34759;-312090.24870454473;;0.0;0.0;10091717.81;10.0;FI4000571104;Bond;9759610.06812;9447519.819415456;0.0025;7.953349936784353;0.0015;7.969783710470612
3394;400804;FI4000586284;9054035.472;14.38015572;14.38015572;252628.2224;-520793.7599270547;;0.0;0.0;9621379.452;9.0;FI4000586284;Bond;9054035.472;8533241.712072944;0.0025;14.199570945237488;0.0015;14.271804855142493
3395;400804;FR0011225143;2033807.9991400002;1.894381413;1.894381413;1125.601936;-23116.848427089222;;0.0;0.0;2057816.164;7.0;FR0011225143;Bond;2033807.9991400002;2010691.150712911;0.0025;1.8895169772177498;0.0035;1.8875712029048497
3396;400804;FR0011317783;15180831.12986;2.435513824;2.435513824;12947.7133;-166379.05834462607;;0.0;0.0;15352931.51;10.0;FR0011317783;Bond;15180831.12986;15014452.071515374;0.0025;2.429020671902837;0.002;2.4303193023222693
3397;400804;FR0011858323;5085470.891902001;1.018092017;1.018092017;1048.629317;-23298.64792979084;;0.0;0.0;5109441.781;6.0;FR0011858323;Bond;5085470.891902001;5062172.24397221;0.0025;1.0155282697308319;0.002;1.0160410191846656
3398;400804;FR0011949403;2064241.2759904;0.173155294;0.173155294;40.50501268;-4289.2116603726345;;0.0;0.0;2068730.137;2.0;FR0011949403;Bond;2064241.2759904;2059952.0643300274;0.0025;0.17273969519304605;0.0095;0.17157601853357507
3399;400804;FR0012685691;4803194.043941;1.994968522;1.994968522;2887.974365;-43119.994152240804;;0.0;0.0;4847780.822;6.0;FR0012685691;Bond;4803194.043941;4760074.049788759;0.0025;1.9898867397270978;0.002;1.9909030961816783
3400;400804;FR0012993103;13660365.514290001;5.66665951;5.66665951;54501.99925;-348338.8806823236;;0.0;0.0;14028595.89;10.0;FR0012993103;Bond;13660365.514290001;13312026.633607678;0.0025;5.64719231757434;0.002;5.651085756059472
3401;400804;FR0013066388;3093713.0812959997;1.999697941;1.999697941;1939.277998;-74237.90014454852;;0.0;0.0;3172489.726;5.0;FR0013066388;Bond;3093713.0812959997;3019475.181151451;0.0025;1.9940238003124577;0.0095;1.9781362063873398
3402;400804;FR0013067196;3011726.221188;1.120125631;1.120125631;721.7247465;-40482.14080688945;;0.0;0.0;3054236.301;5.0;FR0013067196;Bond;3011726.221188;2971244.0803811103;0.0025;1.1172713787764905;0.0095;1.1092794725506643
3403;400804;FR0013152899;1940741.996278;1.503092917;1.503092917;731.0068496;-17502.693289979416;;0.0;0.0;1958431.507;6.0;FR0013152899;Bond;1940741.996278;1923239.3029880207;0.0025;1.4993245480168416;0.0035;1.4978172004235784
3404;400804;FR0013155009;2029477.413628;1.003937102;1.003937102;413.0184106;-24449.612078545797;;0.0;0.0;2054934.247;6.0;FR0013155009;Bond;2029477.413628;2005027.8015494542;0.0025;1.001369082887373;0.0095;0.994178629372017
3405;400804;FR0013173028;2034219.8702800001;1.106709685;1.106709685;480.3996267;-27015.489982299838;;0.0;0.0;2062398.904;5.0;FR0013173028;Bond;2034219.8702800001;2007204.3802977004;0.0025;1.1038677221750666;0.0095;1.095910226265253
3406;400804;FR0013201431;1970819.1711600001;1.392721482;1.392721482;664.6729389;-32937.626361743605;;0.0;0.0;2005387.671;5.0;FR0013201431;Bond;1970819.1711600001;1937881.5447982566;0.0025;1.389139235025006;0.0095;1.379108943495023
3407;400804;FR0013234333;15178022.17935;11.84582139;11.84582139;267433.755;-809082.6290551738;;0.0;0.0;16061534.25;10.0;FR0013234333;Bond;15178022.17935;14368939.550294826;0.0025;11.756135035447075;0.002;11.77407230635766
3408;400804;FR0013245867;2842419.765434;2.857817309;2.857817309;3186.375915;-48738.69843060603;;0.0;0.0;2891983.151;7.0;FR0013245867;Bond;2842419.765434;2793681.067003394;0.0025;2.850209902988348;0.0035;2.847166940583687
3409;400804;FR0013254273;1919760.5434450002;2.02396935;2.02396935;1188.709098;-25255.987245268152;;0.0;0.0;1945981.644;8.0;FR0013254273;Bond;1919760.5434450002;1894504.556199732;0.0025;2.018730566169767;0.004;2.015587295871628
3410;400804;FR0013298676;1917737.0458079998;2.533510607;2.533510607;1744.112248;-29151.64288194848;;0.0;0.0;1947321.096;6.0;FR0013298676;Bond;1917737.0458079998;1888585.4029260513;0.0025;2.526820704245776;0.0035;2.524144743144087
3411;400804;FR0013312154;2826332.038156;2.65563444;2.65563444;2843.275052;-90068.45639282963;;0.0;0.0;2923160.959;6.0;FR0013312154;Bond;2826332.038156;2736263.58176317;0.0025;2.6481155581868934;0.0095;2.627062689110194
3412;400804;FR0013313582;16322057.0955;8.269323222;8.269323222;135325.1439;-607375.6459678262;;0.0;0.0;16974328.77;10.0;FR0013313582;Bond;16322057.0955;15714681.449532174;0.0025;8.233004068259563;0.002;8.24026789900765
3413;400804;FR0013330099;2874970.790762;2.86414573;2.86414573;3273.644849;-49406.011885414235;;0.0;0.0;2925222.329;7.0;FR0013330099;Bond;2874970.790762;2825564.7788765854;0.0025;2.8561872907440677;0.0035;2.853003915041695
3414;400804;FR0013343175;1674496.104475;7.443478614;7.443478614;11307.84583;-56088.34174298687;;0.0;0.0;1734557.26;6.0;FR0013343175;Bond;1674496.104475;1618407.7627320131;0.0025;7.413167442296466;0.002;7.419229676637173
3415;400804;FR0013381704;2983689.9839;0.62024165;0.62024165;296.1014434;-22207.305584431313;;0.0;0.0;3006821.918;5.0;FR0013381704;Bond;2983689.9839;2961482.6783155687;0.0025;0.6187223988470886;0.0095;0.6144684956189365
3416;400804;FR0013384567;2807391.66676;3.481344991;3.481344991;4502.044457;-58640.9935011004;;0.0;0.0;2869070.548;6.0;FR0013384567;Bond;2807391.66676;2748750.6732588997;0.0025;3.471553408299348;0.0035;3.4676367752190878
3417;400804;FR0013403433;1906838.207458;1.84056183;1.84056183;1001.796532;-22812.748534113303;;0.0;0.0;1930495.89;7.0;FR0013403433;Bond;1906838.207458;1884025.4589238865;0.0025;1.8358967372624186;0.004;1.8330976816198699
3418;400804;FR0013404969;4276603.04376;18.57429095;18.57429095;201277.5548;-357456.9114560422;;0.0;0.0;4678797.945;10.0;FR0013404969;Bond;4276603.04376;3919146.132303958;0.0025;18.260181147094222;0.002;18.323003107675376
3419;400804;FR0013407236;9061121.03922;3.99478674;3.99478674;18463.89217;-162887.60779654986;;0.0;0.0;9231465.753;10.0;FR0013407236;Bond;9061121.03922;8898233.43142345;0.0025;3.983739916302839;0.002;3.985949281042271
3420;400804;FR0013422490;2908391.673314;1.192984409;1.192984409;757.5645011;-15613.496646880603;;0.0;0.0;2924527.808;6.0;FR0013422490;Bond;2908391.673314;2892778.1766671194;0.0025;1.1900305533572852;0.002;1.1906213244858281
3421;400804;FR0013425162;2705845.95176;3.886416653;3.886416653;5503.928746;-126192.53720847241;;0.0;0.0;2843285.342;7.0;FR0013425162;Bond;2705845.95176;2579653.4145515277;0.0025;3.873325039318914;0.0095;3.8366685210118723
3422;400804;FR0013428513;1958993.8459199998;12.00160403;12.00160403;35690.33429;-141066.41061563202;;0.0;0.0;2114672.877;7.0;FR0013428513;Bond;1958993.8459199998;1817927.4353043677;0.0025;11.906232610935465;0.0035;11.86808404330965
3423;400804;FR0013431277;2504749.05372;5.690015371;5.690015371;10567.18059;-171024.72739397408;;0.0;0.0;2695528.767;7.0;FR0013431277;Bond;2504749.05372;2333724.326326026;0.0025;5.665484608238459;0.0095;5.596798472506143
3424;400804;FR0013433596;1929431.0505815;1.247512237;1.247512237;539.8974445;-15645.427499313217;;0.0;0.0;1945649.041;6.0;FR0013433596;Bond;1929431.0505815;1913785.6230821868;0.0025;1.2444074015039217;0.004;1.242544500206275
3425;400804;FR0013451507;17330767.23563;4.534326261;4.534326261;44214.44597;-353625.0884990797;;0.0;0.0;17702000.0;10.0;FR0013451507;Bond;17330767.23563;16977142.147130918;0.0025;4.521946269775614;0.002;4.5244222680204915
3426;400804;FR0013463668;1858754.052618;2.580729398;2.580729398;1735.630833;-28781.647363457465;;0.0;0.0;1887987.945;8.0;FR0013463668;Bond;1858754.052618;1829972.4052545426;0.0025;2.5740357998376093;0.0035;2.571358360572653
3427;400804;FR0013463775;4315825.7592;4.823246894;4.823246894;13258.72516;-249795.51825727915;;0.0;0.0;4592671.233;6.0;FR0013463775;Bond;4315825.7592;4066030.2409427213;0.0025;4.804603225365288;0.0095;4.752400953188095
3428;400804;FR0013476611;2825161.32756;1.723500831;1.723500831;1341.506496;-58430.014749104674;;0.0;0.0;2886934.932;7.0;FR0013476611;Bond;2825161.32756;2766731.3128108955;0.0025;1.7190559078053664;0.0095;1.7066101228603923
3429;400804;FR0013478047;1894280.3900225;1.771444162;1.771444162;933.2094297;-21811.477597626865;;0.0;0.0;1916877.26;6.0;FR0013478047;Bond;1894280.3900225;1872468.912424873;0.0025;1.7669730510478336;0.004;1.7642903844765336
3430;400804;FR0013479748;2845992.5761059998;1.783994967;1.783994967;1416.49775;-30463.418591354806;;0.0;0.0;2876783.425;6.0;FR0013479748;Bond;2845992.5761059998;2815529.157514645;0.0025;1.7795086470934467;0.0035;1.7777141191308254
3431;400804;FR0013484458;2833885.0505655003;1.831516624;1.831516624;1474.255268;-33736.999274002665;;0.0;0.0;2869043.836;8.0;FR0013484458;Bond;2833885.0505655003;2800148.0512914974;0.0025;1.8268971546416857;0.004;1.8241254730266971
3432;400804;FR0013486834;2741268.791972;2.80398629;2.80398629;2962.534778;-49962.12071431328;;0.0;0.0;2792153.836;4.0;FR0013486834;Bond;2741268.791972;2691306.671257687;0.0025;2.7966242219704625;0.004;2.7922069811527397
3433;400804;FR0013507647;1744501.716038;4.805150574;4.805150574;5051.892156;-50295.56053298389;;0.0;0.0;1797877.808;8.0;FR0013507647;Bond;1744501.716038;1694206.1555050162;0.0025;4.790476902613285;0.0035;4.7846074340586
3434;400804;FR0013508686;1929985.958744;1.514358792;1.514358792;735.6827436;-17536.147230363153;;0.0;0.0;1948133.699;7.0;FR0013508686;Bond;1929985.958744;1912449.8115136367;0.0025;1.5105623598290336;0.0035;1.5090437869606472
3435;400804;FR0013508710;2796887.9016975;2.884161021;2.884161021;3211.871955;-52433.387930185665;;0.0;0.0;2852178.082;8.0;FR0013508710;Bond;2796887.9016975;2744454.5137673146;0.0025;2.8762476454320423;0.004;2.8714996200912672
3436;400804;FR0013509643;2988140.80121;2.747080665;2.747080665;3195.301856;-49251.982915809596;;0.0;0.0;3038201.918;6.0;FR0013509643;Bond;2988140.80121;2938888.818294191;0.0025;2.739213601897833;0.0035;2.736066776656966
3437;400804;FR0013516184;3024238.4787792;0.175017006;0.175017006;60.62520486;-6351.5179678311615;;0.0;0.0;3030814.932;5.0;FR0013516184;Bond;3024238.4787792;3017886.9608113687;0.0025;0.1745924224665362;0.0095;0.17340358857283752
3438;400804;FR0013521382;1683605.8055675002;5.086130793;5.086130793;5321.978995;-38533.67698936694;;0.0;0.0;1724270.411;6.0;FR0013521382;Bond;1683605.8055675002;1645072.1285781332;0.0025;5.071776108704078;0.002;5.074647045563262
3439;400804;FR0013532280;2788118.21307;2.335105009;2.335105009;2193.11477;-42318.56723265526;;0.0;0.0;2832421.233;7.0;FR0013532280;Bond;2788118.21307;2745799.6458373447;0.0025;2.329071968020506;0.004;2.32545214343281
3440;400804;FR0013536661;1876215.082923;2.37996245;2.37996245;1528.220641;-29024.58939562244;;0.0;0.0;1906609.589;7.0;FR0013536661;Bond;1876215.082923;1847190.4935273775;0.0025;2.3737599241209772;0.004;2.3700384085935635
3441;400804;FR0013537305;2905277.975346;0.960336096;0.960336096;542.7196816;-16740.25985183137;;0.0;0.0;2922090.0;6.0;FR0013537305;Bond;2905277.975346;2888537.7154941685;0.0025;0.957971591174103;0.0035;0.9570257892437443
3442;400804;FR0014000OZ2;1961489.8776160001;0.630868859;0.630868859;199.3499721;-14849.31457237987;;0.0;0.0;1976958.904;7.0;FR0014000OZ2;Bond;1961489.8776160001;1946640.5630436202;0.0025;0.6293230499234321;0.0095;0.6249947845090423
3443;400804;FR0014002JM6;7666095.71895;17.20390006;17.20390006;273606.6373;-593490.3506964433;;0.0;0.0;8334328.767;10.0;FR0014002JM6;Bond;7666095.71895;7072605.368253556;0.0025;17.05157349873563;0.002;17.082038810988507
3444;400804;FR0014002QE8;2906506.625464;1.199632587;1.199632587;770.6696914;-41840.880746856215;;0.0;0.0;2950335.616;7.0;FR0014002QE8;Bond;2906506.625464;2864665.7447171435;0.0025;1.1966015514932615;0.0095;1.1881146520743935
3445;400804;FR0014002WK3;11963516.83563;6.46187467;6.46187467;59235.85824;-347880.3588192422;;0.0;0.0;12333000.0;10.0;FR0014002WK3;Bond;11963516.83563;11615636.476810757;0.0025;6.442479855484907;0.002;6.4463588183879255
3446;400804;FR0014003GX7;1651002.792568;5.842493738;5.842493738;6955.458556;-57875.84086199432;;0.0;0.0;1710831.781;4.0;FR0014003GX7;Bond;1651002.792568;1593126.9517060057;0.0025;5.822508844601985;0.0035;5.814514887242778
3447;400804;FR0014003XZ7;2383202.7908799998;6.304681619;6.304681619;12512.04465;-180304.01796012762;;0.0;0.0;2588178.082;7.0;FR0014003XZ7;Bond;2383202.7908799998;2202898.7729198723;0.0025;6.272801732095066;0.0095;6.183538048761249
3448;400804;FR0014003Y09;2783716.590136;2.138920371;2.138920371;1908.378098;-71449.77746079057;;0.0;0.0;2857007.671;5.0;FR0014003Y09;Bond;2783716.590136;2712266.8126752093;0.0025;2.1332190611998487;0.0095;2.117255393759424
3449;400804;FR0014004750;1805408.0073125;3.140933531;3.140933531;2388.948221;-36859.332557474205;;0.0;0.0;1844167.123;7.0;FR0014004750;Bond;1805408.0073125;1768548.6747550257;0.0025;3.1325167417149262;0.004;3.1274666681438816
3450;400804;FR00140058G6;1285319.65548;10.77318836;10.77318836;17668.27869;-83081.94450777807;;0.0;0.0;1377692.055;8.0;FR00140058G6;Bond;1285319.65548;1202237.7109722218;0.0025;10.719686985458983;0.0035;10.698286435642578
3451;400804;FR0014005J14;2683825.7560395;3.338298869;3.338298869;3966.466086;-58236.18115886826;;0.0;0.0;2745349.315;7.0;FR0014005J14;Bond;2683825.7560395;2625589.5748806316;0.0025;3.329211594733781;0.004;3.3237592301740495
3452;400804;FR0014005ZP8;2593747.87376;4.397052668;4.397052668;6317.089564;-68429.0760506144;;0.0;0.0;2663948.219;7.0;FR0014005ZP8;Bond;2593747.87376;2525318.7977093854;0.0025;4.384500188244518;0.0035;4.379479196342325
3453;400804;FR0014006CS9;1721535.78012;4.671168097;4.671168097;4693.657795;-48249.498083643295;;0.0;0.0;1771135.068;7.0;FR0014006CS9;Bond;1721535.78012;1673286.2820363566;0.0025;4.657556715763923;0.0035;4.652112163269493
3454;400804;FR0014006IG1;2601613.1914;3.676543276;3.676543276;4691.188981;-114779.32182713485;;0.0;0.0;2726409.37;5.0;FR0014006IG1;Bond;2601613.1914;2486833.869572865;0.0025;3.665256085813979;0.0095;3.6336519532931195
3455;400804;FR0014006NI7;2818802.953128;2.086693188;2.086693188;1831.009747;-38232.84998394212;;0.0;0.0;2858784.247;7.0;FR0014006NI7;Bond;2818802.953128;2780570.1031440576;0.0025;2.0813396599260536;0.004;2.078127543081686
3456;400804;FR0014006PN2;1364019.99272;10.71367069;10.71367069;18494.43768;-65761.47457460225;;0.0;0.0;1435797.26;6.0;FR0014006PN2;Bond;1364019.99272;1298258.5181453978;0.0025;10.661658209896062;0.002;10.672060705916849
3457;400804;FR0014006UO0;1520270.64302;7.957911524;7.957911524;11662.82613;-72589.0756181265;;0.0;0.0;1597224.932;8.0;FR0014006UO0;Bond;1520270.64302;1447681.5674018736;0.0025;7.924443764223516;0.0035;7.911056660312922
3458;400804;FR0014006XA3;1908165.0740369998;1.61979164;1.61979164;810.7938165;-20090.39392532324;;0.0;0.0;1929075.342;7.0;FR0014006XA3;Bond;1908165.0740369998;1888074.6801116767;0.0025;1.6157282627267942;0.004;1.6132902363628707
3459;400804;FR0014007LK5;2637588.27788;4.045382333;4.045382333;5566.120884;-69355.3446369137;;0.0;0.0;2711414.384;8.0;FR0014007LK5;Bond;2637588.27788;2568232.933243086;0.0025;4.03353745470605;0.004;4.026430527729679
3460;400804;FR0014007LL3;1899760.1821080002;1.737689457;1.737689457;906.143669;-21457.756055303573;;0.0;0.0;1922082.192;7.0;FR0014007LL3;Bond;1899760.1821080002;1878302.4260526965;0.0025;1.7333139205061012;0.004;1.7306885986097618
3461;400804;FR0014007LP4;1500922.34614;8.18400612;8.18400612;12071.45688;-73701.3459987271;;0.0;0.0;1579045.48;7.0;FR0014007LP4;Bond;1500922.34614;1427221.000141273;0.0025;8.150383698203369;0.0035;8.136934729484716
3462;400804;FR0014007ML1;2854346.4997159997;1.730110693;1.730110693;1351.732712;-32099.180104457526;;0.0;0.0;2887756.849;7.0;FR0014007ML1;Bond;2854346.4997159997;2822247.3196115424;0.0025;1.7257546519253197;0.004;1.7231410272805117
3463;400804;FR0014007VJ6;2654146.94432;3.613585276;3.613585276;4658.853007;-115091.8358200217;;0.0;0.0;2779448.63;7.0;FR0014007VJ6;Bond;2654146.94432;2539055.108499978;0.0025;3.602347500381285;0.0095;3.570881728648882
3464;400804;FR00140082Z6;2692237.6984;4.535147115;4.535147115;6637.947148;-73258.164184758;;0.0;0.0;2767455.205;6.0;FR00140082Z6;Bond;2692237.6984;2618979.534215242;0.0025;4.524926330234452;0.0035;4.5208380163282325
3465;400804;FR0014008CP1;1254186.2098849998;14.23397427;14.23397427;31497.35878;-80334.24408581358;;0.0;0.0;1343283.836;6.0;FR0014008CP1;Bond;1254186.2098849998;1173851.9657991861;0.0025;14.11264478442786;0.002;14.136910681542288
3466;400804;FR0014008PC1;2870940.613072;1.834448195;1.834448195;1515.434235;-63199.101907225486;;0.0;0.0;2937863.014;6.0;FR0014008PC1;Bond;2870940.613072;2807741.5111647747;0.0025;1.8296648737631278;0.0095;1.8162715742998858
3467;400804;FR0014008PK4;1879306.3902760001;2.782091677;2.782091677;2012.755522;-33984.61733497853;;0.0;0.0;1915082.192;7.0;FR0014008PK4;Bond;1879306.3902760001;1845321.7729410217;0.0025;2.774666517769394;0.004;2.7702114222310303
3468;400804;FR00140099G0;1909963.6902174999;1.920278287;1.920278287;1077.353748;-23839.801721339885;;0.0;0.0;1934709.863;7.0;FR00140099G0;Bond;1909963.6902174999;1886123.88849616;0.0025;1.9153952018212033;0.004;1.9124653507139253
3469;400804;FR0014009HA0;2873970.516564;1.908823613;1.908823613;1622.164896;-65830.83342099804;;0.0;0.0;2943750.0;8.0;FR0014009HA0;Bond;2873970.516564;2808139.683143002;0.0025;1.9038217974350258;0.0095;1.889816713853098
3470;400804;FR0014009O62;3604992.01209;11.43647337;11.43647337;57693.78891;-185527.77815398504;;0.0;0.0;3807582.192;10.0;FR0014009O62;Bond;3604992.01209;3419464.2339360146;0.0025;11.363359167819373;0.002;11.377982008255499
3471;400804;FR001400AFL5;2946467.00059;2.02079053;2.02079053;1144.339646;-35725.15567049866;;0.0;0.0;2982588.082;7.0;FR001400AFL5;Bond;2946467.00059;2910741.8449195013;0.0025;2.0212900940401726;0.0035;2.0214899196562417
3472;400804;FR001400AFN1;2853923.73568;4.599740509;4.599740509;7831.755909;-78763.85169962342;;0.0;0.0;2934858.904;7.0;FR001400AFN1;Bond;2853923.73568;2775159.8839803766;0.0025;4.584029379750265;0.0035;4.577744928050371
3473;400804;FR001400AFO9;1798278.9344600001;7.556856682;7.556856682;13252.5652;-81536.01709184336;;0.0;0.0;1885393.151;7.0;FR001400AFO9;Bond;1798278.9344600001;1716742.9173681568;0.0025;7.5153823235208685;0.0035;7.498792580129216
3474;400804;FR001400AIN5;18887631.018955;2.818349611;2.818349611;20539.18304;-239543.7639074251;;0.0;0.0;19135972.6;10.0;FR001400AIN5;Bond;18887631.018955;18648087.255047575;0.0025;2.8110213240755515;0.002;2.812486981460441
3475;400804;FR001400AJX2;1935155.93574;3.847772991;3.847772991;3785.275075;-44676.24445748222;;0.0;0.0;1980844.11;7.0;FR001400AJX2;Bond;1935155.93574;1890479.691282518;0.0025;3.8358849615658084;0.0035;3.8311297497921317
3476;400804;FR001400AKP6;2996987.1451505003;2.173355658;2.173355658;2114.930731;-42337.8732976297;;0.0;0.0;3041280.822;8.0;FR001400AKP6;Bond;2996987.1451505003;2954649.2718528705;0.0025;2.167522204545887;0.004;2.164022132473419
3477;400804;FR001400AY79;3032059.889344;2.028514066;2.028514066;1939.038723;-73806.91361386448;;0.0;0.0;3110476.027;8.0;FR001400AY79;Bond;3032059.889344;2958252.975730135;0.0025;2.022813438967958;0.0095;2.006851683278241
3478;400804;FR001400B1L7;3176221.939336;1.867977727;1.867977727;1751.885209;-35598.671032130354;;0.0;0.0;3212990.137;6.0;FR001400B1L7;Bond;3176221.939336;3140623.2683038698;0.0025;1.8629120141448747;0.0035;1.8608857290028247
3479;400804;FR001400CHR4;3208261.2619200004;6.43803786;6.43803786;18878.73355;-247858.88962814806;;0.0;0.0;3489090.822;6.0;FR001400CHR4;Bond;3208261.2619200004;2960402.3722918523;0.0025;6.3945483693823455;0.0095;6.272777795652912
3480;400804;FR001400CKA4;3116977.479816;2.213473081;2.213473081;2321.143837;-82792.14894787126;;0.0;0.0;3205140.411;6.0;FR001400CKA4;Bond;3116977.479816;3034185.3308681287;0.0025;2.2071047944652933;0.0095;2.189273592168114
3481;400804;FR001400D6M2;2032296.68154;1.628766254;1.628766254;876.4491076;-19860.81751805122;;0.0;0.0;2052901.644;6.0;FR001400D6M2;Bond;2032296.68154;2012435.8640219488;0.0025;1.6246169424334407;0.0035;1.622957217806817
3482;400804;FR001400D6N0;3136170.3337600003;3.859727906;3.859727906;6264.236262;-72628.58493109685;;0.0;0.0;3211940.137;7.0;FR001400D6N0;Bond;3136170.3337600003;3063541.7488289033;0.0025;3.847036259086482;0.0035;3.8419596003210748
3483;400804;FR001400DCZ6;3074695.0254105004;2.587478338;2.587478338;2935.752008;-51712.094032339184;;0.0;0.0;3128938.356;7.0;FR001400DCZ6;Bond;3074695.0254105004;3022982.931378161;0.0025;2.580345678446968;0.004;2.576066082715148
3484;400804;FR001400DLD4;3056015.30992;3.503875219;3.503875219;5180.559208;-128494.75575975952;;0.0;0.0;3195503.425;6.0;FR001400DLD4;Bond;3056015.30992;2927520.5541602406;0.0025;3.492188056067778;0.0095;3.4594639998575563
3485;400804;FR001400DNF5;2156647.92806;11.00191897;11.00191897;38284.55016;-142363.59450800705;;0.0;0.0;2313458.63;7.0;FR001400DNF5;Bond;2156647.92806;2014284.3335519927;0.0025;10.860727581225516;0.0035;10.804251025715724
3486;400804;FR001400DNU4;4052332.59796;2.441977417;2.441977417;3488.889817;-59374.22814234755;;0.0;0.0;4114107.397;7.0;FR001400DNU4;Bond;4052332.59796;3992958.3698176523;0.0025;2.4353615910950865;0.0035;2.4327152607331213
3487;400804;FR001400DQ84;3143832.76988;3.066917878;3.066917878;4101.947641;-57851.26156432339;;0.0;0.0;3203920.274;7.0;FR001400DQ84;Bond;3143832.76988;3085981.508315677;0.0025;3.057813838025605;0.0035;3.054172222035847
3488;400804;FR001400EHG3;3028107.58503;4.147789175;4.147789175;6902.117204;-81639.68710249837;;0.0;0.0;3115171.233;8.0;FR001400EHG3;Bond;3028107.58503;2946467.8979275017;0.0025;4.13381581111403;0.004;4.125431792782448
3489;400804;FR001400F0H3;3141573.69668;3.224765432;3.224765432;4475.345175;-60785.0295548047;;0.0;0.0;3204995.753;6.0;FR001400F0H3;Bond;3141573.69668;3080788.6671251953;0.0025;3.215149331996098;0.0035;3.2113028919945372
3490;400804;FR001400F323;2956430.90172;6.323974759;6.323974759;16172.64536;-224356.73279045871;;0.0;0.0;3209554.932;8.0;FR001400F323;Bond;2956430.90172;2732074.1689295415;0.0025;6.287198212565398;0.0095;6.184223882548512
3491;400804;FR001400F4B8;1967057.4796545;4.55477506;4.55477506;5205.186846;-40317.76957462549;;0.0;0.0;2009448.219;7.0;FR001400F4B8;Bond;1967057.4796545;1926739.7100798746;0.0025;4.540485516337284;0.002;4.5433434250698275
3492;400804;FR001400F6E7;3481359.2909979997;1.715888646;1.715888646;1636.592997;-35841.749280420474;;0.0;0.0;3518570.11;7.0;FR001400F6E7;Bond;3481359.2909979997;3445517.541717579;0.0025;1.7114967875679798;0.0035;1.7097400441951716
3493;400804;FR001400FB06;3023187.821598;2.649500636;2.649500636;2999.439204;-52064.597364463814;;0.0;0.0;3077648.63;8.0;FR001400FB06;Bond;3023187.821598;2971123.224233536;0.0025;2.642246657266484;0.004;2.6378942700263748
3494;400804;FR001400FB22;2993123.1672400003;4.196975272;4.196975272;7178.581269;-150744.76702747925;;0.0;0.0;3158630.137;8.0;FR001400FB22;Bond;2993123.1672400003;2842378.400212521;0.0025;4.181052822445047;0.0095;4.13646996369118
3495;400804;FR001400FDB0;3016125.1533;5.699108821;5.699108821;12643.36396;-103135.35279847204;;0.0;0.0;3125605.479;7.0;FR001400FDB0;Bond;3016125.1533;2912989.8005015277;0.0025;5.675510353039326;0.0035;5.666070965855057
3496;400804;FR001400FDC8;1842456.5133399998;11.6555363;11.6555363;33751.20774;-128848.91263443482;;0.0;0.0;1984192.603;7.0;FR001400FDC8;Bond;1842456.5133399998;1713607.600705565;0.0025;11.537200335174152;0.0035;11.489865949243812
3497;400804;FR001400FTH3;11677249.0638;17.48289664;17.48289664;544033.6257;-918684.6228987847;;0.0;0.0;12700191.78;10.0;FR001400FTH3;Bond;11677249.0638;10758564.440901214;0.0025;17.08229596943309;0.002;17.162416103546473
3498;400804;FR001400G3Y1;2972832.81186;3.496527024;3.496527024;4848.922879;-62367.54158701438;;0.0;0.0;3036717.945;7.0;FR001400G3Y1;Bond;2972832.81186;2910465.2702729856;0.0025;3.4863143213395014;0.0035;3.482229240275302
3499;400804;FR001400H2O3;3184600.783098;1.629066425;1.629066425;1408.308636;-31127.557276641957;;0.0;0.0;3216750.822;6.0;FR001400H2O3;Bond;3184600.783098;3153473.225821358;0.0025;1.624645454888705;0.0035;1.6228770668441872
3500;400804;FR001400H4K7;1722312.75012;16.26495948;16.26495948;72302.89714;-168080.082555535;;0.0;0.0;1912629.315;8.0;FR001400H4K7;Bond;1722312.75012;1554232.667564465;0.0025;15.876828729616207;0.0035;15.721576429462688
3501;400804;FR001400H9B5;3134118.480765;4.319425774;4.319425774;7907.866076;-87994.34893980942;;0.0;0.0;3227958.904;7.0;FR001400H9B5;Bond;3134118.480765;3046124.1318251905;0.0025;4.302990501642535;0.004;4.293129338228056
3502;400804;FR001400HIK6;1968712.84872;6.828911975;6.828911975;11930.79225;-80665.00048776223;;0.0;0.0;2055688.767;8.0;FR001400HIK6;Bond;1968712.84872;1888047.8482322376;0.0025;6.793992089122742;0.0035;6.78002413477184
3503;400804;FR001400HMF8;3136784.199135;4.352446791;4.352446791;8028.659338;-88742.46109030013;;0.0;0.0;3231433.151;8.0;FR001400HMF8;Bond;3136784.199135;3048041.7380446997;0.0025;4.335818294037376;0.004;4.325841195859802
3504;400804;FR001400HOZ2;2100745.842817;2.791704012;2.791704012;2344.195389;-38120.293884299506;;0.0;0.0;2140727.123;7.0;FR001400HOZ2;Bond;2100745.842817;2062625.5489327007;0.0025;2.7832908603152333;0.004;2.7782429693043733
3505;400804;FR001400I7P8;3219607.296176;2.769179012;2.769179012;3640.609054;-106988.02741743176;;0.0;0.0;3334448.63;6.0;FR001400I7P8;Bond;3219607.296176;3112619.2687585684;0.0025;2.760080847127832;0.0095;2.734605985485763
3506;400804;FR001400IEQ0;3205370.504012;2.664441043;2.664441043;3294.728187;-51243.12437346701;;0.0;0.0;3258668.63;6.0;FR001400IEQ0;Bond;3205370.504012;3154127.3796385326;0.0025;2.656492220938291;0.0035;2.6533126921136074
3507;400804;FR001400IIO6;3412022.0691;3.614587173;3.614587173;6049.562418;-73998.30722977067;;0.0;0.0;3488566.521;6.0;FR001400IIO6;Bond;3412022.0691;3338023.761870229;0.0025;3.602924927586394;0.0035;3.598260029420952
3508;400804;FR001400IIS7;2007850.737;7.933277449;7.933277449;16778.56238;-95573.02183680078;;0.0;0.0;2110980.0;7.0;FR001400IIS7;Bond;2007850.737;1912277.7151631992;0.0025;7.88170770343618;0.0035;7.861079805210652
3509;400804;FR001400IJ13;2075082.813;6.512619879;6.512619879;11821.37944;-87842.46626034776;;0.0;0.0;2170479.452;7.0;FR001400IJ13;Bond;2075082.813;1987240.3467396523;0.0025;6.476234848895574;0.004;6.454403830832918
3510;400804;FR001400KDS4;3136428.93088;3.005253041;3.005253041;4068.569128;-113109.15098888997;;0.0;0.0;3258441.781;7.0;FR001400KDS4;Bond;3136428.93088;3023319.77989111;0.0025;2.995401957261265;0.0095;2.9678189227928073
3511;400804;FR001400KSZ7;3106848.97248;6.374861549;6.374861549;17670.45194;-237668.78463855496;;0.0;0.0;3371851.644;6.0;FR001400KSZ7;Bond;3106848.97248;2869180.187841445;0.0025;6.334269199539971;0.0095;6.22061062105189
3512;400804;FR001400KY69;3162112.54452;3.77956065;3.77956065;6106.20884;-71708.37686483498;;0.0;0.0;3237213.288;7.0;FR001400KY69;Bond;3162112.54452;3090404.167655165;0.0025;3.7669970065517386;0.0035;3.7619715491724337
3513;400804;FR001400KZQ1;2092851.6371419998;3.133992609;3.133992609;2855.657382;-42633.38015648775;;0.0;0.0;2137890.411;7.0;FR001400KZQ1;Bond;2092851.6371419998;2050218.256985512;0.0025;3.1244353451948967;0.004;3.118700986911835
3514;400804;FR001400L255;3117532.6102340003;3.059775364;3.059775364;4043.421425;-57233.69686356365;;0.0;0.0;3176682.74;6.0;FR001400L255;Bond;3117532.6102340003;3060298.9133704365;0.0025;3.050756074511162;0.0035;3.047148358715627
3515;400804;FR001400LCK1;3719508.05612;4.170222022;4.170222022;-15181.32426;-93067.0464398282;;0.0;0.0;3817102.877;6.0;FR001400LCK1;Bond;3719508.05612;3626441.0096801715;0.0025;4.315737423789104;0.0035;4.373943584504746
3516;400804;FR001400LUK3;3062953.81278;5.490806113;5.490806113;12032.57896;-100908.51311429447;;0.0;0.0;3169833.699;7.0;FR001400LUK3;Bond;3062953.81278;2962045.2996657053;0.0025;5.467967911272717;0.0035;5.458832630581803
3517;400804;FR001400M9L7;3114491.5251;1.956945156;1.956945156;1854.003322;-36569.33462068499;;0.0;0.0;3152247.534;7.0;FR001400M9L7;Bond;3114491.5251;3077922.1904793154;0.0025;1.951637171165751;0.0035;1.9495139772320513
3518;400804;FR001400MIG4;2940509.0958600002;5.708322352;5.708322352;12283.73909;-100712.24278894169;;0.0;0.0;3046864.521;6.0;FR001400MIG4;Bond;2940509.0958600002;2839796.8530710586;0.0025;5.685349232736954;0.0035;5.6761599850317355
3519;400804;FR001400N277;1942821.6131;5.090194469;5.090194469;6431.037428;-59336.038975531665;;0.0;0.0;2004670.685;6.0;FR001400N277;Bond;1942821.6131;1883485.5741244683;0.0025;5.072215835134627;0.0035;5.0650243815884775
3520;400804;FR001400N4G7;2970803.050365;5.045011036;5.045011036;9820.55026;-97420.27213668026;;0.0;0.0;3075327.534;7.0;FR001400N4G7;Bond;2970803.050365;2873382.7782283197;0.0025;5.025999157814107;0.004;5.014592030902572
3521;400804;FR001400N4L7;3013479.1205349998;3.45376532;3.45376532;4844.626273;-67651.02291381125;;0.0;0.0;3085040.959;7.0;FR001400N4L7;Bond;3013479.1205349998;2945828.0976211885;0.0025;3.4433952527515235;0.004;3.4371732124024374
3522;400804;FR001400N5B5;2044729.4170970002;2.090822229;2.090822229;1356.64869;-27788.577164118033;;0.0;0.0;2073444.11;6.0;FR001400N5B5;Bond;2044729.4170970002;2016940.8399328822;0.0025;2.0851639309553076;0.004;2.0817689521284923
3523;400804;FR001400NEF3;12209891.74075;15.87602056;15.87602056;444497.8555;-872300.2154018454;;0.0;0.0;13171972.6;10.0;FR001400NEF3;Bond;12209891.74075;11337591.525348155;0.0025;15.596022293296382;0.002;15.652021946637106
3524;400804;FR001400O457;2125399.2200660002;1.811026022;1.811026022;1090.86944;-23094.919768068183;;0.0;0.0;2149408.973;7.0;FR001400O457;Bond;2125399.2200660002;2102304.3002979322;0.0025;1.8063942126162684;0.0035;1.8045414888627758
3525;400804;FR001400OHF4;8140354.208699999;17.45191114;17.45191114;384633.5443;-639291.3223426084;;0.0;0.0;8852027.397;10.0;FR001400OHF4;Bond;8140354.208699999;7501062.886357391;0.0025;17.032078593699776;0.002;17.11604510295982
3526;400804;FR001400P3E2;3073554.9145;4.93521576;4.93521576;10004.42522;-91011.93991959511;;0.0;0.0;3169433.836;7.0;FR001400P3E2;Bond;3073554.9145;2982542.974580405;0.0025;4.9147316141759205;0.0035;4.906537955846289
3527;400804;FR001400PGC0;2947782.23984;5.010072381;5.010072381;10257.72913;-177223.22862029643;;0.0;0.0;3144606.164;7.0;FR001400PGC0;Bond;2947782.23984;2770559.0112197036;0.0025;4.985829134671898;0.0095;4.917948044953215
3528;400804;FR001400PM68;19663252.30413;4.523752463;4.523752463;51314.89305;-400282.5871862933;;0.0;0.0;20083232.88;10.0;FR001400PM68;Bond;19663252.30413;19262969.716943707;0.0025;4.509671180823328;0.002;4.512487437258662
3529;400804;FR001400PNN3;2431762.2675300003;7.539330698;7.539330698;17803.6526;-82502.3696122216;;0.0;0.0;2520085.674;6.0;FR001400PNN3;Bond;2431762.2675300003;2349259.8979177787;0.0025;7.498402053709362;0.002;7.50658778256749
3530;400804;FR001400PU76;2038256.858035;3.768453278;3.768453278;3858.657989;-34564.840821305894;;0.0;0.0;2074398.904;8.0;FR001400PU76;Bond;2038256.858035;2003692.017213694;0.0025;3.756628462093817;0.002;3.7589934252750536
3531;400804;FR001400Q0T5;2996342.42816;5.274095811;5.274095811;10951.71244;-102719.48081642146;;0.0;0.0;3106394.795;7.0;FR001400Q0T5;Bond;2996342.42816;2893622.9473435786;0.0025;5.252260352860807;0.004;5.23915907797729
3532;400804;FR001400QMF9;18835186.5341;8.140880853;8.140880853;157059.9464;-690007.5423816215;;0.0;0.0;19575123.29;10.0;FR001400QMF9;Bond;18835186.5341;18145178.991718378;0.0025;8.098099564220385;0.002;8.106655821976307
3533;400804;FR001400QR70;4983342.3337199995;8.37449767;8.37449767;47294.21728;-250397.932575303;;0.0;0.0;5255053.425;7.0;FR001400QR70;Bond;4983342.3337199995;4732944.401144696;0.0025;8.312566666980922;0.0035;8.287794265773291
3534;400804;FR001400SVC3;1862682.41429;7.760649213;7.760649213;14624.12487;-93961.56128143606;;0.0;0.0;1965491.233;7.0;FR001400SVC3;Bond;1862682.41429;1768720.8530085639;0.0025;7.71494064895017;0.004;7.687515510520272
3535;400804;FR001400SVD1;2962823.7672125003;2.651868358;2.651868358;2937.399763;-51070.620890907725;;0.0;0.0;3016438.356;7.0;FR001400SVD1;Bond;2962823.7672125003;2911753.1463215924;0.0025;2.6446638975840293;0.004;2.640341221334447
3536;400804;FR001400TWD7;2883082.3806800004;5.722789262;5.722789262;12054.91393;-98995.63733770142;;0.0;0.0;2987111.507;6.0;FR001400TWD7;Bond;2883082.3806800004;2784086.743342299;0.0025;5.7001335812678295;0.0035;5.691071308974961
3537;400804;FR001400U595;1859961.41236;7.771748396;7.771748396;14552.25876;-86730.91273878435;;0.0;0.0;1953361.918;7.0;FR001400U595;Bond;1859961.41236;1773230.4996212155;0.0025;7.727149645116477;0.0035;7.709310144763069
3538;400804;FR001400U678;1874271.2406799998;7.170485942;7.170485942;12350.96562;-80636.613496745;;0.0;0.0;1960481.096;6.0;FR001400U678;Bond;1874271.2406799998;1793634.6271832548;0.0025;7.1342820408568866;0.0035;7.1198004803996415
3539;400804;FR001400WKP0;2851453.40116;4.61058933;4.61058933;8172.727042;-157762.56751656605;;0.0;0.0;3025849.315;7.0;FR001400WKP0;Bond;2851453.40116;2693690.8336434336;0.0025;4.5920791179160165;0.0095;4.540250524080865
3540;400804;FR001400XC78;1910040.0412899998;5.358108739;5.358108739;6952.698231;-66522.31454099316;;0.0;0.0;1981001.096;7.0;FR001400XC78;Bond;1910040.0412899998;1843517.7267490067;0.0025;5.338880066368472;0.004;5.327342862789555
3541;400804;FR001400XJE4;4751706.2039749995;5.914165895;5.914165895;21092.93248;-182665.46203495757;;0.0;0.0;4947927.397;5.0;FR001400XJE4;Bond;4751706.2039749995;4569040.741940042;0.0025;5.890633718996873;0.004;5.876514413394997
3542;400804;FR001400XRB3;2828489.43656;5.978385807;5.978385807;12814.53881;-101458.8066166784;;0.0;0.0;2935569.452;6.0;FR001400XRB3;Bond;2828489.43656;2727030.6299433215;0.0025;5.954475453262875;0.0035;5.944911311768025
3543;400804;IE000GVLBXU6;9151946.4394;13.73468022;13.73468022;229779.6911;-502796.23094290646;;0.0;0.0;9698794.521;9.0;IE000GVLBXU6;Bond;9151946.4394;8649150.208457094;0.0025;13.57860398178451;0.0015;13.641034477070706
3544;400804;IE000LQ7YWY4;9441556.6106;8.212323173;8.212323173;79099.77517;-310148.4565696869;;0.0;0.0;9771821.918;9.0;IE000LQ7YWY4;Bond;9441556.6106;9131408.154030314;0.0025;8.171483002564681;0.0015;8.187819070738808
3545;400804;IE00BFZRQ242;13645891.54592;5.612312592;5.612312592;52586.72809;-306340.0358089326;;0.0;0.0;13967712.33;10.0;IE00BFZRQ242;Bond;13645891.54592;13339551.510111067;0.0025;5.594716037301516;0.0015;5.6017546591809095
3546;400804;IE00BV8C9B83;12447493.0348;10.42744376;10.42744376;166608.3873;-519182.1342934749;;0.0;0.0;13006561.64;10.0;IE00BV8C9B83;Bond;12447493.0348;11928310.900506526;0.0025;10.364650343387831;0.0015;10.389767710032698
3547;400804;IT0005358806;18442457.874;8.314730734;8.314730734;156435.6326;-920064.4277726887;;0.0;0.0;19425495.57;10.0;IT0005358806;Bond;18442457.874;17522393.446227312;0.0025;8.275508512984253;0.0035;8.259819624577954
3548;400804;IT0005383309;13635471.532979999;4.744521044;4.744521044;35759.91858;-388162.68979851925;;0.0;0.0;14041023.18;10.0;IT0005383309;Bond;13635471.532979999;13247308.84318148;0.0025;4.73523310384638;0.0035;4.731517927784933
3549;400804;IT0005438004;8661833.957799999;16.02667433;16.02667433;290500.999;-832922.3516531731;;0.0;0.0;9593373.544;10.0;IT0005438004;Bond;8661833.957799999;7828911.6061468255;0.0025;15.830358866873691;0.0035;15.751832681623167
3550;400804;IT0005449969;12492401.382059999;6.334614375;6.334614375;57465.96227;-474807.27223840286;;0.0;0.0;12994300.02;10.0;IT0005449969;Bond;12492401.382059999;12017594.109821595;0.0025;6.319930890260619;0.0035;6.314057496364867
3551;400804;IT0005519787;15421929.70876;4.259999329;4.259999329;33760.99354;-394184.4612672166;;0.0;0.0;15832361.08;10.0;IT0005519787;Bond;15421929.70876;15027745.247492785;0.0025;4.250639441315121;0.0035;4.246895486241169
3552;400804;IT0005542359;15423255.68998;5.69113164;5.69113164;60903.84723;-526654.6706943313;;0.0;0.0;15976760.95;10.0;IT0005542359;Bond;15423255.68998;14896601.01928567;0.0025;5.673383285738116;0.0035;5.6662839440333626
3553;400804;IT0005570988;3607698.55975;3.514946406;3.514946406;6004.902554;-82425.63606241017;;0.0;0.0;3694849.315;7.0;IT0005570988;Bond;3607698.55975;3525272.92368759;0.0025;3.5042218006228194;0.004;3.497787037396511
3554;400804;IT0005582421;19099226.8312;10.59936652;10.59936652;287729.1924;-1214638.2325950419;;0.0;0.0;20408695.78;10.0;IT0005582421;Bond;19099226.8312;17884588.59860496;0.0025;10.503608810226513;0.0035;10.465305726317117
3555;400804;IT0005596470;14479753.341;9.639151407;9.639151407;174941.5249;-837435.2087394785;;0.0;0.0;15379462.32;10.0;IT0005596470;Bond;14479753.341;13642318.132260522;0.0025;9.569389435855582;0.0035;9.541484647397814
3556;400804;IT0005607970;19272655.990000002;8.089143369;8.089143369;156578.2178;-935395.6644271599;;0.0;0.0;20270396.17;10.0;IT0005607970;Bond;19272655.990000002;18337260.32557284;0.0025;8.049619681643497;0.0035;8.033810206700895
3557;400804;IT0005611741;13344470.4468;16.00473384;16.00473384;550318.1955;-1281448.186420679;;0.0;0.0;14749306.02;10.0;IT0005611741;Bond;13344470.4468;12063022.26037932;0.0025;15.61412715180722;0.0035;15.457884476530108
3558;400804;IT0005619546;19346910.255999997;5.865126115;5.865126115;79887.19695;-680832.4115221614;;0.0;0.0;20064077.08;10.0;IT0005619546;Bond;19346910.255999997;18666077.844477836;0.0025;5.847895459698619;0.0035;5.8410031975780665
3559;400804;IT0005631608;13443737.803199999;13.76883731;13.76883731;366463.9046;-1110627.8319033454;;0.0;0.0;14653167.03;9.0;IT0005631608;Bond;13443737.803199999;12333109.971296653;0.0025;13.561312548763489;0.0035;13.478302644268885
3560;400804;IT0005632267;2937715.06726;4.351068937;4.351068937;7246.448308;-83084.30503692703;;0.0;0.0;3026160.411;6.0;IT0005632267;Bond;2937715.06726;2854630.762223073;0.0025;4.336731053682492;0.004;4.328128323691987
3561;400804;LU1717592346;18623005.616779998;1.07422244;1.035547903;-42448.47452;-497123.35322000005;;0.0;7256.479557;24125447.43;;LU1717592346;Fund Unit;18623005.616779998;18125882.263559997;0.0;1.07422244;0.0;1.035547903
3562;400804;NL0000102317;16327887.57244;2.591584856;2.591584856;15622.31361;-169260.42465282444;;0.0;0.0;16503020.55;10.0;NL0000102317;Bond;16327887.57244;16158627.147787176;0.0025;2.584455956505066;0.0015;2.5873075163030395
3563;400804;NL0013332430;18024325.08264;4.165901518;4.165901518;39426.60234;-300350.25289078185;;0.0;0.0;18337479.45;10.0;NL0013332430;Bond;18024325.08264;17723974.82974922;0.0025;4.15460308804296;0.0015;4.159122460025776
3564;400804;NL0013552060;9797632.9088;13.71320926;13.71320926;215044.3088;-537427.9613241476;;0.0;0.0;10384910.96;10.0;NL0013552060;Bond;9797632.9088;9260204.947475852;0.0025;13.634624573547296;0.0015;13.666058448128377
3565;400804;NL00150006U0;16605209.8848;6.131920983;6.131920983;74230.56043;-407287.3396788965;;0.0;0.0;17034000.0;10.0;NL00150006U0;Bond;16605209.8848;16197922.545121104;0.0025;6.114164182717676;0.0015;6.121266902830605
3566;400804;NL0015000B11;9600796.3068;12.40687984;12.40687984;167936.5985;-476463.7045871335;;0.0;0.0;10119000.0;10.0;NL0015000B11;Bond;9600796.3068;9124332.602212867;0.0025;12.354407889802541;0.0015;12.375396669881525
3567;400804;NL00150012X2;7162674.6392;20.34367691;20.34367691;410548.2833;-582860.5546853424;;0.0;0.0;7815095.89;10.0;NL00150012X2;Bond;7162674.6392;6579814.084514658;0.0025;19.945396522974786;0.0015;20.10470867778487
3568;400804;NL0015001AM2;9679364.46572;7.248520693;7.248520693;63369.72583;-280644.29449944117;;0.0;0.0;9976497.261;10.0;NL0015001AM2;Bond;9679364.46572;9398720.171220558;0.0025;7.216201095796518;0.0015;7.229128934677911
3569;400804;NL0015001DQ7;9902448.185719999;4.449302561;4.449302561;24985.24099;-176235.95229157514;;0.0;0.0;10086369.86;10.0;NL0015001DQ7;Bond;9902448.185719999;9726212.233428424;0.0025;4.435714850056503;0.0015;4.441149934433902
3570;400804;NL0015001RG8;14369693.7048;13.84448201;13.84448201;366581.5202;-795763.8639412554;;0.0;0.0;15234274.38;10.0;NL0015001RG8;Bond;14369693.7048;13573929.840858744;0.0025;13.685887714935138;0.0015;13.749325432961083
3571;400804;NL0015001XZ6;19090403.9256;8.009685126;8.009685126;152629.7969;-611632.4974888414;;0.0;0.0;19740794.52;10.0;NL0015001XZ6;Bond;19090403.9256;18478771.42811116;0.0025;7.970195123490551;0.0015;7.985991124494331
3572;400804;PTBCPHOM0066;2942587.0736855003;0.846752184;0.846752184;455.7240718;-16195.673203146882;;0.0;0.0;2959345.89;4.0;PTBCPHOM0066;Bond;2942587.0736855003;2926391.4004823533;0.0025;0.8446728594762021;0.004;0.8434252647619233
3573;400804;PTCGDCOM0037;1917885.599345;1.433646492;1.433646492;668.9186738;-17872.204750128796;;0.0;0.0;1936424.658;6.0;PTCGDCOM0037;Bond;1917885.599345;1900013.3945948712;0.0025;1.4300653667636438;0.004;1.4279166916218302
3574;400804;PTFIDBOM0009;3047043.026982;1.332937627;1.332937627;949.9129483;-24369.109810513706;;0.0;0.0;3072657.534;4.0;PTFIDBOM0009;Bond;3047043.026982;3022673.917171486;0.0025;1.3295857060723426;0.0035;1.3282449377012797
3575;400804;PTNOBOOM0008;1944787.8961015001;4.463906899;4.463906899;5001.885395;-56428.788692244685;;0.0;0.0;2004587.671;6.0;PTNOBOOM0008;Bond;1944787.8961015001;1888359.1074092553;0.0025;4.44942446313677;0.004;4.440735001618833
3576;400804;PTOTESOE0021;14269132.668;8.1124214;8.1124214;117983.8469;-520907.4774689504;;0.0;0.0;14826304.11;10.0;PTOTESOE0021;Bond;14269132.668;13748225.190531049;0.0025;8.070238187386469;0.002;8.078674829909176
3577;400804;XS1109741329;2004011.433726;1.398215491;1.398215491;674.9923687;-16812.23898466088;;0.0;0.0;2021426.301;7.0;XS1109741329;Bond;2004011.433726;1987199.194741339;0.0025;1.394682491959242;0.0035;1.3932692923429386
3578;400804;XS1117293107;2101240.589016;1.22008116;1.22008116;578.5337676;-30764.208663428693;;0.0;0.0;2133705.48;3.0;XS1117293107;Bond;2101240.589016;2070476.3803525711;0.0025;1.2169194146555535;0.0095;1.2080665276911027
3579;400804;XS1190624038;1933066.2846620001;1.824268312;1.824268312;1000.365942;-21158.58940862675;;0.0;0.0;1954516.712;8.0;XS1190624038;Bond;1933066.2846620001;1911907.6952533734;0.0025;1.8196506456475825;0.0035;1.8178035791066156
3580;400804;XS1197273755;1688365.85972;8.508869431;8.508869431;15292.02292;-86196.50791269325;;0.0;0.0;1781013.425;5.0;XS1197273755;Bond;1688365.85972;1602169.3518073068;0.0025;8.46343927366203;0.0035;8.44526721072684
3581;400804;XS1242413679;3009813.4595279996;0.658055879;0.658055879;324.8100255;-23767.505300828743;;0.0;0.0;3034555.479;6.0;XS1242413679;Bond;3009813.4595279996;2986045.954227171;0.0025;0.6564405479627786;0.0095;0.6519176210585589
3582;400804;XS1311440082;3122678.5070439996;2.344566571;2.344566571;2565.093491;-87855.9316751466;;0.0;0.0;3216318.493;7.0;XS1311440082;Bond;3122678.5070439996;3034822.575368853;0.0025;2.3377730483465116;0.0095;2.318751184916744
3583;400804;XS1346228577;3001619.786208;2.10070043;2.10070043;2031.082929;-75666.04770700383;;0.0;0.0;3081842.466;7.0;XS1346228577;Bond;3001619.786208;2925953.738500996;0.0025;2.094816228401927;0.0095;2.0783404639273235
3584;400804;XS1500338618;3465749.074875;11.75518058;11.75518058;54753.6119;-101851.2655503089;;0.0;0.0;3574252.055;9.0;XS1500338618;Bond;3465749.074875;3363897.809324691;0.0025;11.705678935493097;0.0;11.75518058
3585;400804;XS1551294256;4831496.168312;1.731946531;1.731946531;2282.996342;-33471.572112991045;;0.0;0.0;4866294.521;7.0;XS1551294256;Bond;4831496.168312;4798024.596199009;0.0025;1.7276325360036735;0.0015;1.7293581340022042
3586;400804;XS1578127778;1936012.22435;1.888663745;1.888663745;1061.85438;-21938.856588039907;;0.0;0.0;1958191.781;6.0;XS1578127778;Bond;1936012.22435;1914073.36776196;0.0025;1.8838694958824842;0.0035;1.881951796235478
3587;400804;XS1588061777;1651099.71016;8.015879506;8.015879506;13081.55252;-79410.0979742045;;0.0;0.0;1737602.74;7.0;XS1588061777;Bond;1651099.71016;1571689.6121857956;0.0025;7.978441989515722;0.0035;7.963466982922011
3588;400804;XS1602547264;2995695.5913205002;1.046612969;1.046612969;642.652811;-20379.670070839034;;0.0;0.0;3016786.932;8.0;XS1602547264;Bond;2995695.5913205002;2975315.921249661;0.0025;1.0439883306337248;0.004;1.0424135476139598
3589;400804;XS1615079974;2925198.3901065;2.023728194;2.023728194;1819.942623;-38478.74195816257;;0.0;0.0;2965337.753;8.0;XS1615079974;Bond;2925198.3901065;2886719.6481483374;0.0025;2.018412873315408;0.004;2.015223680904653
3590;400804;XS1641457277;3341971.6621000003;17.76749275;17.76749275;132751.4537;-148446.143192668;;0.0;0.0;3501995.205;9.0;XS1641457277;Bond;3341971.6621000003;3193525.5189073323;0.0025;17.563639863608163;0.0;17.76749275
3591;400804;XS1648462023;1288726.10172;16.13722501;16.13722501;47379.60319;-124778.77847829476;;0.0;0.0;1430612.055;8.0;XS1648462023;Bond;1288726.10172;1163947.323241705;0.0025;15.869133078778113;0.0035;15.761896306289357
3592;400804;XS1651071950;1906535.2456;3.966861619;3.966861619;2139.612907;-45377.76894624827;;0.0;0.0;1952972.329;7.0;XS1651071950;Bond;1906535.2456;1861157.4766537517;0.0025;3.978145297881162;0.0035;3.982658769433627
3593;400804;XS1733289406;2990315.1788999997;2.497389313;2.497389313;2722.143158;-89615.7740434385;;0.0;0.0;3086126.712;5.0;XS1733289406;Bond;2990315.1788999997;2900699.404856561;0.0025;2.4902237010971824;0.0095;2.4701599877692924
3594;400804;XS1752475720;4743064.85542;2.618599828;2.618599828;4558.089062;-74521.13288757394;;0.0;0.0;4818746.575;7.0;XS1752475720;Bond;4743064.85542;4668543.722532426;0.0025;2.611717470956404;0.0035;2.6089645281389657
3595;400804;XS1765875718;1905290.356342;2.726795821;2.726795821;1968.287;-31172.026688789796;;0.0;0.0;1936981.096;6.0;XS1765875718;Bond;1905290.356342;1874118.3296532102;0.0025;2.7195577580054855;0.0035;2.7166625328076797
3596;400804;XS1799611642;2893024.7206;3.713901669;3.713901669;5507.764478;-128932.91205953519;;0.0;0.0;3033256.849;8.0;XS1799611642;Bond;2893024.7206;2764091.808540465;0.0025;3.7007891254931637;0.0095;3.6640740036740214
3597;400804;XS1803247557;1948675.562107;1.485149119;1.485149119;721.2405739;-18811.479662820264;;0.0;0.0;1968159.452;6.0;XS1803247557;Bond;1948675.562107;1929864.0824441798;0.0025;1.4814103301403077;0.004;1.4791670568244923
3598;400804;XS1808351214;2040622.9596483202;0.045018366;0.045018366;9.29821109;-1102.3861351854157;;0.0;0.0;2041764.11;5.0;XS1808351214;Bond;2040622.9596483202;2039520.5735131348;0.0025;0.044909518754026656;0.0095;0.044604746465301305
3599;400804;XS1811435251;2938735.455159;1.963553869;1.963553869;1739.557998;-37507.37492414205;;0.0;0.0;2977864.932;8.0;XS1811435251;Bond;2938735.455159;2901228.080234858;0.0025;1.9583942035427344;0.004;1.955298404268375
3600;400804;XS1828046570;4353984.7338000005;7.094554331;7.094554331;26039.00246;-77223.95312572169;;0.0;0.0;4434908.904;8.0;XS1828046570;Bond;4353984.7338000005;4276760.780674279;0.0025;7.0708736024952445;0.0;7.094554331
3601;400804;XS1835955474;1917142.8030025;3.001149551;3.001149551;2376.94316;-37398.60970581992;;0.0;0.0;1956492.0;7.0;XS1835955474;Bond;1917142.8030025;1879744.19329668;0.0025;2.992670891104667;0.004;2.987583695167467
3602;400804;XS1909186451;2797266.6325;5.091656629;5.091656629;9266.56821;-92577.68775091937;;0.0;0.0;2896335.206;8.0;XS1909186451;Bond;2797266.6325;2704688.9447490806;0.0025;5.073650983693083;0.004;5.062847596508933
3603;400804;XS1960589155;2411514.8677999997;7.934161641;7.934161641;18751.25664;-114800.09256479968;;0.0;0.0;2536959.863;6.0;XS1960589155;Bond;2411514.8677999997;2296714.7752352;0.0025;7.897146023685187;0.0035;7.882339776759263
3604;400804;XS1968706108;1813058.531824;3.738641372;3.738641372;3392.836916;-81340.50764321742;;0.0;0.0;1901317.534;8.0;XS1968706108;Bond;1813058.531824;1731718.0241807825;0.0025;3.726801636246736;0.0095;3.693650376137597
3605;400804;XS1980857319;3928315.638975;15.24565604;15.24565604;108392.425;-149724.37262091416;;0.0;0.0;4089140.548;9.0;XS1980857319;Bond;3928315.638975;3778591.266354086;0.0025;15.136916219050121;0.0;15.24565604
3606;400804;XS1986416268;2869317.185132;1.99607506;1.99607506;1734.609765;-37227.921071064025;;0.0;0.0;2906984.384;6.0;XS1986416268;Bond;2869317.185132;2832089.264060936;0.0025;1.9909224122472409;0.004;1.9878308235955855
3607;400804;XS2008801297;1935533.073425;1.183918821;1.183918821;499.2610991;-14894.84122292291;;0.0;0.0;1950924.219;6.0;XS2008801297;Bond;1935533.073425;1920638.232202077;0.0025;1.180974355172328;0.004;1.1792076756757248
3608;400804;XS2009861480;2656574.17986;4.866144611;4.866144611;7930.520354;-77563.64477428491;;0.0;0.0;2736332.466;6.0;XS2009861480;Bond;2656574.17986;2579010.5350857154;0.0025;4.8507119361604065;0.0035;4.844538866224569
3609;400804;XS2010044209;809343.983278;6.221598499;6.221598499;3799.62986;-30212.479869222516;;0.0;0.0;840627.6712;7.0;XS2010044209;Bond;809343.983278;779131.5034087775;0.0025;6.201001636488927;0.0035;6.192762891484499
3610;400804;XS2014382845;1643517.13732;6.74744335;6.74744335;9124.052323;-66537.23267292522;;0.0;0.0;1712724.658;6.0;XS2014382845;Bond;1643517.13732;1576979.9046470746;0.0025;6.72247481123404;0.0035;6.712487395727655
3611;400804;XS2022425024;1376682.46542;10.17152317;10.17152317;17241.58319;-84017.74556851352;;0.0;0.0;1469739.726;8.0;XS2022425024;Bond;1376682.46542;1292664.7198514864;0.0025;10.117072661205109;0.0035;10.095292457687153
3612;400804;XS2047619064;2889722.1475360002;1.43519096;1.43519096;1008.933393;-24883.81861833272;;0.0;0.0;2914818.904;5.0;XS2047619064;Bond;2889722.1475360002;2864838.3289176677;0.0025;1.431611756016978;0.0035;1.4301800744237694
3613;400804;XS2051494495;2709711.359;4.206910606;4.206910606;6143.149096;-68397.08073225465;;0.0;0.0;2779843.151;7.0;XS2051494495;Bond;2709711.359;2641314.2782677454;0.0025;4.194478694334773;0.0035;4.189505929668682
3614;400804;XS2055781962;3682330.855875;9.227397601;9.227397601;35556.55307;-84945.82726397313;;0.0;0.0;3772057.534;9.0;XS2055781962;Bond;3682330.855875;3597385.0286110267;0.0025;9.198859995838369;0.0;9.227397601
3615;400804;XS2056396919;2789053.791714;2.414971846;2.414971846;2319.54575;-40412.918303813145;;0.0;0.0;2830052.466;6.0;XS2056396919;Bond;2789053.791714;2748640.8734101867;0.0025;2.4087605571265245;0.0035;2.4062760415771343
3616;400804;XS2057069093;2939031.014988;1.010057567;1.010057567;594.142691;-17811.543098017923;;0.0;0.0;2956982.055;7.0;XS2057069093;Bond;2939031.014988;2921219.471889982;0.0025;1.0075542082563853;0.0035;1.0065528647589395
3617;400804;XS2057070182;2542172.13612;5.993173306;5.993173306;11316.80139;-91414.0691127083;;0.0;0.0;2636912.466;7.0;XS2057070182;Bond;2542172.13612;2450758.0670072916;0.0025;5.971677953866306;0.0035;5.963079813012828
3618;400804;XS2058556536;2769924.855858;2.8258053;2.8258053;3032.004901;-46963.610029711635;;0.0;0.0;2817662.877;7.0;XS2058556536;Bond;2769924.855858;2722961.245828288;0.0025;2.818402831447644;0.0035;2.8154418440267013
3619;400804;XS2058556619;2509652.42016;6.109258916;6.109258916;11467.33807;-91992.69854354076;;0.0;0.0;2604927.123;7.0;XS2058556619;Bond;2509652.42016;2417659.7216164595;0.0025;6.088334193947596;0.0035;6.079964305126635
3620;400804;XS2058557260;1359829.49342;12.2191172;12.2191172;24092.27496;-99695.49571269365;;0.0;0.0;1467976.712;7.0;XS2058557260;Bond;1359829.49342;1260133.9977073064;0.0025;12.149456030384437;0.0035;12.121591562538212
3621;400804;XS2063232727;2880699.655289;1.478131707;1.478131707;1055.762724;-27677.347742373167;;0.0;0.0;2909410.685;8.0;XS2063232727;Bond;2880699.655289;2853022.307546627;0.0025;1.4744315092499032;0.004;1.472211390599845
3622;400804;XS2079079799;2947926.625248;0.602265478;0.602265478;280.9582367;-21305.213256766958;;0.0;0.0;2970092.466;5.0;XS2079079799;Bond;2947926.625248;2926621.411991233;0.0025;0.6007896106212153;0.0095;0.596657181960618
3623;400804;XS2079678400;2616892.77232;4.439126963;4.439126963;6496.909498;-69700.31558931319;;0.0;0.0;2688470.137;6.0;XS2079678400;Bond;2616892.77232;2547192.4567306866;0.0025;4.426324562944298;0.0035;4.421203602922018
3624;400804;XS2082429890;2946369.0785620003;0.822056438;0.822056438;435.5232508;-14532.49001853612;;0.0;0.0;2961616.438;4.0;XS2082429890;Bond;2946369.0785620003;2931836.588543464;0.0025;0.8200504565572668;0.0035;0.8192480639801735
3625;400804;XS2114852218;2821731.645376;2.073724588;2.073724588;1809.298908;-35108.96576252345;;0.0;0.0;2857252.603;7.0;XS2114852218;Bond;2821731.645376;2786622.6796134766;0.0025;2.068445381615983;0.0035;2.066333699062376
3626;400804;XS2115091717;2760608.826074;2.785335885;2.785335885;2945.357401;-46135.33696626981;;0.0;0.0;2808793.562;8.0;XS2115091717;Bond;2760608.826074;2714473.4891077303;0.0025;2.7780580468069274;0.0035;2.7751469115296987
3627;400804;XS2115092012;1259228.5553000001;12.83511756;12.83511756;25871.45443;-96974.07925310677;;0.0;0.0;1368516.164;7.0;XS2115092012;Bond;1259228.5553000001;1162254.4760468933;0.0025;12.73333118021649;0.0035;12.692616628303085
3628;400804;XS2153459123;1925500.735714;3.674492995;3.674492995;3463.668893;-42451.433791490635;;0.0;0.0;1968882.466;7.0;XS2153459123;Bond;1925500.735714;1883049.3019225092;0.0025;3.663276727000185;0.0035;3.658790219800259
3629;400804;XS2176621170;2991537.713292;0.865506294;0.865506294;483.3185718;-31070.33663511112;;0.0;0.0;3023969.178;7.0;XS2176621170;Bond;2991537.713292;2960467.376656889;0.0025;0.863339998903432;0.0095;0.8572743726330417
3630;400804;XS2183818637;3018052.031012;0.430681445;0.430681445;183.0854734;-15597.828117617197;;0.0;0.0;3034212.329;7.0;XS2183818637;Bond;3018052.031012;3002454.2028943826;0.0025;0.42962857481124944;0.0095;0.4266805382827479
3631;400804;XS2185867913;1847436.367588;4.783055931;4.783055931;5386.547815;-53018.34885082127;;0.0;0.0;1901947.123;8.0;XS2185867913;Bond;1847436.367588;1794418.0187371785;0.0025;4.767357794247184;0.0035;4.761078539546058
3632;400804;XS2194790262;3499924.482;10.29479714;10.29479714;41709.96691;-90077.53136877395;;0.0;0.0;3595436.301;9.0;XS2194790262;Bond;3499924.482;3409846.950631226;0.0025;10.261819496902246;0.0;10.29479714
3633;400804;XS2218405772;1172487.513544;1.136353573;1.136353573;282.7246077;-7994.162251881662;;0.0;0.0;1180845.205;5.0;XS2218405772;Bond;1172487.513544;1164493.3512921184;0.0025;1.1335535141745987;0.0035;1.132433490644438
3634;400804;XS2221845683;2431195.9106;5.655587062;5.655587062;10073.098;-164998.08164612006;;0.0;0.0;2615496.575;8.0;XS2221845683;Bond;2431195.9106;2266197.82895388;0.0025;5.631969506216572;0.0095;5.565840350022973
3635;400804;XS2227050379;1605117.7316599998;6.931175407;6.931175407;9372.032807;-66752.11528212848;;0.0;0.0;1674860.822;6.0;XS2227050379;Bond;1605117.7316599998;1538365.6163778713;0.0025;6.905307276310446;0.0035;6.894960024034624
3636;400804;XS2228245838;2938682.918869;0.919875864;0.919875864;514.9047521;-17570.95267860831;;0.0;0.0;2956849.315;6.0;XS2228245838;Bond;2938682.918869;2921111.9661903917;0.0025;0.9176108888802273;0.004;0.9162519038083637
3637;400804;XS2239067379;2570029.23708;5.21964322;5.21964322;8678.197551;-80487.81409515838;;0.0;0.0;2652957.534;6.0;XS2239067379;Bond;2570029.23708;2489541.4229848413;0.0025;5.203337604601655;0.0035;5.196815358442318
3638;400804;XS2247936342;2574314.7212;5.135293393;5.135293393;8838.709078;-158638.33655137196;;0.0;0.0;2749629.863;6.0;XS2247936342;Bond;2574314.7212;2415676.384648628;0.0025;5.115385935868024;0.0095;5.059645055898488
3639;400804;XS2258452478;2701803.6373015;2.788047286;2.788047286;2886.791;-48962.915938841936;;0.0;0.0;2753342.466;8.0;XS2258452478;Bond;2701803.6373015;2652840.721362658;0.0025;2.7807686026624423;0.004;2.7764013926599076
3640;400804;XS2267889991;2840811.33225;3.431858475;3.431858475;4453.589233;-58495.574678749224;;0.0;0.0;2900612.877;8.0;XS2267889991;Bond;2840811.33225;2782315.7575712507;0.0025;3.422109672560743;0.0035;3.41821015158504
3641;400804;XS2268340010;1754732.17534;3.580125217;3.580125217;2921.663016;-37692.965460096;;0.0;0.0;1793200.0;6.0;XS2268340010;Bond;1754732.17534;1717039.209879904;0.0025;3.570542974816094;0.0035;3.5667100779425316
3642;400804;XS2281155254;2604732.468535;3.701096218;3.701096218;4624.987753;-62662.3756732785;;0.0;0.0;2671191.781;8.0;XS2281155254;Bond;2604732.468535;2542070.0928617213;0.0025;3.690951263182968;0.004;3.6848642902927486
3643;400804;XS2297549391;2744058.9166274997;2.7633812;2.7633812;2891.501075;-49288.7253423552;;0.0;0.0;2795804.795;7.0;XS2297549391;Bond;2744058.9166274997;2694770.1912851445;0.0025;2.7561286038579476;0.004;2.751777046172716
3644;400804;XS2306601746;2872243.681878;2.767956205;2.767956205;3049.032482;-47701.468329157535;;0.0;0.0;2920735.068;8.0;XS2306601746;Bond;2872243.681878;2824542.2135488424;0.0025;2.7605713897201247;0.0035;2.7576174636081747
3645;400804;XS2308616841;2481413.381355;5.662865165;5.662865165;9746.983845;-91337.41108206059;;0.0;0.0;2576140.685;6.0;XS2308616841;Bond;2481413.381355;2390075.9702729397;0.0025;5.644835349455058;0.004;5.634017460128093
3646;400804;XS2310118976;2910795.7403679998;0.933907281;0.933907281;523.1798028;-32620.960025201523;;0.0;0.0;2944875.616;7.0;XS2310118976;Bond;2910795.7403679998;2878174.780342798;0.0025;0.9315942949117605;0.0095;0.9251179338646899
3647;400804;XS2311407352;1939720.312138;1.075345736;1.075345736;430.9570589;-13558.15478348622;;0.0;0.0;1953798.082;6.0;XS2311407352;Bond;1939720.312138;1926162.1573545139;0.0025;1.0726822860150491;0.004;1.0710842160240786
3648;400804;XS2314312179;2416332.8318;5.98837126;5.98837126;11175.2981;-173638.7770145464;;0.0;0.0;2611027.397;7.0;XS2314312179;Bond;2416332.8318;2242694.0547854532;0.0025;5.962400231873176;0.0095;5.8896813531180685
3649;400804;XS2314675997;4251114.362825;5.479009095;5.479009095;15247.10161;-58229.73564450826;;0.0;0.0;4311786.301;8.0;XS2314675997;Bond;4251114.362825;4192884.6271804916;0.0025;5.464392624175865;0.0;5.479009095
3650;400804;XS2320746394;1200911.71454;13.90391751;13.90391751;29023.05243;-100184.26449454097;;0.0;0.0;1312870.685;6.0;XS2320746394;Bond;1200911.71454;1100727.4500454592;0.0025;13.783026928754767;0.0035;13.734670696256673
3651;400804;XS2321466133;2898903.712252;0.942256243;0.942256243;527.4539672;-32778.12144870387;;0.0;0.0;2933332.192;7.0;XS2321466133;Bond;2898903.712252;2866125.590803296;0.0025;0.9399271235500211;0.0095;0.9334055890900801
3652;400804;XS2323295563;2901515.739964;0.96969527;0.96969527;549.6393197;-16881.516533241847;;0.0;0.0;2918643.781;6.0;XS2323295563;Bond;2901515.739964;2884634.223430758;0.0025;0.9673102475471184;0.0035;0.9663562385659658
3653;400804;XS2324321285;2918173.942561;0.95492395;0.95492395;540.85601;-18113.122222113252;;0.0;0.0;2936897.671;6.0;XS2324321285;Bond;2918173.942561;2900060.8203388867;0.0025;0.9525701352274284;0.004;0.9511578463638856
3654;400804;XS2325328313;2466217.3038;5.413793084;5.413793084;9442.963584;-160219.0821954428;;0.0;0.0;2645547.945;5.0;XS2325328313;Bond;2466217.3038;2305998.2216045572;0.0025;5.3913428226088005;0.0095;5.328482090713442
3655;400804;XS2331216577;2907761.9179685;1.010462694;1.010462694;587.4840914;-19098.202117416877;;0.0;0.0;2927496.164;6.0;XS2331216577;Bond;2907761.9179685;2888663.715851083;0.0025;1.0079642822275754;0.004;1.0064652351641206
3656;400804;XS2331315635;1519519.8434;7.625010451;7.625010451;10566.28941;-69518.12811856129;;0.0;0.0;1592592.329;6.0;XS2331315635;Bond;1519519.8434;1450001.7152814385;0.0025;7.596519841610761;0.0035;7.585123597855066
3657;400804;XS2337252931;1771368.993034;3.9270956;3.9270956;3513.810921;-41738.012271121515;;0.0;0.0;1814081.644;6.0;XS2337252931;Bond;1771368.993034;1729630.9807628784;0.0025;3.9160590582297066;0.0035;3.9116444415215894
3658;400804;XS2338643740;2868958.7317290003;1.534803947;1.534803947;1117.018774;-28621.379704045594;;0.0;0.0;2898665.589;8.0;XS2338643740;Bond;2868958.7317290003;2840337.3520249547;0.0025;1.530959344714578;0.004;1.5286525833433247
3659;400804;XS2342206591;2894941.225608;1.07319399;1.07319399;644.4823441;-37282.00229670887;;0.0;0.0;2934022.767;7.0;XS2342206591;Bond;2894941.225608;2857659.223311291;0.0025;1.0705077624292827;0.0095;1.0629863252312741
3660;400804;XS2343459074;2869586.998412;1.337588741;1.337588741;902.8310832;-46059.92712475051;;0.0;0.0;2917808.219;7.0;XS2343459074;Bond;2869586.998412;2823527.0712872497;0.0025;1.3341960859712658;0.0095;1.32469665189081
3661;400804;XS2349788377;1930473.2538555;1.151727059;1.151727059;476.3554085;-14451.958840417508;;0.0;0.0;1945465.863;6.0;XS2349788377;Bond;1930473.2538555;1916021.2950150825;0.0025;1.1488743528701508;0.004;1.1471627291922413
3662;400804;XS2350756446;2796627.75074;2.096157274;2.096157274;1856.298208;-70346.05922860691;;0.0;0.0;2871215.753;6.0;XS2350756446;Bond;2796627.75074;2726281.691511393;0.0025;2.0905478856638453;0.0095;2.074841598322613
3663;400804;XS2351220814;1831373.0846644999;3.049446503;3.049446503;2310.40302;-36300.38261667013;;0.0;0.0;1869623.288;6.0;XS2351220814;Bond;1831373.0846644999;1795072.7020478297;0.0025;3.0411550946399117;0.004;3.0361802496238584
3664;400804;XS2356569736;1908536.246272;1.424075171;1.424075171;663.4910088;-32614.78897523396;;0.0;0.0;1942856.164;4.0;XS2356569736;Bond;1908536.246272;1875921.457296766;0.0025;1.4204540484060746;0.0095;1.4103149051430837
3665;400804;XS2357417257;2731335.1102465;3.097655521;3.097655521;3538.436514;-54994.7793457154;;0.0;0.0;2789383.562;7.0;XS2357417257;Bond;2731335.1102465;2676340.3309007846;0.0025;3.089256769651703;0.004;3.084217518842725
3666;400804;XS2357951164;999266.77548;20.22499868;20.22499868;56543.50722;-121261.01529030512;;0.0;0.0;1142383.014;7.0;XS2357951164;Bond;999266.77548;878005.7601896948;0.0025;19.833000190838394;0.0035;19.67620079517375
3667;400804;XS2360310044;2745330.079191;3.115572553;3.115572553;3599.070278;-55596.28778374317;;0.0;0.0;2803937.671;7.0;XS2360310044;Bond;2745330.079191;2689733.791407257;0.0025;3.1070650570466456;0.004;3.1019605594746333
3668;400804;XS2363982344;2893580.3248779997;1.251872653;1.251872653;813.7928831;-23545.56150682855;;0.0;0.0;2917982.877;6.0;XS2363982344;Bond;2893580.3248779997;2870034.763371171;0.0025;1.2487595955228867;0.004;1.2468917610366188
3669;400804;XS2381853279;2690633.620768;3.308709063;3.308709063;3897.103694;-53415.14307748551;;0.0;0.0;2745075.616;7.0;XS2381853279;Bond;2690633.620768;2637218.477690514;0.0025;3.299868045467082;0.0035;3.296331638453915
3670;400804;XS2382950330;2781055.856924;2.102697034;2.102697034;1852.213696;-70172.61482090908;;0.0;0.0;2855723.753;6.0;XS2382950330;Bond;2781055.856924;2710883.242103091;0.0025;2.0971000969078917;0.0095;2.0814286730499876
3671;400804;XS2384715244;2776756.949064;2.371023816;2.371023816;2237.041622;-39502.541144845454;;0.0;0.0;2816816.301;6.0;XS2384715244;Bond;2776756.949064;2737254.4079191545;0.0025;2.3649374245403028;0.0035;2.362502867956424
3672;400804;XS2385397901;1909072.58356;1.420062835;1.420062835;654.695605;-16266.018151385928;;0.0;0.0;1925500.0;8.0;XS2385397901;Bond;1909072.58356;1892806.565408614;0.0025;1.4165308040134315;0.0035;1.4151179916188041
3673;400804;XS2387060259;2704503.3642949997;3.309489791;3.309489791;3941.704276;-58178.42078008645;;0.0;0.0;2765953.562;7.0;XS2387060259;Bond;2704503.3642949997;2646324.9435149133;0.0025;3.300435108759719;0.004;3.2950022994155503
3674;400804;XS2388491289;2693803.9568475;3.336060581;3.336060581;3981.218535;-58413.50575697499;;0.0;0.0;2755594.767;7.0;XS2388491289;Bond;2693803.9568475;2635390.451090525;0.0025;3.3269359076834535;0.004;3.3214611036935255
3675;400804;XS2389353264;2380047.247475;6.570182923;6.570182923;12479.94256;-101642.7475784071;;0.0;0.0;2486233.151;8.0;XS2389353264;Bond;2380047.247475;2278404.499896593;0.0025;6.547011950858478;0.004;6.533109367573564
3676;400804;XS2390400716;1779884.261418;3.971292389;3.971292389;3611.777218;-42410.64492402114;;0.0;0.0;1823253.699;7.0;XS2390400716;Bond;1779884.261418;1737473.616493979;0.0025;3.959989790396812;0.0035;3.955468750955537
3677;400804;XS2390506546;2768895.918515;2.413010213;2.413010213;2302.789925;-43428.93184571963;;0.0;0.0;2814390.411;8.0;XS2390506546;Bond;2768895.918515;2725466.9866692806;0.0025;2.4067751689243164;0.004;2.403034142478906
3678;400804;XS2398710546;2415598.2541150004;6.154182369;6.154182369;11195.89552;-96629.20920940116;;0.0;0.0;2515979.589;6.0;XS2398710546;Bond;2415598.2541150004;2318969.044905599;0.0025;6.132996435051049;0.004;6.120284874681679
3679;400804;XS2404642923;2700299.13503;3.894709002;3.894709002;5319.101502;-68359.715770412;;0.0;0.0;2770365.205;7.0;XS2404642923;Bond;2700299.13503;2631939.4192595882;0.0025;3.8833854136365016;0.004;3.8765912606184028
3680;400804;XS2407985220;1901068.41534;1.589517101;1.589517101;782.438411;-18130.684538123405;;0.0;0.0;1919400.0;6.0;XS2407985220;Bond;1901068.41534;1882937.7308018766;0.0025;1.585544056292713;0.0035;1.5839548384097983
3681;400804;XS2412267515;1794245.066718;4.51718235;4.51718235;4645.527938;-48629.59288171873;;0.0;0.0;1844222.466;8.0;XS2412267515;Bond;1794245.066718;1745615.4738362813;0.0025;4.503466521654653;0.0035;4.497980190316514
3682;400804;XS2412267788;1690324.81204;7.467036715;7.467036715;11834.60796;-75730.30459066892;;0.0;0.0;1770797.26;7.0;XS2412267788;Bond;1690324.81204;1614594.507449331;0.0025;7.4313937841873825;0.0035;7.417136611862335
3683;400804;XS2416413339;2856154.0048915;1.622318993;1.622318993;1216.763826;-30118.353778945213;;0.0;0.0;2887448.63;6.0;XS2416413339;Bond;2856154.0048915;2826035.6511125546;0.0025;1.618248420735453;0.004;1.6158060773767249
3684;400804;XS2430951660;1911776.0175075;1.771383576;1.771383576;941.9881808;-22012.17614962258;;0.0;0.0;1934679.397;8.0;XS2430951660;Bond;1911776.0175075;1889763.8413578775;0.0025;1.7669098413387585;0.004;1.7642256005420136
3685;400804;XS2430951744;1898092.3920715;1.781009542;1.781009542;943.6858228;-21973.384302200153;;0.0;0.0;1920858.356;9.0;XS2430951744;Bond;1898092.3920715;1876119.0077693;0.0025;1.7765101315833385;0.004;1.7738104853333416
3686;400804;XS2431029441;2422752.42948;6.467417168;6.467417168;13271.28139;-188027.4078747919;;0.0;0.0;2635684.932;8.0;XS2431029441;Bond;2422752.42948;2234725.021605208;0.0025;6.435041621659025;0.0095;6.344390091904294
3687;400804;XS2432544349;2305920.61186;8.499933711;8.499933711;20243.19414;-117601.03406183138;;0.0;0.0;2430948.904;6.0;XS2432544349;Bond;2305920.61186;2188319.5777981686;0.0025;8.461086129289464;0.0035;8.44554709660525
3688;400804;XS2434701616;2856905.5531280003;2.690018962;2.690018962;1963.193208;-46110.780663344514;;0.0;0.0;2903741.507;6.0;XS2434701616;Bond;2856905.5531280003;2810794.772464656;0.0025;2.6909300996132965;0.0035;2.6912945546586156
3689;400804;XS2436159847;1886012.795697;2.019025988;2.019025988;1157.436715;-24751.407513383056;;0.0;0.0;1911701.918;9.0;XS2436159847;Bond;1886012.795697;1861261.388183617;0.0025;2.013874776626475;0.004;2.01078404980236
3690;400804;XS2439543047;4405994.304325;4.506156345;4.506156345;11016.38775;-49635.24797616991;;0.0;0.0;4457531.507;9.0;XS2439543047;Bond;4405994.304325;4356359.05634883;0.0025;4.494412002503747;0.0;4.506156345
3691;400804;XS2440108491;1899521.047625;1.813868954;1.813868954;973.596006;-22395.634662417528;;0.0;0.0;1922738.63;7.0;XS2440108491;Bond;1899521.047625;1877125.4129625824;0.0025;1.8092805516115607;0.004;1.806527510178497
3692;400804;XS2441055998;1898168.2274315;1.805784231;1.805784231;965.1541166;-22279.934643726658;;0.0;0.0;1921337.26;6.0;XS2441055998;Bond;1898168.2274315;1875888.2927877735;0.0025;1.8012247212647206;0.004;1.7984890154235529
3693;400804;XS2443749648;2898856.859552;2.743580261;2.743580261;3074.902849;-47719.478755987904;;0.0;0.0;2949431.507;5.0;XS2443749648;Bond;2898856.859552;2851137.3807960125;0.0025;2.735880106313257;0.0035;2.73280004443856
3694;400804;XS2443920249;2946176.2731475;0.857760551;0.857760551;465.1459584;-16426.23959208782;;0.0;0.0;2963167.808;8.0;XS2443920249;Bond;2946176.2731475;2929750.033555412;0.0025;0.8556529029483958;0.004;0.8543883141174333
3695;400804;XS2446386430;2871725.64476;5.323890783;5.323890783;10596.26142;-99376.89899437624;;0.0;0.0;2978428.767;8.0;XS2446386430;Bond;2871725.64476;2772348.7457656236;0.0025;5.302503851954377;0.004;5.289671693327003
3696;400804;XS2464405229;1979614.2945575;2.803135797;2.803135797;2191.404382;-36069.33000662569;;0.0;0.0;2017406.849;7.0;XS2464405229;Bond;1979614.2945575;1943544.9645508742;0.0025;2.795105084453882;0.004;2.7902866569262113
3697;400804;XS2466368938;1865972.433452;3.914159534;3.914159534;3732.49932;-43822.282743463955;;0.0;0.0;1910808.767;7.0;XS2466368938;Bond;1865972.433452;1822150.150708536;0.0025;3.902453717670172;0.0035;3.897771391138241
3698;400804;XS2466426215;1928030.905462;1.891000252;1.891000252;1060.83397;-23698.395032600798;;0.0;0.0;1952611.233;9.0;XS2466426215;Bond;1928030.905462;1904332.5104293993;0.0025;1.886184550174776;0.004;1.8832951290796416
3699;400804;XS2475502832;3020957.7005674997;1.037827032;1.037827032;640.4760122;-20379.005167153835;;0.0;0.0;3042113.014;6.0;XS2475502832;Bond;3020957.7005674997;3000578.695400346;0.0025;1.0352194714468308;0.004;1.0336549351149293
3700;400804;XS2475954900;4472215.637560001;6.606547754;6.606547754;23823.85458;-118183.62470290282;;0.0;0.0;4597141.781;9.0;XS2475954900;Bond;4472215.637560001;4354032.012857098;0.0025;6.582486914137218;0.0015;6.592111250082331
3701;400804;XS2484093393;4549754.64905;6.593973162;6.593973162;23961.43435;-75002.40012380108;;0.0;0.0;4628233.562;9.0;XS2484093393;Bond;4549754.64905;4474752.248926199;0.0025;6.571011034741142;0.0;6.593973162
3702;400804;XS2486589596;3053588.6356255;1.146204482;1.146204482;755.443581;-22750.240372198386;;0.0;0.0;3077171.589;8.0;XS2486589596;Bond;3053588.6356255;3030838.395253302;0.0025;1.143304060431555;0.004;1.1415638074904881
3703;400804;XS2487016250;2871127.2514;4.618587247;4.618587247;7935.143854;-79563.31024698121;;0.0;0.0;2952856.849;6.0;XS2487016250;Bond;2871127.2514;2791563.9411530187;0.0025;4.602821293466242;0.0035;4.596514912052739
3704;400804;XS2489775580;2921150.57338;3.384461506;3.384461506;4500.956438;-59319.13001300664;;0.0;0.0;2981753.014;6.0;XS2489775580;Bond;2921150.57338;2861831.443366993;0.0025;3.3745775475446917;0.0035;3.3706239641625686
3705;400804;XS2491542457;2028264.6597;5.997425882;5.997425882;9517.020252;-72986.20179378422;;0.0;0.0;2105586.849;7.0;XS2491542457;Bond;2028264.6597;1955278.4579062157;0.0025;5.970043714273592;0.0035;5.959090847183028
3706;400804;XS2491738949;2043835.362568;2.320602582;2.320602582;1616.326335;-28457.57771734924;;0.0;0.0;2073568.219;6.0;XS2491738949;Bond;2043835.362568;2015377.784850651;0.0025;2.3142948226727884;0.0035;2.311771718941904
3707;400804;XS2498554992;2086966.61688;2.094348862;2.094348862;1393.399458;-26225.016954567705;;0.0;0.0;2114258.904;6.0;XS2498554992;Bond;2086966.61688;2060741.5999254324;0.0025;2.088622921290707;0.0035;2.0863325450069894
3708;400804;XS2502850865;1975492.315835;2.202173236;2.202173236;1405.429062;-10875.94076463874;;0.0;0.0;1986696.438;6.0;XS2502850865;Bond;1975492.315835;1964616.3750703612;0.0025;2.196511345648853;0.0;2.202173236
3709;400804;XS2524746687;2856842.61216;6.844867787;6.844867787;18376.12289;-234656.51962203506;;0.0;0.0;3123000.0;7.0;XS2524746687;Bond;2856842.61216;2622186.092537965;0.0025;6.801190350640696;0.0095;6.678893528834645
3710;400804;XS2525226622;3054345.020191;2.23588097;2.23588097;2269.478419;-44389.4873919856;;0.0;0.0;3100749.863;7.0;XS2525226622;Bond;3054345.020191;3009955.5327990144;0.0025;2.229803060209177;0.004;2.226156314334683
3711;400804;XS2526881532;3053981.157216;2.282925292;2.282925292;2338.126739;-41832.064950599;;0.0;0.0;3098013.699;5.0;XS2526881532;Bond;3053981.157216;3012149.092265401;0.0025;2.276814671831598;0.0035;2.274370423764237
3712;400804;XS2528323780;3065649.0091405003;2.272282276;2.272282276;2341.824987;-45279.12940139498;;0.0;0.0;3112927.808;7.0;XS2528323780;Bond;3065649.0091405003;3020369.8797391052;0.0025;2.266093140945423;0.004;2.262379659912677
3713;400804;XS2528858033;3101814.4147055;2.256388573;2.256388573;2346.718186;-45492.840905903126;;0.0;0.0;3149350.438;7.0;XS2528858033;Bond;3101814.4147055;3056321.573799597;0.0025;2.250202720135191;0.004;2.2464912084163053
3714;400804;XS2531479462;3065153.11771;1.718017228;1.718017228;1445.165914;-34228.90810744399;;0.0;0.0;3100700.959;6.0;XS2531479462;Bond;3065153.11771;3030924.2096025557;0.0025;1.7136091246378236;0.004;1.710964262620518
3715;400804;XS2532312548;1980273.66685;3.952100507;3.952100507;4082.057199;-46957.4433765398;;0.0;0.0;2028469.315;6.0;XS2532312548;Bond;1980273.66685;1933316.2234734602;0.0025;3.9396142495957918;0.0035;3.934619746634109
3716;400804;XS2535308477;2997330.4400979998;3.148785669;3.148785669;4063.407535;-56627.706810228265;;0.0;0.0;3055038.082;7.0;XS2535308477;Bond;2997330.4400979998;2940702.7332877717;0.0025;3.139680908706276;0.0035;3.1360390045887865
3717;400804;XS2536364081;3072957.705894;2.309709161;2.309709161;2414.658806;-46134.65067034794;;0.0;0.0;3121133.836;7.0;XS2536364081;Bond;3072957.705894;3026823.055223652;0.0025;2.303401632563433;0.004;2.299617115501493
3718;400804;XS2538368221;3064797.83026;3.88554525;3.88554525;6169.900987;-71450.4639094623;;0.0;0.0;3138890.548;6.0;XS2538368221;Bond;3064797.83026;2993347.366350538;0.0025;3.8729601283360315;0.0035;3.867926079670444
3719;400804;XS2542914986;3014888.39858;4.312378778;4.312378778;7302.294617;-78008.04448844878;;0.0;0.0;3096249.863;6.0;XS2542914986;Bond;3014888.39858;2936880.354091551;0.0025;4.298318356849385;0.0035;4.292694188389139
3720;400804;XS2545759099;2136462.797071;4.201880643;4.201880643;5016.72123;-58351.550864764766;;0.0;0.0;2198470.685;7.0;XS2545759099;Bond;2136462.797071;2078111.2462062354;0.0025;4.187316557844274;0.004;4.178578106750838
3721;400804;XS2548080832;3149774.6298165;2.368878841;2.368878841;2594.075414;-48499.32408419094;;0.0;0.0;3200497.479;7.0;XS2548080832;Bond;3149774.6298165;3101275.305732309;0.0025;2.3623184352080844;0.004;2.3583821917329355
3722;400804;XS2550081454;3085253.417258;1.735833122;1.735833122;1480.033482;-34810.6529643608;;0.0;0.0;3121448.63;6.0;XS2550081454;Bond;3085253.417258;3050442.764293639;0.0025;1.7313731103702994;0.004;1.7286971033924792
3723;400804;XS2553547444;3180092.974216;2.376329;2.376329;2680.009528;-90683.36588790882;;0.0;0.0;3276864.247;8.0;XS2553547444;Bond;3180092.974216;3089409.6083280914;0.0025;2.369377707482555;0.0095;2.349914088433708
3724;400804;XS2553801502;2115025.2922175;2.404664528;2.404664528;1788.663688;-33058.52092411867;;0.0;0.0;2149595.89;7.0;XS2553801502;Bond;2115025.2922175;2081966.7712933815;0.0025;2.397978212776304;0.004;2.393966423642086
3725;400804;XS2554488978;3054793.674056;2.677002329;2.677002329;3086.203733;-49066.13868037428;;0.0;0.0;3106239.863;7.0;XS2554488978;Bond;3054793.674056;3005727.535375626;0.0025;2.669661127187323;0.0035;2.6667246464622525
3726;400804;XS2554489513;3124347.5944;4.380287553;4.380287553;8065.806223;-82113.24527397487;;0.0;0.0;3211818.493;7.0;XS2554489513;Bond;3124347.5944;3042234.349126025;0.0025;4.3637149268469555;0.0035;4.357085876385737
3727;400804;XS2554746185;3116220.722238;1.534989901;1.534989901;1224.67662;-31091.88769649467;;0.0;0.0;3148643.836;8.0;XS2554746185;Bond;3116220.722238;3085128.834541505;0.0025;1.531055370938861;0.004;1.5286946529021774
3728;400804;XS2555925218;2117823.7083064998;2.645409642;2.645409642;2109.41808;-36416.32317706637;;0.0;0.0;2156047.945;6.0;XS2555925218;Bond;2117823.7083064998;2081407.3851294334;0.0025;2.6380043472697996;0.004;2.6335611704316797
3729;400804;XS2558591967;3147688.3080255;1.702858499;1.702858499;1464.727979;-34840.44061890699;;0.0;0.0;3184027.397;6.0;XS2558591967;Bond;3147688.3080255;3112847.8674065927;0.0025;1.6984744540576173;0.004;1.695844027092188
3730;400804;XS2563002653;3087736.3736445;2.647962057;2.647962057;3069.960186;-53145.356936291166;;0.0;0.0;3143517.123;6.0;XS2563002653;Bond;3087736.3736445;3034591.0167082087;0.0025;2.640635240361636;0.004;2.636239150378618
3731;400804;XS2569069375;2063409.4015215;2.582325581;2.582325581;1964.889571;-34634.56673056165;;0.0;0.0;2099699.452;7.0;XS2569069375;Bond;2063409.4015215;2028774.8347909383;0.0025;2.5751902479716056;0.004;2.5709090481545687
3732;400804;XS2573569576;3472753.7067799997;4.274750893;4.274750893;8346.706056;-96493.52055997461;;0.0;0.0;3575239.726;7.0;XS2573569576;Bond;3472753.7067799997;3376260.186220025;0.0025;4.260347544773044;0.004;4.25170553583687
3733;400804;XS2573712044;3085108.00669;4.22994256;4.22994256;7299.250657;-84823.89278801616;;0.0;0.0;3175520.548;7.0;XS2573712044;Bond;3085108.00669;3000284.113901984;0.0025;4.21552452613123;0.004;4.206873705809969
3734;400804;XS2574870759;2975950.8734000004;5.334434765;5.334434765;11023.56049;-95250.09478798245;;0.0;0.0;3076061.507;6.0;XS2574870759;Bond;2975950.8734000004;2880700.778612018;0.0025;5.312969887201927;0.0035;5.304383936082697
3735;400804;XS2575952697;3263264.066915;2.616905846;2.616905846;3173.984553;-55507.756289385376;;0.0;0.0;3321363.726;7.0;XS2575952697;Bond;3263264.066915;3207756.3106256146;0.0025;2.6097103105388206;0.004;2.6053929892621133
3736;400804;XS2575971994;3062926.2103709998;2.611509177;2.611509177;2969.275406;-51992.589394575036;;0.0;0.0;3117388.767;7.0;XS2575971994;Bond;3062926.2103709998;3010933.620976425;0.0025;2.6043235174353856;0.004;2.600012121696617
3737;400804;XS2576362839;3179552.1300724996;2.096392213;2.096392213;2136.015584;-43326.324121025085;;0.0;0.0;3224816.712;6.0;XS2576362839;Bond;3179552.1300724996;3136225.8059514747;0.0025;2.0905844230381727;0.004;2.0870997490610765
3738;400804;XS2577127967;3045018.434588;2.613834465;2.613834465;3007.734695;-95510.08957063754;;0.0;0.0;3147228.575;7.0;XS2577127967;Bond;3045018.434588;2949508.345017363;0.0025;2.6062208959092374;0.0095;2.5849029024551022
3739;400804;XS2577396430;3077951.330864;2.540725305;2.540725305;2840.270135;-46921.373003307555;;0.0;0.0;3126790.685;6.0;XS2577396430;Bond;3077951.330864;3031029.9578606924;0.0025;2.533794032260818;0.0035;2.531021523165145
3740;400804;XS2578472339;2111939.1209915;2.968956895;2.968956895;2626.051958;-40756.665398071695;;0.0;0.0;2154889.589;6.0;XS2578472339;Bond;2111939.1209915;2071182.4555934283;0.0025;2.9599078662178524;0.004;2.954478448948564
3741;400804;XS2579324869;3032050.308995;2.639145062;2.639145062;2989.609953;-52013.13390467824;;0.0;0.0;3086544.247;6.0;XS2579324869;Bond;3032050.308995;2980037.175090322;0.0025;2.631907709811657;0.004;2.6275652984986513
3742;400804;XS2579897633;3084969.93738;4.874708368;4.874708368;9574.605643;-90229.97261264836;;0.0;0.0;3180207.123;7.0;XS2579897633;Bond;3084969.93738;2994739.9647673517;0.0025;4.856524568971496;0.0035;4.8492510493600935
3743;400804;XS2582860909;2073766.592346;3.708968414;3.708968414;3858.738418;-46149.208734118365;;0.0;0.0;2121722.466;6.0;XS2582860909;Bond;2073766.592346;2027617.3836118816;0.0025;3.696841055225063;0.0035;3.691990111715088
3744;400804;XS2583742668;1808128.87986;12.25277201;12.25277201;31997.60914;-132927.54557772755;;0.0;0.0;1954776.438;7.0;XS2583742668;Bond;1808128.87986;1675201.3342822725;0.0025;12.18568478476817;0.0035;12.15884989467544
3745;400804;XS2586942448;4838588.8806799995;6.964418667;6.964418667;29001.99067;-134791.8348901857;;0.0;0.0;4981252.055;9.0;XS2586942448;Bond;4838588.8806799995;4703797.045789814;0.0025;6.93582912607318;0.0015;6.947264942443908
3746;400804;XS2587298204;5118407.3756;3.097637472;3.097637472;6681.045872;-39637.42620904934;;0.0;0.0;5159321.233;9.0;XS2587298204;Bond;5118407.3756;5078769.949390951;0.0025;3.088993421842498;0.0;3.097637472
3747;400804;XS2588885025;3061097.9983665;2.672910504;2.672910504;3090.29121;-53183.26645844674;;0.0;0.0;3116977.397;7.0;XS2588885025;Bond;3061097.9983665;3007914.731908053;0.0025;2.6655332093259574;0.004;2.6611068325215315
3748;400804;XS2588986997;2975642.06996;4.277848647;4.277848647;7379.583964;-152752.15683521595;;0.0;0.0;3143527.397;6.0;XS2588986997;Bond;2975642.06996;2822889.913124784;0.0025;4.261598689933363;0.0095;4.216098810146779
3749;400804;XS2589790109;2015843.83578;5.469949629;5.469949629;7791.606335;-66159.38544988049;;0.0;0.0;2085360.0;8.0;XS2589790109;Bond;2015843.83578;1949684.4503301196;0.0025;5.448120913830145;0.0035;5.439389427762204
3750;400804;XS2592650373;2984384.7784605;1.836795849;1.836795849;1571.398601;-35631.08622381769;;0.0;0.0;3021511.986;8.0;XS2592650373;Bond;2984384.7784605;2948753.692236682;0.0025;1.8320668911181193;0.004;1.829229516388991
3751;400804;XS2595028536;3090513.5883425;2.710860802;2.710860802;3200.38507;-54456.68894045931;;0.0;0.0;3147687.863;9.0;XS2595028536;Bond;3090513.5883425;3036056.8994020405;0.0025;2.7033439375984085;0.004;2.6988338189574534
3752;400804;XS2597113989;3071864.35416;1.843950143;1.843950143;1627.260013;-36818.37064834458;;0.0;0.0;3110232.082;8.0;XS2597113989;Bond;3071864.35416;3035045.9835116556;0.0025;1.8392072626742137;0.004;1.8363615344787418
3753;400804;XS2597905905;2095591.4390929998;2.77465804;2.77465804;2310.743259;-37794.57262772465;;0.0;0.0;2135150.411;7.0;XS2597905905;Bond;2095591.4390929998;2057796.8664652752;0.0025;2.766338138555863;0.004;2.761346197689381
3754;400804;XS2598331242;2157101.754501;2.834245729;2.834245729;2486.037638;-39739.41682563363;;0.0;0.0;2198869.863;7.0;XS2598331242;Bond;2157101.754501;2117362.3376753666;0.0025;2.8255158576563657;0.004;2.8202779348501847
3755;400804;XS2601458602;3129283.32489;0.871509851;0.871509851;515.6648799;-17726.808087375844;;0.0;0.0;3147576.164;5.0;XS2601458602;Bond;3129283.32489;3111556.516802624;0.0025;0.8692890021982158;0.004;0.8679564929171453
3756;400804;XS2601459162;3163352.7883249996;3.371002519;3.371002519;5009.439013;-69313.8564165401;;0.0;0.0;3235373.425;6.0;XS2601459162;Bond;3163352.7883249996;3094038.9319084594;0.0025;3.3598220311519578;0.004;3.3531137384431324
3757;400804;XS2609970848;3143600.4534;5.993920148;5.993920148;16006.46185;-226109.88113875434;;0.0;0.0;3394294.932;6.0;XS2609970848;Bond;3143600.4534;2917490.5722612455;0.0025;5.956443822541127;0.0095;5.8515101112562835
3758;400804;XS2613209670;2067847.2831200003;6.393229419;6.393229419;11262.01375;-79321.33250665205;;0.0;0.0;2152569.041;7.0;XS2613209670;Bond;2067847.2831200003;1988525.9506133483;0.0025;6.359256619154702;0.0035;6.3456674992165825
3759;400804;XS2613658041;3686807.75746;2.752665109;2.752665109;4022.743029;-65965.5560040794;;0.0;0.0;3756132.397;7.0;XS2613658041;Bond;3686807.75746;3620842.2014559205;0.0025;2.744330067107925;0.004;2.73932904197268
3760;400804;XS2613658710;2286350.8744019996;3.218758303;3.218758303;3261.267994;-47834.87059359286;;0.0;0.0;2336769.178;8.0;XS2613658710;Bond;2286350.8744019996;2238516.0038084066;0.0025;3.2089991284798134;0.004;3.2031436237677013
3761;400804;XS2616652637;3099630.08196;6.603164862;6.603164862;19021.04225;-245608.4213087574;;0.0;0.0;3376736.301;7.0;XS2616652637;Bond;3099630.08196;2854021.660651243;0.0025;6.558755518846427;0.0095;6.434409358016421
3762;400804;XS2618906585;3155176.0489545;2.787906323;2.787906323;3515.290026;-57176.17917087965;;0.0;0.0;3215203.562;7.0;XS2618906585;Bond;3155176.0489545;3097999.8697836204;0.0025;2.77948401833879;0.004;2.774430635542064
3763;400804;XS2621007231;3049093.4514200003;3.26558649;3.26558649;4426.799969;-59742.47029022775;;0.0;0.0;3111494.384;6.0;XS2621007231;Bond;3049093.4514200003;2989350.9811297725;0.0025;3.2559505939262334;0.0035;3.2520962354967264
3764;400804;XS2623957078;2076892.6110580002;1.979553974;1.979553974;1261.377212;-24667.926130746608;;0.0;0.0;2102527.123;7.0;XS2623957078;Bond;2076892.6110580002;2052224.6849272535;0.0025;1.9741670918989511;0.0035;1.9720123390585316
3765;400804;XS2624938739;2019297.46896;5.877052254;5.877052254;9147.242259;-71205.10044868717;;0.0;0.0;2094782.466;6.0;XS2624938739;Bond;2019297.46896;1948092.3685113129;0.0025;5.850153781995178;0.0035;5.839394393193249
3766;400804;XS2624976077;3170667.4878999996;2.81130997;2.81130997;3590.869535;-57939.2392818728;;0.0;0.0;3231647.26;8.0;XS2624976077;Bond;3170667.4878999996;3112728.248618127;0.0025;2.802755430738426;0.004;2.7976227071814814
3767;400804;XS2625985945;3111056.336774;2.448185782;2.448185782;2701.416344;-45698.663344146655;;0.0;0.0;3158862.329;6.0;XS2625985945;Bond;3111056.336774;3065357.6734298533;0.0025;2.441461623955593;0.0035;2.4387719607378298
3768;400804;XS2626699982;3166793.564212;2.776360911;2.776360911;3558.995512;-105505.94237861478;;0.0;0.0;3280222.603;7.0;XS2626699982;Bond;3166793.564212;3061287.6218333854;0.0025;2.7675351536775996;0.0095;2.742823033174879
3769;400804;XS2629468278;3060251.93552;4.4058292;4.4058292;7883.309254;-80897.6840212232;;0.0;0.0;3144609.452;7.0;XS2629468278;Bond;3060251.93552;2979354.2514987765;0.0025;4.3899567082325435;0.0035;4.383607711525562
3770;400804;XS2629470845;1996306.5451;7.893452753;7.893452753;16541.16992;-94546.50836550907;;0.0;0.0;2098311.781;8.0;XS2629470845;Bond;1996306.5451;1901760.036734491;0.0025;7.8420720755476045;0.0035;7.821519804566646
3771;400804;XS2630117328;2087000.1166179997;2.698306773;2.698306773;2182.665838;-33788.19929953283;;0.0;0.0;2121710.959;7.0;XS2630117328;Bond;2087000.1166179997;2053211.9173184668;0.0025;2.6903629499207686;0.0035;2.6871854206890764
3772;400804;XS2631822868;1982603.35682;6.730630579;6.730630579;6711.268014;-80065.02467664445;;0.0;0.0;2067895.343;6.0;XS2631822868;Bond;1982603.35682;1902538.3321433556;0.0025;6.759257086265571;0.0035;6.7707076891718
3773;400804;XS2631835332;2017771.1866;6.732694417;6.732694417;11727.37019;-54340.14721122115;;0.0;0.0;2074767.123;6.0;XS2631835332;Bond;2017771.1866;1963431.0393887789;0.0025;6.700716310866837;0.0015;6.7135075533201025
3774;400804;XS2634593938;2043730.758418;3.644682227;3.644682227;3669.572901;-44692.49503187589;;0.0;0.0;2089720.0;7.0;XS2634593938;Bond;2043730.758418;1999038.2633861243;0.0025;3.6330033338163203;0.0035;3.628331776542848
3775;400804;XS2634616572;1987689.32668;7.406168355;7.406168355;14259.25978;-88326.97074497204;;0.0;0.0;2082400.0;6.0;XS2634616572;Bond;1987689.32668;1899362.3559350278;0.0025;7.363952005159262;0.0035;7.3470654652229666
3776;400804;XS2634690114;3145049.16026;5.095169919;5.095169919;10831.10608;-96147.35925079777;;0.0;0.0;3246705.164;8.0;XS2634690114;Bond;3145049.16026;3048901.801009202;0.0025;5.0739753334781605;0.0035;5.065497499269425
3777;400804;XS2635428274;3093741.17004;3.075495959;3.075495959;4165.792291;-114177.46159979943;;0.0;0.0;3216780.822;6.0;XS2635428274;Bond;3093741.17004;2979563.708440201;0.0025;3.065479583397772;0.0095;3.037433731711535
3778;400804;XS2636592102;3168318.3679400003;2.84113314;2.84113314;3704.59986;-108019.37175870061;;0.0;0.0;3284352.74;6.0;XS2636592102;Bond;3168318.3679400003;3060298.9961812994;0.0025;2.8320816397015496;0.0095;2.8067374388658886
3779;400804;XS2636745882;2116010.80106;6.307115681;6.307115681;11344.0225;-80075.54942718538;;0.0;0.0;2201778.356;7.0;XS2636745882;Bond;2116010.80106;2035935.2516328145;0.0025;6.272538904805705;0.0035;6.258708194327987
3780;400804;XS2637069357;3367415.8356;7.946991334;7.946991334;26467.24486;-321129.89356185077;;0.0;0.0;3737250.0;5.0;XS2637069357;Bond;3367415.8356;3046285.942038149;0.0025;7.908382790359366;0.0095;7.800278868165592
3781;400804;XS2637421848;3201713.018585;3.686689164;3.686689164;5970.194519;-76724.18449705784;;0.0;0.0;3282986.301;7.0;XS2637421848;Bond;3201713.018585;3124988.8340879423;0.0025;3.6740511668352758;0.004;3.666468368536441
3782;400804;XS2637967139;3135427.908012;2.864516989;2.864516989;3712.965542;-107777.83812342124;;0.0;0.0;3251342.466;7.0;XS2637967139;Bond;3135427.908012;3027650.0698885787;0.0025;2.8554256982261967;0.0095;2.8299700840595476
3783;400804;XS2643234011;3217338.9490400003;4.45990135;4.45990135;8637.730731;-93268.59309450201;;0.0;0.0;3316848.904;7.0;XS2643234011;Bond;3217338.9490400003;3124070.355945498;0.0025;4.442509555633889;0.004;4.432074479014224
3784;400804;XS2643673952;2039285.57173;5.768093069;5.768093069;8790.795257;-76458.12831804884;;0.0;0.0;2121009.315;7.0;XS2643673952;Bond;2039285.57173;1962827.4434119512;0.0025;5.743502237648904;0.004;5.728747738838247
3785;400804;XS2644240975;2120009.58048;6.458156848;6.458156848;11801.55945;-82148.12634001512;;0.0;0.0;2207980.548;6.0;XS2644240975;Bond;2120009.58048;2037861.454139985;0.0025;6.4232576184631345;0.0035;6.409297926648388
3786;400804;XS2652069480;3154036.261934;2.115695349;2.115695349;2148.045768;-43374.36902468221;;0.0;0.0;3199315.068;7.0;XS2652069480;Bond;3154036.261934;3110661.8929093177;0.0025;2.1098596002672214;0.004;2.106358151027554
3787;400804;XS2655865546;3086098.3371;4.649515;4.649515;8795.841981;-86093.16305892906;;0.0;0.0;3177539.589;7.0;XS2655865546;Bond;3086098.3371;3000005.174041071;0.0025;4.632306234014403;0.0035;4.6254227276201645
3788;400804;XS2656537664;3129099.884704;1.167838467;1.167838467;798.3445791;-21925.699274655573;;0.0;0.0;3151786.027;6.0;XS2656537664;Bond;3129099.884704;3107174.1854293444;0.0025;1.1648696952899937;0.0035;1.1636821866059912
3789;400804;XS2673437484;1952505.1284599998;12.29116487;12.29116487;42544.352;-143991.3746605343;;0.0;0.0;2111942.082;7.0;XS2673437484;Bond;1952505.1284599998;1808513.7537994655;0.0025;12.124106112428626;0.0035;12.057282609400076
3790;400804;XS2673969650;2133207.478358;2.892458014;2.892458014;2523.583562;-37021.27839780797;;0.0;0.0;2171818.904;6.0;XS2673969650;Bond;2133207.478358;2096186.1999601922;0.0025;2.8837988077773864;0.0035;2.880335125288341
3791;400804;XS2675722750;3181075.8699495;2.227802307;2.227802307;2365.839451;-46064.253051800944;;0.0;0.0;3229273.973;6.0;XS2675722750;Bond;3181075.8699495;3135011.616897699;0.0025;2.221616988526312;0.004;2.217905797442099
3792;400804;XS2676395077;2087150.772322;3.783180926;3.783180926;4025.870516;-47376.41394920856;;0.0;0.0;2136565.753;6.0;XS2676395077;Bond;2087150.772322;2039774.3583727914;0.0025;3.770739985342308;0.0035;3.7657636090792312
3793;400804;XS2676818482;3076533.93772;3.41819094;3.41819094;4842.137115;-63097.08259510217;;0.0;0.0;3142099.726;6.0;XS2676818482;Bond;3076533.93772;3013436.855124898;0.0025;3.4080536729287565;0.0035;3.403998766100259
3794;400804;XS2678111050;3102922.1256440002;1.302101894;1.302101894;937.1126307;-24241.92466041335;;0.0;0.0;3127994.384;6.0;XS2678111050;Bond;3102922.1256440002;3078680.2009835867;0.0025;1.2987903244497394;0.0035;1.2974656966296352
3795;400804;XS2696803696;3098863.89514;4.684613473;4.684613473;8917.529085;-87101.87732499662;;0.0;0.0;3190129.315;6.0;XS2696803696;Bond;3098863.89514;3011762.0178150036;0.0025;4.667535558674295;0.0035;4.660704392944013
3796;400804;XS2697970536;1956432.59604;8.525396325;8.525396325;18594.91241;-100076.17958633776;;0.0;0.0;2064940.548;6.0;XS2697970536;Bond;1956432.59604;1856356.4164536623;0.0025;8.469489796567858;0.0035;8.447127185195
3797;400804;XS2699159278;2954017.67554;3.381443347;3.381443347;4689.941877;-59933.060495250815;;0.0;0.0;3016098.247;6.0;XS2699159278;Bond;2954017.67554;2894084.6150447493;0.0025;3.3703375310414296;0.0035;3.3658952046580013
3798;400804;XS2699159351;3167385.2593799997;5.637905884;5.637905884;13438.63513;-107144.5199445202;;0.0;0.0;3281161.644;7.0;XS2699159351;Bond;3167385.2593799997;3060240.7394354795;0.0025;5.611300422948768;0.0035;5.6006582385282755
3799;400804;XS2704918478;3148530.0876;5.363854381;5.363854381;11950.39877;-109773.66987654325;;0.0;0.0;3265407.534;6.0;XS2704918478;Bond;3148530.0876;3038756.417723457;0.0025;5.340893002108096;0.004;5.327116174772954
3800;400804;XS2705604077;3110261.220139;1.465292497;1.465292497;1134.235486;-29623.375792268325;;0.0;0.0;3141092.466;7.0;XS2705604077;Bond;3110261.220139;3080637.844346732;0.0025;1.4615433194130618;0.004;1.4592938128608988
3801;400804;XS2705604234;3145571.15412;5.479012215;5.479012215;12465.49476;-112025.04804773834;;0.0;0.0;3266142.329;8.0;XS2705604234;Bond;3145571.15412;3033546.106072262;0.0025;5.454989360798595;0.004;5.440575648277752
3802;400804;XS2716710756;2032439.00178;6.588767882;6.588767882;11592.78698;-80347.61290231324;;0.0;0.0;2118158.904;6.0;XS2716710756;Bond;2032439.00178;1952091.3888776868;0.0025;6.554700552187491;0.0035;6.5410736202624875
3803;400804;XS2717291970;3100195.94941;4.86854257;4.86854257;9655.698054;-98107.33370778698;;0.0;0.0;3205053.37;9.0;XS2717291970;Bond;3100195.94941;3002088.615702213;0.0025;4.84993572591512;0.004;4.838771619464192
3804;400804;XS2720896047;3074414.204796;1.710634124;1.710634124;1436.731913;-31555.187100206167;;0.0;0.0;3107275.89;6.0;XS2720896047;Bond;3074414.204796;3042859.017695794;0.0025;1.7062668238697138;0.0035;1.7045199038175993
3805;400804;XS2723860990;2997596.96224;3.505513292;3.505513292;5071.640714;-126097.39194229367;;0.0;0.0;3134424.658;6.0;XS2723860990;Bond;2997596.96224;2871499.570297706;0.0025;3.4939372971115747;0.0095;3.461524511423984
3806;400804;XS2742660660;2881769.1604;7.203941612;7.203941612;19253.27188;-124560.58062470317;;0.0;0.0;3015560.548;7.0;XS2742660660;Bond;2881769.1604;2757208.5797752966;0.0025;7.166657055698275;0.0035;7.151743233177585
3807;400804;XS2745719000;2023309.5116259998;3.461886516;3.461886516;3268.94952;-45529.04145395185;;0.0;0.0;2071438.356;7.0;XS2745719000;Bond;2023309.5116259998;1977780.470172048;0.0025;3.45145704126891;0.004;3.4451993564302565
3808;400804;XS2747181969;1991676.138848;3.471885413;3.471885413;3211.403206;-41489.2280033192;;0.0;0.0;2034922.466;6.0;XS2747181969;Bond;1991676.138848;1950186.9108446809;0.0025;3.461710075020859;0.0035;3.457639939829203
3809;400804;XS2747590896;2991229.45415;3.372591423;3.372591423;4585.422724;-65573.2662083932;;0.0;0.0;3058590.0;6.0;XS2747590896;Bond;2991229.45415;2925656.187941607;0.0025;3.3627034587356754;0.004;3.356770680177081
3810;400804;XS2747776487;3029061.74985;3.486825585;3.486825585;4951.194281;-68651.76505149202;;0.0;0.0;3101520.0;7.0;XS2747776487;Bond;3029061.74985;2960409.9847985078;0.0025;3.476356374978863;0.004;3.470074848966181
3811;400804;XS2753310825;1952723.08392;5.792481537;5.792481537;8389.046348;-67866.6744628818;;0.0;0.0;2024453.589;7.0;XS2753310825;Bond;1952723.08392;1884856.409457118;0.0025;5.768961748364017;0.0035;5.759553832909623
3812;400804;XS2757519017;1926472.07632;7.576441564;7.576441564;13779.35936;-58383.2124436649;;0.0;0.0;1988601.918;8.0;XS2757519017;Bond;1926472.07632;1868088.863876335;0.0025;7.541131755224481;0.0015;7.555255678734689
3813;400804;XS2760217880;1978320.1962080002;3.450754019;3.450754019;3150.485298;-40960.178207601755;;0.0;0.0;2020192.877;6.0;XS2760217880;Bond;1978320.1962080002;1937360.0180003985;0.0025;3.4407106460072283;0.0035;3.436693296810119
3814;400804;XS2765559443;2922671.53144;5.153509503;5.153509503;9908.814954;-90372.09306854161;;0.0;0.0;3017025.616;7.0;XS2765559443;Bond;2922671.53144;2832299.4383714586;0.0025;5.135147954980808;0.0035;5.127803335773131
3815;400804;XS2768793676;1893405.8938799999;8.839711252;8.839711252;18648.34847;-66948.64553893662;;0.0;0.0;1964502.74;6.0;XS2768793676;Bond;1893405.8938799999;1826457.2483410633;0.0025;8.788834930386432;0.0015;8.80918545903186
3816;400804;XS2775056067;5032643.61202;2.671276198;2.671276198;5054.840798;-80661.48656283465;;0.0;0.0;5116674.658;6.0;XS2775056067;Bond;5032643.61202;4951982.125457165;0.0025;2.6640052232814275;0.0035;2.6610968333939984
3817;400804;XS2776889995;2966044.5564200003;4.386470362;4.386470362;4172.48302;-78062.7992346466;;0.0;0.0;3047711.918;7.0;XS2776889995;Bond;2966044.5564200003;2887981.757185354;0.0025;4.399404418938199;0.0035;4.404578041713479
3818;400804;XS2776890068;1865775.17848;8.674563605;8.674563605;18203.93367;-97108.71275012993;;0.0;0.0;1971244.384;7.0;XS2776890068;Bond;1865775.17848;1768666.4657298701;0.0025;8.618764564621852;0.0035;8.596444948470593
3819;400804;XS2777383840;1944694.9905;7.357572197;7.357572197;13577.35005;-85849.40276248788;;0.0;0.0;2038124.658;6.0;XS2777383840;Bond;1944694.9905;1858845.5877375123;0.0025;7.318363429686954;0.0035;7.302679922761736
3820;400804;XS2779792337;2903604.82724;6.011802617;6.011802617;13297.82975;-104735.3945948116;;0.0;0.0;3014376.575;6.0;XS2779792337;Bond;2903604.82724;2798869.4326451886;0.0025;5.987662901644535;0.0035;5.9780070155023495
3821;400804;XS2779793061;2804522.1977600004;10.62313432;10.62313432;40788.38732;-178756.8960613565;;0.0;0.0;2999473.973;6.0;XS2779793061;Bond;2804522.1977600004;2625765.3016986437;0.0025;10.541666978588585;0.0035;10.50908004202402
3822;400804;XS2788435050;14797251.2628;7.609136244;7.609136244;107167.8532;-450377.203581385;;0.0;0.0;15276433.56;6.0;XS2788435050;Bond;14797251.2628;14346874.059218615;0.0025;7.572823223363235;0.0015;7.587348431617941
3823;400804;XS2790333889;2850385.15254;7.422741021;7.422741021;20262.81124;-137524.86018315202;;0.0;0.0;3000490.685;9.0;XS2790333889;Bond;2850385.15254;2712860.2923568483;0.0025;7.382763790710044;0.004;7.35877745253607
3824;400804;XS2792222379;1918022.69456;7.714923601;7.714923601;14177.63433;-59189.59421405823;;0.0;0.0;1981064.932;9.0;XS2792222379;Bond;1918022.69456;1858833.1003459417;0.0025;7.6789287923300975;0.0015;7.693326715798058
3825;400804;XS2803804314;2057989.49236;4.99604787;4.99604787;6883.696638;-61690.88411872536;;0.0;0.0;2123320.0;6.0;XS2803804314;Bond;2057989.49236;1996298.6082412747;0.0025;4.97482748547963;0.0035;4.966339331671482
3826;400804;XS2806495896;1843512.53162;12.54026698;12.54026698;42004.74474;-138708.83596494296;;0.0;0.0;1994962.466;6.0;XS2806495896;Bond;1843512.53162;1704803.695655057;0.0025;12.36378349274365;0.0035;12.29319009784111
3827;400804;XS2808189760;4970414.294000001;7.484675886;7.484675886;36344.31414;-223211.6400583891;;0.0;0.0;5211654.11;6.0;XS2808189760;Bond;4970414.294000001;4747202.653941612;0.0025;7.441923575493736;0.0035;7.4248226512912305
3828;400804;XS2809670099;2965501.50798;8.351992735;8.351992735;27928.40867;-148607.08230168303;;0.0;0.0;3125818.767;6.0;XS2809670099;Bond;2965501.50798;2816894.4256783174;0.0025;8.290937962409615;0.0035;8.26651605337346
3829;400804;XS2811886584;1980289.8151;7.279686462;7.279686462;13817.93893;-86495.33374691973;;0.0;0.0;2073127.945;6.0;XS2811886584;Bond;1980289.8151;1893794.4813530804;0.0025;7.237727657078326;0.0035;7.220944135109658
3830;400804;XS2815980664;3008548.664215;5.190504945;5.190504945;10740.53769;-101503.26367272715;;0.0;0.0;3117626.301;7.0;XS2815980664;Bond;3008548.664215;2907045.4005422727;0.0025;5.16860814141949;0.004;5.155470059271185
3831;400804;XS2818300407;2988358.27584;3.829073512;3.829073512;6062.681344;-137311.72222061918;;0.0;0.0;3138236.301;8.0;XS2818300407;Bond;2988358.27584;2851046.5536193806;0.0025;3.815008857861627;0.0095;3.7756278262741825
3832;400804;XS2827708145;1829432.04124;12.61109773;12.61109773;42135.8257;-138426.87757482618;;0.0;0.0;1983352.603;7.0;XS2827708145;Bond;1829432.04124;1691005.1636651738;0.0025;12.432892453989222;0.0035;12.36161034358491
3833;400804;XS2828791074;2989526.44052;4.244151383;4.244151383;7430.883102;-152256.03332457633;;0.0;0.0;3156246.575;7.0;XS2828791074;Bond;2989526.44052;2837270.4071954237;0.0025;4.227042463833922;0.0095;4.179137490168904
3834;400804;XS2831084657;4824912.40256;8.740684692;8.740684692;48714.81426;-253038.2278637828;;0.0;0.0;5098882.877;6.0;XS2831084657;Bond;4824912.40256;4571874.174696217;0.0025;8.679270667636668;0.0035;8.654705057891336
3835;400804;XS2831094706;3017572.8321200004;4.62289857;4.62289857;9811.299457;-167399.1975657408;;0.0;0.0;3161439.041;7.0;XS2831094706;Bond;3017572.8321200004;2850173.6345542595;0.0025;4.595041853260961;0.0095;4.517043046391649
3836;400804;XS2831195644;3004252.00848;5.038970402;5.038970402;10625.72862;-181660.0434105573;;0.0;0.0;3206756.877;8.0;XS2831195644;Bond;3004252.00848;2822591.9650694425;0.0025;5.014026044565602;0.0095;4.944181843749286
3837;400804;XS2831536227;2934157.2770000002;3.899115924;3.899115924;6103.918071;-137287.43234725416;;0.0;0.0;3084523.973;4.0;XS2831536227;Bond;2934157.2770000002;2796869.844652746;0.0025;3.8851162658162495;0.0095;3.845917222901748
3838;400804;XS2839008948;1936957.6883399999;7.199749226;7.199749226;12923.12074;-83673.65770452397;;0.0;0.0;2026723.014;7.0;XS2839008948;Bond;1936957.6883399999;1853284.0306354759;0.0025;7.16254356641796;0.0035;7.147661302585144
3839;400804;XS2841150316;3043304.09926;5.242139088;5.242139088;10940.91197;-95720.54025240886;;0.0;0.0;3143926.438;6.0;XS2841150316;Bond;3043304.09926;2947583.559007591;0.0025;5.220962223484009;0.0035;5.212491477677613
3840;400804;XS2844410287;3128048.4011600004;3.605202626;3.605202626;5550.498538;-67663.4898607028;;0.0;0.0;3198551.507;5.0;XS2844410287;Bond;3128048.4011600004;3060384.9112992976;0.0025;3.593335625993858;0.0035;3.5885888259914007
3841;400804;XS2859392248;3070119.926908;2.2938674;2.2938674;2378.859819;-42254.68808654786;;0.0;0.0;3114053.836;6.0;XS2859392248;Bond;3070119.926908;3027865.238821452;0.0025;2.2876509032056833;0.0035;2.2851643044879566
3842;400804;XS2859413341;2911261.33124;6.394349815;6.394349815;17275.40638;-223387.48025797377;;0.0;0.0;3115273.973;7.0;XS2859413341;Bond;2911261.33124;2687873.850982026;0.0025;6.348219246551474;0.0095;6.219053654895601
3843;400804;XS2884003778;2969077.74754;4.366199786;4.366199786;7467.689998;-77781.51975555906;;0.0;0.0;3050094.658;6.0;XS2884003778;Bond;2969077.74754;2891296.227784441;0.0025;4.350980168693697;0.0035;4.344892321771177
3844;400804;XS2897313859;2959136.9401599998;4.731987653;4.731987653;8616.1676;-84015.59678623991;;0.0;0.0;3046614.658;6.0;XS2897313859;Bond;2959136.9401599998;2875121.3433737596;0.0025;4.715174010519834;0.0035;4.708448553527767
3845;400804;XS2900306171;2970120.353912;2.8075129;2.8075129;3247.755731;-50031.907248963034;;0.0;0.0;3022544.795;7.0;XS2900306171;Bond;2970120.353912;2920088.446663037;0.0025;2.7998813182843407;0.0035;2.796828685598077
3846;400804;XS2902578249;2921183.3900349997;5.565763122;5.565763122;11759.78938;-105680.99610156234;;0.0;0.0;3035003.425;8.0;XS2902578249;Bond;2921183.3900349997;2815502.3939334373;0.0025;5.542565078949953;0.004;5.528646253119924
3847;400804;XS2905504671;2972077.0538999997;3.984392645;3.984392645;6221.386406;-71051.53172359455;;0.0;0.0;3045176.712;6.0;XS2905504671;Bond;2972077.0538999997;2901025.522176405;0.0025;3.971749132524134;0.0035;3.966691727533788
3848;400804;XS2927515598;2849464.64176;5.788311683;5.788311683;12218.53757;-107208.33159526633;;0.0;0.0;2964742.603;7.0;XS2927515598;Bond;2849464.64176;2742256.310164734;0.0025;5.764872772187761;0.004;5.750809425700418
3849;400804;XS2930111096;2779800.3391199997;5.67355435;5.67355435;11983.10535;-189256.179673749;;0.0;0.0;2991297.945;6.0;XS2930111096;Bond;2779800.3391199997;2590544.1594462506;0.0025;5.646257918593428;0.0095;5.569827910655027
3850;400804;XS2941605409;2762322.44352;5.67823533;5.67823533;11942.0846;-188221.40269976633;;0.0;0.0;2973184.932;6.0;XS2941605409;Bond;2762322.44352;2574101.040820234;0.0025;5.650761110632631;0.0095;5.5738332964040005
3851;400804;XS2944871586;2893383.86026;5.699343277;5.699343277;12040.76791;-98942.32711051882;;0.0;0.0;2997594.658;7.0;XS2944871586;Bond;2893383.86026;2794441.5331494813;0.0025;5.6765124850638635;0.0035;5.667380168289409
3852;400804;XS2948048462;2838495.4058;4.886826948;4.886826948;9135.337486;-166454.8300900516;;0.0;0.0;3023291.096;6.0;XS2948048462;Bond;2838495.4058;2672040.5757099483;0.0025;4.866070312545548;0.0095;4.807951733273082
3853;400804;XS2954183039;2863453.8983199997;5.712329582;5.712329582;11982.43728;-98141.95446039933;;0.0;0.0;2967018.493;6.0;XS2954183039;Bond;2863453.8983199997;2765311.9438596005;0.0025;5.689291109825794;0.0035;5.68007572095611
3854;400804;XS2975280509;1986138.447804;4.388889402;4.388889402;4907.043163;-34867.767937886834;;0.0;0.0;2022684.384;8.0;XS2975280509;Bond;1986138.447804;1951270.6798661132;0.0025;4.375279150725148;0.0015;4.380723251235088
3855;400804;XS2976328760;1911438.24532;5.940685625;5.940685625;8526.825101;-68131.52224228649;;0.0;0.0;1982992.603;6.0;XS2976328760;Bond;1911438.24532;1843306.7230777135;0.0025;5.9173913090733405;0.0035;5.908073582702677
3856;400804;XS2978917156;1913340.88592;6.548237758;6.548237758;10488.07739;-75174.06619863909;;0.0;0.0;1993526.849;7.0;XS2978917156;Bond;1913340.88592;1838166.819721361;0.0025;6.518397504558136;0.0035;6.50646140318139
3857;400804;XS2980741099;2955286.88338;4.411960759;4.411960759;7473.875625;-84750.9634468898;;0.0;0.0;3045299.829;6.0;XS2980741099;Bond;2955286.88338;2870535.91993311;0.0025;4.397399633201105;0.004;4.388662957721767
3858;400804;XS2986720907;2906901.20084;4.718324044;4.718324044;8651.249985;-164588.42195347016;;0.0;0.0;3088623.11;8.0;XS2986720907;Bond;2906901.20084;2742312.77888653;0.0025;4.699577815093558;0.0095;4.647088374155518
3859;400804;XS2997384776;1814001.34122;9.433877465;9.433877465;15820.66345;-102678.3982464908;;0.0;0.0;1925531.781;6.0;XS2997384776;Bond;1814001.34122;1711322.9429735092;0.0025;9.438337131943339;0.0035;9.440120998720674
3860;400804;XS2999658136;2907520.73588;4.42015869;4.42015869;7329.154383;-77110.21828233107;;0.0;0.0;2988489.452;7.0;XS2999658136;Bond;2907520.73588;2830410.517597669;0.0025;4.405984262349469;0.0035;4.400314491289257
3861;400804;XS3007600581;1904726.59534;6.164557092;6.164557092;9140.882678;-76321.67297055738;;0.0;0.0;1986642.466;7.0;XS3007600581;Bond;1904726.59534;1828404.9223694426;0.0025;6.1395851931481555;0.004;6.124602053837049
3862;400804;XS3040316898;2949286.0531180003;2.802019433;2.802019433;-11722.78787;-49583.74100587505;;0.0;0.0;3000758.614;7.0;XS3040316898;Bond;2949286.0531180003;2899702.312112125;0.0025;2.921017424221301;0.0035;2.9686166207098217
3863;400805;2000019;7296837.359000001;0.0;0.0;0.0;-1140409.2575726493;;83392.42696;83392.42696;8339242.696;;US0231351067;Equity;7296837.359000001;6156428.101427352;0.0;0.0;0.0;0.0
3864;400805;2007849;325651.654825;0.0;0.0;0.0;-50895.4967247863;;3721.733198;3721.733198;372173.3198;;US0079031078;Equity;325651.654825;274756.1581002137;0.0;0.0;0.0;0.0
3865;400805;2008154;641849.9884124999;0.0;0.0;0.0;-100313.55130256407;;7335.428439;7335.428439;733542.8439;;US00724F1012;Equity;641849.9884124999;541536.4371099358;0.0;0.0;0.0;0.0
3866;400805;2009834;7966132.796999999;0.0;0.0;0.0;-1245012.2075897432;;91041.51768;91041.51768;9104151.768;;CA0084741085;Equity;7966132.796999999;6721120.589410257;0.0;0.0;0.0;0.0
3867;400805;2020459;1788490.6445;0.0;0.0;0.0;-279519.9053675213;;20439.89308;20439.89308;2043989.308;;US4385161066;Equity;1788490.6445;1508970.7391324786;0.0;0.0;0.0;0.0
3868;400805;2041364;420436.68992499996;0.0;0.0;0.0;-65709.27510427347;;4804.990742;4804.990742;480499.0742;;US91913Y1001;Equity;420436.68992499996;354727.4148207265;0.0;0.0;0.0;0.0
3869;400805;2046251;9065929.95875;0.0;0.0;0.0;-1416897.478290598;;103610.6281;103610.6281;10361062.81;;US0378331005;Equity;9065929.95875;7649032.480459402;0.0;0.0;0.0;0.0
3870;400805;2113434;3589227.189625;0.0;0.0;0.0;-560953.6999658118;;41019.73931;41019.73931;4101973.931;;US1011371077;Equity;3589227.189625;3028273.4896591883;0.0;0.0;0.0;0.0
3871;400805;2124533;2237534.5124999997;0.0;0.0;0.0;-349700.14358974353;;25571.823;25571.823;2557182.3;;CA8787422044;Equity;2237534.5124999997;1887834.3689102563;0.0;0.0;0.0;0.0
3872;400805;2134781;942196.630375;0.0;0.0;0.0;-147254.17422222218;;10767.96149;10767.96149;1076796.149;;US9113631090;Equity;942196.630375;794942.4561527778;0.0;0.0;0.0;0.0
3873;400805;2138158;1534467.913125;0.0;0.0;0.0;-239819.16102564096;;17536.77615;17536.77615;1753677.615;;US8168511090;Equity;1534467.913125;1294648.752099359;0.0;0.0;0.0;0.0
3874;400805;2190385;7491448.8285;0.0;0.0;0.0;-1170824.725333333;;85616.55804;85616.55804;8561655.804;;US46625H1005;Equity;7491448.8285;6320624.103166667;0.0;0.0;0.0;0.0
3875;400805;2262314;1270265.9567500001;0.0;0.0;0.0;-198527.52437606832;;14517.32522;14517.32522;1451732.522;;US6174464486;Equity;1270265.9567500001;1071738.4323739319;0.0;0.0;0.0;0.0
3876;400805;2270726;1637065.8675;0.0;0.0;0.0;-255854.00615384604;;18709.3242;18709.3242;1870932.42;;US2546871060;Equity;1637065.8675;1381211.861346154;0.0;0.0;0.0;0.0
3877;400805;2297907;232835.30479999998;0.0;0.0;0.0;-36389.4005059829;;2660.974912;2660.974912;266097.4912;;US1729674242;Equity;232835.30479999998;196445.9042940171;0.0;0.0;0.0;0.0
3878;400805;2317087;2382612.315125;0.0;0.0;0.0;-372374.08588034177;;27229.85503;27229.85503;2722985.503;;US29364G1031;Equity;2382612.315125;2010238.2292446585;0.0;0.0;0.0;0.0
3879;400805;2328915;2167560.8465;0.0;0.0;0.0;-338764.08834188024;;24772.12396;24772.12396;2477212.396;;US65339F1012;Equity;2167560.8465;1828796.7581581199;0.0;0.0;0.0;0.0
3880;400805;2379504;7600997.824874999;0.0;0.0;0.0;-1187945.9359999998;;86868.54657;86868.54657;8686854.657;;US67066G1040;Equity;7600997.824874999;6413051.888874999;0.0;0.0;0.0;0.0
3881;400805;2405302;2019034.059875;0.0;0.0;0.0;-315551.1107008546;;23074.67497;23074.67497;2307467.497;;US4062161017;Equity;2019034.059875;1703482.9491741455;0.0;0.0;0.0;0.0
3882;400805;2516152;2809867.848375;0.0;0.0;0.0;-439149.0654358972;;32112.77541;32112.77541;3211277.541;;US5324571083;Equity;2809867.848375;2370718.782939103;0.0;0.0;0.0;0.0
3883;400805;2573209;2267280.113875;0.0;0.0;0.0;-354349.02878632466;;25911.77273;25911.77273;2591177.273;;US59156R1086;Equity;2267280.113875;1912931.0850886751;0.0;0.0;0.0;0.0
3884;400805;2588173;12970798.33;0.0;0.0;0.0;-2027182.1565811958;;148237.6952;148237.6952;14823769.52;;US5949181045;Equity;12970798.33;10943616.173418805;0.0;0.0;0.0;0.0
3885;400805;2588184;4471422.38375;0.0;0.0;0.0;-698830.3603418801;;51101.9701;51101.9701;5110197.01;;US5951121038;Equity;4471422.38375;3772592.02340812;0.0;0.0;0.0;0.0
3886;400805;2671501;4113341.54525;0.0;0.0;0.0;-642866.5662905981;;47009.61766;47009.61766;4700961.766;;US7010941042;Equity;4113341.54525;3470474.978959402;0.0;0.0;0.0;0.0
3887;400805;2692665;3516640.738625;0.0;0.0;0.0;-549609.2973675212;;40190.17987;40190.17987;4019017.987;;US6934751057;Equity;3516640.738625;2967031.441257479;0.0;0.0;0.0;0.0
3888;400805;2704407;2303852.950875;0.0;0.0;0.0;-360064.93005128193;;26329.74801;26329.74801;2632974.801;;US7427181091;Equity;2303852.950875;1943788.020823718;0.0;0.0;0.0;0.0
3889;400805;2730190;1589024.455375;0.0;0.0;0.0;-248345.70242735033;;18160.27949;18160.27949;1816027.949;;US75886F1075;Equity;1589024.455375;1340678.7529476495;0.0;0.0;0.0;0.0
3890;400805;2778844;3147125.8656249996;0.0;0.0;0.0;-491858.499145299;;35967.15275;35967.15275;3596715.275;;US58933Y1055;Equity;3147125.8656249996;2655267.3664797004;0.0;0.0;0.0;0.0
3891;400805;2886907;2944855.02675;0.0;0.0;0.0;-460245.9626666665;;33655.48602;33655.48602;3365548.602;;US8835561023;Equity;2944855.02675;2484609.0640833336;0.0;0.0;0.0;0.0
3892;400805;2917766;2412743.444125;0.0;0.0;0.0;-377083.2244786324;;27574.21079;27574.21079;2757421.079;;US91324P1021;Equity;2412743.444125;2035660.2196463675;0.0;0.0;0.0;0.0
3893;400805;2936921;2746454.722375;0.0;0.0;0.0;-429238.34488888877;;31388.05397;31388.05397;3138805.397;;US9311421039;Equity;2746454.722375;2317216.377486111;0.0;0.0;0.0;0.0
3894;400805;2965839;1722807.0623750002;0.0;0.0;0.0;-269254.3394188033;;19689.22357;19689.22357;1968922.357;;US12572Q1058;Equity;1722807.0623750002;1453552.7229561969;0.0;0.0;0.0;0.0
3895;400805;2989301;2420087.182625;0.0;0.0;0.0;-378230.9638290597;;27658.13923;27658.13923;2765813.923;;US8725401090;Equity;2420087.182625;2041856.2187959403;0.0;0.0;0.0;0.0
3896;400805;4012250;10508666.5944;0.0;0.0;0.0;-1666058.9131034478;;120789.2712;0.0;12078927.12;;NL0000235190;Equity;10508666.5944;8842607.681296552;0.0;0.0;0.0;0.0
3897;400805;4031879;4514566.155;0.0;0.0;0.0;-715745.7241379308;;51891.565;0.0;5189156.5;;FR0000124141;Equity;4514566.155;3798820.4308620696;0.0;0.0;0.0;0.0
3898;400805;4031976;2021407.9379999998;0.0;0.0;0.0;-320476.88275862054;;23234.574;0.0;2323457.4;;DE000A1EWWW0;Equity;2021407.9379999998;1700931.0552413794;0.0;0.0;0.0;0.0
3899;400805;4057808;8488736.2905;0.0;0.0;0.0;-1345816.2965517237;;97571.6815;0.0;9757168.15;;FR0000120321;Equity;8488736.2905;7142919.993948276;0.0;0.0;0.0;0.0
3900;400805;4061412;10785663.615;0.0;0.0;0.0;-1709974.4137931028;;123973.145;0.0;12397314.5;;FR0000121014;Equity;10785663.615;9075689.201206896;0.0;0.0;0.0;0.0
3901;400805;4076836;14189673.6564;0.0;0.0;0.0;-2249650.9958620677;;163099.6972;0.0;16309969.72;;IT0000072618;Equity;14189673.6564;11940022.660537932;0.0;0.0;0.0;0.0
3902;400805;4162791;5214237.816;0.0;0.0;0.0;-826672.6620689651;;59933.768;0.0;5993376.8;;FR0000121329;Equity;5214237.816;4387565.153931035;0.0;0.0;0.0;0.0
3903;400805;4163437;2859544.2315;0.0;0.0;0.0;-453356.19999999984;;32868.3245;0.0;3286832.45;;FR0000125338;Equity;2859544.2315;2406188.0315000005;0.0;0.0;0.0;0.0
3904;400805;4380429;3441828.4542;0.0;0.0;0.0;-545672.3668965515;;39561.2466;0.0;3956124.66;;FR0000130577;Equity;3441828.4542;2896156.0873034485;0.0;0.0;0.0;0.0
3905;400805;4792132;1657322.0729999999;0.0;0.0;0.0;-262754.1931034482;;19049.679;0.0;1904967.9;;FR0000121709;Equity;1657322.0729999999;1394567.8798965516;0.0;0.0;0.0;0.0
3906;400805;4834108;16013457.2925;0.0;0.0;0.0;-2538796.2413793094;;184062.7275;0.0;18406272.75;;FR0000121972;Equity;16013457.2925;13474661.051120691;0.0;0.0;0.0;0.0
3907;400805;4846288;23280427.092;0.0;0.0;0.0;-3690911.9448275845;;267591.116;0.0;26759111.6;;DE0007164600;Equity;23280427.092;19589515.147172414;0.0;0.0;0.0;0.0
3908;400805;4942904;6372817.1988;0.0;0.0;0.0;-1010355.48137931;;73250.7724;0.0;7325077.24;;DE000ENAG999;Equity;6372817.1988;5362461.717420691;0.0;0.0;0.0;0.0
3909;400805;5165294;4890076.338;0.0;0.0;0.0;-775279.64137931;;56207.774;0.0;5620777.4;;NL0000334118;Equity;4890076.338;4114796.6966206906;0.0;0.0;0.0;0.0
3910;400805;5231485;11018888.516999999;0.0;0.0;0.0;-1746950.2206896544;;126653.891;0.0;12665389.1;;DE0008404005;Equity;11018888.516999999;9271938.296310345;0.0;0.0;0.0;0.0
3911;400805;5253973;8583256.44;0.0;0.0;0.0;-1360801.6551724132;;98658.12;0.0;9865812.0;;FR0000052292;Equity;8583256.44;7222454.784827586;0.0;0.0;0.0;0.0
3912;400805;5294121;11760228.48;0.0;0.0;0.0;-1864483.310344827;;135175.04;0.0;13517504.0;;DE0008430026;Equity;11760228.48;9895745.169655174;0.0;0.0;0.0;0.0
3913;400805;5334588;979990.62;0.0;0.0;0.0;-155369.1034482758;;11264.26;0.0;1126426.0;;DE0007030009;Equity;979990.62;824621.5165517242;0.0;0.0;0.0;0.0
3914;400805;5501906;7819606.479750001;0.0;0.0;0.0;-1239731.5068965512;;89880.53425;0.0;8988053.425;;ES0113211835;Equity;7819606.479750001;6579874.97285345;0.0;0.0;0.0;0.0
3915;400805;5596991;3612166.2675;0.0;0.0;0.0;-572677.9655172412;;41519.1525;0.0;4151915.25;;BE0003739530;Equity;3612166.2675;3039488.301982759;0.0;0.0;0.0;0.0
3916;400805;5671735;10846163.328;0.0;0.0;0.0;-1719566.12413793;;124668.544;0.0;12466854.4;;FR0000120578;Equity;10846163.328;9126597.20386207;0.0;0.0;0.0;0.0
3917;400805;5705946;9288626.026800001;0.0;0.0;0.0;-1472631.9503448268;;106765.8164;0.0;10676581.64;;ES0113900J37;Equity;9288626.026800001;7815994.076455174;0.0;0.0;0.0;0.0
3918;400805;5727973;10708144.004999999;0.0;0.0;0.0;-1697684.3448275856;;123082.115;0.0;12308211.5;;DE0007236101;Equity;10708144.004999999;9010459.660172414;0.0;0.0;0.0;0.0
3919;400805;5842359;15998793.1032;0.0;0.0;0.0;-2536471.3599999994;;183894.1736;0.0;18389417.36;;DE0005557508;Equity;15998793.1032;13462321.7432;0.0;0.0;0.0;0.0
3920;400805;5889505;2702223.7062;0.0;0.0;0.0;-428414.38068965496;;31060.0426;0.0;3106004.26;;DE0006231004;Equity;2702223.7062;2273809.325510345;0.0;0.0;0.0;0.0
3921;400805;5966516;3705825.0909;0.0;0.0;0.0;-587526.7682758619;;42595.6907;0.0;4259569.07;;FR0000130809;Equity;3705825.0909;3118298.3226241386;0.0;0.0;0.0;0.0
3922;400805;6597067;3379517.49216;0.0;0.0;0.0;-336671.471007444;;37342.73472;37342.73472;3734273.472;;JP3900000005;Equity;3379517.49216;3042846.021152556;0.0;0.0;0.0;0.0
3923;400805;6635677;1267174.51296;0.0;0.0;0.0;-126237.40172704711;;14001.92832;14001.92832;1400192.832;;JP3164720009;Equity;1267174.51296;1140937.111232953;0.0;0.0;0.0;0.0
3924;400805;6895675;1081609.1028999998;0.0;0.0;0.0;-107751.15932175347;;11951.4818;11951.4818;1195148.18;;JP3571400005;Equity;1081609.1028999998;973857.9435782464;0.0;0.0;0.0;0.0
3925;400805;7088429;8428994.478;0.0;0.0;0.0;-1336344.7448275858;;96884.994;0.0;9688499.4;;FR0000120628;Equity;8428994.478;7092649.733172415;0.0;0.0;0.0;0.0
3926;400805;7144569;7330807.628549999;0.0;0.0;0.0;-1162236.6434482753;;84262.15665;0.0;8426215.665;;IT0003128367;Equity;7330807.628549999;6168570.985101723;0.0;0.0;0.0;0.0
3927;400805;7145056;2514944.7082800004;0.0;0.0;0.0;-398722.9026206895;;28907.41044;0.0;2890741.044;;IT0003132476;Equity;2514944.7082800004;2116221.805659311;0.0;0.0;0.0;0.0
3928;400805;7212477;10020973.2;0.0;0.0;0.0;-1588739.3103448271;;115183.6;0.0;11518360.0;;FR0000121667;Equity;10020973.2;8432233.889655173;0.0;0.0;0.0;0.0
3929;400805;7309681;7759080.732;0.0;0.0;0.0;-1230135.6689655168;;89184.836;0.0;8918483.6;;FR0000131104;Equity;7759080.732;6528945.063034483;0.0;0.0;0.0;0.0
3930;400805;7380482;9536223.206999999;0.0;0.0;0.0;-1511886.358620689;;109611.761;0.0;10961176.1;;FR0000125007;Equity;9536223.206999999;8024336.848379309;0.0;0.0;0.0;0.0
3931;400805;7792559;2189932.9757999997;0.0;0.0;0.0;-347195.0813793102;;25171.6434;0.0;2517164.34;;NL0000009165;Equity;2189932.9757999997;1842737.8944206894;0.0;0.0;0.0;0.0
3932;400805;989529;4337456.359405;0.0;0.0;0.0;-839629.1981122899;;51330.84449;51330.84449;5133084.449;;GB0009895292;Equity;4337456.359405;3497827.16129271;0.0;0.0;0.0;0.0
3933;400805;B058TZ6;8040312.06;0.0;0.0;0.0;-1274722.4827586203;;92417.38;0.0;9241738.0;;FR0000073272;Equity;8040312.06;6765589.57724138;0.0;0.0;0.0;0.0
3934;400805;B11ZRK9;2704539.0372;0.0;0.0;0.0;-428781.45655172394;;31086.6556;0.0;3108665.56;;FR0010307819;Equity;2704539.0372;2275757.580648276;0.0;0.0;0.0;0.0
3935;400805;B15C557;10194555.8262;0.0;0.0;0.0;-1616259.3462068958;;117178.8026;0.0;11717880.26;;FR0000120271;Equity;10194555.8262;8578296.479993103;0.0;0.0;0.0;0.0
3936;400805;B1W4V69;3391711.2516;0.0;0.0;0.0;-537726.7144827584;;38985.1868;0.0;3898518.68;;IT0004176001;Equity;3391711.2516;2853984.537117242;0.0;0.0;0.0;0.0
3937;400805;B1XH026;6868672.185;0.0;0.0;0.0;-1088969.0344827583;;78950.255;0.0;7895025.5;;FR0000125486;Equity;6868672.185;5779703.150517241;0.0;0.0;0.0;0.0
3938;400805;B1Y9TB3;4786864.236;0.0;0.0;0.0;-758916.2482758617;;55021.428;0.0;5502142.8;;FR0000120644;Equity;4786864.236;4027947.987724138;0.0;0.0;0.0;0.0
3939;400805;B1YXBJ7;11378364.165;0.0;0.0;0.0;-1803941.999999999;;130785.795;0.0;13078579.5;;FR0000120073;Equity;11378364.165;9574422.165;0.0;0.0;0.0;0.0
3940;400805;B288C92;9801030.0834;0.0;0.0;0.0;-1553869.2165517237;;112655.5182;0.0;11265551.82;;ES0144580Y14;Equity;9801030.0834;8247160.866848276;0.0;0.0;0.0;0.0
3941;400805;B28DTJ6;3724854.3486;0.0;0.0;0.0;-590543.6937931033;;42814.4178;0.0;4281441.78;;FR0006174348;Equity;3724854.3486;3134310.654806897;0.0;0.0;0.0;0.0
3942;400805;B29VF02;547273.7641;0.0;0.0;0.0;-85532.40757606835;;6254.557304;6254.557304;625455.7304;;CA3518581051;Equity;547273.7641;461741.35652393167;0.0;0.0;0.0;0.0
3943;400805;B5BKPQ4;6323612.614375;0.0;0.0;0.0;-988305.7565811962;;72269.85845;72269.85845;7226985.845;;US6200763075;Equity;6323612.614375;5335306.857793803;0.0;0.0;0.0;0.0
3944;400805;B616C79;1376082.7395;0.0;0.0;0.0;-215065.43425641017;;15726.65988;15726.65988;1572665.988;;US88160R1014;Equity;1376082.7395;1161017.3052435897;0.0;0.0;0.0;0.0
3945;400805;B6Z1355;1582788.9253749999;0.0;0.0;0.0;-247371.16294017085;;18089.01629;18089.01629;1808901.629;;US9837931008;Equity;1582788.9253749999;1335417.762434829;0.0;0.0;0.0;0.0
3946;400805;B7FBFL2;1005760.41475;0.0;0.0;0.0;-157188.44088888884;;11494.40474;11494.40474;1149440.474;;US03027X1000;Equity;1005760.41475;848571.9738611111;0.0;0.0;0.0;0.0
3947;400805;B7TL820;3896979.5453749998;0.0;0.0;0.0;-609051.748239316;;44536.90909;44536.90909;4453690.909;;US30303M1027;Equity;3896979.5453749998;3287927.7971356837;0.0;0.0;0.0;0.0
3948;400805;B87ZMX0;1102754.286375;0.0;0.0;0.0;-172347.4342564102;;12602.90613;12602.90613;1260290.613;;US6974351057;Equity;1102754.286375;930406.8521185897;0.0;0.0;0.0;0.0
3949;400805;B929F46;16920598.68;0.0;0.0;0.0;-2682615.72413793;;194489.64;0.0;19448964.0;;NL0010273215;Equity;16920598.68;14237982.95586207;0.0;0.0;0.0;0.0
3950;400805;B92SR70;564144.5287625;0.0;0.0;0.0;-88169.10828034184;;6447.366043;6447.366043;644736.6043;;US00287Y1091;Equity;564144.5287625;475975.4204821582;0.0;0.0;0.0;0.0
3951;400805;B94Q9V0;3124003.217125;0.0;0.0;0.0;-488244.7030427349;;35702.89391;35702.89391;3570289.391;;US8725901040;Equity;3124003.217125;2635758.514082265;0.0;0.0;0.0;0.0
3952;400805;BDHLTQ5;2200109.0483750002;0.0;0.0;0.0;-343850.98680341867;;25144.10341;25144.10341;2514410.341;;US05722G1004;Equity;2200109.0483750002;1856258.0615715815;0.0;0.0;0.0;0.0
3953;400805;BDZ78H9;6296895.51575;0.0;0.0;0.0;-984130.1904957262;;71964.52018;71964.52018;7196452.018;;US11135F1012;Equity;6296895.51575;5312765.3252542745;0.0;0.0;0.0;0.0
3954;400805;BF0LBX7;3211618.05;0.0;0.0;0.0;-509174.4827586205;;36915.15;0.0;3691515.0;;FR0013280286;Equity;3211618.05;2702443.567241379;0.0;0.0;0.0;0.0
3955;400805;BG0SCK9;1060287.0786000001;0.0;0.0;0.0;-168099.4179310344;;12187.2078;0.0;1218720.78;;NL0012866412;Equity;1060287.0786000001;892187.6606689657;0.0;0.0;0.0;0.0
3956;400805;BJYRDP5;3866038.0530000003;0.0;0.0;0.0;-612927.1586206893;;44437.219;0.0;4443721.9;;FR0011726835;Equity;3866038.0530000003;3253110.8943793112;0.0;0.0;0.0;0.0
3957;400805;BK6H543;437796.95633049996;0.0;0.0;0.0;-84747.15983775418;;5181.029069;5181.029069;518102.9069;;US09075V1026;Equity;437796.95633049996;353049.79649274575;0.0;0.0;0.0;0.0
3958;400805;BM5M5Y3;4984279.608;0.0;0.0;0.0;-778983.8703589741;;56963.19552;56963.19552;5696319.552;;US75513E1010;Equity;4984279.608;4205295.737641026;0.0;0.0;0.0;0.0
3959;400805;BN0SDX8;945730.89;0.0;0.0;0.0;-149937.51724137925;;10870.47;0.0;1087047.0;;DE000HAG0005;Equity;945730.89;795793.3727586208;0.0;0.0;0.0;0.0
3960;400805;BN320L4;1269633.564;0.0;0.0;0.0;-156744.88444444438;;14107.0396;14107.0396;1410703.96;;CA7397211086;Equity;1269633.564;1112888.6795555556;0.0;0.0;0.0;0.0
3961;400805;BNC0116;1473770.0472000001;0.0;0.0;0.0;-233653.59448275855;;16939.8856;0.0;1693988.56;;NL0014559478;Equity;1473770.0472000001;1240116.4527172416;0.0;0.0;0.0;0.0
3962;400805;BP6H4Y1;1506475.68925;0.0;0.0;0.0;-235444.3079658119;;17216.86502;17216.86502;1721686.502;;US36828A1016;Equity;1506475.68925;1271031.3812841882;0.0;0.0;0.0;0.0
3963;400805;BP6KMJ1;769338.374601;0.0;0.0;0.0;-121971.99755862064;;8842.969823;8842.969823;884296.9823;;DK0062498333;Equity;769338.374601;647366.3770423793;0.0;0.0;0.0;0.0
3964;400805;BP9DL90;5141477.3235;0.0;0.0;0.0;-815137.1103448272;;59097.4405;0.0;5909744.05;;ES0148396007;Equity;5141477.3235;4326340.213155173;0.0;0.0;0.0;0.0
3965;400805;BPBPJ01;4128335.2403999995;0.0;0.0;0.0;-654512.1268965515;;47452.1292;0.0;4745212.92;;FR001400AJ45;Equity;4128335.2403999995;3473823.113503448;0.0;0.0;0.0;0.0
3966;400805;BPCPSD6;3629997.744;0.0;0.0;0.0;-575504.9931034481;;41724.112;0.0;4172411.2;;CH1216478797;Equity;3629997.744;3054492.7508965516;0.0;0.0;0.0;0.0
3967;400805;BQT3XY6;1225492.501625;0.0;0.0;0.0;-191529.96362393157;;14005.62859;14005.62859;1400562.859;;IL0011334468;Equity;1225492.501625;1033962.5380010684;0.0;0.0;0.0;0.0
3968;400805;BR4T3B3;952370.363875;0.0;0.0;0.0;-148844.20827350422;;10884.23273;10884.23273;1088423.273;;US4435731009;Equity;952370.363875;803526.1556014959;0.0;0.0;0.0;0.0
3969;400805;BVLZX12;1703992.43175;0.0;0.0;0.0;-266313.8354871794;;19474.19922;19474.19922;1947419.922;;US29444U7000;Equity;1703992.43175;1437678.5962628205;0.0;0.0;0.0;0.0
3970;400805;BYPC1T4;1906318.4202600003;0.0;0.0;0.0;-302230.4273103447;;21911.70598;21911.70598;2191170.598;;SE0007100581;Equity;1906318.4202600003;1604087.9929496555;0.0;0.0;0.0;0.0
3971;400805;BYVY8G0;4814640.95525;0.0;0.0;0.0;-752471.3580854698;;55024.46806;55024.46806;5502446.806;;US02079K3059;Equity;4814640.95525;4062169.59716453;0.0;0.0;0.0;0.0
3972;400805;BZ57390;9291848.1327;0.0;0.0;0.0;-1473142.7875862063;;106802.8521;0.0;10680285.21;;NL0011821202;Equity;9291848.1327;7818705.345113793;0.0;0.0;0.0;0.0
3973;400805;CSH_CAD_DB;338526.1197;0.0;0.0;0.0;0.0;;0.0;3385.261197;338526.1197;;;Cash;338526.1197;338526.1197;0.0;0.0;0.0;0.0
3974;400805;CSH_CHF_DB;66058.3456;0.0;0.0;0.0;0.0;;0.0;660.583456;66058.3456;;;Cash;66058.3456;66058.3456;0.0;0.0;0.0;0.0
3975;400805;CSH_DKK_DB;995093.8537;0.0;0.0;0.0;0.0;;0.0;9950.938537;995093.8537;;;Cash;995093.8537;995093.8537;0.0;0.0;0.0;0.0
3976;400805;CSH_EUR_DB;174259.89;0.0;0.0;0.0;0.0;;0.0;0.0;174259.89;;;Cash;174259.89;174259.89;0.0;0.0;0.0;0.0
3977;400805;CSH_GBP_DB;517710.49121999997;0.0;0.0;0.0;-13615.003056410267;;0.0;5309.851192;530985.1192;;;Cash;517710.49121999997;504095.4881635897;0.0;0.0;0.0;0.0
3978;400805;CSH_JPY_DB;46987.25106075;0.0;0.0;0.0;-1235.6936505128215;;0.0;481.9205237;48192.05237;;;Cash;46987.25106075;45751.557410237176;0.0;0.0;0.0;0.0
3979;400805;CSH_NOK_DB;66747.25331;0.0;0.0;0.0;0.0;;0.0;667.4725331;66747.25331;;;Cash;66747.25331;66747.25331;0.0;0.0;0.0;0.0
3980;400805;CSH_SEK_DB;958931.9978;0.0;0.0;0.0;0.0;;0.0;9589.319978;958931.9978;;;Cash;958931.9978;958931.9978;0.0;0.0;0.0;0.0
3981;400805;CSH_USD_DB;695281.28241;0.0;0.0;0.0;-18284.84634871796;;0.0;7131.090076;713109.0076;;;Cash;695281.28241;676996.4360612821;0.0;0.0;0.0;0.0
3982;400805;FR0010582452;291813.26672789996;0.033149011;0.296124349;3.66534477;-584.2107441999867;;0.0;1.36e-09;292152.8636;;FR0010582452;Fund Unit;291813.26672789996;291229.0559837;0.0;0.033149011;0.0;0.296124349
3983;400805;FR0010722413;4228326.33618;0.0;0.0;0.0;-583217.4256799998;;48585.10602;48603.23158;4908823.299;;FR0010722413;Fund Unit;4228326.33618;3645108.9104999998;0.0;0.0;0.0;0.0
3984;900200;BE0390201672;6508054.98138;8.134215074;8.134215074;5374.808575;-317627.51359177195;;0.0;0.0;6850213.425;4.0;BE0390201672;Bond;6508054.98138;6190427.467788228;0.0025;8.278981956536633;0.0035;8.336888709551287
3985;900200;BE6362152199;3816663.455965;4.954336069;4.954336069;12143.79324;-122908.71725029036;;0.0;0.0;3946842.748;5.0;BE6362152199;Bond;3816663.455965;3693754.73871471;0.0025;4.936155119590823;0.004;4.925246549945316
3986;900200;BTSM25 Cmdty;0.0;0.0;0.0;-2785.03187;61799.718179999996;;0.0;0.0;-4622070.0;;;Bond Future;0.0;61799.718179999996;0.0025;0.0;0.0035;0.0
3987;900200;CDSB100001026;287212.8203205;0.967080173;21.94831107;0.0;-88948.10309151732;MORGAN STANLEY EUROPE SE;0.0;0.0;5000000.0;;;Credit Default Swap;287212.8203205;198264.71722898268;0.0025;0.9694182831525243;0.014;28.692508093556782
3988;900200;CDSB100001110;-223491.365299;1.210223518;123.5869152;0.0;97348.31570487603;JP MORGAN SE;0.0;0.0;-22000000.0;;;Credit Default Swap;-223491.365299;-126143.04959412396;0.0025;1.2138851204088008;0.0035;177.044954830282
3989;900200;CDSB100001112;82484.48465325;1.202992068;166.4209457;0.0;-48293.08124742582;JP MORGAN SE;0.0;0.0;15000000.0;;;Credit Default Swap;82484.48465325;34191.403405824174;0.0025;1.2066100427891773;0.0035;263.35670478688826
3990;900200;CDSB100001503;-70315.28567104999;1.334273897;1182.396989;0.0;291226.5868290127;JP MORGAN SE;0.0;0.0;10000000.0;;;Credit Default Swap;-70315.28567104999;220911.30115796273;0.0025;1.338724614080539;0.0035;6075.616227586932
3991;900200;CDSB100001504;-151948.871469;1.449676051;161.213703;0.0;86287.53242652262;JP MORGAN SE;0.0;0.0;-21000000.0;;;Credit Default Swap;-151948.871469;-65661.33904247738;0.0025;1.4549299526321073;0.0035;252.17820612240274
3992;900200;CDSB100001671;188643.630698625;1.672665127;193.9820833;0.0;-81850.57212472068;BNP PARIBAS;0.0;3224.98064;20366598.78;;;Credit Default Swap;188643.630698625;106793.05857390432;0.00125;1.6761623877838523;0.002;269.24018058281627
3993;900200;CDSB100001684;241906.4261215;1.700247083;127.5825071;0.0;-109048.85088706674;MORGAN STANLEY EUROPE SE;0.0;0.0;17500000.0;;;Credit Default Swap;241906.4261215;132857.57523443326;0.0025;1.707474183358125;0.0035;184.55304351272542
3994;900200;CDSB100001686;-140243.15449150003;1.697616277;142.1236803;0.0;70356.7540407536;MORGAN STANLEY EUROPE SE;0.0;0.0;-12500000.0;;;Credit Default Swap;-140243.15449150003;-69886.40045074643;0.0025;1.7048210295598385;0.0035;212.82067205705812
3995;900200;CDSB100001740;-166440.99119100004;1.694715754;155.602453;0.0;91350.36820645539;MORGAN STANLEY EUROPE SE;0.0;0.0;-18000000.0;;;Credit Default Swap;-166440.99119100004;-75090.62298454465;0.0025;1.7018959077171394;0.0035;240.3448848286602
3996;900200;CDSB100001742;140302.43253349996;1.69058069;174.4267246;0.0;-86246.70961881097;MORGAN STANLEY EUROPE SE;0.0;0.0;20000000.0;;;Credit Default Swap;140302.43253349996;54055.72291468899;0.0025;1.6977258476735022;0.0035;280.9131124913948
3997;900200;CDSB100001851;-149216.069065;1.690994666;175.1822701;0.0;92120.8429418938;SOCIETE GENERALE;0.0;0.0;-21500000.0;;;Credit Default Swap;-149216.069065;-57095.226123106186;0.0025;1.698143323401101;0.0035;282.59316725086273
3998;900200;CDSB100001853;-15080.217343749973;1.669422199;313.1790213;0.0;16592.76510447266;SOCIETE GENERALE;0.0;0.0;15000000.0;;;Credit Default Swap;-15080.217343749973;1512.5477607226858;0.0025;1.676389625196285;0.0035;656.4628691384905
3999;900200;CDSB100003582;1150128.0000274999;2.620489807;0.0;0.0;-7534.746752043397;BNP PARIBAS;0.0;0.0;0.0;;CDSB100003582;CDS Index;1150128.0000274999;1142593.2532754564;0.0025;2.637657224071477;0.0035;0.0
4000;900200;CDSB100003598;27294.508279575;2.500703107;0.0;0.0;-170.63865414692606;BNP PARIBAS;0.0;0.0;0.0;;CDSB100003598;CDS Index;27294.508279575;27123.869625428073;0.0025;2.5163368970733986;0.014;0.0
4001;900200;CDSB100003610;1127480.10492425;2.716150159;0.0;0.0;-7656.0131656483445;DEUTSCHE BANK AKTIENGESELLSCHAFT;0.0;0.0;0.0;;CDSB100003610;CDS Index;1127480.10492425;1119824.0917586016;0.0025;2.7345938382155897;0.0095;0.0
4002;900200;CDSB100003614;-864552.82477;2.611470043;0.0;0.0;5644.384506194708;DEUTSCHE BANK AKTIENGESELLSCHAFT;0.0;0.0;0.0;;CDSB100003614;CDS Index;-864552.82477;-858908.4402638052;0.0025;2.6285194824637164;0.004;0.0
4003;900200;CDSB100003619;6823.62710185;2.500703107;0.0;0.0;-42.65966373651426;JP MORGAN SE;0.0;0.0;0.0;;CDSB100003619;CDS Index;6823.62710185;6780.9674381134855;0.0025;2.5163368970733986;0.014;0.0
4004;900200;CDSB100003620;887071.5195575;2.500703107;0.0;0.0;-5545.756262721629;JP MORGAN SE;0.0;0.0;0.0;;CDSB100003620;CDS Index;887071.5195575;881525.7632947784;0.0025;2.5163368970733986;0.014;0.0
4005;900200;CDSB100003629;439987.7580825;2.620489807;0.0;0.0;-2882.458588149933;BNP PARIBAS;0.0;0.0;0.0;;CDSB100003629;CDS Index;439987.7580825;437105.2994943501;0.0025;2.637657224071477;0.0035;0.0
4006;900200;CDSB100003635;263992.654933;2.620489807;0.0;0.0;-1729.4751534369868;GOLDMAN SACHS BANK EUROPE SE;0.0;0.0;0.0;;CDSB100003635;CDS Index;263992.654933;262263.179779563;0.0025;2.637657224071477;0.0035;0.0
4007;900200;CDSB100003652;64824.457223000005;2.500703107;0.0;0.0;-405.26680396786173;MORGAN STANLEY EUROPE SE;0.0;0.0;0.0;;CDSB100003652;CDS Index;64824.457223000005;64419.190419032144;0.0025;2.5163368970733986;0.014;0.0
4008;900200;CDSB100003653;109116.96403774999;2.620489807;0.0;0.0;-714.8497300792735;JP MORGAN SE;0.0;0.0;0.0;;CDSB100003653;CDS Index;109116.96403774999;108402.11430767071;0.0025;2.637657224071477;0.0035;0.0
4009;900200;CDSB100003662;1935946.1359075;2.620489807;0.0;0.0;-12682.8177901166;CITIBANK EUROPE PUBLIC LIMITED COMPANY;0.0;0.0;0.0;;CDSB100003662;CDS Index;1935946.1359075;1923263.3181173834;0.0025;2.637657224071477;0.0035;0.0
4010;900200;CDSB100003663;-2016449.7368125;2.611470043;0.0;0.0;13164.745202252698;CITIBANK EUROPE PUBLIC LIMITED COMPANY;0.0;0.0;0.0;;CDSB100003663;CDS Index;-2016449.7368125;-2003284.9916102474;0.0025;2.6285194824637164;0.004;0.0
4011;900200;CH1142231682;34392806.856475;0.578611646;0.578611646;3100.178725;-129350.51080760307;;0.0;0.0;34526229.45;6.0;CH1142231682;Bond;34392806.856475;34263456.3456674;0.0025;0.5771951165127971;0.004;0.5763451988204753
4012;900200;CH1174335732;40103095.07142;0.52223589;0.52223589;3141.49684;-136131.2910514546;;0.0;0.0;40243561.64;8.0;CH1174335732;Bond;40103095.07142;39966963.780368544;0.0025;0.5209593277908331;0.004;0.5201933904653329
4013;900200;CSH_CAD_DB;0.141508416;0.0;0.0;0.0;0.0;;0.0;0.001415084;0.141508416;;;Cash;0.141508416;0.141508416;0.0;0.0;0.0;0.0
4014;900200;CSH_CHF_DB;23.23934131;0.0;0.0;0.0;0.0;;0.0;0.232393413;23.23934131;;;Cash;23.23934131;23.23934131;0.0;0.0;0.0;0.0
4015;900200;CSH_EUR_DB;0.0;0.0;0.0;0.0;0.0;;0.0;0.0;18303574.63;;;Cash;0.0;0.0;0.0;;0.0;
4016;900200;CSH_GBP_DB;6812.190928725;0.0;0.0;0.0;-179.1503202820514;;0.0;69.86862491;6986.862491;;;Cash;6812.190928725;6633.040608442949;0.0;0.0;0.0;0.0
4017;900200;CSH_USD_DB;371084.09734499996;0.0;0.0;0.0;-9758.950620512827;;0.0;3805.990742;380599.0742;;;Cash;371084.09734499996;361325.14672448713;0.0;0.0;0.0;0.0
4018;900200;DE000A289RN6;22561628.2286694;0.018598847;0.018598847;41.47979293;-2517.7216289754197;;0.0;0.0;22564224.66;7.0;DE000A289RN6;Bond;22561628.2286694;22559110.507040426;0.0025;0.018553749027465913;0.0035;0.018535709838452277
4019;900200;DE000A3LKBD0;9974680.76625175;0.062957899;0.79268771;6.36900932;-33197.189778921886;;0.0;0.0;10008200.4;5.0;DE000A3LKBD0;Bond;9974680.76625175;9941483.576472828;0.0025;0.0629518453023747;0.004;0.7951755845179538
4020;900200;DE000A4DE9Y3;4525695.241645;4.395486904;4.395486904;11363.95327;-129302.12207994712;;0.0;0.0;4663826.096;7.0;DE000A4DE9Y3;Bond;4525695.241645;4396393.119565053;0.0025;4.381013039578277;0.004;4.372328720925243
4021;900200;DE000NRW0N26;7286227.3328;22.71608627;22.71608627;636055.9528;-662058.2746988672;;0.0;0.0;8024472.74;9.0;DE000NRW0N26;Bond;7286227.3328;6624169.0581011325;0.0025;21.823746452610624;0.0015;22.180682379566377
4022;900200;DUM25 Cmdty;0.0;0.0;0.0;-290.5085281;4123.375419999999;;0.0;0.0;-534775.0;;;Bond Future;0.0;4123.375419999999;0.0025;0.0;0.0015;0.0
4023;900200;ES0813211028;10167843.603096;0.761901013;0.761901013;801.5036634;-92962.68409469294;;0.0;0.0;10263000.0;4.0;ES0813211028;Bond;10167843.603096;10074880.919001307;0.0025;0.7613815633708825;0.0095;0.7599271044093535
4024;900200;FR0012599645;35107657.82514916;0.230690404;0.508247245;3876.239544;-937165.4039567541;;0.0;2.08e-08;40176868.63;;FR0012599645;Fund Unit;35107657.82514916;34170492.42119241;0.0;0.230690404;0.0;0.508247245
4025;900200;FR0012737963;2703438.8993304;0.287830872;0.287830872;41.96195191;-9337.598109515873;;0.0;0.0;2712838.5;7.0;FR0012737963;Bond;2703438.8993304;2694101.301220884;0.0025;0.28764994617194833;0.0095;0.28714335385340367
4026;900200;FR0013413887;4085088.3595066;0.038975782;0.038975782;15.7250124;-955.3170801052013;;0.0;0.0;4086095.89;2.0;FR0013413887;Bond;4085088.3595066;4084133.042426495;0.0025;0.038883345554527535;0.0035;0.03884637097633855
4027;900200;FR0014009A50;5828643.60336065;0.141182605;0.141182605;91.71501247;-5348.870069003781;;0.0;0.0;5834150.082;8.0;FR0014009A50;Bond;5828643.60336065;5823294.733291646;0.0025;0.1408390557209375;0.004;0.1406329261535
4028;900200;FR001400A5N5;6860795.7355036;0.092989019;0.092989019;67.83888421;-3827.87199002318;;0.0;0.0;6864745.315;5.0;FR001400A5N5;Bond;6860795.7355036;6856967.863513577;0.0025;0.09276343881376345;0.0035;0.09267320673926882
4029;900200;FR001400N6I8;95763.23177825;7.376149769;7.376149769;671.5227863;-4591.365609738909;;0.0;0.0;100764.3425;7.0;FR001400N6I8;Bond;95763.23177825;91171.8661685111;0.0025;7.336860638336566;0.004;7.313287159938506
4030;900200;FR001400Y969;4763376.74374;8.191878369;8.191878369;40824.50283;-234126.01746264816;;0.0;0.0;5015594.521;6.0;FR001400Y969;Bond;4763376.74374;4529250.726277351;0.0025;8.145383139151923;0.0035;8.126785047212692
4031;900200;FR0128910454;3492952.4024066;0.06227222;0.06227222;22.56402065;-1305.0834027131539;;0.0;0.0;3494273.525;8.0;FR0128910454;Bond;3492952.4024066;3491647.3190038865;0.0025;0.06212041780761123;0.0035;0.06205969693065572
4032;900200;FR0128957760;16985032.8707572;0.027070527;0.027070527;46.06097837;-2758.7627455423217;;0.0;0.0;16987825.39;8.0;FR0128957760;Bond;16985032.8707572;16982274.10801166;0.0025;0.02700456261139997;0.0035;0.02697817685595996
4033;900200;FR0128962497;19994605.7560188;0.008115791;0.008115791;15.93607468;-973.6322486594734;;0.0;0.0;19995591.84;8.0;FR0128962497;Bond;19994605.7560188;19993632.12377014;0.0025;0.008096030197667236;0.0035;0.00808812587673413
4034;900200;FR0129030898;9955722.5985696;0.094409582;0.094409582;100.3047978;-15508.607549142012;;0.0;0.0;9971499.423;8.0;FR0129030898;Bond;9955722.5985696;9940213.991020458;0.0025;0.09417998768146035;0.014;0.09312385381617795
4035;900200;FR0129061653;19739847.992983;0.291912229;0.291912229;732.4803653;-95077.99995792193;;0.0;0.0;19836694.54;8.0;FR0129061653;Bond;19739847.992983;19644769.993025076;0.0025;0.29119759369303094;0.014;0.2879102712809733
4036;900200;FR0129084762;10022156.260996955;0.002828336;0.008094909;-0.006394885;-1206.663264208216;;0.0;0.0;10023380.51;8.0;FR0129084762;Bond;10022156.260996955;10020949.597732747;0.0025;0.0028283719505804448;0.014;0.008095915716191143
4037;900200;FR0129101236;9993718.2555598;0.018937864;0.018937864;18.79346678;-1135.5580630686522;;0.0;0.0;9994868.35;8.0;FR0129101236;Bond;9993718.2555598;9992582.69749673;0.0025;0.018891747407291784;0.0035;0.0188733007702085
4038;900200;FR0129105872;17662519.73537225;0.045890379;0.045890379;82.55097772;-13373.905458395002;;0.0;0.0;17676103.7;8.0;FR0129105872;Bond;17662519.73537225;17649145.829913855;0.0025;0.04577879896868971;0.014;0.04526553082466235
4039;900200;FR0129106383;6949324.080460001;0.213558546;0.213558546;176.3511315;-8904.52527783495;;0.0;0.0;6958360.417;8.0;FR0129106383;Bond;6949324.080460001;6940419.5551821655;0.0025;0.21303814584319133;0.0035;0.21282998578046786
4040;900200;FR0129107795;12961148.898362301;0.064786197;0.064786197;87.13646471;-13855.108506947945;;0.0;0.0;12975226.13;8.0;FR0129107795;Bond;12961148.898362301;12947293.789855354;0.0025;0.06462861771166652;0.014;0.06390375298533249
4041;900200;FR0129109759;13961471.243822;0.081101197;0.081101197;119.4382016;-6793.752178530258;;0.0;0.0;13968359.75;8.0;FR0129109759;Bond;13961471.243822;13954677.49164347;0.0025;0.08090376942274499;0.0035;0.08082479839184299
4042;900200;IKM25 Cmdty;0.0;0.0;0.0;-19875.9705;138662.81141999998;;0.0;0.0;-3055520.0;;;Bond Future;0.0;138662.81141999998;0.0025;0.0;0.0035;0.0
4043;900200;INFS10000294;5026.3966650000075;8.961643836;0.0;-48.69983948;-325336.6525417255;JP MORGAN SE;0.0;0.0;-18819840.0;;;Index Linked Swap;5026.3966650000075;-320310.2558767255;0.0025;9.404641921672185;0.0;0.0
4044;900200;INFS10000295;22784.216275000246;18.96986301;0.0;1746.489229;1314576.6279461829;JP MORGAN SE;0.0;0.0;37955580.0;;;Index Linked Swap;22784.216275000246;1337360.844221183;0.0025;17.95316552719889;0.0;0.0
4045;900200;INFS10000296;24556.368475000025;28.97534247;0.0;-5227.462632;-947071.6633659566;JP MORGAN SE;0.0;0.0;-17558580.0;;;Index Linked Swap;24556.368475000025;-922515.2948909566;0.0025;36.39616980518248;0.0;0.0
4046;900200;INFS10000345;122189.87592500017;19.1369863;0.0;-1170.771915;-566755.9835539385;JP MORGAN SE;0.0;0.0;-16100000.0;;;Index Linked Swap;122189.87592500017;-444566.1076289383;0.0025;20.292086379623658;0.0;0.0
4047;900200;INFS10000347;110691.95405000006;19.1369863;0.0;-1131.690806;-566205.8946204376;CITIBANK EUROPE PUBLIC LIMITED COMPANY;0.0;0.0;-16100000.0;;;Index Linked Swap;110691.95405000006;-455513.9405704376;0.0025;20.30814155164934;0.0;0.0
4048;900200;INFS10000349;-121137.11719999998;19.1369863;0.0;946.1288288;398432.5813806947;GOLDMAN SACHS INTERNATIONAL  PARIS BRANCH;0.0;0.0;11270000.0;;;Index Linked Swap;-121137.11719999998;277295.4641806947;0.0025;20.24780680607877;0.0;0.0
4049;900200;INFS10000350;-50251.438070000004;19.1369863;0.0;411.4967216;180083.7554847522;CREDIT AGRICOLE CORPORATE AND INVESTMENT BANK;0.0;0.0;5100000.0;;;Index Linked Swap;-50251.438070000004;129832.31741475221;0.0025;20.257265790022387;0.0;0.0
4050;900200;INFS10000353;-141707.70715000003;19.1369863;0.0;1226.252507;558283.1975258349;GOLDMAN SACHS INTERNATIONAL  PARIS BRANCH;0.0;0.0;15830000.0;;;Index Linked Swap;-141707.70715000003;416575.49037583487;0.0025;20.268881741185613;0.0;0.0
4051;900200;IRSB100007718;1106754.0081800001;30.003659953;0.0;-834935.435681;-83016.67728263125;JP MORGAN SE;0.0;0.0;0.0;;;Swap;1106754.0081800001;1023737.3308973688;0.0025;51.11421376618403;0.0;0.0
4052;900200;IRSB100008990;52481.5693539003;0.657555691;0.0;-693.020733685;-86.27388650317084;CREDIT AGRICOLE CORPORATE AND INVESTMENT BANK;0.0;0.0;0.0;;;Swap;52481.5693539003;52395.295467397125;0.0025;0.9887624068275258;0.0;0.0
4053;900200;IRSB100009460;62023.22881325119;0.589060162;0.0;-1551.6337753819998;-91.33853303124204;BNP PARIBAS;0.0;0.0;0.0;;;Swap;62023.22881325119;61931.890280219945;0.0025;1.2153521016307711;0.0;0.0
4054;900200;LU2550878602;18162053.85396;0.536002618;0.741697933;429.3950904;-484818.6860400001;;-4066.57737;212.0726726;14385223.87;;LU2550878602;Fund Unit;18162053.85396;17677235.16792;0.0;0.536002618;0.0;0.741697933
4055;900200;OEM25 Cmdty;0.0;0.0;0.0;-26492.17899;186533.65495999999;;0.0;0.0;-9658780.0;;;Bond Future;0.0;186533.65495999999;0.0025;0.0;0.0015;0.0
4056;900200;PTCGDNOM0026;3064083.75437385;0.202464204;0.202464204;72.98238014;-4032.387309071115;;0.0;0.0;3068291.096;5.0;PTCGDNOM0026;Bond;3064083.75437385;3060051.3670647787;0.0025;0.2019712167951422;0.004;0.20167542447222755
4057;900200;RXM25 Cmdty;0.0;0.0;0.0;-312270.0599;1371935.3164000001;;0.0;0.0;-42127410.0;;;Bond Future;0.0;1371935.3164000001;0.0025;0.0;0.0015;0.0
4058;900200;XS0207764712;11925968.7751725;0.229135179;2.123445354;116.3613218;-247411.00585721547;;0.0;0.0;12182155.48;2.0;XS0207764712;Bond;11925968.7751725;11678557.769315284;0.0025;0.22902251207094337;0.0095;2.1653541334606885
4059;900200;XS0226099983;-19815.0;0.126421058;0.385283224;0.0;78.789260454495;;0.0;0.0;0.0;6.0;XS0226099983;Bond;-19815.0;-19736.210739545506;0.0025;0.1264610137097646;0.0095;0.3866934340456104
4060;900200;XS1684385161;8261748.1397130005;0.459402989;0.459402989;362.8350478;-62625.28453086414;;0.0;0.0;8324972.313;2.0;XS1684385161;Bond;8261748.1397130005;8199122.855182136;0.0025;0.45883268010131045;0.014;0.4562092591673387
4061;900200;XS1739839998;18269537.945164;0.171113159;0.171113159;206.0460602;-37513.90021520857;;0.0;0.0;18308060.11;3.0;XS1739839998;Bond;18269537.945164;18232024.04494879;0.0025;0.17090440525708114;0.0095;0.17031989477690834
4062;900200;XS1808351214;38465742.785868;0.045018366;0.045018366;175.271279;-20779.978646352778;;0.0;0.0;38487253.47;5.0;XS1808351214;Bond;38465742.785868;38444962.80722164;0.0025;0.04490951875404651;0.0095;0.044604746465376724
4063;900200;XS2010031057;8350168.29082;0.225653613;0.225653613;135.015361;-22610.947727778814;;0.0;0.0;8373292.342;2.0;XS2010031057;Bond;8350168.29082;8327557.343092221;0.0025;0.2253766824219442;0.0095;0.2246012768033879
4064;900200;XS2052337503;15892710.61406;0.636166652;0.636166652;1643.22298;-166821.80629209834;;0.0;0.0;16066292.6;4.0;XS2052337503;Bond;15892710.61406;15725888.807767902;0.0025;0.6345935530537659;0.014;0.6273572979010886
4065;900200;XS2110110686;15342390.525197;0.073921165;0.073921165;117.7284936;-7371.827979798906;;0.0;0.0;15350044.52;3.0;XS2110110686;Bond;15342390.525197;15335018.6972172;0.0025;0.0737429905302352;0.004;0.07363608584837632
4066;900200;XS2152062209;20586167.898073;0.015891062;0.015891062;32.14801758;-1962.8164224641262;;0.0;0.0;20588536.99;3.0;XS2152062209;Bond;20586167.898073;20584205.081650537;0.0025;0.01585265251580306;0.0035;0.01583728872212428
4067;900200;XS2183818637;20321550.336856;0.430681445;0.430681445;1232.775521;-105025.37596460852;;0.0;0.0;20430363.01;7.0;XS2183818637;Bond;20321550.336856;20216524.960891392;0.0025;0.4296285748107233;0.0095;0.4266805382807486
4068;900200;XS2187689034;30711188.252346;0.204226218;0.204226218;728.4268522;-37632.17896237592;;0.0;0.0;30750616.44;4.0;XS2187689034;Bond;30711188.252346;30673556.073383626;0.0025;0.2037375234937904;0.0035;0.20354204569130657
4069;900200;XS2189784288;15891454.378816;0.473589099;0.473589099;1099.381886;-90312.23473275689;;0.0;0.0;15986847.85;4.0;XS2189784288;Bond;15891454.378816;15801142.144083243;0.0025;0.47242029816844683;0.0095;0.469147655840098
4070;900200;XS2189964773;14207402.9214505;0.205798863;0.205798863;345.8821359;-19005.137888213038;;0.0;0.0;14226911.33;6.0;XS2189964773;Bond;14207402.9214505;14188397.783562286;0.0025;0.20529611580633292;0.004;0.20499446749013267
4071;900200;XS2278566299;3658858.85734;4.430491754;4.430491754;9185.889622;-97263.2639789684;;0.0;0.0;3758678.356;7.0;XS2278566299;Bond;3658858.85734;3561595.5933610317;0.0025;4.416800180003181;0.0035;4.411323550404453
4072;900200;XS2286011528;15095076.971831;0.06280422;0.729954276;297.62659;-107047.88816794261;;0.0;0.0;15209589.04;5.0;XS2286011528;Bond;15095076.971831;14988029.083663058;0.0025;0.06232116096427337;0.0095;0.7331430959767471
4073;900200;XS2462324232;30008452.608595002;0.560269378;0.560269378;2588.887105;-109283.31100544002;;0.0;0.0;30121097.26;8.0;XS2462324232;Bond;30008452.608595002;29899169.297589563;0.0025;0.5588973342046879;0.004;0.5580741079275007
4074;900200;XS2487667276;6003927.794092;0.816362578;0.816362578;882.2493802;-31858.98281872019;;0.0;0.0;6037040.548;7.0;XS2487667276;Bond;6003927.794092;5972068.8112732805;0.0025;0.8143550634425177;0.004;0.8131505547080283
4075;900200;XS2532681074;7832540.2097;1.88209925;1.88209925;4383.452251;-88449.70832562727;;0.0;0.0;7924437.329;7.0;XS2532681074;Bond;7832540.2097;7744090.501374372;0.0025;1.8769638361382415;0.0035;1.8749096705935382
4076;900200;XS2538366878;30584050.468654998;0.480241843;0.480241843;2142.638333;-95470.3149625673;;0.0;0.0;30683498.63;7.0;XS2538366878;Bond;30584050.468654998;30488580.15369243;0.0025;0.47906698916147933;0.004;0.4783620768583669
4077;900200;XS2710354544;20746768.356165003;1.507851175;1.507851175;7926.391632;-203339.75378142545;;0.0;0.0;20957863.01;8.0;XS2710354544;Bond;20746768.356165003;20543428.602383576;0.0025;1.5039838559325154;0.004;1.5016634644920244
4078;900200;XS2904849879;3937927.5591200003;3.901843689;3.901843689;8233.939317;-184382.13353149858;;0.0;0.0;4140630.137;6.0;XS2904849879;Bond;3937927.5591200003;3753545.4255885016;0.0025;3.8876313458151097;0.0095;3.8478367848974164
4079;900200;XS2987792269;5653402.38528;4.241425343;4.241425343;13754.94919;-287741.8098132389;;0.0;0.0;5971417.809;6.0;XS2987792269;Bond;5653402.38528;5365660.575466761;0.0025;4.225573587237788;0.0095;4.181188671103594
4080;900200;XS3003295519;5428989.4636;8.10557175;8.10557175;45621.13061;-264030.3817632229;;0.0;0.0;5713463.014;7.0;XS3003295519;Bond;5428989.4636;5164959.081836778;0.0025;8.059741349069183;0.0035;8.041409188696857
4081;900200;XS3004055177;5879413.79351;5.992006397;5.992006397;26942.78654;-228991.65289859273;;0.0;0.0;6127008.904;5.0;XS3004055177;Bond;5879413.79351;5650422.140611407;0.0025;5.967202663329335;0.004;5.9523204231269355
4082;900200;XS3011736108;3289747.07692;6.663852872;6.663852872;18587.18614;-131534.34304012166;;0.0;0.0;3430099.726;6.0;XS3011736108;Bond;3289747.07692;3158212.733879878;0.0025;6.633619334640833;0.0035;6.621525919697166
4083;900200;XS3025207807;1500317.8199160001;5.81617322;5.81617322;6742.871604;-104713.29990821065;;0.0;0.0;1617740.925;6.0;XS3025207807;Bond;1500317.8199160001;1395604.5200077894;0.0025;5.788385510189504;0.0095;5.710579922720116
4084;900200;XS3037678862;6849004.05236;9.354587754;9.354587754;78865.48818;-384417.6566118194;;0.0;0.0;7268975.0;6.0;XS3037678862;Bond;6849004.05236;6464586.39574818;0.0025;9.285486430462413;0.0035;9.257845901047379
4085;900200;XS3037682112;12059451.288;8.01338761;8.01338761;99989.61612;-579822.3452079464;;0.0;0.0;12686538.0;5.0;XS3037682112;Bond;12059451.288;11479628.942792054;0.0025;7.966638807691451;0.0035;7.947939286768031
4086;900200;XS3038544790;3349694.0612;6.736100482;6.736100482;19315.29755;-135383.25468121114;;0.0;0.0;3494074.076;6.0;XS3038544790;Bond;3349694.0612;3214310.806518789;0.0025;6.705380929535522;0.0035;6.69309310854973
4087;981001;237400;3620611.6434150003;0.0;0.0;0.0;-700864.9768302386;;42847.47507;42847.47507;4284747.507;;GB0002374006;Equity;3620611.6434150003;2919746.666584762;0.0;0.0;0.0;0.0
4088;981001;3134865;4387957.44049;0.0;0.0;0.0;-849405.0157117592;;51928.49042;51928.49042;5192849.042;;GB0031348658;Equity;4387957.44049;3538552.4247782407;0.0;0.0;0.0;0.0
4089;981001;4012250;2195088.3;0.0;0.0;0.0;-348012.4137931033;;25230.9;0.0;2523090.0;;NL0000235190;Equity;2195088.3;1847075.8862068965;0.0;0.0;0.0;0.0
4090;981001;4057808;6920084.4;0.0;0.0;0.0;-1097119.9999999995;;79541.2;0.0;7954120.0;;FR0000120321;Equity;6920084.4;5822964.4;0.0;0.0;0.0;0.0
4091;981001;4061412;6217237.5;0.0;0.0;0.0;-985689.6551724134;;71462.5;0.0;7146250.0;;FR0000121014;Equity;6217237.5;5231547.844827587;0.0;0.0;0.0;0.0
4092;981001;4076836;18327681.0;0.0;0.0;0.0;-2905696.551724137;;210663.0;0.0;21066300.0;;IT0000072618;Equity;18327681.0;15421984.448275864;0.0;0.0;0.0;0.0
4093;981001;4163437;1501293.75;0.0;0.0;0.0;-238017.24137931023;;17256.25;0.0;1725625.0;;FR0000125338;Equity;1501293.75;1263276.5086206899;0.0;0.0;0.0;0.0
4094;981001;4834108;16886765.25;0.0;0.0;0.0;-2677251.72413793;;194100.75;0.0;19410075.0;;FR0000121972;Equity;16886765.25;14209513.52586207;0.0;0.0;0.0;0.0
4095;981001;4846288;23070138.0;0.0;0.0;0.0;-3657572.4137931024;;265174.0;0.0;26517400.0;;DE0007164600;Equity;23070138.0;19412565.586206898;0.0;0.0;0.0;0.0
4096;981001;5165294;5312550.6;0.0;0.0;0.0;-842259.3103448272;;61063.8;0.0;6106380.0;;NL0000334118;Equity;5312550.6;4470291.289655172;0.0;0.0;0.0;0.0
4097;981001;5294121;19051468.8;0.0;0.0;0.0;-3020446.896551723;;218982.4;0.0;21898240.0;;DE0008430026;Equity;19051468.8;16031021.903448278;0.0;0.0;0.0;0.0
4098;981001;5334588;2581942.5;0.0;0.0;0.0;-409344.8275862067;;29677.5;0.0;2967750.0;;DE0007030009;Equity;2581942.5;2172597.6724137934;0.0;0.0;0.0;0.0
4099;981001;53673;5525834.819895;0.0;0.0;0.0;-1069671.2253183022;;65394.49491;65394.49491;6539449.491;;GB0000536739;Equity;5525834.819895;4456163.594576698;0.0;0.0;0.0;0.0
4100;981001;540528;16394648.831600001;0.0;0.0;0.0;-3173617.1412908924;;194019.5128;194019.5128;19401951.28;;GB0005405286;Equity;16394648.831600001;13221031.69030911;0.0;0.0;0.0;0.0
4101;981001;5501906;6504833.4;0.0;0.0;0.0;-1031285.5172413789;;74768.2;0.0;7476820.0;;ES0113211835;Equity;6504833.4;5473547.882758621;0.0;0.0;0.0;0.0
4102;981001;5596991;4559278.5;0.0;0.0;0.0;-722834.4827586204;;52405.5;0.0;5240550.0;;BE0003739530;Equity;4559278.5;3836444.0172413797;0.0;0.0;0.0;0.0
4103;981001;5633962;4181220.0;0.0;0.0;0.0;-662896.5517241377;;48060.0;0.0;4806000.0;;DE0006452907;Equity;4181220.0;3518323.4482758623;0.0;0.0;0.0;0.0
4104;981001;5842359;23519406.0;0.0;0.0;0.0;-3728799.9999999986;;270338.0;0.0;27033800.0;;DE0005557508;Equity;23519406.0;19790606.0;0.0;0.0;0.0;0.0
4105;981001;5962309;4638266.9919;0.0;0.0;0.0;-735357.4303448272;;53313.4137;53313.4137;5331341.37;;CH0010570759;Equity;4638266.9919;3902909.5615551723;0.0;0.0;0.0;0.0
4106;981001;5983816;11364901.1325;0.0;0.0;0.0;-1801807.551724137;;130631.0475;130631.0475;13063104.75;;CH0011075394;Equity;11364901.1325;9563093.580775863;0.0;0.0;0.0;0.0
4107;981001;7021963;14014238.4;0.0;0.0;0.0;-2221837.2413793094;;161083.2;0.0;16108320.0;;DE0005810055;Equity;14014238.4;11792401.15862069;0.0;0.0;0.0;0.0
4108;981001;7088429;11202050.4;0.0;0.0;0.0;-1775988.9655172406;;128759.2;0.0;12875920.0;;FR0000120628;Equity;11202050.4;9426061.43448276;0.0;0.0;0.0;0.0
4109;981001;7103065;18196142.0721;0.0;0.0;0.0;-2884842.1834482746;;209151.0583;209151.0583;20915105.83;;CH0012005267;Equity;18196142.0721;15311299.888651725;0.0;0.0;0.0;0.0
4110;981001;7110388;11397718.202399999;0.0;0.0;0.0;-1807010.4165517234;;131008.2552;131008.2552;13100825.52;;CH0012032048;Equity;11397718.202399999;9590707.785848275;0.0;0.0;0.0;0.0
4111;981001;7123870;12849834.776099999;0.0;0.0;0.0;-2037231.038620689;;147699.2503;147699.2503;14769925.03;;CH0038863350;Equity;12849834.776099999;10812603.73747931;0.0;0.0;0.0;0.0
4112;981001;7144569;7983405.36;0.0;0.0;0.0;-1265700.413793103;;91763.28;0.0;9176328.0;;IT0003128367;Equity;7983405.36;6717704.9462068975;0.0;0.0;0.0;0.0
4113;981001;718875;6205558.383375;0.0;0.0;0.0;-1201249.6674403183;;73438.56075;73438.56075;7343856.075;;GB0007188757;Equity;6205558.383375;5004308.715934682;0.0;0.0;0.0;0.0
4114;981001;7309681;12010650.15;0.0;0.0;0.0;-1904185.5172413788;;138053.45;0.0;13805345.0;;FR0000131104;Equity;12010650.15;10106464.632758621;0.0;0.0;0.0;0.0
4115;981001;7333378;3109528.71084;0.0;0.0;0.0;-492989.09406896535;;35741.70932;35741.70932;3574170.932;;CH0013841017;Equity;3109528.71084;2616539.6167710344;0.0;0.0;0.0;0.0
4116;981001;7380482;12365745.0;0.0;0.0;0.0;-1960482.7586206887;;142135.0;0.0;14213500.0;;FR0000125007;Equity;12365745.0;10405262.241379311;0.0;0.0;0.0;0.0
4117;981001;7792559;5410399.5;0.0;0.0;0.0;-857772.4137931031;;62188.5;0.0;6218850.0;;NL0000009165;Equity;5410399.5;4552627.086206897;0.0;0.0;0.0;0.0
4118;981001;989529;18692504.0263;0.0;0.0;0.0;-3618427.683377541;;221213.0654;221213.0654;22121306.54;;GB0009895292;Equity;18692504.0263;15074076.342922457;0.0;0.0;0.0;0.0
4119;981001;B07DRZ5;4004088.0;0.0;0.0;0.0;-634813.793103448;;46024.0;0.0;4602400.0;;IT0003828271;Equity;4004088.0;3369274.206896552;0.0;0.0;0.0;0.0
4120;981001;B15C557;8097055.2;0.0;0.0;0.0;-1283718.6206896547;;93069.6;0.0;9306960.0;;FR0000120271;Equity;8097055.2;6813336.579310345;0.0;0.0;0.0;0.0
4121;981001;B19NLV4;9817163.4574;0.0;0.0;0.0;-1900371.1849690536;;116179.4492;116179.4492;11617944.92;;GB00B19NLV48;Equity;9817163.4574;7916792.272430946;0.0;0.0;0.0;0.0
4122;981001;B1VP0K0;1552219.2;0.0;0.0;0.0;-246091.0344827585;;17841.6;0.0;1784160.0;;FR0010451203;Equity;1552219.2;1306128.1655172415;0.0;0.0;0.0;0.0
4123;981001;B1W4V69;4074627.6;0.0;0.0;0.0;-645997.24137931;;46834.8;0.0;4683480.0;;IT0004176001;Equity;4074627.6;3428630.35862069;0.0;0.0;0.0;0.0
4124;981001;B1XH026;3561571.2;0.0;0.0;0.0;-564656.5517241377;;40937.6;0.0;4093760.0;;FR0000125486;Equity;3561571.2;2996914.6482758624;0.0;0.0;0.0;0.0
4125;981001;B1YXBJ7;9188019.54;0.0;0.0;0.0;-1456681.6551724132;;105609.42;0.0;10560942.0;;FR0000120073;Equity;9188019.54;7731337.884827586;0.0;0.0;0.0;0.0
4126;981001;B288C92;19444708.8;0.0;0.0;0.0;-3082791.7241379297;;223502.4;0.0;22350240.0;;ES0144580Y14;Equity;19444708.8;16361917.07586207;0.0;0.0;0.0;0.0
4127;981001;B2B0DG9;4458071.382245;0.0;0.0;0.0;-862977.420322723;;52758.24121;52758.24121;5275824.121;;GB00B2B0DG97;Equity;4458071.382245;3595093.9619222777;0.0;0.0;0.0;0.0
4128;981001;B63H849;17016059.89655;0.0;0.0;0.0;-3293907.6597259054;;201373.4899;201373.4899;20137348.99;;GB00B63H8491;Equity;17016059.89655;13722152.236824095;0.0;0.0;0.0;0.0
4129;981001;B929F46;15922044.0;0.0;0.0;0.0;-2524303.448275861;;183012.0;0.0;18301200.0;;NL0010273215;Equity;15922044.0;13397740.55172414;0.0;0.0;0.0;0.0
4130;981001;BCRWZ18;8326168.07919;0.0;0.0;0.0;-1320042.5016551719;;95703.08137;95703.08137;9570308.137;;CH0210483332;Equity;8326168.07919;7006125.577534828;0.0;0.0;0.0;0.0
4131;981001;BD0Q398;6314112.0;0.0;0.0;0.0;-1001048.2758620685;;72576.0;0.0;7257600.0;;NL0011794037;Equity;6314112.0;5313063.724137931;0.0;0.0;0.0;0.0
4132;981001;BD6G507;6312459.0;0.0;0.0;0.0;-1000786.2068965513;;72557.0;0.0;7255700.0;;NL0011585146;Equity;6312459.0;5311672.793103449;0.0;0.0;0.0;0.0
4133;981001;BF2DSG3;5337211.37031;0.0;0.0;0.0;-846169.0638620687;;61347.25713;61347.25713;6134725.713;;CH0418792922;Equity;5337211.37031;4491042.306447932;0.0;0.0;0.0;0.0
4134;981001;BJYRDP5;5517157.2;0.0;0.0;0.0;-874697.9310344824;;63415.6;0.0;6341560.0;;FR0011726835;Equity;5517157.2;4642459.268965518;0.0;0.0;0.0;0.0
4135;981001;BLDBN41;9233938.6272;0.0;0.0;0.0;-1463961.7324137925;;106137.2256;106137.2256;10613722.56;;SE0017486889;Equity;9233938.6272;7769976.894786207;0.0;0.0;0.0;0.0
4136;981001;BLPLD38;7013403.42837;0.0;0.0;0.0;-1111914.931172413;;80613.83251;80613.83251;8061383.251;;CH1243598427;Equity;7013403.42837;5901488.497197587;0.0;0.0;0.0;0.0
4137;981001;BMD58R8;5659525.25454;0.0;0.0;0.0;-897269.1644137927;;65052.01442;65052.01442;6505201.442;;SE0015658109;Equity;5659525.25454;4762256.090126207;0.0;0.0;0.0;0.0
4138;981001;BMD8F98;1608595.2;0.0;0.0;0.0;-255028.96551724125;;18489.6;0.0;1848960.0;;NL00150001Q9;Equity;1608595.2;1353566.2344827587;0.0;0.0;0.0;0.0
4139;981001;BNGN9Z1;8342225.55;0.0;0.0;0.0;-1322588.2758620682;;95887.65;0.0;9588765.0;;IT0000072170;Equity;8342225.55;7019637.274137932;0.0;0.0;0.0;0.0
4140;981001;BP0QDP8;3989117.1661499995;0.0;0.0;0.0;-632440.2958620687;;45851.92145;45851.92145;4585192.145;;CH1101098163;Equity;3989117.1661499995;3356676.8702879306;0.0;0.0;0.0;0.0
4141;981001;BP6KMJ1;10080343.2963;0.0;0.0;0.0;-1598151.9296551717;;115866.0149;115866.0149;11586601.49;;DK0062498333;Equity;10080343.2963;8482191.366644828;0.0;0.0;0.0;0.0
4142;981001;BP6MXD8;8557253.08685;0.0;0.0;0.0;-1656482.2679487178;;101269.2673;101269.2673;10126926.73;;GB00BP6MXD84;Equity;8557253.08685;6900770.818901283;0.0;0.0;0.0;0.0
4143;981001;BQ7ZV06;4533079.41309;0.0;0.0;0.0;-718680.8423448273;;52104.36107;52104.36107;5210436.107;;CH1175448666;Equity;4533079.41309;3814398.570745173;0.0;0.0;0.0;0.0
4144;981001;CSH_CHF_DB;2107456.297;0.0;0.0;0.0;0.0;;0.0;21074.56297;2107456.297;;;Cash;2107456.297;2107456.297;0.0;0.0;0.0;0.0
4145;981001;CSH_DKK_DB;20223.55029;0.0;0.0;0.0;0.0;;0.0;202.2355029;20223.55029;;;Cash;20223.55029;20223.55029;0.0;0.0;0.0;0.0
4146;981001;CSH_EUR_DB;9079824.863086946;0.0;0.0;0.0;0.0;;0.0;0.0;4249785.53;;;Cash;9079824.863086946;9079824.863086946;0.0;0.0;0.0;0.0
4147;981001;CSH_GBP_DB;2986370.868;0.0;0.0;0.0;-78537.03794871802;;0.0;30629.4448;3062944.48;;;Cash;2986370.868;2907833.830051282;0.0;0.0;0.0;0.0
4148;981001;CSH_NOK_DB;171231.8921;0.0;0.0;0.0;0.0;;0.0;1712.318921;171231.8921;;;Cash;171231.8921;171231.8921;0.0;0.0;0.0;0.0
4149;981001;CSH_SEK_DB;28389.70175;0.0;0.0;0.0;0.0;;0.0;283.8970175;28389.70175;;;Cash;28389.70175;28389.70175;0.0;0.0;0.0;0.0
4150;981001;CSH_USD_DB;140754.1663125;0.0;0.0;0.0;-3701.6217307692336;;0.0;1443.632475;144363.2475;;;Cash;140754.1663125;137052.54458173076;0.0;0.0;0.0;0.0
4151;981001;FR0010582452;5576620.459337999;0.033149011;0.296124349;70.04560439;-11164.405323999747;;0.0;2.59e-08;5583110.236;;FR0010582452;Fund Unit;5576620.459337999;5565456.054013999;0.0;0.033149011;0.0;0.296124349
4152;981007;AT0000A0U299;987322.9662;19.9332251;19.9332251;61842.05071;-78722.12372665716;;0.0;0.0;1075381.537;9.0;AT0000A0U299;Bond;987322.9662;908600.8424733429;0.0025;19.360656493544084;0.0015;19.589683936126452
4153;981007;AT0000A2L583;2498998.645996;2.32194473;2.32194473;1741.88247;-69630.44083617057;;0.0;0.0;2572696.429;5.0;AT0000A2L583;Bond;2498998.645996;2429368.2051598295;0.0025;2.3179974938633094;0.0095;2.306945232680576
4154;981007;BE0000336454;1648000.75252;11.06109484;11.06109484;25135.4708;-72914.77048006037;;0.0;0.0;1726757.799;10.0;BE0000336454;Bond;1648000.75252;1575085.9820399396;0.0025;10.985661910062365;0.0015;11.01583508203742
4155;981007;BE0000343526;1979494.0269999998;19.79026127;19.79026127;116558.3988;-156698.81590693773;;0.0;0.0;2154298.206;10.0;BE0000343526;Bond;1979494.0269999998;1822795.211093062;0.0025;19.29732424189863;0.0015;19.494499053139176
4156;981007;BE0002592708;3020034.6180040003;0.541534855;0.541534855;170.894372;-19625.44810746932;;0.0;0.0;3040343.407;4.0;BE0002592708;Bond;3020034.6180040003;3000409.169896531;0.0025;0.5408533327042845;0.0095;0.538945070276281
4157;981007;BE6350792089;4042290.7876999998;5.394732703;5.394732703;15381.14258;-130842.46984464489;;0.0;0.0;4180689.863;7.0;BE6350792089;Bond;4042290.7876999998;3911448.317855355;0.0025;5.372364156798413;0.0035;5.3634167383177775
4158;981007;CDSO100000054;2736773.9663492497;1.515938655;-316.7005378;0.0;12123957.064103883;MORGAN STANLEY EUROPE SE;0.0;0.0;504008.2973;;;CDS Index Option;2736773.9663492497;14860731.030453132;0.0025;1.521683830014308;0.014;1087.4886911993294
4159;981007;CDSO100000055;-1151139.3928125;1.403379678;-350.7363444;0.0;-5648411.201342441;MORGAN STANLEY EUROPE SE;0.0;0.0;-194883.7476;;;CDS Index Option;-1151139.3928125;-6799550.594154941;0.0025;1.4083033643015586;0.014;1371.487421563056
4160;981007;CH1174335732;5012886.8839275;0.52223589;0.52223589;392.687105;-17016.411381431826;;0.0;0.0;5030445.205;8.0;CH1174335732;Bond;5012886.8839275;4995870.472546068;0.0025;0.5209593277908331;0.004;0.5201933904653329
4161;981007;CSH_AUD_DB;10182.19716;0.0;0.0;0.0;0.0;;0.0;101.8219716;10182.19716;;;Cash;10182.19716;10182.19716;0.0;0.0;0.0;0.0
4162;981007;CSH_CAD_DB;2703.273865;0.0;0.0;0.0;0.0;;0.0;27.03273865;2703.273865;;;Cash;2703.273865;2703.273865;0.0;0.0;0.0;0.0
4163;981007;CSH_CHF_DB;37194.36172;0.0;0.0;0.0;0.0;;0.0;371.9436172;37194.36172;;;Cash;37194.36172;37194.36172;0.0;0.0;0.0;0.0
4164;981007;CSH_EUR_DB;16005986.61105;0.0;0.0;0.0;0.0;;0.0;0.0;12295226.33;;;Cash;16005986.61105;16005986.61105;0.0;0.0;0.0;0.0
4165;981007;CSH_GBP_DB;40718.63734575;0.0;0.0;0.0;-1070.8385889743597;;0.0;417.6270497;41762.70497;;;Cash;40718.63734575;39647.79875677564;0.0;0.0;0.0;0.0
4166;981007;CSH_HUF_DB;6179.575976;0.0;0.0;0.0;0.0;;0.0;61.79575976;6179.575976;;;Cash;6179.575976;6179.575976;0.0;0.0;0.0;0.0
4167;981007;CSH_ILS_DB;1563.890315;0.0;0.0;0.0;0.0;;0.0;15.63890315;1563.890315;;;Cash;1563.890315;1563.890315;0.0;0.0;0.0;0.0
4168;981007;CSH_JPY_DB;3068.157860625;0.0;0.0;0.0;-80.68791217948724;;0.0;31.46828575;3146.828575;;;Cash;3068.157860625;2987.4699484455127;0.0;0.0;0.0;0.0
4169;981007;CSH_MXN_DB;9590.226444;0.0;0.0;0.0;0.0;;0.0;95.90226444;9590.226444;;;Cash;9590.226444;9590.226444;0.0;0.0;0.0;0.0
4170;981007;CSH_NOK_DB;10799.40749;0.0;0.0;0.0;0.0;;0.0;107.9940749;10799.40749;;;Cash;10799.40749;10799.40749;0.0;0.0;0.0;0.0
4171;981007;CSH_NZD_DB;5387.350634;0.0;0.0;0.0;0.0;;0.0;53.87350634;5387.350634;;;Cash;5387.350634;5387.350634;0.0;0.0;0.0;0.0
4172;981007;CSH_PLN_DB;5602.719646;0.0;0.0;0.0;0.0;;0.0;56.02719646;5602.719646;;;Cash;5602.719646;5602.719646;0.0;0.0;0.0;0.0
4173;981007;CSH_SEK_DB;12036.76953;0.0;0.0;0.0;0.0;;0.0;120.3676953;12036.76953;;;Cash;12036.76953;12036.76953;0.0;0.0;0.0;0.0
4174;981007;CSH_TRY_DB;61.15914324;0.0;0.0;0.0;0.0;;0.0;0.611591432;61.15914324;;;Cash;61.15914324;61.15914324;0.0;0.0;0.0;0.0
4175;981007;CSH_USD_DB;2446695.426825;0.0;0.0;0.0;-64344.389923076975;;0.0;25094.31207;2509431.207;;;Cash;2446695.426825;2382351.036901923;0.0;0.0;0.0;0.0
4176;981007;CSH_ZAR_DB;4709.059639;0.0;0.0;0.0;0.0;;0.0;47.09059639;4709.059639;;;Cash;4709.059639;4709.059639;0.0;0.0;0.0;0.0
4177;981007;DE0001102432;9556772.2608;18.89091353;18.89091353;436897.5657;-722144.6336187016;;0.0;0.0;10360869.51;10.0;DE0001102432;Bond;9556772.2608;8834627.627181299;0.0025;18.640179633297656;0.0015;18.740473191978595
4178;981007;DE0001102549;10226147.8184;10.81655083;10.81655083;136476.5535;-442446.5906912689;;0.0;0.0;10702696.37;10.0;DE0001102549;Bond;10226147.8184;9783701.22770873;0.0025;10.775399208552175;0.0015;10.791859857131305
4179;981007;DE0001102622;54342461.502399996;4.326985819;4.326985819;130005.5146;-940556.2411617528;;0.0;0.0;55322130.73;10.0;DE0001102622;Bond;54342461.502399996;53401905.26123824;0.0025;4.313984394385759;0.0015;4.3191849642314555
4180;981007;DE000A4DE982;4239853.022;4.767222132;4.767222132;13355.06103;-242547.85395486577;;0.0;0.0;4516719.836;5.0;DE000A4DE982;Bond;4239853.022;3997305.1680451343;0.0025;4.745290955777551;0.0095;4.683883662354695
4181;981007;DE000BU27006;69487162.6244;5.164591601;5.164591601;232916.1966;-1435491.2658691895;;0.0;0.0;70988717.84;10.0;DE000BU27006;Bond;69487162.6244;68051671.35853082;0.0025;5.147475834062686;0.0015;5.154322140837611
4182;981007;DE000BU2Z015;17326326.229199998;7.322435519;7.322435519;115688.3127;-507483.62637790164;;0.0;0.0;17862994.88;10.0;DE000BU2Z015;Bond;17326326.229199998;16818842.602822095;0.0025;7.289555049821133;0.0015;7.30270723749268
4183;981007;DE000CB94MF6;1672883.65802;3.625595115;3.625595115;3198.789976;-72782.38582176772;;0.0;0.0;1753435.616;4.0;DE000CB94MF6;Bond;1672883.65802;1600101.2721982324;0.0025;3.6106539316961257;0.0095;3.568818618445279
4184;981007;DE000CZ439B6;1041224.6751369999;2.755198333;2.755198333;1110.561514;-18647.073179903535;;0.0;0.0;1060863.014;6.0;DE000CZ439B6;Bond;1041224.6751369999;1022577.6019570964;0.0025;2.7475113371123254;0.004;2.7428991395797206
4185;981007;DE000CZ439T8;818223.856992;4.234479573;4.234479573;1939.238405;-22520.889355730327;;0.0;0.0;842240.0;7.0;DE000CZ439T8;Bond;818223.856992;795702.9676362696;0.0025;4.220055153701586;0.004;4.211400502122538
4186;981007;DE000DL19VZ9;5146848.43468;2.216843874;2.216843874;3863.967766;-136917.11307392214;;0.0;0.0;5298472.603;6.0;DE000DL19VZ9;Bond;5146848.43468;5009931.321606078;0.0025;2.210361255292129;0.0095;2.1922099229100915
4187;981007;DK0030045703;1033405.0833390001;2.981231427;2.981231427;1288.640974;-20025.328123266576;;0.0;0.0;1054494.384;7.0;DK0030045703;Bond;1033405.0833390001;1013379.7552157335;0.0025;2.9722761459211737;0.004;2.966902977273878
4188;981007;DK0030352471;3806176.228524;0.988153485;0.988153485;571.2451894;-45133.035656881766;;0.0;0.0;3852915.522;5.0;DK0030352471;Bond;3806176.228524;3761043.192867118;0.0025;0.986842509604518;0.0095;0.9831717784971687
4189;981007;ES0000012B47;9015112.838;16.11887112;16.11887112;338323.3394;-871880.6518078765;;0.0;0.0;10002997.82;10.0;ES0000012B47;Bond;9015112.838;8143232.186192123;0.0025;15.830204530457493;0.0035;15.71473789464049
4190;981007;ES0000012E69;5120589.0931400005;8.991600724;8.991600724;51796.06295;-276253.7555831048;;0.0;0.0;5422396.355;10.0;ES0000012E69;Bond;5120589.0931400005;4844335.337556896;0.0025;8.940841565162287;0.0035;8.920537901627203
4191;981007;ES0000012M85;18843050.382;7.535838236;7.535838236;139212.1959;-851989.0773093;;0.0;0.0;19763800.62;10.0;ES0000012M85;Bond;18843050.382;17991061.3046907;0.0025;7.493110726180163;0.0035;7.476019722252228
4192;981007;ES0840609012;2983687.6947040004;0.947859678;0.947859678;345.0820896;-33937.40709065636;;0.0;0.0;3018423.913;3.0;ES0840609012;Bond;2983687.6947040004;2949750.287613344;0.0025;0.9472143670109554;0.0095;0.9454074962416302
4193;981007;ES0840609020;805281.96536;2.308774333;2.308774333;512.9100753;-22310.57198941156;;0.0;0.0;828575.0;5.0;ES0840609020;Bond;805281.96536;782971.3933705884;0.0025;2.3061771233930597;0.0095;2.2989049364936274
4194;981007;ES0840609061;748720.48734;5.764973781;5.764973781;3204.930055;-51796.24774575171;;0.0;0.0;805166.6667;6.0;ES0840609061;Bond;748720.48734;696924.2395942482;0.0025;5.741047518950969;0.0095;5.674053985213681
4195;981007;FR0010070060;13102041.032100001;7.758285253;7.758285253;105387.6694;-457422.1727559406;;0.0;0.0;13590734.22;10.0;FR0010070060;Bond;13102041.032100001;12644618.859344061;0.0025;7.707672552327895;0.002;7.717795092462317
4196;981007;FR0013259132;10625002.56164;3.282306222;4.689988881;16833.27652;-283624.2983600001;;4.215953496;-219.6521302;10908720.34;;FR0013259132;Fund Unit;10625002.56164;10341378.26328;0.0;3.282306222;0.0;4.689988881
4197;981007;FR0013455854;3713795.4050800004;3.989077969;3.989077969;7452.938595;-177775.43318133673;;0.0;0.0;3905961.538;4.0;FR0013455854;Bond;3713795.4050800004;3536019.971898664;0.0025;3.9786891939920492;0.0095;3.949600623969787
4198;981007;FR0013461795;1377832.629856;1.080321634;1.080321634;239.4875696;-17862.028776774612;;0.0;0.0;1396405.906;3.0;FR0013461795;Bond;1377832.629856;1359970.6010792253;0.0025;1.078894003502542;0.0095;1.07489663810966
4199;981007;FR0013476611;1224236.575072;1.723500831;1.723500831;581.3194816;-25319.67305372623;;0.0;0.0;1251005.137;7.0;FR0013476611;Bond;1224236.575072;1198916.9020182737;0.0025;1.7190559078033882;0.0095;1.7066101228528754
4200;981007;FR0014000OZ2;1274968.4208503999;0.630868859;0.630868859;129.5774819;-9652.054475075081;;0.0;0.0;1285023.288;7.0;FR0014000OZ2;Bond;1274968.4208503999;1265316.3663753248;0.0025;0.629323049923543;0.0095;0.6249947845094634
4201;981007;FR0014009HA0;6705931.20532;1.908823613;1.908823613;3785.051423;-153605.27798242043;;0.0;0.0;6868750.0;8.0;FR0014009HA0;Bond;6705931.20532;6552325.927337579;0.0025;1.9038217974387621;0.0095;1.8898167138672963
4202;981007;FR001400L9Q7;1550714.584235;3.222296495;3.222296495;2382.041617;-82448.22579717607;;0.0;0.0;1640667.74;5.0;FR001400L9Q7;Bond;1550714.584235;1468266.3584378238;0.0025;3.2098521599921064;0.014;3.1526082189557947
4203;981007;FR001400M1X9;3852127.836;6.31129475;6.31129475;22362.74435;-291742.97025210795;;0.0;0.0;4182509.589;7.0;FR001400M1X9;Bond;3852127.836;3560384.8657478923;0.0025;6.265743440364756;0.0095;6.138199773386071
4204;981007;FR001400MLX3;4344123.140919999;3.282491367;3.282491367;6624.162231;-235282.52066970457;;0.0;0.0;4600329.589;6.0;FR001400MLX3;Bond;4344123.140919999;4108840.6202502945;0.0025;3.271306840965831;0.014;3.219858021208652
4205;981007;FR001400NBC6;35281024.4288;2.358937765;2.358937765;28469.06039;-374515.8341084274;;0.0;0.0;35668257.5;10.0;FR001400NBC6;Bond;35281024.4288;34906508.594691575;0.0025;2.3526761653107258;0.002;2.3539284852485807
4206;981007;FR001400OHF4;2345724.469135;17.45191114;17.45191114;110836.0021;-184218.18747420463;;0.0;0.0;2550800.215;10.0;FR001400OHF4;Bond;2345724.469135;2161506.281660795;0.0025;17.032078594150697;0.002;17.116045103320555
4207;981007;FR001400Q6Z9;3107506.01926;3.456511952;3.456511952;5342.734281;-177228.67299198816;;0.0;0.0;3299498.164;6.0;FR001400Q6Z9;Bond;3107506.01926;2930277.3462680117;0.0025;3.443398145765943;0.014;3.383074637089281
4208;981007;FR001400QMF9;14808694.5338;8.140880853;8.140880853;123484.4563;-542501.180046622;;0.0;0.0;15390451.31;10.0;FR001400QMF9;Bond;14808694.5338;14266193.353753379;0.0025;8.098099564333335;0.002;8.106655822066667
4209;981007;FR001400UM87;1826841.3546799999;6.860237419;6.860237419;11788.74871;-150390.7850394286;;0.0;0.0;1995796.703;4.0;FR001400UM87;Bond;1826841.3546799999;1676450.5696405713;0.0025;6.8165676269184;0.0095;6.694292209089922
4210;981007;FR001400WK95;3405685.771;2.469520545;2.469520545;2982.205228;-50462.46588779199;;0.0;0.0;3456916.0;7.0;FR001400WK95;Bond;3405685.771;3355223.3051122082;0.0025;2.4628755033120147;0.0035;2.4602174866368207
4211;981007;FR001400WKP0;3326695.63452;4.61058933;4.61058933;9534.848215;-184056.32876010588;;0.0;0.0;3530157.534;7.0;FR001400WKP0;Bond;3326695.63452;3142639.3057598937;0.0025;4.592079117917437;0.0095;4.540250524086262
4212;981007;FXF11703;-44109.3200000003;0.076712328;0.0;-0.0063160720000001724;0.0;NATIXIS;0.0;269299.6633;-44109.3200000003;;;Currency Forward;-44109.3200000003;-44109.3200000003;0.0;0.076712328;0.0;0.0
4213;981007;FXW1023886;4349.906109999998;0.076712328;0.0;0.0002085019999999993;3015.542266666669;GOLDMAN SACHS BANK EUROPE SE;0.0;-1176.061484;1409.7523999999976;;;Currency Forward;4349.906109999998;7365.448376666667;0.0;0.076712328;0.0;0.0
4214;981007;FXW1023897;9323.729477500021;0.076712328;0.0;-0.0003838909999999973;12234.458130769239;NATIXIS;0.0;-4771.438671;-2604.8671999999788;;;Currency Forward;9323.729477500021;21558.18760826926;0.0;0.076712328;0.0;0.0
4215;981007;FXW1023899;18020.416632500055;0.076712328;0.0;-0.0007436749999999992;23697.364341025663;BNP PARIBAS;0.0;-9241.972093;-5084.5135999999475;;;Currency Forward;18020.416632500055;41717.78097352572;0.0;0.076712328;0.0;0.0
4216;981007;GR0124039737;2610857.4025000003;6.699756624;6.699756624;15468.77245;-104952.65506031286;;0.0;0.0;2723767.549;9.0;GR0124039737;Bond;2610857.4025000003;2505904.7474396876;0.0025;6.663853810867;0.0035;6.6494926856138
4217;981007;GR0138018842;1165654.5381;16.06437501;16.06437501;48810.69633;-112353.06979288039;;0.0;0.0;1293976.776;9.0;GR0138018842;Bond;1165654.5381;1053301.4683071196;0.0025;15.662683693951157;0.0035;15.50200716753162
4218;981007;IKM25 Cmdty;0.0;0.0;0.0;-414337.5389;2890586.2998;;0.0;0.0;-63695840.0;;;Bond Future;0.0;2890586.2998;0.0025;0.0;0.0035;0.0
4219;981007;INFS10000252;-96749.31654675;0.62739726;0.0;0.03678912;13456.73400027076;JP MORGAN SE;0.0;0.0;13000000.0;;;Index Linked Swap;-96749.31654675;-83292.58254647923;0.0025;0.6283908346043505;0.0;0.0
4220;981007;INFS10000290;36243.66466265;0.794520548;0.0;0.004047714;12196.734635226758;CITIBANK EUROPE PUBLIC LIMITED COMPANY;0.0;0.0;9000000.0;;;Index Linked Swap;36243.66466265;48440.39929787676;0.0025;0.7960959132381344;0.0;0.0
4221;981007;INFS10000380;1375063.7333237499;9.934246575;0.0;9.678699416;1108147.953440258;JP MORGAN SE;0.0;2528.178834;65173116.09;;;Index Linked Swap;1375063.7333237499;2483211.686764008;0.00125;10.05752015966781;0.0;0.0
4222;981007;INFS10000393;-875507.0077812499;4.931506849;0.0;-2.999269216;-588169.9074319355;JP MORGAN SE;0.0;-2835.060447;-65173116.09;;;Index Linked Swap;-875507.0077812499;-1463676.9152131854;0.00125;4.961863726861689;0.0;0.0
4223;981007;INFS10000398;429466.29327075;4.95890411;0.0;1.040216252;584081.035182983;GOLDMAN SACHS BANK EUROPE SE;0.0;0.0;62000000.0;;;Index Linked Swap;429466.29327075;1013547.328453733;0.0025;5.02032038208448;0.0;0.0
4224;981007;INFS10000403;-1157044.7321191751;9.961643836;0.0;-4.91e-05;-1127689.260390772;GOLDMAN SACHS BANK EUROPE SE;0.0;0.0;-62000000.0;;;Index Linked Swap;-1157044.7321191751;-2284733.992509947;0.0025;10.2097297047274;0.0;0.0
4225;981007;INFS10000408;688761.725863;9.961643836;0.0;0.064008242;686822.4404977103;GOLDMAN SACHS BANK EUROPE SE;0.0;0.0;37740000.0;;;Index Linked Swap;688761.725863;1375584.1663607103;0.0025;10.209727382479679;0.0;0.0
4226;981007;INFS10000413;-614047.7578045002;9.961643836;0.0;-2.137240596;-686666.593546143;GOLDMAN SACHS BANK EUROPE SE;0.0;0.0;-37740000.0;;;Index Linked Swap;-614047.7578045002;-1300714.3513506432;0.0025;10.209642691359495;0.0;0.0
4227;981007;IRSB100002822;50602.340311000095;6.793954502;0.0;-4519.605956320001;-859.4749944191379;NOMURA FINANCIAL PRODUCTS EUROPE GMBH;0.0;0.0;0.0;;;Swap;50602.340311000095;49742.86531658096;0.0025;9.142252667368822;0.0;0.0
4228;981007;IT0004286966;4594957.86274;10.31903694;10.31903694;65645.33072;-284493.23954014503;;0.0;0.0;4900632.43;10.0;IT0004286966;Bond;4594957.86274;4310464.623199855;0.0025;10.228083658057853;0.0035;10.191702345280996
4229;981007;IT0004532559;8661091.8628;10.88099345;10.88099345;139123.6342;-565447.7029738505;;0.0;0.0;9270088.567;10.0;IT0004532559;Bond;8661091.8628;8095644.15982615;0.0025;10.775407007859704;0.0035;10.733172431003585
4230;981007;IT0005441883;1128121.00568;23.33121747;23.33121747;109188.9061;-157922.6190959711;;0.0;0.0;1314003.113;10.0;IT0005441883;Bond;1128121.00568;970198.3865840288;0.0025;22.27237442405392;0.0035;21.848837205675483
4231;981007;IT0005495731;12781558.93398;3.915763912;3.915763912;23406.8453;-300297.40327668044;;0.0;0.0;13093395.24;10.0;IT0005495731;Bond;12781558.93398;12481261.53070332;0.0025;3.908314475649219;0.0035;3.9053347011089063
4232;981007;IT0005508590;8866232.166919999;8.136232881;8.136232881;73941.93849;-432826.37812244624;;0.0;0.0;9327666.905;10.0;IT0005508590;Bond;8866232.166919999;8433405.788797552;0.0025;8.093235468517312;0.0035;8.076036503524236
4233;981007;IT0005584856;19106954.012;7.674712988;7.674712988;139259.2274;-879842.3287020905;;0.0;0.0;20043045.68;10.0;IT0005584856;Bond;19106954.012;18227111.683297906;0.0025;7.63975590083357;0.0035;7.625773065966997
4234;981007;IT0005633794;11954985.87756;1.847755237;1.847755237;5282.429747;-132539.3265811352;;0.0;0.0;12090599.13;9.0;IT0005633794;Bond;11954985.87756;11822446.550978865;0.0025;1.8452442361938954;0.0035;1.8442398358714536
4235;981007;IT0005636532;4135867.61948;6.049478671;6.049478671;19923.84947;-300238.1154014857;;0.0;0.0;4467971.504;5.0;IT0005636532;Bond;4135867.61948;3835629.504078514;0.0025;6.020535839152618;0.0095;5.939495909979949
4236;981007;LU0571101129;5815251.364378;3.012808375;3.308240559;-17832.41399;-155232.58262200005;;1.288583766;6.123252575;6092327.504;;LU0571101129;Fund Unit;5815251.364378;5660018.781756;0.0;3.012808375;0.0;3.308240559
4237;981007;LU2023296168;7544954.389682;3.236585554;3.262438622;13229.25456;-201405.35331800004;;1.689608278;129.8018746;7746428.908;;LU2023296168;Fund Unit;7544954.389682;7343549.036363999;0.0;3.236585554;0.0;3.262438622
4238;981007;LU2550878602;39825796.898480006;0.536002618;0.741697933;941.5786231;-1063111.6215200005;;-8917.200981;465.0334845;31543954.72;;LU2550878602;Fund Unit;39825796.898480006;38762685.27696001;0.0;0.536002618;0.0;0.741697933
4239;981007;NL0000102234;9305728.29668;9.387590139;9.387590139;105254.3906;-349433.4527765057;;0.0;0.0;9679032.417;10.0;NL0000102234;Bond;9305728.29668;8956294.843903493;0.0025;9.325139519954263;0.0015;9.350119767572558
4240;981007;OATM25 Cmdty;0.0;0.0;0.0;241201.3391;-1136341.50885;;0.0;0.0;29690980.0;;;Bond Future;0.0;-1136341.50885;0.0025;0.0;0.002;0.0
4241;981007;OEM25 Cmdty;0.0;0.0;0.0;21969.12404;-154686.4456;;0.0;0.0;8009720.0;;;Bond Future;0.0;-154686.4456;0.0025;0.0;0.0015;0.0
4242;981007;PTBSPHOM0027;1975966.556965;5.280522744;5.280522744;7045.568817;-67821.88624534084;;0.0;0.0;2048335.616;7.0;PTBSPHOM0027;Bond;1975966.556965;1908144.6707196592;0.0025;5.261091754859789;0.004;5.249433161375663
4243;981007;PTEDP4OM0025;4246701.836414999;2.443550654;2.443550654;3900.344101;-171221.01232029538;;0.0;0.0;4432740.384;6.0;PTEDP4OM0025;Bond;4246701.836414999;4075480.824094704;0.0025;2.4355169842678372;0.014;2.3985621034998883
4244;981007;RXK25C 131;-325000.0033;794.3509742;794.3509742;0.0;1032656.2768000001;;0.0;0.0;-31709318.83;;;Bond Future Option;-325000.0033;707656.2735000001;0.0025;794.3509742;0.0015;794.3509742
4245;981007;RXK25P 125;-117000.0077;-860.3128476;-860.3128476;0.0;-402626.4392;;0.0;0.0;12363271.7;;;Bond Future Option;-117000.0077;-519626.44690000004;0.0025;-860.3128476;0.0015;-860.3128476
4246;981007;RXM25 Cmdty;0.0;0.0;0.0;-282666.4762;1241874.1704;;0.0;0.0;-38133680.0;;;Bond Future;0.0;1241874.1704;0.0025;0.0;0.0015;0.0
4247;981007;TUM25 Cmdty;0.0;0.0;0.0;159017.3422;-1869804.0028249999;;0.0;0.0;358072479.6;;;Bond Future;0.0;-1869804.0028249999;0.00125;0.0;0.0015;0.0
4248;981007;UBM25 Cmdty;0.0;0.0;0.0;-116786.9418;185073.4838;;0.0;0.0;-2265940.0;;;Bond Future;0.0;185073.4838;0.0025;0.0;0.0015;0.0
4249;981007;UXYM25 Cmdty;0.0;0.0;0.0;-636312.6593;1924028.4467250002;;0.0;0.0;-87268329.94;;;Bond Future;0.0;1924028.4467250002;0.00125;0.0;0.0015;0.0
4250;981007;XS1819574929;1917791.9661180002;2.918116125;2.918116125;2256.071774;-33578.037964346346;;0.0;0.0;1951967.397;6.0;XS1819574929;Bond;1917791.9661180002;1884213.9281536539;0.0025;2.90999487300144;0.0035;2.9067463722020164
4251;981007;XS2125121769;3542592.684512;0.725020122;0.725020122;427.7238427;-30821.411763854376;;0.0;0.0;3576333.092;4.0;XS2125121769;Bond;3542592.684512;3511771.2727481457;0.0025;0.7233158195307555;0.0095;0.718543772616871
4252;981007;XS2181959110;3450814.69408;6.176077478;6.176077478;17604.87198;-255749.98695430736;;0.0;0.0;3739227.397;7.0;XS2181959110;Bond;3450814.69408;3195064.7071256926;0.0025;6.143895892488759;0.0095;6.053787453057286
4253;981007;XS2183818637;603610.4062012;0.430681445;0.430681445;36.61709469;-3119.5656235172373;;0.0;0.0;606842.4658;7.0;XS2183818637;Bond;603610.4062012;600490.8405776827;0.0025;0.4296285748108322;0.0095;0.42668053828116254
4254;981007;XS2185997884;836957.5261934;0.884971965;0.884971965;139.2205903;-4444.103679461473;;0.0;0.0;841593.9383;4.0;XS2185997884;Bond;836957.5261934;832513.4225139385;0.0025;0.8827713713250002;0.0035;0.8818911338550002
4255;981007;XS2193658619;1874121.3398300002;3.911983882;3.911983882;3759.740918;-43989.194845963226;;0.0;0.0;1919121.644;7.0;XS2193658619;Bond;1874121.3398300002;1830132.144984037;0.0025;3.900089545010484;0.0035;3.8953318102146777
4256;981007;XS2209344543;926340.4625975;2.920075524;2.920075524;-946.9448582;-44632.23784340965;;0.0;0.0;973137.5;5.0;XS2209344543;Bond;926340.4625975;881708.2247540903;0.0025;2.966948696393729;0.014;3.182565289404882
4257;981007;XS2225893630;3984113.950136;0.411118934;0.411118934;227.0686128;-19655.336161373296;;0.0;0.0;4004520.548;5.0;XS2225893630;Bond;3984113.950136;3964458.6139746266;0.0025;0.4101166433544815;0.0095;0.40731022954702983
4258;981007;XS2242931603;2856755.1457;3.823959962;3.823959962;5551.806798;-65544.70379036566;;0.0;0.0;2926880.137;8.0;XS2242931603;Bond;2856755.1457;2791210.4419096345;0.0025;3.8119317340720333;0.0035;3.8071204429008465
4259;981007;XS2243298069;3523178.3474;4.920264063;4.920264063;11349.97844;-208019.61372302342;;0.0;0.0;3753566.753;6.0;XS2243298069;Bond;3523178.3474;3315158.7336769765;0.0025;4.90024863767334;0.0095;4.844205446758694
4260;981007;XS2262077675;3073784.542188;0.626354252;0.626354252;308.7259907;-23103.33621277592;;0.0;0.0;3098025.531;4.0;XS2262077675;Bond;3073784.542188;3050681.205975224;0.0025;0.6248240912092141;0.0095;0.6205396409950138
4261;981007;XS2280835260;399733.44702950004;5.920406675;5.920406675;1718.45714;-15382.799692092372;;0.0;0.0;415692.4658;7.0;XS2280835260;Bond;399733.44702950004;384350.6473374077;0.0025;5.900559522165035;0.004;5.888651230464056
4262;981007;XS2286011528;1509507.6971831;0.06280422;0.729954276;29.762659;-10704.788816794262;;0.0;0.0;1520958.904;5.0;XS2286011528;Bond;1509507.6971831;1498802.9083663058;0.0025;0.06232116096427337;0.0095;0.7331430959767471
4263;981007;XS2307437629;4190516.1462160004;0.87299019;0.87299019;689.7367388;-43899.353840198084;;0.0;0.0;4236602.74;4.0;XS2307437629;Bond;4190516.1462160004;4146616.7923758025;0.0025;0.8707806022340683;0.0095;0.8645937564894594
4264;981007;XS2322423539;298744.73986000003;3.519995982;3.519995982;493.9414801;-6309.4817037050125;;0.0;0.0;305263.9315;5.0;XS2322423539;Bond;298744.73986000003;292435.258156295;0.0025;3.509637168424548;0.0035;3.5054936429943675
4265;981007;XS2382950330;1854037.238624;2.102697034;2.102697034;1234.809131;-46781.74323096282;;0.0;0.0;1903815.836;6.0;XS2382950330;Bond;1854037.238624;1807255.495393037;0.0025;2.0971000969094558;0.0095;2.0814286730559313
4266;981007;XS2384273715;1255727.9599859999;5.172552314;5.172552314;4151.881523;-38971.911391080495;;0.0;0.0;1295854.521;7.0;XS2384273715;Bond;1255727.9599859999;1216756.0485949193;0.0025;5.156781700443703;0.0035;5.150473455021184
4267;981007;XS2433361719;2922415.4116869997;0.77495528;0.77495528;395.3845541;-14720.81814866139;;0.0;0.0;2937165.616;5.0;XS2433361719;Bond;2922415.4116869997;2907694.5935383383;0.0025;0.773074325345278;0.004;0.7719457525524447
4268;981007;XS2463450408;3659128.33128;3.105335313;3.105335313;4451.355028;-136353.84506307053;;0.0;0.0;3805367.103;5.0;XS2463450408;Bond;3659128.33128;3522774.4862169297;0.0025;3.0990304078880095;0.0095;3.081376673574437
4269;981007;XS2558978883;3946075.4385599997;2.635687649;2.635687649;3966.155024;-124807.4675452182;;0.0;0.0;4079924.658;6.0;XS2558978883;Bond;3946075.4385599997;3821267.9710147814;0.0025;2.627927560080819;0.0095;2.606199311107113
4270;981007;XS2578472339;1055969.560999;2.968956895;2.968956895;1313.025979;-20378.332708747672;;0.0;0.0;1077444.795;6.0;XS2578472339;Bond;1055969.560999;1035591.2282902523;0.0025;2.959907866232667;0.004;2.9544784489722677
4271;981007;XS2580221658;3236159.641886;2.730852813;2.730852813;3457.175642;-53024.85396816874;;0.0;0.0;3292221.233;6.0;XS2580221658;Bond;3236159.641886;3183134.7879178314;0.0025;2.7227893115774706;0.0035;2.719563911008459
4272;981007;XS2582389156;4045863.8956649997;3.944374819;3.944374819;9189.949996;-263313.66057417745;;0.0;0.0;4341882.822;7.0;XS2582389156;Bond;4045863.8956649997;3782550.2350908224;0.0025;3.9264839710163018;0.014;3.8441860702912893
4273;981007;XS2583203950;4179834.137585;2.631755246;2.631755246;4119.882684;-71501.95272349486;;0.0;0.0;4254917.808;7.0;XS2583203950;Bond;4179834.137585;4108332.1848615054;0.0025;2.62442916074067;0.004;2.6200335095850713
4274;981007;XS2588884481;4126798.76844;2.945176399;2.945176399;5183.646322;-145849.80403478103;;0.0;0.0;4284403.767;6.0;XS2588884481;Bond;4126798.76844;3980948.9644052186;0.0025;2.93545921420382;0.0095;2.908251096774515
4275;981007;XS2592804434;3986079.7565999995;3.647048794;3.647048794;6854.562655;-239867.5515900814;;0.0;0.0;4246321.083;6.0;XS2592804434;Bond;3986079.7565999995;3746212.205009918;0.0025;3.637310579674278;0.014;3.5925147937759587
4276;981007;XS2615937187;4523561.9642065;1.886146353;1.886146353;-43019.0355;-55458.649358824434;;0.0;0.0;4579302.917;4.0;XS2615937187;Bond;4523561.9642065;4468103.314847675;0.0025;2.1327900088422727;0.004;2.2807762023476363
4277;981007;XS2619991883;12054470.46192;1.669866465;1.669866465;5386.844042;-80517.42391077307;;0.0;0.0;12139225.47;5.0;XS2619991883;Bond;12054470.46192;11973953.038009228;0.0025;1.6656657197298554;0.0015;1.6673460178379131
4278;981007;XS2623496085;4283682.91931;2.704324558;2.704324558;4726.207612;-191143.73713669024;;0.0;0.0;4491714.521;6.0;XS2623496085;Bond;4283682.91931;4092539.1821733094;0.0025;2.695025368123266;0.014;2.652249094690289
4279;981007;XS2626699982;4011271.84748;2.776360911;2.776360911;4508.060981;-133640.86032885872;;0.0;0.0;4154948.63;7.0;XS2626699982;Bond;4011271.84748;3877630.9871511413;0.0025;2.7675351536793458;0.0095;2.742823033181514
4280;981007;XS2648077191;2546226.51482;5.229975749;5.229975749;9177.864434;-86558.56900580102;;0.0;0.0;2637891.06;6.0;XS2648077191;Bond;2546226.51482;2459667.9458141993;0.0025;5.208244953583545;0.004;5.195206476333672
4281;981007;XS2673808726;1078352.880987;5.328199739;5.328199739;4078.966818;-37346.91700366141;;0.0;0.0;1118417.945;8.0;XS2673808726;Bond;1078352.880987;1041005.9639833386;0.0025;5.304609270287948;0.004;5.290454989060716
4282;981007;XS2745719000;606992.8534865;3.461886516;3.461886516;980.684856;-13658.712436156304;;0.0;0.0;621431.5068;7.0;XS2745719000;Bond;606992.8534865;593334.1410503436;0.0025;3.451457041268824;0.004;3.445199356430118
4283;981007;XS2763026395;980418.617844;5.082663551;5.082663551;3250.242881;-29898.827841824976;;0.0;0.0;1011766.959;7.0;XS2763026395;Bond;980418.617844;950519.790002175;0.0025;5.064368266385845;0.0035;5.057050152540183
4284;981007;XS2767246908;2806490.584665;4.284053081;4.284053081;7102.987332;-198382.05149452115;;0.0;0.0;3029820.411;7.0;XS2767246908;Bond;2806490.584665;2608108.533170479;0.0025;4.266662998912391;0.014;4.186668621309394
4285;981007;XS2770921315;8478832.00784;7.763512147;7.763512147;68794.7659;-263302.061140953;;0.0;0.0;8764010.556;8.0;XS2770921315;Bond;8478832.00784;8215529.946699047;0.0025;7.711349752658145;0.0015;7.732214710394887
4286;981007;XS2771418097;1003356.94545;4.264871062;4.264871062;2382.604634;-25675.128009038508;;0.0;0.0;1030131.918;6.0;XS2771418097;Bond;1003356.94545;977681.8174409615;0.0025;4.250978046934915;0.0035;4.245420840908881
4287;981007;XS2774944008;3909798.21788;5.195319322;5.195319322;13725.97421;-243751.8027176775;;0.0;0.0;4176725.543;5.0;XS2774944008;Bond;3909798.21788;3666046.4151623226;0.0025;5.175031166365602;0.0095;5.118224330589287
4288;981007;XS2778270772;4134785.0712369997;1.898959424;1.898959424;2452.658208;-129554.51977446022;;0.0;0.0;4267933.333;3.0;XS2778270772;Bond;4134785.0712369997;4005230.5514625395;0.0025;1.8931451234675434;0.014;1.866399341018243
4289;981007;XS2799494633;3537934.6706399997;3.800629963;3.800629963;7388.639036;-161356.56619645102;;0.0;0.0;3718684.425;4.0;XS2799494633;Bond;3537934.6706399997;3376578.1044435487;0.0025;3.784531818322091;0.0095;3.7394570132239457
4290;981007;XS2801962155;818553.7786760001;3.649685042;3.649685042;1481.332625;-17924.780892638257;;0.0;0.0;837166.0274;6.0;XS2801962155;Bond;818553.7786760001;800628.9977833618;0.0025;3.6377431709595918;0.0035;3.6329664225434284
4291;981007;XS2802883731;3382973.6620000005;3.700123746;3.700123746;751.525495;-206537.44945116984;;0.0;0.0;3601408.615;5.0;XS2802883731;Bond;3382973.6620000005;3176436.2125488305;0.0025;3.728797300887832;0.014;3.8606956533718586
4292;981007;XS2818300407;4283313.52948;3.829073512;3.829073512;8689.843259;-196813.4685518772;;0.0;0.0;4498138.699;8.0;XS2818300407;Bond;4283313.52948;4086500.060928123;0.0025;3.8150088578750956;0.0095;3.775627826325364
4293;981007;XS2821714735;3147963.491725;5.842564409;5.842564409;14201.34741;-119549.16647429502;;0.0;0.0;3275409.592;6.0;XS2821714735;Bond;3147963.491725;3028414.3252507052;0.0025;5.815121284986637;0.004;5.798655410578619
4294;981007;XS2822575648;1938120.496402;3.287118041;3.287118041;2963.323045;-105118.70901435567;;0.0;0.0;2053788.493;7.0;XS2822575648;Bond;1938120.496402;1833001.7873876444;0.0025;3.275906718684048;0.014;3.2243346360306693
4295;981007;XS2830446535;827896.4476155;4.284731158;4.284731158;2050.497414;-23057.539080521707;;0.0;0.0;852150.4658;6.0;XS2830446535;Bond;827896.4476155;804838.9085349783;0.0025;4.268709563156914;0.004;4.259096606251062
4296;981007;XS2844410287;729877.960206;3.605202626;3.605202626;1295.116326;-15788.147632765167;;0.0;0.0;746328.6849;5.0;XS2844410287;Bond;729877.960206;714089.8125732349;0.0025;3.593335625973943;0.0035;3.5885888259635204
4297;981007;XS2890435865;2038586.045448;1.369448069;1.369448069;665.4792717;-18146.295202289213;;0.0;0.0;2057580.781;6.0;XS2890435865;Bond;2038586.045448;2020439.7502457108;0.0025;1.3659754992637134;0.004;1.3638919574219415
4298;981007;XS2905432584;2843395.428456;3.065865171;3.065865171;3740.678583;-56663.535574645175;;0.0;0.0;2903847.13;5.0;XS2905432584;Bond;2843395.428456;2786731.892881355;0.0025;3.056474806901091;0.004;3.0508405884417455
4299;981007;XS2980761956;2364243.8452399997;7.17130449;7.17130449;16833.81679;-203456.55003389373;;0.0;0.0;2594007.638;4.0;XS2980761956;Bond;2364243.8452399997;2160787.295206106;0.0025;7.121869274068318;0.0095;6.983450669459609
4300;981017;BE0390201672;6508054.98138;8.134215074;8.134215074;5374.808575;-317627.51359177195;;0.0;0.0;6850213.425;4.0;BE0390201672;Bond;6508054.98138;6190427.467788228;0.0025;8.278981956536633;0.0035;8.336888709551287
4301;981017;BE6362152199;3816663.455965;4.954336069;4.954336069;12143.79324;-122908.71725029036;;0.0;0.0;3946842.748;5.0;BE6362152199;Bond;3816663.455965;3693754.73871471;0.0025;4.936155119590823;0.004;4.925246549945316
4302;981017;CDSB100002643;-244194.52356425;0.719237764;21.74292304;0.0;74772.12306483084;CITIBANK EUROPE PUBLIC LIMITED COMPANY;0.0;0.0;-6000000.0;;;Credit Default Swap;-244194.52356425;-169422.40049941916;0.0025;0.7205310214029093;0.014;28.361488872527083
4303;981017;CDSB100003202;507609.17934249993;2.498670451;-393.2056943;0.0;2791156.607007194;DEUTSCHE BANK AKTIENGESELLSCHAFT;0.0;0.0;-8000000.0;;;Credit Default Swap;507609.17934249993;3298765.786349694;0.0025;2.5142788360567514;0.014;1771.3443581192312
4304;981017;CDSB100003582;1591875.7091800002;2.620489807;0.0;0.0;-10428.735174792717;BNP PARIBAS;0.0;0.0;0.0;;CDSB100003582;CDS Index;1591875.7091800002;1581446.9740052074;0.0025;2.637657224071477;0.0035;0.0
4305;981017;CDSB100003601;-2639926.549135;2.620489807;0.0;0.0;17294.751533092378;DEUTSCHE BANK AKTIENGESELLSCHAFT;0.0;0.0;0.0;;CDSB100003601;CDS Index;-2639926.549135;-2622631.7976019075;0.0025;2.637657224071477;0.0035;0.0
4306;981017;CDSB100003602;292151.87140274997;2.620489807;0.0;0.0;-1913.9525027672025;DEUTSCHE BANK AKTIENGESELLSCHAFT;0.0;0.0;0.0;;CDSB100003602;CDS Index;292151.87140274997;290237.91889998276;0.0025;2.637657224071477;0.0035;0.0
4307;981017;CDSB100003610;1288548.6914875;2.716150159;0.0;0.0;-8749.729333157538;DEUTSCHE BANK AKTIENGESELLSCHAFT;0.0;0.0;0.0;;CDSB100003610;CDS Index;1288548.6914875;1279798.9621543423;0.0025;2.7345938382155897;0.0095;0.0
4308;981017;CDSB100003614;-988060.3710324999;2.611470043;0.0;0.0;6450.725149067097;DEUTSCHE BANK AKTIENGESELLSCHAFT;0.0;0.0;0.0;;CDSB100003614;CDS Index;-988060.3710324999;-981609.6458834328;0.0025;2.6285194824637164;0.004;0.0
4309;981017;CDSB100003620;586831.9283450001;2.500703107;0.0;0.0;-3668.731066247858;JP MORGAN SE;0.0;0.0;0.0;;CDSB100003620;CDS Index;586831.9283450001;583163.1972787522;0.0025;2.5163368970733986;0.014;0.0
4310;981017;CDSB100003623;27294.508279575;2.500703107;0.0;0.0;-170.63865414692606;DEUTSCHE BANK AKTIENGESELLSCHAFT;0.0;0.0;0.0;;CDSB100003623;CDS Index;27294.508279575;27123.869625428073;0.0025;2.5163368970733986;0.014;0.0
4311;981017;CDSB100003625;-392358.5567875;2.500703107;0.0;0.0;2452.9306550413426;DEUTSCHE BANK AKTIENGESELLSCHAFT;0.0;0.0;0.0;;CDSB100003625;CDS Index;-392358.5567875;-389905.6261324586;0.0025;2.5163368970733986;0.014;0.0
4312;981017;CDSB100003629;439987.7580825;2.620489807;0.0;0.0;-2882.458588149933;BNP PARIBAS;0.0;0.0;0.0;;CDSB100003629;CDS Index;439987.7580825;437105.2994943501;0.0025;2.637657224071477;0.0035;0.0
4313;981017;CDSB100003635;131996.32743375;2.620489807;0.0;0.0;-864.7375765039408;GOLDMAN SACHS BANK EUROPE SE;0.0;0.0;0.0;;CDSB100003635;CDS Index;131996.32743375;131131.58985724606;0.0025;2.637657224071477;0.0035;0.0
4314;981017;CDSB100003639;27294.508279575;2.500703107;0.0;0.0;-170.63865414692606;GOLDMAN SACHS BANK EUROPE SE;0.0;0.0;0.0;;CDSB100003639;CDS Index;27294.508279575;27123.869625428073;0.0025;2.5163368970733986;0.014;0.0
4315;981017;CDSB100003652;64824.457223000005;2.500703107;0.0;0.0;-405.26680396786173;MORGAN STANLEY EUROPE SE;0.0;0.0;0.0;;CDSB100003652;CDS Index;64824.457223000005;64419.190419032144;0.0025;2.5163368970733986;0.014;0.0
4316;981017;CDSB100003653;109116.96403774999;2.620489807;0.0;0.0;-714.8497300792735;JP MORGAN SE;0.0;0.0;0.0;;CDSB100003653;CDS Index;109116.96403774999;108402.11430767071;0.0025;2.637657224071477;0.0035;0.0
4317;981017;CDSB100003655;87997.55167800002;2.620489807;0.0;0.0;-576.491718032887;JP MORGAN SE;0.0;0.0;0.0;;CDSB100003655;CDS Index;87997.55167800002;87421.05995996713;0.0025;2.637657224071477;0.0035;0.0
4318;981017;CDSB100003662;1935946.1359075;2.620489807;0.0;0.0;-12682.8177901166;CITIBANK EUROPE PUBLIC LIMITED COMPANY;0.0;0.0;0.0;;CDSB100003662;CDS Index;1935946.1359075;1923263.3181173834;0.0025;2.637657224071477;0.0035;0.0
4319;981017;CDSB100003663;-2016449.7368125;2.611470043;0.0;0.0;13164.745202252698;CITIBANK EUROPE PUBLIC LIMITED COMPANY;0.0;0.0;0.0;;CDSB100003663;CDS Index;-2016449.7368125;-2003284.9916102474;0.0025;2.6285194824637164;0.004;0.0
4320;981017;CDSB100003667;-97574.1690925;2.500703107;0.0;0.0;610.0100695313953;DEUTSCHE BANK AKTIENGESELLSCHAFT;0.0;0.0;0.0;;CDSB100003667;CDS Index;-97574.1690925;-96964.15902296861;0.0025;2.5163368970733986;0.014;0.0
4321;981017;CH1142231682;4913258.122495499;0.578611646;0.578611646;442.882675;-18478.64440161994;;0.0;0.0;4932318.493;6.0;CH1142231682;Bond;4913258.122495499;4894779.478093879;0.0025;0.5771951165128621;0.004;0.5763451988205794
4322;981017;CH1174335732;20051547.53571;0.52223589;0.52223589;1570.74842;-68065.6455257273;;0.0;0.0;20121780.82;8.0;CH1174335732;Bond;20051547.53571;19983481.890184272;0.0025;0.5209593277908331;0.004;0.5201933904653329
4323;981017;CSH_AUD_DB;49783.91616;0.0;0.0;0.0;0.0;;0.0;497.8391616;49783.91616;;;Cash;49783.91616;49783.91616;0.0;0.0;0.0;0.0
4324;981017;CSH_CAD_DB;41586.38396;0.0;0.0;0.0;0.0;;0.0;415.8638396;41586.38396;;;Cash;41586.38396;41586.38396;0.0;0.0;0.0;0.0
4325;981017;CSH_CHF_DB;10846.23273;0.0;0.0;0.0;0.0;;0.0;108.4623273;10846.23273;;;Cash;10846.23273;10846.23273;0.0;0.0;0.0;0.0
4326;981017;CSH_CNH_DB;6131.519712;0.0;0.0;0.0;0.0;;0.0;61.31519712;6131.519712;;;Cash;6131.519712;6131.519712;0.0;0.0;0.0;0.0
4327;981017;CSH_EUR_DB;0.0;0.0;0.0;0.0;0.0;;0.0;0.0;-1603696.67;;;Cash;0.0;0.0;0.0;;0.0;
4328;981017;CSH_GBP_DB;-240762.6552825;0.0;0.0;0.0;6331.693761538467;;0.0;-2469.360567;-246936.0567;;;Cash;-240762.6552825;-234430.96152096154;0.0;0.0;0.0;0.0
4329;981017;CSH_HUF_DB;2492.80193;0.0;0.0;0.0;0.0;;0.0;24.9280193;2492.80193;;;Cash;2492.80193;2492.80193;0.0;0.0;0.0;0.0
4330;981017;CSH_JPY_DB;11356.621087500002;0.0;0.0;0.0;-298.66196153846175;;0.0;116.478165;11647.8165;;;Cash;11356.621087500002;11057.959125961539;0.0;0.0;0.0;0.0
4331;981017;CSH_MXN_DB;9045.034847;0.0;0.0;0.0;0.0;;0.0;90.45034847;9045.034847;;;Cash;9045.034847;9045.034847;0.0;0.0;0.0;0.0
4332;981017;CSH_NOK_DB;9805.159835;0.0;0.0;0.0;0.0;;0.0;98.05159835;9805.159835;;;Cash;9805.159835;9805.159835;0.0;0.0;0.0;0.0
4333;981017;CSH_NZD_DB;4419.165819;0.0;0.0;0.0;0.0;;0.0;44.19165819;4419.165819;;;Cash;4419.165819;4419.165819;0.0;0.0;0.0;0.0
4334;981017;CSH_PLN_DB;109.9470721;0.0;0.0;0.0;0.0;;0.0;1.099470721;109.9470721;;;Cash;109.9470721;109.9470721;0.0;0.0;0.0;0.0
4335;981017;CSH_SEK_DB;2171.114587;0.0;0.0;0.0;0.0;;0.0;21.71114587;2171.114587;;;Cash;2171.114587;2171.114587;0.0;0.0;0.0;0.0
4336;981017;CSH_USD_DB;456802.18545;0.0;0.0;0.0;-12013.206717948728;;0.0;4685.15062;468515.062;;;Cash;456802.18545;444788.97873205127;0.0;0.0;0.0;0.0
4337;981017;DE000A4DE9Y3;3755364.136415;4.395486904;4.395486904;9429.663353;-107293.25022886212;;0.0;0.0;3869983.356;7.0;DE000A4DE9Y3;Bond;3755364.136415;3648070.886186138;0.0025;4.381013039565137;0.004;4.372328720904219
4338;981017;DE000NRW0N26;1371525.14464;22.71608627;22.71608627;119728.1794;-124622.73402846587;;0.0;0.0;1510488.986;9.0;DE000NRW0N26;Bond;1371525.14464;1246902.4106115343;0.0025;21.82374645114086;0.0015;22.180682378684516
4339;981017;DUM25 Cmdty;0.0;0.0;0.0;-4996.746683;70922.05724000001;;0.0;0.0;-9198130.0;;;Bond Future;0.0;70922.05724000001;0.0025;0.0;0.0015;0.0
4340;981017;ES0813211028;6100706.16186;0.761901013;0.761901013;480.9021981;-55777.61045683772;;0.0;0.0;6157800.0;4.0;ES0813211028;Bond;6100706.16186;6044928.551403163;0.0025;0.7613815633706374;0.0095;0.7599271044084221
4341;981017;FR0011949403;2064241.2759904;0.173155294;0.173155294;40.50501268;-4289.2116603726345;;0.0;0.0;2068730.137;2.0;FR0011949403;Bond;2064241.2759904;2059952.0643300274;0.0025;0.17273969519304605;0.0095;0.17157601853357507
4342;981017;FR0012329845;2823609.993052;0.631959205;0.631959205;287.2419058;-21412.875917270372;;0.0;0.0;2845972.318;4.0;FR0012329845;Bond;2823609.993052;2802197.11713473;0.0025;0.6304144209656967;0.0095;0.6260890256696471
4343;981017;FR0012599645;31910242.60435585;0.230690404;0.508247245;3036.647617;-851813.457611142;;0.0;1.63e-08;31474575.04;;FR0012599645;Fund Unit;31910242.60435585;31058429.146744706;0.0;0.230690404;0.0;0.508247245
4344;981017;FR0013416146;3362404.571875;0.064978833;0.064978833;22.1722681;-3605.004565045985;;0.0;0.0;3366208.849;2.0;FR0013416146;Bond;3362404.571875;3358799.5673099537;0.0025;0.06482453436631128;0.014;0.06411476065134314
4345;981017;FR0013428414;4603562.033139;0.225163369;0.225163369;124.0325018;-17103.1333569041;;0.0;0.0;4621109.589;4.0;FR0013428414;Bond;4603562.033139;4586458.899782096;0.0025;0.22461654725400157;0.014;0.22210116722240872
4346;981017;FR0013510179;6490235.167754;0.787089062;0.787089062;896.4625942;-84288.486320724;;0.0;0.0;6575546.123;3.0;FR0013510179;Bond;6490235.167754;6405946.681433276;0.0025;0.7851847143636412;0.014;0.7764247152363912
4347;981017;FR00140009W6;1959446.211896;0.552870321;0.552870321;165.635845;-12999.835873838107;;0.0;0.0;1973068.493;5.0;FR00140009W6;Bond;1959446.211896;1946446.376022162;0.0025;0.5515211857729939;0.0095;0.547743607137377
4348;981017;FR0014000NZ4;5950910.969528;1.083835658;1.083835658;1361.569257;-106421.85685490367;;0.0;0.0;6059887.397;5.0;FR0014000NZ4;Bond;5950910.969528;5844489.112673096;0.0025;1.0810524038589;0.014;1.068249434809841
4349;981017;FR0014003G27;4863122.412950001;2.90970294;2.90970294;5707.797141;-91976.5702865133;;0.0;0.0;4956855.479;5.0;FR0014003G27;Bond;4863122.412950001;4771145.842663487;0.0025;2.9015266231581607;0.004;2.896620833053057
4350;981017;FR001400KWR6;6853361.141585001;3.33339314;3.33339314;10724.1348;-376941.62575248315;;0.0;0.0;7263115.616;5.0;FR001400KWR6;Bond;6853361.141585001;6476419.515832517;0.0025;3.3220519317617243;0.014;3.2698823738656566
4351;981017;FR001400Y969;4763376.74374;8.191878369;8.191878369;40824.50283;-234126.01746264816;;0.0;0.0;5015594.521;6.0;FR001400Y969;Bond;4763376.74374;4529250.726277351;0.0025;8.145383139151923;0.0035;8.126785047212692
4352;981017;FR0128910454;3492952.4024066;0.06227222;0.06227222;22.56402065;-1305.0834027131539;;0.0;0.0;3494273.525;8.0;FR0128910454;Bond;3492952.4024066;3491647.3190038865;0.0025;0.06212041780761123;0.0035;0.06205969693065572
4353;981017;FR0128957760;7992956.6462974;0.027070527;0.027070527;21.67575453;-1298.2412922205392;;0.0;0.0;7994270.773;8.0;FR0128957760;Bond;7992956.6462974;7991658.405005179;0.0025;0.02700456261140125;0.0035;0.026978176855961745
4354;981017;FR0129030898;4977861.2997848;0.094409582;0.094409582;50.1523989;-7754.303775349885;;0.0;0.0;4985749.712;8.0;FR0129030898;Bond;4977861.2997848;4970106.99600945;0.0025;0.09417998768148565;0.014;0.09312385381631963
4355;981017;FR0129061653;9869923.994491499;0.291912229;0.291912229;366.2401826;-47538.99996932786;;0.0;0.0;9918347.268;8.0;FR0129061653;Bond;9869923.994491499;9822384.994522171;0.0025;0.2911975936929696;0.014;0.2879102712806298
4356;981017;FR0129084481;9947684.390692001;0.162462106;0.162462106;183.9724373;-9696.730535610895;;0.0;0.0;9957505.492;8.0;FR0129084481;Bond;9947684.390692001;9937987.66015639;0.0025;0.1620657409347658;0.0035;0.16190719490867211
4357;981017;FR0129107795;3988045.8151113503;0.064786197;0.064786197;26.81121991;-4263.110310076688;;0.0;0.0;3992377.271;8.0;FR0129107795;Bond;3988045.8151113503;3983782.7048012735;0.0025;0.06462861771168106;0.014;0.06390375298541393
4358;981017;FR0129109759;10969727.402290601;0.081101197;0.081101197;93.84430122;-5337.948138536809;;0.0;0.0;10975139.8;8.0;FR0129109759;Bond;10969727.402290601;10964389.454152064;0.0025;0.08090376942276005;0.0035;0.08082479839186406
4359;981017;FXW1023898;30634.708400000047;0.076712328;0.0;-0.0012642479999999956;40285.519384615414;BNP PARIBAS;0.0;-15711.35256;-8643.672999999952;;;Currency Forward;30634.708400000047;70920.22778461546;0.0;0.076712328;0.0;0.0
4360;981017;FXW1023970;-16340.02863250002;0.076712328;0.0;0.0009909190000000068;-23697.364341025663;MORGAN STANLEY EUROPE SE;0.0;9241.972093;6764.901599999983;;;Currency Forward;-16340.02863250002;-40037.39297352568;0.0;0.076712328;0.0;0.0
4361;981017;FXW1023996;291696.41474999895;0.076712328;0.0;-0.02837851800000024;497644.6510256415;MORGAN STANLEY EUROPE SE;0.0;-194081.4139;-193507.12000000104;;;Currency Forward;291696.41474999895;789341.0657756404;0.0;0.076712328;0.0;0.0
4362;981017;FXW1023998;282185.3067499984;0.997260075;0.0;-4.704628200000002;483494.6838461543;NATIXIS;0.0;-188562.9267;-189222.01000000164;;;Currency Forward;282185.3067499984;765679.9905961527;0.0;0.997260075;0.0;0.0
4363;981017;FXW1023999;-271964.7447500009;0.076712328;0.0;0.03128173099999998;-497644.6510256415;MORGAN STANLEY EUROPE SE;0.0;194081.4139;213238.7899999991;;;Currency Forward;-271964.7447500009;-769609.3957756424;0.0;0.076712328;0.0;0.0
4364;981017;FXW1024000;194978.53424999997;0.23561643;0.0;-0.22675629999999813;368151.5735897438;MORGAN STANLEY EUROPE SE;0.0;-143579.1137;-163969.25;;;Currency Forward;194978.53424999997;563130.1078397438;0.0;0.23561643;0.0;0.0
4365;981017;IKM25 Cmdty;0.0;0.0;0.0;12231.36646;-85330.96085999999;;0.0;0.0;1880320.0;;;Bond Future;0.0;-85330.96085999999;0.0025;0.0;0.0035;0.0
4366;981017;INFS10000297;1417.7016374999803;8.961643836;0.0;-13.73585216;-91761.61992285248;JP MORGAN SE;0.0;0.0;-5308160.0;;;Index Linked Swap;1417.7016374999803;-90343.9182853525;0.0025;9.404641919255571;0.0;0.0
4367;981017;INFS10000298;6426.317365000024;18.96986301;0.0;492.5995262;370778.0232998179;JP MORGAN SE;0.0;0.0;10705420.0;;;Index Linked Swap;6426.317365000024;377204.34066481795;0.0025;17.9531655132329;0.0;0.0
4368;981017;INFS10000299;6926.155135000008;28.97534247;0.0;-1474.412537;-267122.77689259243;JP MORGAN SE;0.0;0.0;-4952420.0;;;Index Linked Swap;6926.155135000008;-260196.62175759242;0.0025;36.39616986266739;0.0;0.0
4369;981017;INFS10000325;22273.336019999988;8.961643836;0.0;-34.45270119;-190589.070581127;CITIBANK EUROPE PUBLIC LIMITED COMPANY;0.0;0.0;-11000000.0;;;Index Linked Swap;22273.336019999988;-168315.734561127;0.0025;9.201091828984334;0.0;0.0
4370;981017;INFS10000327;107550.83370000008;28.97534247;0.0;-3800.92634;-492319.4839984788;CITIBANK EUROPE PUBLIC LIMITED COMPANY;0.0;0.0;-9000000.0;;;Index Linked Swap;107550.83370000008;-384768.6502984787;0.0025;31.957787215410807;0.0;0.0
4371;981017;INFS10000328;-112970.29244999983;18.96986301;0.0;1288.901469;698619.1014299404;CITIBANK EUROPE PUBLIC LIMITED COMPANY;0.0;0.0;20000000.0;;;Index Linked Swap;-112970.29244999983;585648.8089799406;0.0025;20.15473244543746;0.0;0.0
4372;981017;INFS10000342;104734.17940000002;19.1369863;0.0;-1003.518784;-485790.8429907989;JP MORGAN SE;0.0;0.0;-13800000.0;;;Index Linked Swap;104734.17940000002;-381056.66359079885;0.0025;20.292086379473776;0.0;0.0
4373;981017;INFS10000344;94878.81782499998;19.1369863;0.0;-970.0206906;-485319.33819219307;CITIBANK EUROPE PUBLIC LIMITED COMPANY;0.0;0.0;-13800000.0;;;Index Linked Swap;94878.81782499998;-390440.5203671931;0.0025;20.308141551398784;0.0;0.0
4374;981017;INFS10000351;-103831.81473499996;19.1369863;0.0;810.9675675;341513.6412402196;GOLDMAN SACHS INTERNATIONAL  PARIS BRANCH;0.0;0.0;9660000.0;;;Index Linked Swap;-103831.81473499996;237681.82650521962;0.0025;20.24780680608323;0.0;0.0
4375;981017;INFS10000352;-43058.585177499976;19.1369863;0.0;352.5962105;154307.06106659802;CREDIT AGRICOLE CORPORATE AND INVESTMENT BANK;0.0;0.0;4370000.0;;;Index Linked Swap;-43058.585177499976;111248.47588909804;0.0025;20.257265790003693;0.0;0.0
4376;981017;INFS10000354;-121476.53730000003;19.1369863;0.0;1051.18424;478578.83707520383;GOLDMAN SACHS INTERNATIONAL  PARIS BRANCH;0.0;0.0;13570000.0;;;Index Linked Swap;-121476.53730000003;357102.2997752038;0.0025;20.26888174123907;0.0;0.0
4377;981017;IRSB100002012;111085.46587625006;6.217072936;0.0;-2504.0994459500002;-3656.755054352733;BNP PARIBAS;0.0;1089.4540799999995;0.0;;;Swap;111085.46587625006;107428.71082189733;0.00125;6.547164154490703;0.0;0.0
4378;981017;IRSB100007718;207333.86476600013;30.003659953;0.0;-156412.7069816;-15551.93693795089;JP MORGAN SE;0.0;0.0;0.0;;;Swap;207333.86476600013;191781.92782804923;0.0025;51.1142137304866;0.0;0.0
4379;981017;IRSB100008421;-14729.103958674747;0.23562649;0.0;-28.124167607;8.676417666569089;BNP PARIBAS;0.0;0.0;0.0;;;Swap;-14729.103958674747;-14720.427541008177;0.0025;0.18802958265917283;0.0;0.0
4380;981017;IRSB100008428;-12231.589009974865;0.235626491;0.0;-23.040423442999998;7.205215994436354;NATIXIS;0.0;0.0;0.0;;;Swap;-12231.589009974865;-12224.383793980429;0.0025;0.188673241847745;0.0;0.0
4381;981017;IRSB100008429;-12653.97271972465;0.065757813;0.0;-2.5526241339999998;2.0802439295268873;CITIBANK EUROPE PUBLIC LIMITED COMPANY;0.0;0.0;0.0;;;Swap;-12653.97271972465;-12651.892475795123;0.0025;0.06072549528688947;0.0;0.0
4382;981017;OEM25 Cmdty;0.0;0.0;0.0;-45876.7002;323021.6952;;0.0;0.0;-16726180.0;;;Bond Future;0.0;323021.6952;0.0025;0.0;0.0015;0.0
4383;981017;RXM25 Cmdty;0.0;0.0;0.0;-367657.41;1615275.5256;;0.0;0.0;-49599550.0;;;Bond Future;0.0;1615275.5256;0.0025;0.0;0.0015;0.0
4384;981017;TRS100000144;945145.11511578;0.059604173;0.059604173;5.836124074;-929.520783699187;BNP PARIBAS;0.0;0.0;946086.0171;;TRS100000144;Bond;945145.11511578;944215.5943320808;0.0025;0.059458683532202516;0.014;0.05878943198033407
4385;981017;TRS100000147;974272.7121958;0.006278932;0.181715178;-2.968332279;-2493.8554307141685;BNP PARIBAS;0.0;0.0;976798.2831;;TRS100000147;Bond;974272.7121958;971778.8567650858;0.0025;0.006355198462939533;0.014;0.18260400392546056
4386;981017;TRS100000148;4988177.390998075;0.006994532;0.219742317;-22.49214444;-15432.816121026577;BNP PARIBAS;0.0;0.0;5003810.976;;TRS100000148;Bond;4988177.390998075;4972744.574877048;0.0025;0.007107381576978102;0.014;0.22104960330471418
4387;981017;US91282CCM10;879351.3851475001;6.265287372;6.265287372;3570.106008;-27189.717425440278;;0.0;9064.265526;906426.5526;10.0;US91282CCM10;Bond;879351.3851475001;852161.6677220598;0.00125;6.2636055159707205;0.0015;6.263269144764865
4388;981017;USF43628B413;18113298.873786;0.481104566;0.481104566;865.0635804;-530104.89783793;;0.0;186349.2357;18634923.57;4.0;USF43628B413;Bond;18113298.873786;17583193.97594807;0.00125;0.4807969120329892;0.00475;0.4799354809253589
4389;981017;VGM25 Index;0.0;0.0;0.0;0.0;1288303.4482758616;;-93402.0;0.0;-9340200.0;;;Equity Index Future;0.0;1288303.4482758616;0.0;0.0;0.0;0.0
4390;981017;XS0207764712;19513797.8860325;0.229135179;2.123445354;190.3955443;-404824.8367988766;;0.0;0.0;19932981.91;2.0;XS0207764712;Bond;19513797.8860325;19108973.049233623;0.0025;0.22902251207084703;0.0095;2.165354133460322
4391;981017;XS1684385161;5530877.4156145;0.459402989;0.459402989;242.9021241;-41924.876672677296;;0.0;0.0;5573203.222;2.0;XS1684385161;Bond;5530877.4156145;5488952.538941822;0.0025;0.4588326801010669;0.014;0.456209259165975
4392;981017;XS1739839998;10149743.307316;0.171113159;0.171113159;114.4700335;-20841.05568424738;;0.0;0.0;10171144.51;3.0;XS1739839998;Bond;10149743.307316;10128902.251631752;0.0025;0.17090440525706782;0.0095;0.1703198947768578
4393;981017;XS1808351214;3060934.438472;0.045018366;0.045018366;13.94731663;-1653.5792022376436;;0.0;0.0;3062646.164;5.0;XS1808351214;Bond;3060934.438472;3059280.8592697624;0.0025;0.04490951875403026;0.0095;0.044604746465314996
4394;981017;XS2010031057;10266717.156084;0.225653613;0.225653613;166.0043816;-27800.661839033273;;0.0;0.0;10295148.69;2.0;XS2010031057;Bond;10266717.156084;10238916.494244967;0.0025;0.2253766824218684;0.0095;0.22460127680309988
4395;981017;XS2076169668;13959985.400832001;0.1158917;0.1158917;99.80135626;-377099.9350507223;;0.0;143283.214;14328321.4;3.0;XS2076169668;Bond;13959985.400832001;13582885.465781279;0.00125;0.11581912483560619;0.00475;0.11561591437530352
4396;981017;XS2110110686;10893097.27369065;0.073921165;0.073921165;83.58723047;-5233.997866041988;;0.0;0.0;10898531.61;3.0;XS2110110686;Bond;10893097.27369065;10887863.275824608;0.0025;0.07374299053021717;0.004;0.07363608584834748
4397;981017;XS2119468572;11985488.1806655;0.370366224;0.370366224;596.8141448;-73243.83000445024;;0.0;0.0;12061824.66;2.0;XS2119468572;Bond;11985488.1806655;11912244.35066105;0.0025;0.3694642836061129;0.014;0.3653153577942321
4398;981017;XS2131567138;9940675.839152;0.464758058;0.464758058;443.0289025;-55440.11037854164;;0.0;0.0;9998199.728;4.0;XS2131567138;Bond;9940675.839152;9885235.72877346;0.0025;0.4641838760834383;0.0095;0.4625761667170657
4399;981017;XS2182055009;6350877.5172965005;0.412061551;0.412061551;361.1430503;-17010.190859923467;;0.0;0.0;6368569.928;3.0;XS2182055009;Bond;6350877.5172965005;6333867.326436577;0.0025;0.4110644112288478;0.004;0.4104661273661564
4400;981017;XS2187689034;18221971.691992;0.204226218;0.204226218;432.1999323;-22328.426178951522;;0.0;0.0;18245365.75;4.0;XS2187689034;Bond;18221971.691992;18199643.26581305;0.0025;0.20373752349365454;0.0035;0.20354204569111636
4401;981017;XS2189784288;8475442.33704;0.473589099;0.473589099;586.3370056;-48166.525200302734;;0.0;0.0;8526318.855;4.0;XS2189784288;Bond;8475442.33704;8427275.811839696;0.0025;0.47242029816957454;0.0095;0.4691476558443831
4402;981017;XS2229875989;15162979.635699;0.446918727;0.446918727;968.2119439;-111814.22267917311;;0.0;0.0;15279016.44;5.0;XS2229875989;Bond;15162979.635699;15051165.413019827;0.0025;0.4458217260454738;0.014;0.4407755216546535
4403;981017;XS2234516164;2696098.17366;3.556972705;3.556972705;2926.339353;-158234.13562619797;;0.0;0.0;2864238.75;4.0;XS2234516164;Bond;2696098.17366;2537864.038033802;0.0025;3.5614678940306743;0.014;3.582145763571775
4404;981017;XS2244936659;2729006.5611385;3.354530475;3.354530475;-3364.018482;-151049.83865093178;;0.0;0.0;2888723.425;6.0;XS2244936659;Bond;2729006.5611385;2577956.7224875684;0.0025;3.413479906127556;0.014;3.684647289314313
4405;981017;XS2278566299;686036.0358020001;4.430491754;4.430491754;1722.354304;-18236.86199740566;;0.0;0.0;704752.1918;7.0;XS2278566299;Bond;686036.0358020001;667799.1738045944;0.0025;4.416800180012379;0.0035;4.41132355041733
4406;981017;XS2322423539;995815.799202;3.519995982;3.519995982;1646.4716;-21031.60567201896;;0.0;0.0;1017546.438;5.0;XS2322423539;Bond;995815.799202;974784.1935299811;0.0025;3.5096371684191636;0.0035;3.505493642986829
4407;981017;XS2597110027;5019436.7356199995;4.263430517;4.263430517;11943.47833;-128400.11854075897;;0.0;0.0;5153938.356;8.0;XS2597110027;Bond;5019436.7356199995;4891036.61707924;0.0025;4.2493864680908935;0.0035;4.2437688485272504
4408;981017;XS2641927574;4497142.3968;2.816130577;2.816130577;5173.825386;-82319.51138288504;;0.0;0.0;4583931.507;6.0;XS2641927574;Bond;4497142.3968;4414822.885417115;0.0025;2.807195316836423;0.004;2.801834160738277
4409;981017;XS2904849879;3937927.5591200003;3.901843689;3.901843689;8233.939317;-184382.13353149858;;0.0;0.0;4140630.137;6.0;XS2904849879;Bond;3937927.5591200003;3753545.4255885016;0.0025;3.8876313458151097;0.0095;3.8478367848974164
4410;981017;XS2919680236;4715302.55392;8.317427464;8.317427464;42707.20856;-235315.1217782613;;0.0;0.0;4970542.192;7.0;XS2919680236;Bond;4715302.55392;4479987.432141739;0.0025;8.263947681056923;0.0035;8.242555767879692
4411;981017;XS2977890313;4097591.528365;4.201259406;4.201259406;10026.1413;-284048.2416830746;;0.0;0.0;4417953.205;6.0;XS2977890313;Bond;4097591.528365;3813543.2866819254;0.0025;4.184214915789314;0.014;4.105810260820156
4412;981017;XS2987792269;5653402.38528;4.241425343;4.241425343;13754.94919;-287741.8098132389;;0.0;0.0;5971417.809;6.0;XS2987792269;Bond;5653402.38528;5365660.575466761;0.0025;4.225573587237788;0.0095;4.181188671103594
4413;981017;XS3003295519;5428989.4636;8.10557175;8.10557175;45621.13061;-264030.3817632229;;0.0;0.0;5713463.014;7.0;XS3003295519;Bond;5428989.4636;5164959.081836778;0.0025;8.059741349069183;0.0035;8.041409188696857
4414;981017;XS3004055177;5879413.79351;5.992006397;5.992006397;26942.78654;-228991.65289859273;;0.0;0.0;6127008.904;5.0;XS3004055177;Bond;5879413.79351;5650422.140611407;0.0025;5.967202663329335;0.004;5.9523204231269355
4415;981017;XS3011736108;3289747.07692;6.663852872;6.663852872;18587.18614;-131534.34304012166;;0.0;0.0;3430099.726;6.0;XS3011736108;Bond;3289747.07692;3158212.733879878;0.0025;6.633619334640833;0.0035;6.621525919697166
4416;981017;XS3025207807;1500317.8199160001;5.81617322;5.81617322;6742.871604;-104713.29990821065;;0.0;0.0;1617740.925;6.0;XS3025207807;Bond;1500317.8199160001;1395604.5200077894;0.0025;5.788385510189504;0.0095;5.710579922720116
4417;981017;XS3032018239;8463878.25616;3.670648785;3.670648785;15080.90451;-186407.54662416974;;0.0;0.0;8660665.342;6.0;XS3032018239;Bond;8463878.25616;8277470.709535831;0.0025;3.6597880409950974;0.0035;3.655443743393136
4418;981017;XS3037678862;3471413.01284;9.354587754;9.354587754;39972.91866;-194841.82595393586;;0.0;0.0;3684275.0;6.0;XS3037678862;Bond;3471413.01284;3276571.1868860642;0.0025;9.285486430509767;0.0035;9.257845901113674
4419;981017;XS3037682112;12154407.5976;8.01338761;8.01338761;100776.9359;-584387.8754969863;;0.0;0.0;12786432.0;5.0;XS3037682112;Bond;12154407.5976;11570019.722103015;0.0025;7.966638807761396;0.0035;7.947939286865954
4420;981017;XS3038544790;3349694.0612;6.736100482;6.736100482;19315.29755;-135383.25468121114;;0.0;0.0;3494074.076;6.0;XS3038544790;Bond;3349694.0612;3214310.806518789;0.0025;6.705380929535522;0.0035;6.69309310854973
