;Portfolio;Identifier;TV;Duration_t;SpreadDuration_t;DollarRateConvexity1pc;TotalEffect;Counterparty;EquityDelta_t;FXDelta_t;NetExposure;LiquidityScore;ISIN;AssetClass;TV_before_stress;TV_after_stress;shock_rates_dec;Duration_next;shock_spreads_dec;SpreadDuration_next
0;300128;AT0000A04967;1784910.874;9.449735924;9.449735924;19668.50148;-69382.39176;;0.0;0.0;1784910.874;10.0;AT0000A04967;Bond;1784910.874;1715528.48224;0.0025;9.397496733169001;0.0015;9.4183924095014
1;300128;AT0000A0U299;1040623.858;19.9332251;19.9332251;59843.2381;-85212.4074;;0.0;0.0;1040623.858;9.0;AT0000A0U299;Bond;1040623.858;955411.4506;0.0025;19.48888178969664;0.0015;19.666619113817987
2;300128;AT0000A0VRQ6;1074380.548;13.73366337;13.73366337;26050.06297;-60514.70188000001;;0.0;0.0;1074380.548;10.0;AT0000A0VRQ6;Bond;1074380.548;1013865.8461199999;0.0025;13.599032433024473;0.0015;13.652884807814683
3;300128;AT0000A1PEF7;312313.9726;30.0887093;30.0887093;43850.69797;-39198.518560000004;;0.0;0.0;312313.9726;9.0;AT0000A1PEF7;Bond;312313.9726;273115.45404;0.0025;28.84188998444772;0.0015;29.340617710668635
4;300128;AT0000A269M8;1860268.493;3.770954672;3.770954672;3343.031521;-28757.581767999996;;0.0;0.0;1860268.493;10.0;AT0000A269M8;Bond;1860268.493;1831510.911232;0.0025;3.761578185699799;0.0015;3.765328780219879
5;300128;AT0000A2CQD2;2429721.5;4.771944434;4.771944434;6663.558489;-47582.600759999994;;0.0;0.0;2429721.5;10.0;AT0000A2CQD2;Bond;2429721.5;2382138.89924;0.0025;4.760310081776325;0.0015;4.764963822665795
6;300128;AT0000A2EJ08;668352.526;21.81019763;21.81019763;36332.60901;-60114.02644;;0.0;0.0;668352.526;10.0;AT0000A2EJ08;Bond;668352.526;608238.4995599999;0.0025;21.640373309370766;0.0015;21.70830303762246
7;300128;AT0000A2HLC4;86098.9589;40.51501812;40.51501812;23837.36018;-14730.976088;;0.0;0.0;86098.9589;9.0;AT0000A2HLC4;Bond;86098.9589;71367.982812;0.0025;37.69718415078606;0.0015;38.824317738471635
8;300128;AT0000A2L583;1978997.253;2.32194473;2.32194473;1339.909592;-56690.602308;;0.0;0.0;1978997.253;5.0;AT0000A2L583;Bond;1978997.253;1922306.650692;0.0025;2.3184966756360077;0.0095;2.30884212341683
9;300128;AT0000A2NW83;230715.0;5.737991191;5.737991191;888.5171551;-5441.081424;;0.0;0.0;230715.0;10.0;AT0000A2NW83;Bond;230715.0;225273.918576;0.0025;5.724023897651255;0.0015;5.729610814990753
10;300128;AT0000A324S8;2220884.959;6.941810178;6.941810178;12879.40341;-63457.577840000005;;0.0;0.0;2220884.959;10.0;AT0000A324S8;Bond;2220884.959;2157427.38116;0.0025;6.917301466295293;0.0015;6.927104950977176
11;300128;BE0000320292;2052875.334;11.64055724;11.64055724;35268.62212;-97889.6562;;0.0;0.0;2052875.334;10.0;BE0000320292;Bond;2052875.334;1954985.6778;0.0025;11.549810945701575;0.0015;11.586109463420945
12;300128;BE0000333428;2140433.251;7.759112333;7.759112333;15790.42644;-68397.02232;;0.0;0.0;2140433.251;10.0;BE0000333428;Bond;2140433.251;2072036.2286800002;0.0025;7.725191633487747;0.0015;7.738759913292649
13;300128;BE0000336454;2113948.63;11.06109484;11.06109484;30771.59639;-96416.7358;;0.0;0.0;2113948.63;10.0;BE0000336454;Bond;2113948.63;2017531.8942;0.0025;11.003053032929532;0.0015;11.02626975575772
14;300128;BE0000338476;2040784.932;16.95792156;16.95792156;71959.02111;-142221.84243999998;;0.0;0.0;2040784.932;10.0;BE0000338476;Bond;2040784.932;1898563.08956;0.0025;16.795337749915728;0.0015;16.860371273949436
15;300128;BE0000343526;703283.0553;19.79026127;19.79026127;38051.1605;-57065.83088;;0.0;0.0;703283.0553;10.0;BE0000343526;Bond;703283.0553;646217.22442;0.0025;19.41677127822122;0.0015;19.56616727493273
16;300128;BE0000346552;2222616.439;7.367802949;7.367802949;14180.96909;-67452.03784;;0.0;0.0;2222616.439;10.0;BE0000346552;Bond;2222616.439;2155164.40116;0.0025;7.344006643734244;0.0015;7.353525165840546
17;300128;BE0000353624;321879.9958;32.21637608;32.21637608;42847.50699;-42974.84475999999;;0.0;0.0;321879.9958;10.0;BE0000353624;Bond;321879.9958;278905.15103999997;0.0025;31.483203243624637;0.0015;31.776472378174784
18;300128;BE0000358672;229828.8236;17.29964049;17.29964049;9686.13191;-16233.886668;;0.0;0.0;229828.8236;10.0;BE0000358672;Bond;229828.8236;213594.936932;0.0025;16.994209812653487;0.0015;17.116382083592093
19;300128;BE0002592708;2432274.725;0.541534855;0.541534855;136.7154976;-16247.031203999999;;0.0;0.0;2432274.725;4.0;BE0002592708;Bond;2432274.725;2416027.693796;0.0025;0.5408627823868403;0.0095;0.5389809790699929
20;300128;BE0002963446;3408968.767;3.959401871;3.959401871;6969.886855;-90447.738485;;0.0;0.0;3408968.767;7.0;BE0002963446;Bond;3408968.767;3318521.028515;0.0025;3.94747969399475;0.004;3.9403263877916004
21;300128;BE6321529396;1620087.781;4.78335446;4.78335446;4533.539149;-46435.105811999994;;0.0;0.0;1620087.781;7.0;BE6321529396;Bond;1620087.781;1573652.6751879998;0.0025;4.770597426563687;0.0035;4.765494613189162
22;300128;BE6350792089;2508413.918;5.394732703;5.394732703;9228.68555;-83039.44518000001;;0.0;0.0;2508413.918;7.0;BE6350792089;Bond;2508413.918;2425374.4728200003;0.0025;5.3755132556251155;0.0035;5.367825476675162
23;300128;CDSB100003448;0.0;4.0;0.0;0.0;-1687590.25;;0.0;0.0;0.0;;CDSB100003448;CDS;0.0;-1687590.25;0.0025;;0.014;
24;300128;CDSO100000058;327605.3933;1.515938655;-316.7005378;0.0;1451297.684602;MORGAN STANLEY EUROPE SE;0.0;0.0;327605.3933;;;CDS Index Option;327605.3933;1778903.077902;0.0025;1.521683830014308;0.014;1087.4886911993294
25;300128;CDSO100000059;-126674.4359;1.403379678;-350.7363444;0.0;-621566.169437;MORGAN STANLEY EUROPE SE;0.0;0.0;-126674.4359;;;CDS Index Option;-126674.4359;-748240.605337;0.0025;1.4083033643015586;0.014;1371.487421563056
26;300128;CSH_CAD_DB;32257.30655;0.0;0.0;0.0;0.0;;0.0;322.5730655;32257.30655;;;Cash;32257.30655;32257.30655;0.0;0.0;0.0;0.0
27;300128;CSH_DKK_DB;745.595136;0.0;0.0;0.0;0.0;;0.0;7.45595136;745.595136;;;Cash;745.595136;745.595136;0.0;0.0;0.0;0.0
28;300128;CSH_EUR_DB;0.0;0.0;0.0;0.0;0.0;;0.0;0.0;2702894.42;;;Cash;0.0;0.0;0.0;;0.0;
29;300128;CSH_GBP_DB;327954.1233;0.0;0.0;0.0;-8198.8530825;;0.0;3279.541233;327954.1233;;;Cash;327954.1233;319755.2702175;0.0;0.0;0.0;0.0
30;300128;CSH_JPY_DB;101.1309706;0.0;0.0;0.0;-2.5282742650000003;;0.0;1.011309706;101.1309706;;;Cash;101.1309706;98.60269633499999;0.0;0.0;0.0;0.0
31;300128;CSH_SEK_DB;9421.103676;0.0;0.0;0.0;0.0;;0.0;94.21103676;9421.103676;;;Cash;9421.103676;9421.103676;0.0;0.0;0.0;0.0
32;300128;CSH_USD_DB;1668198.685;0.0;0.0;0.0;-41704.96712500001;;0.0;16681.98685;1668198.685;;;Cash;1668198.685;1626493.717875;0.0;0.0;0.0;0.0
33;300128;DE0001030708;11083427.99;5.255071777;5.255071777;36301.85299;-238430.3468;;0.0;0.0;11083427.99;10.0;DE0001030708;Bond;11083427.99;10844997.6432;0.0025;5.242228045848037;0.0015;5.247365538308823
34;300128;DE0001102341;3719305.753;15.8103206;15.8103206;116449.0169;-240946.33711999998;;0.0;0.0;3719305.753;10.0;DE0001102341;Bond;3719305.753;3478359.41588;0.0025;15.65250263644935;0.0015;15.71562982186961
35;300128;DE0001102416;13511426.43;1.840183463;1.840183463;7016.319688;-101439.65948;;0.0;0.0;13511426.43;10.0;DE0001102416;Bond;13511426.43;13409986.77052;0.0025;1.8356669544962618;0.0015;1.837473557897757
36;300128;DE0001102432;7096182.192;18.89091353;18.89091353;299232.0984;-550727.9648;;0.0;0.0;7096182.192;10.0;DE0001102432;Bond;7096182.192;6545454.2272;0.0025;18.72887905132391;0.0015;18.793692842794346
37;300128;DE0001102465;8054856.176;3.783089855;3.783089855;14539.51188;-124577.98656000002;;0.0;0.0;8054856.176;10.0;DE0001102465;Bond;8054856.176;7930278.18944;0.0025;3.773742736186526;0.0015;3.7774815837119156
38;300128;DE0001102481;1218568.0;24.62871896;24.62871896;76828.01795;-123766.44628;;0.0;0.0;1218568.0;10.0;DE0001102481;Bond;1218568.0;1094801.55372;0.0025;24.56895873305089;0.0015;24.592862823830536
39;300128;DE0001102507;21270850.14;5.254762596;5.254762596;69660.79594;-457585.5216;;0.0;0.0;21270850.14;10.0;DE0001102507;Bond;21270850.14;20813264.6184;0.0025;5.241920376209299;0.0015;5.247057264125579
40;300128;DE0001102515;4108707.837;9.850576783;9.850576783;43806.66387;-166464.57944000003;;0.0;0.0;4108707.837;10.0;DE0001102515;Bond;4108707.837;3942243.25756;0.0025;9.826613747008283;0.0015;9.83619896140497
41;300128;DE0001102531;9691990.308;5.744383029;5.744383029;37421.11757;-228253.01012;;0.0;0.0;9691990.308;10.0;DE0001102531;Bond;9691990.308;9463737.29788;0.0025;5.730351985232163;0.0015;5.735964402739298
42;300128;DE0001102572;5564159.567;26.57008174;26.57008174;407161.7081;-609709.9343999999;;0.0;0.0;5564159.567;10.0;DE0001102572;Bond;5564159.567;4954449.6326;0.0025;26.50561038628682;0.0015;26.53139892777209
43;300128;DE0001102580;8523588.276;6.712951395;6.712951395;43993.81696;-234737.28588;;0.0;0.0;8523588.276;10.0;DE0001102580;Bond;8523588.276;8288850.99012;0.0025;6.6965751920610455;0.0015;6.703125673236627
44;300128;DE0001102622;11006651.23;4.326985819;4.326985819;25865.33343;-194910.74132000003;;0.0;0.0;11006651.23;10.0;DE0001102622;Bond;11006651.23;10811740.488680001;0.0025;4.315043509196952;0.0015;4.3198204331181715
45;300128;DE0001135085;13407443.84;2.947774176;2.947774176;16194.59444;-161571.3838;;0.0;0.0;13407443.84;10.0;DE0001135085;Bond;13407443.84;13245872.4562;0.0025;2.939300586645282;0.0015;2.9426900223871693
46;300128;DE0001135226;6780501.515;7.417513387;7.417513387;47302.27296;-206172.0256;;0.0;0.0;6780501.515;10.0;DE0001135226;Bond;6780501.515;6574329.489399999;0.0025;7.380656639230749;0.0015;7.39539933833845
47;300128;DE0001135275;5613673.288;9.395062107;9.395062107;61105.73127;-216364.28332;;0.0;0.0;5613673.288;10.0;DE0001135275;Bond;5613673.288;5397309.004679999;0.0025;9.343601089914559;0.0015;9.364185496748735
48;300128;DE0001135325;7129657.491;10.62093499;10.62093499;102693.1978;-310191.47740000003;;0.0;0.0;7129657.491;10.0;DE0001135325;Bond;7129657.491;6819466.0136;0.0025;10.5428540160841;0.0015;10.57408640565046
49;300128;DE0001141869;14383797.92;2.454125032;2.454125032;12210.54302;-144050.54252;;0.0;0.0;14383797.92;10.0;DE0001141869;Bond;14383797.92;14239747.37748;0.0025;2.4479591181261813;0.0015;2.4504254836757084
50;300128;DE000A4DE982;2160170.356;4.767222132;4.767222132;6387.203103;-132414.56316;;0.0;0.0;2160170.356;5.0;DE000A4DE982;Bond;2160170.356;2027755.7928400002;0.0025;4.750118017270587;0.0095;4.702226496028234
51;300128;DE000BU2F009;3799184.663;12.56044035;12.56044035;74030.52366;-195734.79308000003;;0.0;0.0;3799184.663;10.0;DE000BU2F009;Bond;3799184.663;3603449.86992;0.0025;12.467704562139986;0.0015;12.504798877283992
52;300128;DE000BU3Z005;6392246.918;7.087781504;7.087781504;38182.52982;-185865.82888;;0.0;0.0;6392246.918;10.0;DE000BU3Z005;Bond;6392246.918;6206381.08912;0.0025;7.064041710595;0.0015;7.073537627957
53;300128;DE000CZ439B6;1591294.521;2.755198333;2.755198333;1665.842271;-29457.508301;;0.0;0.0;1591294.521;6.0;DE000CZ439B6;Bond;1591294.521;1561837.0126989998;0.0025;2.748004946734956;0.004;2.74368891497593
54;300128;DE000CZ45YV9;4866069.671;5.311327174;5.311327174;17447.14492;-174996.755635;;0.0;0.0;4866069.671;7.0;DE000CZ45YV9;Bond;4866069.671;4691072.915365;0.0025;5.292215924651502;0.004;5.280749175042402
55;300128;DE000DL19VZ9;2747356.164;2.216843874;2.216843874;2003.538841;-78619.93914;;0.0;0.0;2747356.164;6.0;DE000DL19VZ9;Bond;2747356.164;2668736.22486;0.0025;2.2108983487528175;0.0095;2.1942508780607066
56;300128;DE000HCB0B44;4019875.288;2.961459964;2.961459964;4868.94069;-80234.757785;;0.0;0.0;4019875.288;6.0;DE000HCB0B44;Bond;4019875.288;3939640.5302150003;0.0025;2.953105155506907;0.004;2.9480922704110517
57;300128;DUM25 Cmdty;0.0;0.0;0.0;6507.391029;-92363.6094;;0.0;0.0;11978960.0;;;Bond Future;0.0;-92363.6094;0.0025;0.0;0.0015;0.0
58;300128;ES0000011868;4765925.343;3.449348628;3.449348628;7558.115373;-67391.86536;;0.0;0.0;4765925.343;10.0;ES0000011868;Bond;4765925.343;4698533.47764;0.0025;3.439447011709588;0.0015;3.4434076582257527
59;300128;ES00000124H4;2636907.872;12.61380344;12.61380344;56681.99045;-135728.15492;;0.0;0.0;2636907.872;10.0;ES00000124H4;Bond;2636907.872;2501179.71708;0.0025;12.474182835302289;0.0015;12.530031077181373
60;300128;ES00000128C6;2260515.423;15.02568361;15.02568361;65912.41636;-138937.72859999997;;0.0;0.0;2260515.423;10.0;ES00000128C6;Bond;2260515.423;2121577.6944;0.0025;14.86115812736937;0.0015;14.926968320421622
61;300128;ES00000128E2;705593.7229;19.77205432;19.77205432;42886.26115;-56201.90812;;0.0;0.0;705593.7229;10.0;ES00000128E2;Bond;705593.7229;649391.81478;0.0025;19.2298799181317;0.0015;19.44674967887902
62;300128;ES00000128Q6;6705437.894;7.29191605;7.29191605;42951.2916;-201520.05088000002;;0.0;0.0;6705437.894;10.0;ES00000128Q6;Bond;6705437.894;6503917.84312;0.0025;7.264710106338927;0.0015;7.275592483803356
63;300128;ES0000012E69;2385466.516;8.991600724;8.991600724;22786.56256;-88515.73736;;0.0;0.0;2385466.516;10.0;ES0000012E69;Bond;2385466.516;2296950.7786399997;0.0025;8.954916787409884;0.0015;8.96959036204593
64;300128;ES0000012F76;7513605.391;4.872309842;4.872309842;21609.73203;-150404.78764;;0.0;0.0;7513605.391;10.0;ES0000012F76;Bond;7513605.391;7363200.60336;0.0025;4.859756343878704;0.0015;4.864777743127222
65;300128;ES0000012H58;331494.2137;25.63598008;25.63598008;31893.42356;-34513.864752;;0.0;0.0;331494.2137;10.0;ES0000012H58;Bond;331494.2137;296980.348948;0.0025;24.87371122017736;0.0015;25.178618764106417
66;300128;ES0000012K20;6903717.26;6.669732174;6.669732174;35861.61409;-189745.26892;;0.0;0.0;6903717.26;10.0;ES0000012K20;Bond;6903717.26;6713971.99108;0.0025;6.65108206955272;0.0015;6.658542111331632
67;300128;ES0000012K46;2617401.096;18.97488832;18.97488832;121810.8837;-202889.58952;;0.0;0.0;2617401.096;10.0;ES0000012K46;Bond;2617401.096;2414511.50648;0.0025;18.711532590805366;0.0015;18.81687488248322
68;300128;ES0000012L60;433094.1904;10.61358816;10.61358816;6226.399203;-18905.525772;;0.0;0.0;433094.1904;10.0;ES0000012L60;Bond;433094.1904;414188.664628;0.0025;10.535795106417046;0.0015;10.566912327850229
69;300128;ES0840609012;1207369.565;0.947859678;0.947859678;138.0328358;-13894.487316;;0.0;0.0;1207369.565;3.0;ES0840609012;Bond;1207369.565;1193475.077684;0.0025;0.9472476414982066;0.0095;0.9455339392931852
70;300128;ES0840609020;2071437.5;2.308774333;2.308774333;1282.275188;-58232.586599999995;;0.0;0.0;2071437.5;5.0;ES0840609020;Bond;2071437.5;2013204.9134;0.0025;2.30662476197968;0.0095;2.300605963122783
71;300128;ES0840609061;805166.6667;5.764973781;5.764973781;3204.930055;-56446.17936;;0.0;0.0;805166.6667;6.0;ES0840609061;Bond;805166.6667;748720.48734;0.0025;5.748549701228984;0.0095;5.70256227787014
72;300128;FI4000507231;2025183.116;6.257802632;6.257802632;9188.340567;-52115.62412000001;;0.0;0.0;2025183.116;10.0;FI4000507231;Bond;2025183.116;1973067.4918799999;0.0025;6.242276820007688;0.0015;6.248487144804613
73;300128;FI4000517677;1222049.041;16.3106033;16.3106033;36002.84149;-82378.92608;;0.0;0.0;1222049.041;9.0;FI4000517677;Bond;1222049.041;1139670.11492;0.0025;16.23916663114391;0.0015;16.267741298686346
74;300128;FI4000566294;663734.0063;18.4171125;18.4171125;31181.05409;-49948.78456;;0.0;0.0;663734.0063;9.0;FI4000566294;Bond;663734.0063;613785.22174;0.0025;18.090631633098116;0.0015;18.22122397985887
75;300128;FR0010171975;4219562.599;16.60496717;16.60496717;170022.6855;-322279.10496;;0.0;0.0;4219562.599;10.0;FR0010171975;Bond;4219562.599;3897283.4940400003;0.0025;16.286931698157144;0.002;16.350538792525715
76;300128;FR0010371401;6849735.616;10.24526991;10.24526991;90701.08092;-324693.75933;;0.0;0.0;6849735.616;10.0;FR0010371401;Bond;6849735.616;6525041.856670001;0.0025;10.176645179213935;0.002;10.190370125371148
77;300128;FR0013067196;2748812.671;1.120125631;1.120125631;649.5522719;-38259.071832;;0.0;0.0;2748812.671;5.0;FR0013067196;Bond;2748812.671;2710553.5991680003;0.0025;1.1173547632900747;0.0095;1.1095963337022838
78;300128;FR0013154044;6431331.507;9.888794075;9.888794075;72869.49608;-295920.88704;;0.0;0.0;6431331.507;10.0;FR0013154044;Bond;6431331.507;6135410.61996;0.0025;9.850004938311526;0.002;9.857762765649221
79;300128;FR0013257524;4214780.548;16.67814805;16.67814805;148860.9701;-324659.76052500005;;0.0;0.0;4214780.548;10.0;FR0013257524;Bond;4214780.548;3890120.787475;0.0025;16.490579731210026;0.002;16.52809339496802
80;300128;FR0013259132;21664618.24;3.282306222;4.689988881;33431.0188;-1643238.868470206;;8.372916612;-436.2308483;21664803.9;;FR0013259132;Fund Unit;21664618.24;20021379.37152979;0.0025;3.2706621576144403;0.014;4.781896582405798
81;300128;FR0013404969;4833822.117;18.57429095;18.57429095;207946.5512;-415520.95895999996;;0.0;0.0;4833822.117;10.0;FR0013404969;Bond;4833822.117;4418301.15804;0.0025;18.36132481153491;0.002;18.40391803922793
82;300128;FR0013426368;1632310.137;8.352504684;8.352504684;13210.61024;-82587.18917999999;;0.0;0.0;1632310.137;7.0;FR0013426368;Bond;1632310.137;1549722.9478200001;0.0025;8.324585553334321;0.0035;8.31341790106805
83;300128;FR0013451507;9233451.71;4.534326261;4.534326261;23062.47609;-193636.86606000003;;0.0;0.0;9233451.71;10.0;FR0013451507;Bond;9233451.71;9039814.843940001;0.0025;4.523283820835316;0.002;4.5254923088682535
84;300128;FR0013455854;1952980.769;3.989077969;3.989077969;3726.469298;-96083.06645999999;;0.0;0.0;1952980.769;4.0;FR0013455854;Bond;1952980.769;1856897.7025400002;0.0025;3.981157496953292;0.0095;3.9589801752225102
85;300128;FR0013460607;1463113.767;1.744901964;1.744901964;695.6899283;-15393.922751999999;;0.0;0.0;1463113.767;6.0;FR0013460607;Bond;1463113.767;1447719.844248;0.0025;1.7406265243093029;0.0035;1.738916348433024
86;300128;FR0013461795;1994865.58;1.080321634;1.080321634;342.1250994;-26533.251636;;0.0;0.0;1994865.58;3.0;FR0013461795;Bond;1994865.58;1968332.3283640002;0.0025;1.078951800244992;0.0095;1.0751162657309696
87;300128;FR0013476611;1251005.137;1.723500831;1.723500831;581.3194816;-26768.561928000003;;0.0;0.0;1251005.137;7.0;FR0013476611;Bond;1251005.137;1224236.575072;0.0025;1.7193099205341673;0.0095;1.7075753712298358
88;300128;FR0013516549;6797723.6;5.49938034;5.49938034;24194.0649;-173062.593315;;0.0;0.0;6797723.6;10.0;FR0013516549;Bond;6797723.6;6624661.006685;0.0025;5.4860097454154815;0.002;5.488683864332385
89;300128;FR00140007L3;1912260.274;3.429185656;3.429185656;2980.162757;-113271.741561;;0.0;0.0;1912260.274;7.0;FR00140007L3;Bond;1912260.274;1798988.532439;0.0025;3.4196226820755897;0.014;3.3756330020233034
90;300128;FR0014000OZ2;1976958.904;0.630868859;0.630868859;199.3499721;-15469.026384;;0.0;0.0;1976958.904;7.0;FR0014000OZ2;Bond;1976958.904;1961489.8776160001;0.0025;0.6293429307966276;0.0095;0.6250703318271847
91;300128;FR0014009HA0;3630625.0;1.908823613;1.908823613;2000.670038;-86061.36290400001;;0.0;0.0;3630625.0;8.0;FR0014009HA0;Bond;3630625.0;3544563.637096;0.0025;1.9041562846545184;0.0095;1.8910877652871698
92;300128;FR001400DTA3;1646218.301;6.408588551;6.408588551;8324.89225;-64508.88756;;0.0;0.0;1646218.301;6.0;FR001400DTA3;Bond;1646218.301;1581709.41344;0.0025;6.3848390807910596;0.0035;6.375339292707483
93;300128;FR001400F0H3;3418662.137;3.224765432;3.224765432;4773.70152;-67650.19338;;0.0;0.0;3418662.137;6.0;FR001400F0H3;Bond;3418662.137;3351011.94362;0.0025;3.215854077246083;0.0035;3.2122895353445164
94;300128;FR001400FTH3;931347.3973;17.48289664;17.48289664;39895.79922;-75015.799155;;0.0;0.0;931347.3973;10.0;FR001400FTH3;Bond;931347.3973;856331.5981449999;0.0025;17.17610966499578;0.002;17.237467059996625
95;300128;FR001400H7V7;16164471.23;6.937582303;6.937582303;95871.97916;-520227.56070000003;;0.0;0.0;16164471.23;10.0;FR001400H7V7;Bond;16164471.23;15644243.669300001;0.0025;6.90963164977031;0.002;6.915221780416248
96;300128;FR001400H9B5;3443156.164;4.319425774;4.319425774;8435.057147;-100096.451455;;0.0;0.0;3443156.164;7.0;FR001400H9B5;Bond;3443156.164;3343059.712545;0.0025;4.304824275871557;0.004;4.296063376994491
97;300128;FR001400I7P8;1333779.452;2.769179012;2.769179012;1456.243622;-45936.533532;;0.0;0.0;1333779.452;6.0;FR001400I7P8;Bond;1333779.452;1287842.9184680001;0.0025;2.761054457841108;0.0095;2.7383057061962104
98;300128;FR001400M1X9;3601605.479;6.31129475;6.31129475;19256.80764;-284495.39844;;0.0;0.0;3601605.479;7.0;FR001400M1X9;Bond;3601605.479;3317110.0805599997;0.0025;6.277207634253181;0.0095;6.181763710162088
99;300128;FR001400MLX3;2509270.685;3.282491367;3.282491367;3613.179399;-139748.9716425;;0.0;0.0;2509270.685;6.0;FR001400MLX3;Bond;2509270.685;2369521.7133575003;0.0025;3.273429938514986;0.014;3.231747367483922
100;300128;FR001400O671;1238289.041;5.045635092;5.045635092;3977.836196;-78104.84122799999;;0.0;0.0;1238289.041;6.0;FR001400O671;Bond;1238289.041;1160184.199772;0.0025;5.028972054321788;0.0095;4.982315548822793
101;300128;FR001400Q6Z9;2554450.192;3.456511952;3.456511952;4136.310411;-148639.07981999998;;0.0;0.0;2554450.192;6.0;FR001400Q6Z9;Bond;2554450.192;2405811.1121799997;0.0025;3.4458992234201458;0.014;3.3970806719528164
102;300128;FR001400UM87;698528.8462;6.860237419;6.860237419;4126.062049;-59134.371924;;0.0;0.0;698528.8462;4.0;FR001400UM87;Bond;698528.8462;639394.474276;0.0025;6.830224853929656;0.0095;6.7461896717326955
103;300128;FR001400WK95;1830132.0;2.469520545;2.469520545;1578.814532;-27121.885944;;0.0;0.0;1830132.0;7.0;FR001400WK95;Bond;1830132.0;1803010.114056;0.0025;2.463199925418696;0.0035;2.460671677586174
104;300128;FR001400WKP0;1916371.233;4.61058933;4.61058933;5176.06046;-110450.745456;;0.0;0.0;1916371.233;7.0;FR001400WKP0;Bond;1916371.233;1805920.487544;0.0025;4.596208924698403;0.0095;4.555943789853931
105;300128;FXF11704;-20552.83999999985;0.076712328;0.0;-0.0029402819999999608;0.0;NATIXIS;0.0;129669.6507;-20552.83999999985;;;Currency Forward;-20552.83999999985;-20552.83999999985;0.0;0.076712328;0.0;0.0
106;300128;FXW1023888;-4668.753400000045;0.076712328;0.0;-0.0006880280000000072;20875.044185000002;CREDIT AGRICOLE CORPORATE AND INVESTMENT BANK;0.0;-8350.017674;-4668.753400000045;;;Currency Forward;-4668.753400000045;16206.290784999957;0.0;0.076712328;0.0;0.0
107;300128;FXW1023891;-6973.171000000089;0.076712328;0.0;-0.001020231999999982;30036.409300000003;GOLDMAN SACHS BANK EUROPE SE;0.0;-12014.56372;-6973.171000000089;;;Currency Forward;-6973.171000000089;23063.238299999914;0.0;0.076712328;0.0;0.0
108;300128;IE00BFZRPZ02;1199079.547;7.424100375;7.424100375;7765.810878;-36638.355928;;0.0;0.0;1199079.547;10.0;IE00BFZRPZ02;Bond;1199079.547;1162441.191072;0.0025;7.39998162072627;0.0015;7.409629122435762
109;300128;IE00BJ38CR43;1217449.315;4.662737018;4.662737018;3333.790891;-23287.063816;;0.0;0.0;1217449.315;10.0;IE00BJ38CR43;Bond;1217449.315;1194162.251184;0.0025;4.648631294179941;0.0015;4.6542735837079645
110;300128;IE00BKFVC345;340080.2192;9.566273126;9.566273126;3485.255338;-13419.51312;;0.0;0.0;340080.2192;10.0;IE00BKFVC345;Bond;340080.2192;326660.70608;0.0025;9.538848754440998;0.0015;9.5498185030646
111;300128;IE00BV8C9186;565842.6027;15.57777024;15.57777024;16565.1818;-36222.911552;;0.0;0.0;565842.6027;10.0;IE00BV8C9186;Bond;565842.6027;529619.6911480001;0.0025;15.452556386069437;0.0015;15.502641927641662
112;300128;IKM25 Cmdty;0.0;0.0;0.0;-205639.8486;1434626.7798;;0.0;0.0;-31612880.0;;;Bond Future;0.0;1434626.7798;0.0025;0.0;0.0035;0.0
113;300128;INFS10000293;160151.0361;0.794520548;0.0;0.026984757;81473.3949575;CITIBANK EUROPE PUBLIC LIMITED COMPANY;0.0;0.0;60000000.0;;;Index Linked Swap;160151.0361;241624.4310575;0.0025;0.7960944928610996;0.0;0.0
114;300128;INFS10000308;335527.9965;3.95890411;0.0;7.059076797;181812.8892525;GOLDMAN SACHS INTERNATIONAL  PARIS BRANCH;0.0;3355.279965;24995371.23;;;Index Linked Swap;335527.9965;517340.88575250003;0.00125;3.9782322782935458;0.0;0.0
115;300128;INFS10000384;142210.0594;9.934246575;0.0;5.444268421;631263.2904699999;JP MORGAN SE;0.0;1422.100594;36659877.8;;;Index Linked Swap;142210.0594;773473.3498699999;0.00125;10.057129602687176;0.0;0.0
116;300128;INFS10000395;-159472.1501;4.931506849;0.0;-1.687088934;-333000.54174675;JP MORGAN SE;0.0;-1594.721501;-36659877.8;;;Index Linked Swap;-159472.1501;-492472.69184675;0.00125;4.961774308660956;0.0;0.0
117;300128;INFS10000400;-91421.49142;4.95890411;0.0;0.587218852;333862.14082375;GOLDMAN SACHS BANK EUROPE SE;0.0;0.0;35000000.0;;;Index Linked Swap;-91421.49142;242440.64940375;0.0025;5.020541515020216;0.0;0.0
118;300128;INFS10000405;-312.7997107;9.961643836;0.0;-2.77e-05;-652857.613601725;GOLDMAN SACHS BANK EUROPE SE;0.0;0.0;-35000000.0;;;Index Linked Swap;-312.7997107;-653170.413312425;0.0025;10.209727491911565;0.0;0.0
119;300128;IT0001174611;6789151.21;2.347504979;2.347504979;4757.067074;-96844.2591;;0.0;0.0;6789151.21;10.0;IT0001174611;Bond;6789151.21;6692306.9509;0.0025;2.343764763818086;0.0035;2.3422686777453205
120;300128;IT0001278511;11291496.44;4.027687739;4.027687739;22048.30996;-276752.25756000006;;0.0;0.0;11291496.44;10.0;IT0001278511;Bond;11291496.44;11014744.18244;0.0025;4.019427227976659;0.0035;4.0161230235673235
121;300128;IT0003934657;2035705.28;9.32350178;9.32350178;21274.51888;-115268.81274;;0.0;0.0;2035705.28;10.0;IT0003934657;Bond;2035705.28;1920436.46726;0.0025;9.279553816461503;0.0035;9.261974631046103
122;300128;IT0004286966;4969095.524;10.31903694;10.31903694;66562.41285;-309944.91948000004;;0.0;0.0;4969095.524;10.0;IT0004286966;Bond;4969095.524;4659150.6045200005;0.0025;10.250361314031869;0.0035;10.222891063644616
123;300128;IT0005162828;3245438.225;15.43169207;15.43169207;97714.6001;-301224.47976;;0.0;0.0;3245438.225;10.0;IT0005162828;Bond;3245438.225;2944213.74524;0.0025;15.274327583039604;0.0035;15.211381788255446
124;300128;IT0005217390;500618.8214;20.81768432;20.81768432;32945.84097;-62665.64027999999;;0.0;0.0;500618.8214;10.0;IT0005217390;Bond;500618.8214;437953.18112;0.0025;20.255868461624715;0.0035;20.031142118274598
125;300128;IT0005363111;2762084.049;15.2440115;15.2440115;86445.39382;-251588.71638;;0.0;0.0;2762084.049;10.0;IT0005363111;Bond;2762084.049;2510495.33262;0.0025;15.042532149506672;0.0035;14.96194040930934
126;300128;IT0005403396;8176279.7;5.126335729;5.126335729;23922.43145;-255155.09166000003;;0.0;0.0;8176279.7;10.0;IT0005403396;Bond;8176279.7;7921124.60834;0.0025;5.118888191413239;0.0035;5.115909176378535
127;300128;IT0005425233;2606014.266;19.02218074;19.02218074;117682.7413;-298430.93808;;0.0;0.0;2606014.266;10.0;IT0005425233;Bond;2606014.266;2307583.32792;0.0025;18.797835791509602;0.0035;18.708097812113444
128;300128;IT0005436693;2561328.678;6.11447242;6.11447242;10477.17693;-95432.16347999999;;0.0;0.0;2561328.678;10.0;IT0005436693;Bond;2561328.678;2465896.5145199997;0.0025;6.1056762475497255;0.0035;6.102157778569615
129;300128;IT0005466013;9386454.438;6.786109625;6.786109625;47505.0539;-388553.83704;;0.0;0.0;9386454.438;10.0;IT0005466013;Bond;9386454.438;8997900.60096;0.0025;6.774712280645042;0.0035;6.770153342903059
130;300128;IT0005508590;2855705.907;8.136232881;8.136232881;22637.64698;-141270.25770000002;;0.0;0.0;2855705.907;10.0;IT0005508590;Bond;2855705.907;2714435.6493;0.0025;8.103549512948705;0.0035;8.090476165728186
131;300128;IT0005548315;2930421.194;3.115493235;3.115493235;3400.516547;-55457.545692;;0.0;0.0;2930421.194;10.0;IT0005548315;Bond;2930421.194;2874963.648308;0.0025;3.110748504258147;0.0035;3.1088506119614054
132;300128;IT0005584856;8936305.143;7.674712988;7.674712988;62089.51324;-417361.75824;;0.0;0.0;8936305.143;10.0;IT0005584856;Bond;8936305.143;8518943.38476;0.0025;7.648265854480184;0.0035;7.6376870010722575
133;300128;IT0005636532;2548811.126;6.049478671;6.049478671;11365.81313;-189452.88156;;0.0;0.0;2548811.126;5.0;IT0005636532;Bond;2548811.126;2359358.24444;0.0025;6.0294876355063005;0.0095;5.973512736123943
134;300128;LU1717592346;26511921.65;1.07422244;1.035547903;-58858.9456;5105.939630000008;;0.0;10061.81589;33452283.36;;LU1717592346;Fund Unit;26511921.65;26517027.58963;0.0025;1.1326096627604831;0.002;1.082094492426003
135;300128;LU2023296085;3293509.408;3.236585554;3.262438622;5624.664461;-185770.909778808;;0.718368491;55.18768937;3293538.814;;LU2023296085;Fund Unit;3293509.408;3107738.4982211916;0.0025;3.22007920009106;0.014;3.172355316105316
136;300128;LU2550878602;10575520.44;0.536002618;0.741697933;243.5301976;-14568.2205721;;-2306.347726;120.2764098;8158538.582;;LU2550878602;Fund Unit;10575520.44;10560952.2194279;0.0025;0.5361451718411987;0.0035;0.7428173679382757
137;300128;NL0000102234;3424412.865;9.387590139;9.387590139;37238.69016;-132073.8868;;0.0;0.0;3424412.865;10.0;NL0000102234;Bond;3424412.865;3292338.9782000002;0.0025;9.336045399635514;0.0015;9.356663295381308
138;300128;NL0009446418;1515647.671;12.44025433;12.44025433;29508.17905;-77315.25644;;0.0;0.0;1515647.671;10.0;NL0009446418;Bond;1515647.671;1438332.4145600002;0.0025;12.340428579709824;0.0015;12.380358879825895
139;300128;NL0010071189;2761112.066;6.947491259;6.947491259;15954.85131;-78854.24844;;0.0;0.0;2761112.066;10.0;NL0010071189;Bond;2761112.066;2682257.8175600003;0.0025;6.923699971608143;0.0015;6.933216486564886
140;300128;NL0010721999;663433.8497;15.86142867;15.86142867;20980.89611;-43129.30528;;0.0;0.0;663433.8497;10.0;NL0010721999;Bond;663433.8497;620304.54442;0.0025;15.699773482071693;0.0015;15.764435557243017
141;300128;NL0011819040;1475171.918;1.258991656;1.258991656;416.448519;-7584.515996;;0.0;0.0;1475171.918;10.0;NL0011819040;Bond;1475171.918;1467587.402004;0.0025;1.255896679098828;0.0015;1.2571346698592967
142;300128;NL0012818504;2397554.795;3.17386397;3.17386397;3183.793476;-31191.783228;;0.0;0.0;2397554.795;10.0;NL0012818504;Bond;2397554.795;2366363.0117719998;0.0025;3.165849162231594;0.0015;3.1690550853389565
143;300128;NL0015001DQ7;1512955.479;4.449302561;4.449302561;3747.786148;-27588.251144;;0.0;0.0;1512955.479;10.0;NL0015001DQ7;Bond;1512955.479;1485367.227856;0.0025;4.436865064980395;0.0015;4.441840063388237
144;300128;NL0015001XZ6;1569886.684;8.009685126;8.009685126;12137.8846;-51722.31204;;0.0;0.0;1569886.684;10.0;NL0015001XZ6;Bond;1569886.684;1518164.37196;0.0025;7.976780397316141;0.0015;7.989942288789685
145;300128;NL0015614579;1314900.0;25.982244;25.982244;92078.71619;-141014.91944;;0.0;0.0;1314900.0;10.0;NL0015614579;Bond;1314900.0;1173885.08056;0.0025;25.91925744152978;0.0015;25.94445206491787
146;300128;OEM25 Cmdty;0.0;0.0;0.0;-18415.29515;129663.6382;;0.0;0.0;-6714030.0;;;Bond Future;0.0;129663.6382;0.0025;0.0;0.0015;0.0
147;300128;PTEDP4OM0025;2659644.23;2.443550654;2.443550654;2340.206461;-111623.128551;;0.0;0.0;2659644.23;6.0;PTEDP4OM0025;Bond;2659644.23;2548021.101449;0.0025;2.436480639764669;0.014;2.4039585742821465
148;300128;PTEDPUOM0008;1268968.438;2.772732422;2.772732422;1365.355271;-21344.054423999998;;0.0;0.0;1268968.438;7.0;PTEDPUOM0008;Bond;1268968.438;1247624.383576;0.0025;2.765053613702346;0.0035;2.761982090383284
149;300128;PTOTE5OE0007;995412.8317;9.163103215;9.163103215;10683.48376;-42207.4340325;;0.0;0.0;995412.8317;10.0;PTOTE5OE0007;Bond;995412.8317;953205.3976675;0.0025;9.104691452895064;0.002;9.116373805316051
150;300128;PTOTECOE0037;255940.9065;20.97843161;20.97843161;13591.70789;-24847.360789500002;;0.0;0.0;255940.9065;9.0;PTOTECOE0037;Bond;255940.9065;231093.5457105;0.0025;20.751046408202786;0.002;20.796523448562226
151;300128;PTOTELOE0028;910188.578;5.339105012;5.339105012;3092.330735;-22433.146636499998;;0.0;0.0;910188.578;10.0;PTOTELOE0028;Bond;910188.578;887755.4313635;0.0025;5.325433578029283;0.002;5.328167864823427
152;300128;PTOTENOE0034;1187815.303;9.660021499;9.660021499;12606.73189;-53284.413825;;0.0;0.0;1187815.303;10.0;PTOTENOE0034;Bond;1187815.303;1134530.8891750001;0.0025;9.62797710665929;0.002;9.634385985127434
153;300128;PTOTEWOE0017;429925.0257;7.829116746;7.829116746;3179.28683;-15595.2384615;;0.0;0.0;429925.0257;10.0;PTOTEWOE0017;Bond;429925.0257;414329.7872385;0.0025;7.7974799264966395;0.002;7.803807290397312
154;300128;RXK25C 131;-325000.0033;794.3509742;794.3509742;0.0;1032656.2768000001;;0.0;0.0;-31709318.83;;;Bond Future Option;-325000.0033;707656.2735000001;0.0025;794.3509742;0.0015;794.3509742
155;300128;RXK25P 125;-117000.0077;-860.3128476;-860.3128476;0.0;-402626.4392;;0.0;0.0;12363271.7;;;Bond Future Option;-117000.0077;-519626.44690000004;0.0025;-860.3128476;0.0015;-860.3128476
156;300128;RXM25 Cmdty;0.0;0.0;0.0;-98360.29409;432138.6472;;0.0;0.0;-13269490.0;;;Bond Future;0.0;432138.6472;0.0025;0.0;0.0015;0.0
157;300128;TUM25 Cmdty;0.0;0.0;0.0;78444.01293;-922383.2279750002;;0.0;0.0;176638861.1;;;Bond Future;0.0;-922383.2279750002;0.00125;0.0;0.0015;0.0
158;300128;UBM25 Cmdty;0.0;0.0;0.0;-885122.0852;1402662.1927999998;;0.0;0.0;-17173440.0;;;Bond Future;0.0;1402662.1927999998;0.0025;0.0;0.0015;0.0
159;300128;UXYM25 Cmdty;0.0;0.0;0.0;-313534.2038;948038.229875;;0.0;0.0;-43000254.58;;;Bond Future;0.0;948038.229875;0.00125;0.0;0.0015;0.0
160;300128;XS1069439740;2090431.336;0.505123;0.505123;155.2643072;-13126.763340000001;;0.0;0.0;2090431.336;5.0;XS1069439740;Bond;2090431.336;2077304.5726599998;0.0025;0.5039040277751385;0.0095;0.5004909055455266
161;300128;XS1310032260;1740470.137;9.040334174;9.040334174;16895.04837;-73317.61399499999;;0.0;0.0;1740470.137;7.0;XS1310032260;Bond;1740470.137;1667152.523005;0.0025;9.00197390153275;0.002;9.0096459560262
162;300128;XS2010032451;1302606.863;6.131109103;6.131109103;6012.11553;-48348.823884000005;;0.0;0.0;1302606.863;6.0;XS2010032451;Bond;1302606.863;1254258.0391159998;0.0025;6.10969912533607;0.0035;6.101135134270498
163;300128;XS2115091808;3066327.459;6.49482177;6.49482177;15043.73665;-123605.3553;;0.0;0.0;3066327.459;8.0;XS2115091808;Bond;3066327.459;2942722.1037;0.0025;6.477625820322861;0.0035;6.470747440452005
164;300128;XS2125121769;2629685.449;0.725020122;0.725020122;314.5062655;-24809.394515999997;;0.0;0.0;2629685.449;4.0;XS2125121769;Bond;2629685.449;2604876.054484;0.0025;0.723344296556309;0.0095;0.7186519853139742
165;300128;XS2181959110;2617459.178;6.176077478;6.176077478;12323.41039;-201888.89208000002;;0.0;0.0;2617459.178;7.0;XS2181959110;Bond;2617459.178;2415570.2859199997;0.0025;6.15373336988225;0.0095;6.091169867152552
166;300128;XS2182055009;1532133.904;0.412061551;0.412061551;86.88285091;-4256.3939145;;0.0;0.0;1532133.904;3.0;XS2182055009;Bond;1532133.904;1527877.5100855;0.0025;0.41106836062430624;0.004;0.41047244639888997
167;300128;XS2185997884;2060205.479;0.884971965;0.884971965;340.8092786;-11349.846036;;0.0;0.0;2060205.479;4.0;XS2185997884;Bond;2060205.479;2048855.632964;0.0025;0.8827942810289146;0.0035;0.8819232074404804
168;300128;XS2243298069;1299311.568;4.920264063;4.920264063;3928.83869;-79749.832692;;0.0;0.0;1299311.568;6.0;XS2243298069;Bond;1299311.568;1219561.735308;0.0025;4.905191936811025;0.0095;4.862989983481894
169;300128;XS2265371042;3955893.596;2.831396102;2.831396102;4267.046292;-74956.54868;;0.0;0.0;3955893.596;6.0;XS2265371042;Bond;3955893.596;3880937.04732;0.0025;2.8244717248021405;0.004;2.8203170984834247
170;300128;XS2280835260;1909691.188;5.920406675;5.920406675;7894.5921;-73315.73223000001;;0.0;0.0;1909691.188;7.0;XS2280835260;Bond;1909691.188;1836375.4557700001;0.0025;5.904685646013318;0.004;5.89525302862131
171;300128;XS2286011528;2737726.027;0.06280422;0.729954276;53.57278621;-20612.172270499996;;0.0;0.0;2737726.027;5.0;XS2286011528;Bond;2737726.027;2717113.8547294997;0.0025;0.06232487212846577;0.0095;0.7331571984006782
172;300128;XS2312733871;1259682.278;3.882137223;3.882137223;2207.249659;-80536.2666075;;0.0;0.0;1259682.278;5.0;XS2312733871;Bond;1259682.278;1179146.0113925;0.0025;3.876009014399519;0.014;3.8478192548373067
173;300128;XS2369244087;3320398.698;1.769765052;1.769765052;1610.568557;-23493.703056;;0.0;0.0;3320398.698;6.0;XS2369244087;Bond;3320398.698;3296904.9949439997;0.0025;1.7654689038163174;0.0015;1.7671873630897903
174;300128;XS2451372499;1483534.726;0.897384303;0.897384303;249.2489815;-8193.989064000001;;0.0;0.0;1483534.726;6.0;XS2451372499;Bond;1483534.726;1475340.736936;0.0025;0.8951972942073507;0.0035;0.894322490690291
175;300128;XS2457496359;1647145.603;2.589272433;2.589272433;1527.970437;-26373.20082;;0.0;0.0;1647145.603;6.0;XS2457496359;Bond;1647145.603;1620772.40218;0.0025;2.582842075798453;0.0035;2.5802699329178345
176;300128;XS2459544339;2195445.781;4.14084708;4.14084708;4754.647212;-54514.827852;;0.0;0.0;2195445.781;8.0;XS2459544339;Bond;2195445.781;2140930.953148;0.0025;4.12957145473116;0.0035;4.1250612046236235
177;300128;XS2462324828;1593386.014;4.654980329;4.654980329;4246.67665;-44893.925544000005;;0.0;0.0;1593386.014;7.0;XS2462324828;Bond;1593386.014;1548492.088456;0.0025;4.6425226808445075;0.0035;4.637539621582311
178;300128;XS2463450408;3470952.955;3.105335313;3.105335313;4060.171718;-133387.36668;;0.0;0.0;3470952.955;5.0;XS2463450408;Bond;3470952.955;3337565.58832;0.0025;3.100199155058909;0.0095;3.085817912823856
179;300128;XS2464732770;3304713.921;5.969861983;5.969861983;14664.8878;-119800.46928;;0.0;0.0;3304713.921;7.0;XS2464732770;Bond;3304713.921;3184913.4517200002;0.0025;5.948020950648736;0.0035;5.939284537708231
180;300128;XS2484340075;3429065.808;3.732148494;3.732148494;6244.642635;-77427.38076;;0.0;0.0;3429065.808;7.0;XS2484340075;Bond;3429065.808;3351638.42724;0.0025;3.721443537168026;0.0035;3.7171615544352363
181;300128;XS2553817763;2981732.466;6.538146243;6.538146243;15558.85514;-119039.67564;;0.0;0.0;2981732.466;7.0;XS2553817763;Bond;2981732.466;2862692.79036;0.0025;6.514563165359156;0.0035;6.505129934302818
182;300128;XS2555187801;3426041.438;4.028291271;4.028291271;7275.158116;-92714.204375;;0.0;0.0;3426041.438;7.0;XS2555187801;Bond;3426041.438;3333327.233625;0.0025;4.015771895695928;0.004;4.008260270513485
183;300128;XS2555420103;2670118.151;1.529431416;1.529431416;1034.339669;-27360.372260000004;;0.0;0.0;2670118.151;7.0;XS2555420103;Bond;2670118.151;2642757.77874;0.0025;1.5255949173265828;0.004;1.5232930181225326
184;300128;XS2555925218;3382839.226;2.645409642;2.645409642;3309.676968;-59973.827368;;0.0;0.0;3382839.226;6.0;XS2555925218;Bond;3382839.226;3322865.3986319997;0.0025;2.63844580921545;0.004;2.6342675095447206
185;300128;XS2557526345;2346000.0;7.820409086;7.820409086;17648.6707;-112675.0449;;0.0;0.0;2346000.0;7.0;XS2557526345;Bond;2346000.0;2233324.9551;0.0025;7.785234143275181;0.0035;7.771164166185254
186;300128;XS2558972415;2059654.247;2.318448761;2.318448761;1598.411165;-28803.95607;;0.0;0.0;2059654.247;6.0;XS2558972415;Bond;2059654.247;2030850.29093;0.0025;2.312485322529582;0.0035;2.3100999471414143
187;300128;XS2558978883;3220993.151;2.635687649;2.635687649;3131.175019;-105670.43639999999;;0.0;0.0;3220993.151;6.0;XS2558978883;Bond;3220993.151;3115322.7146;0.0025;2.628751903185653;0.0095;2.609331814905483
188;300128;XS2576362839;2042383.918;2.096392213;2.096392213;1352.80987;-28667.568552999997;;0.0;0.0;2042383.918;6.0;XS2576362839;Bond;2042383.918;2013716.349447;0.0025;2.09082016232016;0.004;2.087476931912256
189;300128;XS2580221658;2548816.438;2.730852813;2.730852813;2676.523078;-43402.522152000005;;0.0;0.0;2548816.438;6.0;XS2580221658;Bond;2548816.438;2505413.915848;0.0025;2.7232440984457273;0.0035;2.720200612624019
190;300128;XS2582389156;2671927.89;3.944374819;3.944374819;5655.353844;-182165.49318000002;;0.0;0.0;2671927.89;7.0;XS2582389156;Bond;2671927.89;2489762.39682;0.0025;3.930355506707138;0.014;3.8658666701599715
191;300128;XS2588884481;2087273.63;2.945176399;2.945176399;2525.366157;-76781.922384;;0.0;0.0;2087273.63;6.0;XS2588884481;Bond;2087273.63;2010491.707616;0.0025;2.9366143729546152;0.0095;2.912640700027538
192;300128;XS2615937187;2662385.417;1.886146353;1.886146353;-25011.06715;-32407.530694499997;;0.0;0.0;2662385.417;4.0;XS2615937187;Bond;2662385.417;2629977.8863055;0.0025;2.129896031324992;0.004;2.2761458383199873
193;300128;XS2625194225;2642235.617;4.254032538;4.254032538;6297.485264;-68973.46392000001;;0.0;0.0;2642235.617;6.0;XS2625194225;Bond;2642235.617;2573262.15308;0.0025;4.239689700856668;0.0035;4.233952565999336
194;300128;XS2626699982;2624178.082;2.776360911;2.776360911;2847.196409;-90743.23104;;0.0;0.0;2624178.082;7.0;XS2626699982;Bond;2624178.082;2533434.85096;0.0025;2.7685067114512667;0.0095;2.7465149527148145
195;300128;XS2637421848;3419777.397;3.686689164;3.686689164;6218.952624;-84659.669185;;0.0;0.0;3419777.397;7.0;XS2637421848;Bond;3419777.397;3335117.727815;0.0025;3.6752052173479695;0.004;3.6683148493567512
196;300128;XS2654097927;1595124.247;2.076964152;2.076964152;1036.795904;-20376.177155999998;;0.0;0.0;1595124.247;7.0;XS2654097927;Bond;1595124.247;1574748.069844;0.0025;2.071499148520086;0.0035;2.069313147128121
197;300128;XS2676395077;1816080.89;3.783180926;3.783180926;3421.989939;-42002.733576;;0.0;0.0;1816080.89;6.0;XS2676395077;Bond;1816080.89;1774078.156424;0.0025;3.771855276740722;0.0035;3.767325017037011
198;300128;XS2676818482;4189466.301;3.41819094;3.41819094;6456.182821;-87421.05108;;0.0;0.0;4189466.301;6.0;XS2676818482;Bond;4189466.301;4102045.24992;0.0025;3.408874728777344;0.0035;3.405148244288282
199;300128;XS2757511113;1736285.918;1.871274378;1.871274378;929.6180006;-21740.072230499998;;0.0;0.0;1736285.918;6.0;XS2757511113;Bond;1736285.918;1714545.8457695001;0.0025;1.8666433960201698;0.004;1.8638648068322716
200;300128;XS2774944008;2506035.326;5.195319322;5.195319322;8235.584523;-160156.39500000002;;0.0;0.0;2506035.326;5.0;XS2774944008;Bond;2506035.326;2345878.931;0.0025;5.180640172847404;0.0095;5.139538555220138
201;300128;XS2778270772;2667458.333;1.898959424;1.898959424;1532.91138;-83217.66360599999;;0.0;0.0;2667458.333;3.0;XS2778270772;Bond;2667458.333;2584240.669394;0.0025;1.8936077621832312;0.014;1.8689901178260946
202;300128;XS2799494633;2689071.072;3.800629963;3.800629963;5342.904431;-130704.53963999999;;0.0;0.0;2689071.072;4.0;XS2799494633;Bond;2689071.072;2558366.53236;0.0025;3.787069534457497;0.0095;3.749100334538489
203;300128;XS2801962155;2825435.342;3.649685042;3.649685042;4999.497611;-62816.33946;;0.0;0.0;2825435.342;6.0;XS2801962155;Bond;2825435.342;2762619.0025400002;0.0025;3.6387490195714465;0.0035;3.6343746106000245
204;300128;XS2813211617;2567468.159;12.90704435;12.90704435;56354.78627;-198952.13400000002;;0.0;0.0;2567468.159;7.0;XS2813211617;Bond;2567468.159;2368516.025;0.0025;12.77478493330973;0.0035;12.721881166633622
205;300128;XS2818300407;4707354.452;3.829073512;3.829073512;9094.022015;-224817.0378;;0.0;0.0;4707354.452;8.0;XS2818300407;Bond;4707354.452;4482537.4141999995;0.0025;3.8174311382279247;0.0095;3.7848324916661142
206;300128;XS2821714735;3713850.247;5.842564409;5.842564409;16102.31518;-144505.814505;;0.0;0.0;3713850.247;6.0;XS2821714735;Bond;3713850.247;3569344.432495;0.0025;5.819509630421807;0.004;5.805676763274891
207;300128;XS2844410287;1386038.986;3.605202626;3.605202626;2405.216033;-30551.345862;;0.0;0.0;1386038.986;5.0;XS2844410287;Bond;1386038.986;1355487.640138;0.0025;3.5943134336498743;0.0035;3.589957756709824
208;300128;XS2859413341;3946013.699;6.394349815;6.394349815;21882.18141;-258416.01288;;0.0;0.0;3946013.699;7.0;XS2859413341;Bond;3946013.699;3687597.68612;0.0025;6.357934361042297;0.0095;6.2559710899607275
209;300128;XS2886269013;3289521.973;3.956945997;3.956945997;6679.97633;-87441.026335;;0.0;0.0;3289521.973;6.0;XS2886269013;Bond;3289521.973;3202080.946665;0.0025;3.9453224762000354;0.004;3.9383483637200563
210;300128;XS2892988275;3069642.705;3.082437463;3.082437463;3956.192982;-58022.46216;;0.0;0.0;3069642.705;6.0;XS2892988275;Bond;3069642.705;3011620.24284;0.0025;3.0739707096679827;0.0035;3.070584008335176
211;300128;XS2980761956;1370936.464;7.17130449;7.17130449;8896.694415;-121430.46804;;0.0;0.0;1370936.464;4.0;XS2980761956;Bond;1370936.464;1249505.99596;0.0025;7.137635969520964;0.0095;7.043364112179665
212;300154;CSH_EUR_DB;0.0;0.0;0.0;0.0;0.0;;0.0;0.0;6772299.34;;;Cash;0.0;0.0;0.0;;0.0;
213;300154;CSH_GBP_DB;136550.0819;0.0;0.0;0.0;-3413.7520475;;0.0;1365.500819;136550.0819;;;Cash;136550.0819;133136.3298525;0.0;0.0;0.0;0.0
214;300154;CSH_JPY_DB;191892.9957;0.0;0.0;0.0;-4797.324892500001;;0.0;1918.929957;191892.9957;;;Cash;191892.9957;187095.6708075;0.0;0.0;0.0;0.0
215;300154;CSH_USD_DB;23320053.2;0.0;0.0;0.0;-583001.3300000001;;0.0;233200.532;23320053.2;;;Cash;23320053.2;22737051.869999997;0.0;0.0;0.0;0.0
216;300154;ECM25 Curncy;0.0;0.0;0.0;0.0;724989.97425;;0.0;-289995.9897;29035386.97;;;FX Future;0.0;724989.97425;0.0;0.0;0.0;0.0
217;300154;ESM25 Index;0.0;0.0;0.0;0.0;52335.2157;;-5233.52157;0.0;-523352.157;;;Equity Index Future;0.0;52335.2157;0.0;0.0;0.0;0.0
218;300154;FR0010582452;17804627.44;0.033149011;0.296124349;223.4128651;-20184.20842175;;0.0;8.27e-08;17807522.18;;FR0010582452;Fund Unit;17804627.44;17784443.23157825;0.0025;0.032838057580697994;0.0035;0.2959920819189686
219;300154;FR0012599645;21381495.41;0.230690404;0.508247245;1633.302154;-53153.7163525;;0.0;8.78e-09;16929027.56;;FR0012599645;Fund Unit;21381495.41;21328341.6936475;0.0025;0.2289137345611227;0.0035;0.5064777479840052
220;300154;FR001400ITZ9;14248277.07;0.0;0.0;0.0;-1992680.7653500002;;142390.488;56641.76854;14264545.52;;FR001400ITZ9;Fund Unit;14248277.07;12255596.30465;0.0;0.0;0.0;0.0
221;300154;FR001400JWC0;139896528.3;4.313248284;4.21234152;423675.5251;-3660234.6618038253;;0.0;22.15334153;140377232.8;;FR001400JWC0;Fund Unit;139896528.3;136236293.6381962;0.0025;4.284046259412532;0.0035;4.168447671703449
222;300154;FR001400K2W1;90362212.59;0.0;0.0;0.0;-11262310.83375;;900289.6385;903765.7795;90362212.59;;FR001400K2W1;Fund Unit;90362212.59;79099901.75625001;0.0;0.0;0.0;0.0
223;300154;FR001400K3P3;152671444.4;6.952436748;6.951644832;1328642.666;-4883443.046364;;0.0;1186.443276;150303071.2;;FR001400K3P3;Fund Unit;152671444.4;147788001.353636;0.0025;6.855712009624268;0.002;6.874243019570078
224;300154;FR001400LLB1;162116171.2;4.67189034;4.629945198;824862.2947;-3484653.087445;;-563.7837879;35014.88319;198210985.0;;FR001400LLB1;Fund Unit;162116171.2;158631518.112555;0.0025;4.59925439196336;0.002;4.571056105945683
225;300154;LU1717592692;21283137.46;1.07422244;1.035547903;-47250.55566;4098.926364999992;;0.0;8077.385468;26854694.06;;LU1717592692;Fund Unit;21283137.46;21287236.386365;0.0025;1.1326096627437099;0.002;1.0820944924125844
226;300154;LU1717594557;7094762.057;0.000307037;0.002742805;0.824582158;-898802.49017;;69138.65309;29500.68732;7094772.741;;LU1717594557;Fund Unit;7094762.057;6195959.56683;0.0;0.000307037;0.0;0.002742805
227;300154;LU2527589415;2179947.5;0.106197074;1.934165179;-4387.9209;-60317.498469499995;;11.82251698;4.72e-08;2237004.225;;LU2527589415;Fund Unit;2179947.5;2119630.0015305;0.0025;0.15654667422236954;0.014;2.2683389799410887
228;300154;RPM25 Curncy;0.0;0.0;0.0;0.0;-62769.928875000005;;0.0;25107.97155;-2513210.459;;;FX Future;0.0;-62769.928875000005;0.0;0.0;0.0;0.0
229;300154;RXM25 Cmdty;0.0;0.0;0.0;237783.6236;-1044684.6904;;0.0;0.0;32078670.0;;;Bond Future;0.0;-1044684.6904;0.0025;0.0;0.0015;0.0
230;300154;TYK25C 111.5;88959.22051;457.122239;457.122239;0.0;-114053.38517775001;;0.0;889.5922051;6865470.159;;;Bond Future Option;88959.22051;-25094.16466775001;0.00125;457.122239;0.0015;457.122239
231;300154;TYK25C 112;62922.37549;505.4496034;505.4496034;0.0;-89034.30617225;;0.0;629.2237549;5369451.636;;;Bond Future Option;62922.37549;-26111.93068225;0.00125;505.4496034;0.0015;505.4496034
232;300154;TYM25 Cmdty;0.0;0.0;0.0;-51452.36773;212991.99762500002;;0.0;0.0;-13076079.66;;;Bond Future;0.0;212991.99762500002;0.00125;0.0;0.0015;0.0
233;300154;T_FR0010853556;1740840.0;2.855370798;2.859091385;-2175.365708;-83609.0480595;;0.0;0.0;1740840.0;;T_FR0010853556;Fund Unit;1740840.0;1657230.9519405;0.0025;2.9069938269476556;0.014;3.1484780032588136
234;300154;T_IE00B3DKXQ41;40906927.18;6.091999917;6.092017545;303172.6162;-1531740.93285;;0.0;10.51017667;40906927.18;;T_IE00B3DKXQ41;Fund Unit;40906927.18;39375186.24715;0.0025;5.999499120350718;0.0035;5.962517181420515
235;300154;T_IE00BYZTVT56;43705520.0;4.268652037;4.268741437;130148.4677;-1143548.506;;0.0;0.240899263;43705520.0;;T_IE00BYZTVT56;Fund Unit;43705520.0;42561971.494;0.0025;4.239759271130917;0.0035;4.228294236133702
236;300154;T_LU0524480265;17626770.0;6.091999917;6.092017545;130636.8956;-495019.07259999996;;0.0;4.528828725;17626770.0;;T_LU0524480265;Fund Unit;17626770.0;17131750.9274;0.0025;5.999499120375862;0.002;6.018017337260409
237;300154;T_LU1291102447;7212401.294;0.0;0.0;0.0;-685178.1229300001;;72124.01294;72124.01294;7212401.294;;T_LU1291102447;Fund Unit;7212401.294;6527223.17107;0.0;0.0;0.0;0.0
238;300154;T_LU1602144906;3877488.828;0.0;0.0;0.0;-271424.21796000004;;38774.88828;38774.88828;3877488.828;;T_LU1602144906;Fund Unit;3877488.828;3606064.61004;0.0;0.0;0.0;0.0
239;300154;T_LU1806495575;4123375.301;6.53265813;6.527609812;35447.80812;-84893.53953750001;;0.0;1347.479555;4123375.301;;T_LU1806495575;Fund Unit;4123375.301;4038481.7614625;0.00125;6.478542732584186;0.00175;6.451732873942822
240;300154;T_LU2182388236;37715009.37;6.091999917;6.092017545;279516.4254;-1412221.04945;;0.0;9.690080359;37715009.37;;T_LU2182388236;Fund Unit;37715009.37;36302788.320549995;0.0025;5.999499120371115;0.0035;5.96251718144907
241;300154;T_LU2244386053;17107520.0;2.249580876;2.420887114;-34381.16396;-680780.524695;;0.0;0.0;17107520.0;;T_LU2244386053;Fund Unit;17107520.0;16426739.475305;0.0025;2.312475175821107;0.014;2.784296317213129
242;300154;UBM25 Cmdty;0.0;0.0;0.0;1493643.519;-2366992.4507999998;;0.0;0.0;28980180.0;;;Bond Future;0.0;-2366992.4507999998;0.0025;0.0;0.0015;0.0
243;300154;UEAJ5C 1.1;16512.11556;0.216438356;0.0;0.0;53342.47625000001;;0.0;-21336.9905;2150211.166;;;FX Option;16512.11556;69854.59181000001;0.0;0.216438356;0.0;0.0
244;300155;BKSH1N2;1240112.0;0.0;0.0;0.0;-161214.56;;12401.12;0.0;1240112.0;;IE00BMWXKN31;Equity;1240112.0;1078897.44;0.0;0.0;0.0;0.0
245;300155;BMBWYH3;10550900.87;0.0;0.0;0.0;-1371617.1131000002;;105509.0087;0.0;10550900.87;;IE000LAP5Z18;Equity;10550900.87;9179283.7569;0.0;0.0;0.0;0.0
246;300155;CAM25 Curncy;0.0;0.0;0.0;0.0;0.0;;0.0;116337.8925;-11631147.57;;;FX Future;0.0;0.0;0.0;0.0;0.0;0.0
247;300155;CSH_CAD_DB;1265281.492;0.0;0.0;0.0;0.0;;0.0;12652.81492;1265281.492;;;Cash;1265281.492;1265281.492;0.0;0.0;0.0;0.0
248;300155;CSH_CHF_DB;61876.98018;0.0;0.0;0.0;0.0;;0.0;618.7698018;61876.98018;;;Cash;61876.98018;61876.98018;0.0;0.0;0.0;0.0
249;300155;CSH_EUR_DB;-2033373.97;0.0;0.0;0.0;0.0;;0.0;0.0;-2033373.97;;;Cash;-2033373.97;-2033373.97;0.0;0.0;0.0;0.0
250;300155;CSH_GBP_DB;328317.5694;0.0;0.0;0.0;-8207.939235;;0.0;3283.175694;328317.5694;;;Cash;328317.5694;320109.630165;0.0;0.0;0.0;0.0
251;300155;CSH_JPY_DB;2080215.271;0.0;0.0;0.0;-52005.381775;;0.0;20802.15271;2080215.271;;;Cash;2080215.271;2028209.889225;0.0;0.0;0.0;0.0
252;300155;CSH_USD_DB;6734264.988;0.0;0.0;0.0;-168356.6247;;0.0;67342.64988;6734264.988;;;Cash;6734264.988;6565908.3633;0.0;0.0;0.0;0.0
253;300155;ECM25 Curncy;0.0;0.0;0.0;0.0;-1123577.53575;;0.0;449431.0143;-44998565.08;;;FX Future;0.0;-1123577.53575;0.0;0.0;0.0;0.0
254;300155;ESM25 Index;0.0;0.0;0.0;0.0;-4710169.413000001;;471016.9413;0.0;47101694.13;;;Equity Index Future;0.0;-4710169.413000001;0.0;0.0;0.0;0.0
255;300155;FR0010582452;38229003.07;0.033149011;0.296124349;479.6983892;-43338.29326;;0.0;1.78e-07;38235218.47;;FR0010582452;Fund Unit;38229003.07;38185664.77674;0.0025;0.03283805758079023;0.0035;0.2959920819190977
256;300155;FR0012599645;8361490.8;0.230690404;0.508247245;638.7224406;-20786.39973;;0.0;3.44e-09;6620299.726;;FR0012599645;Fund Unit;8361490.8;8340704.40027;0.0025;0.2289137345614497;0.0035;0.506477747984463
257;300155;FR0013259199;24721763.52;3.282306222;4.689988881;38148.54855;-1875120.173226329;;9.554438583;-497.7884101;24721975.37;;FR0013259199;Fund Unit;24721763.52;22846643.34677367;0.0025;3.270662157626596;0.014;4.78189658247387
258;300155;FR001400IR05;14755999.82;0.000220759;0.001972064;1.233078989;-1783895.8165;;145609.0883;131121.9734;14756351.98;;FR001400IR05;Fund Unit;14755999.82;12972104.0035;0.0;0.000220759;0.0;0.001972064
259;300155;FR001400ITZ9;33232078.0;0.0;0.0;0.0;-4647644.22595;;332105.5439;132108.8621;33270021.85;;FR001400ITZ9;Fund Unit;33232078.0;28584433.77405;0.0;0.0;0.0;0.0
260;300155;FR001400JWC0;115709141.7;4.313248284;4.21234152;350424.2168;-3027399.00900825;;0.0;18.3231433;116106734.9;;FR001400JWC0;Fund Unit;115709141.7;112681742.69099176;0.0025;4.284046259421878;0.0035;4.168447671716533
261;300155;FR001400K2R1;41024393.43;0.0;0.0;0.0;-5121983.345500001;;409637.4142;410243.6814;41024393.43;;FR001400K2R1;Fund Unit;41024393.43;35902410.0845;0.0;0.0;0.0;0.0
262;300155;FR001400K2W1;99125377.84;0.0;0.0;0.0;-12354509.531000001;;987598.1123;991411.3632;99125377.84;;FR001400K2W1;Fund Unit;99125377.84;86770868.309;0.0;0.0;0.0;0.0
263;300155;FR001400K3P3;95367349.96;6.952436748;6.951644832;829946.4945;-3050478.91334975;;0.0;741.1205911;93887928.08;;FR001400K3P3;Fund Unit;95367349.96;92316871.04665025;0.0025;6.855712009641744;0.002;6.874243019584059
264;300155;FR001400KDA2;13156455.24;1.819375407;1.821915351;6145.827666;-147648.73667;;0.0;1.6e-10;15056836.08;;FR001400KDA2;Fund Unit;13156455.24;13008806.50333;0.0025;1.8159723739815254;0.0035;1.8171834751352813
265;300155;FR001400LLB1;116648576.0;4.67189034;4.629945198;593518.903;-2507336.668155;;-405.6632695;25194.50239;142620128.4;;FR001400LLB1;Fund Unit;116648576.0;114141239.331845;0.0025;4.599254391941762;0.002;4.571056105928405
266;300155;FXW1023967;64288.169999999925;0.131506846;0.0;0.02770003699999979;-198464.35137500003;State Street Bank International GmbH;0.0;79385.74055;64288.169999999925;;;Currency Forward;64288.169999999925;-134176.1813750001;0.0;0.131506846;0.0;0.0
267;300155;LU0335978606;17196882.26;0.0;0.0;0.0;-2235594.6938;;171968.8226;0.0;17196882.26;;LU0335978606;Equity;17196882.26;14961287.566200001;0.0;0.0;0.0;0.0
268;300155;LU1717592692;20831900.92;1.07422244;1.035547903;-46248.76836;4012.0225749999954;;0.0;7906.131986;26285331.63;;LU1717592692;Fund Unit;20831900.92;20835912.942575;0.0025;1.1326096627683797;0.002;1.0820944924323201
269;300155;LU1717594557;24207663.9;0.000307037;0.002742805;2.813513348;-3066756.6332;;235904.3564;100657.7413;24207700.36;;LU1717594557;Fund Unit;24207663.9;21140907.266799998;0.0;0.000307037;0.0;0.002742805
270;300155;LU2527589415;4167069.806;0.106197074;1.934165179;-8387.712407;-115299.6696725;;22.5992844;9.01e-08;4276136.357;;LU2527589415;Fund Unit;4167069.806;4051770.1363275;0.0025;0.15654667421921092;0.014;2.2683389799234
271;300155;MESM25 Index;0.0;0.0;0.0;0.0;-843229.0317;;84322.90317;0.0;8432290.317;;;Equity Index Future;0.0;-843229.0317;0.0;0.0;0.0;0.0
272;300155;PTM25 Index;0.0;0.0;0.0;0.0;-1059615.019;;105961.5019;0.0;10596150.19;;;Equity Index Future;0.0;-1059615.019;0.0;0.0;0.0;0.0
273;300155;RFM25 Curncy;0.0;0.0;0.0;0.0;0.0;;0.0;37332.02128;-3736239.44;;;FX Future;0.0;0.0;0.0;0.0;0.0;0.0
274;300155;RPM25 Curncy;0.0;0.0;0.0;0.0;-188309.7866;;0.0;75323.91464;-7539631.376;;;FX Future;0.0;-188309.7866;0.0;0.0;0.0;0.0
275;300155;RTYM25 Index;0.0;0.0;0.0;0.0;-384702.3699;;38470.23699;0.0;3847023.699;;;Equity Index Future;0.0;-384702.3699;0.0;0.0;0.0;0.0
276;300155;RXM25 Cmdty;0.0;0.0;0.0;57297.2587;-251731.25071999998;;0.0;0.0;7729800.0;;;Bond Future;0.0;-251731.25071999998;0.0025;0.0;0.0015;0.0
277;300155;RYM25 Curncy;0.0;0.0;0.0;0.0;-264621.80325000006;;0.0;105848.7213;-10633346.45;;;FX Future;0.0;-264621.80325000006;0.0;0.0;0.0;0.0
278;300155;SXOM25 Index;0.0;0.0;0.0;0.0;-1000603.5;;76969.5;0.0;7696950.0;;;Equity Index Future;0.0;-1000603.5;0.0;0.0;0.0;0.0
279;300155;TPM25 Index;0.0;0.0;0.0;0.0;-1476571.6014;;210938.8002;0.0;21093880.02;;;Equity Index Future;0.0;-1476571.6014;0.0;0.0;0.0;0.0
280;300155;TYK25C 111.5;88959.22051;457.122239;457.122239;0.0;-114053.38517775001;;0.0;889.5922051;6865470.159;;;Bond Future Option;88959.22051;-25094.16466775001;0.00125;457.122239;0.0015;457.122239
281;300155;TYK25C 112;62922.37549;505.4496034;505.4496034;0.0;-89034.30617225;;0.0;629.2237549;5369451.636;;;Bond Future Option;62922.37549;-26111.93068225;0.00125;505.4496034;0.0015;505.4496034
282;300155;TYM25 Cmdty;0.0;0.0;0.0;-51452.36773;212991.99762500002;;0.0;0.0;-13076079.66;;;Bond Future;0.0;212991.99762500002;0.00125;0.0;0.0015;0.0
283;300155;T_IE000KXCEXR3;19109470.66;0.0;0.0;0.0;-2388683.8325000005;;191094.7066;191094.7066;19109470.66;;T_IE000KXCEXR3;Fund Unit;19109470.66;16720786.8275;0.0;0.0;0.0;0.0
284;300155;T_IE00B3DKXQ41;17476944.69;6.091999917;6.092017545;129526.4985;-654416.0953500001;;0.0;4.490334254;17476944.69;;T_IE00B3DKXQ41;Fund Unit;17476944.69;16822528.59465;0.0025;5.999499120449683;0.0035;5.9625171815590665
285;300155;T_IE00BFNM3G45;24747145.0;0.0;0.0;0.0;-3093393.1250000005;;247471.45;247471.45;24747145.0;;T_IE00BFNM3G45;Fund Unit;24747145.0;21653751.875;0.0;0.0;0.0;0.0
286;300155;T_IE00BYZTVT56;8551080.0;4.268652037;4.268741437;25463.83063;-223737.75119500002;;0.0;0.047132464;8551080.0;;T_IE00BYZTVT56;Fund Unit;8551080.0;8327342.2488049995;0.0025;4.239759271151255;0.0035;4.228294236162175
287;300155;T_LU0456627131;4202640.0;2.811253143;2.814728418;-5341.041379;-198694.90051;;0.0;0.0;4202640.0;;T_LU0456627131;Fund Unit;4202640.0;4003945.09949;0.0025;2.862782945620313;0.014;3.1035690383367243
288;300155;T_LU1806495575;4673158.674;6.53265813;6.527609812;40174.18253;-96212.678125;;0.0;1527.143495;4673158.674;;T_LU1806495575;Fund Unit;4673158.674;4576945.995875;0.00125;6.478542732589505;0.00175;6.4517328739502675
289;300155;T_LU2182388236;11460243.6;6.091999917;6.092017545;84935.05314;-429123.51109;;0.0;2.944469146;11460243.6;;T_LU2182388236;Fund Unit;11460243.6;11031120.08891;0.0025;5.9994991203866554;0.0035;5.962517181470827
290;300155;UBM25 Cmdty;0.0;0.0;0.0;430267.6803;-681849.6772;;0.0;0.0;8348200.0;;;Bond Future;0.0;-681849.6772;0.0025;0.0;0.0015;0.0
291;300155;UEAJ5C 1.1;42931.50045;0.216438356;0.0;0.0;138690.43825;;0.0;-55476.1753;5590549.031;;;FX Option;42931.50045;181621.9387;0.0;0.216438356;0.0;0.0
292;300156;BMBWYH3;6949200.0;0.0;0.0;0.0;-903396.0000000001;;69492.0;0.0;6949200.0;;IE000LAP5Z18;Equity;6949200.0;6045804.0;0.0;0.0;0.0;0.0
293;300156;CAM25 Curncy;0.0;0.0;0.0;0.0;0.0;;0.0;160120.9703;-16008461.17;;;FX Future;0.0;0.0;0.0;0.0;0.0;0.0
294;300156;CSH_CAD_DB;1700623.618;0.0;0.0;0.0;0.0;;0.0;17006.23618;1700623.618;;;Cash;1700623.618;1700623.618;0.0;0.0;0.0;0.0
295;300156;CSH_CHF_DB;78168.04095;0.0;0.0;0.0;0.0;;0.0;781.6804095;78168.04095;;;Cash;78168.04095;78168.04095;0.0;0.0;0.0;0.0
296;300156;CSH_EUR_DB;2704347.09;0.0;0.0;0.0;0.0;;0.0;0.0;2704347.09;;;Cash;2704347.09;2704347.09;0.0;0.0;0.0;0.0
297;300156;CSH_GBP_DB;532500.9678;0.0;0.0;0.0;-13312.524195;;0.0;5325.009678;532500.9678;;;Cash;532500.9678;519188.443605;0.0;0.0;0.0;0.0
298;300156;CSH_JPY_DB;23758.94978;0.0;0.0;0.0;-593.9737445000001;;0.0;237.5894978;23758.94978;;;Cash;23758.94978;23164.9760355;0.0;0.0;0.0;0.0
299;300156;CSH_USD_DB;-202667.506;0.0;0.0;0.0;5066.68765;;0.0;-2026.67506;-202667.506;;;Cash;-202667.506;-197600.81835;0.0;0.0;0.0;0.0
300;300156;ECM25 Curncy;0.0;0.0;0.0;0.0;-1129854.50525;;0.0;451941.8021;-45249953.71;;;FX Future;0.0;-1129854.50525;0.0;0.0;0.0;0.0
301;300156;ESM25 Index;0.0;0.0;0.0;0.0;-4396158.119;;439615.8119;0.0;43961581.19;;;Equity Index Future;0.0;-4396158.119;0.0;0.0;0.0;0.0
302;300156;FR0010582452;52369663.13;0.033149011;0.296124349;657.1357093;-59368.84661;;0.0;2.43e-07;52378177.57;;FR0010582452;Fund Unit;52369663.13;52310294.28339;0.0025;0.032838057580767396;0.0035;0.29599208191906573
303;300156;FR0012599645;7056706.8;0.230690404;0.508247245;539.0518387;-17542.748277;;0.0;2.9e-09;5587223.046;;FR0012599645;Fund Unit;7056706.8;7039164.051723;0.0025;0.22891373456139946;0.0035;0.5064777479843927
304;300156;FR0013073806;7605156.75;0.000759901;0.00678829;2.187609103;-878137.9266400001;;67549.07128;15410.93938;7049653.167;;FR0013073806;Fund Unit;7605156.75;6727018.82336;0.0;0.000759901;0.0;0.00678829
305;300156;FR0013259199;11288760.0;3.282306222;4.689988881;17419.86605;-856240.760813632;;4.362866914;-227.3063525;11288856.74;;FR0013259199;Fund Unit;11288760.0;10432519.239186369;0.0025;3.2706621576168424;0.014;4.781896582419251
306;300156;FR001400IR05;20002073.87;0.000220759;0.001972064;1.671464985;-2418108.995;;197376.2385;177738.644;20002551.24;;FR001400IR05;Fund Unit;20002073.87;17583964.875;0.0;0.000220759;0.0;0.001972064
307;300156;FR001400ITZ9;33881977.75;0.0;0.0;0.0;-4738535.4063;;338600.3321;134692.4356;33920663.64;;FR001400ITZ9;Fund Unit;33881977.75;29143442.3437;0.0;0.0;0.0;0.0
308;300156;FR001400JWC0;37800101.7;4.313248284;4.21234152;114477.3078;-988996.969005865;;0.0;5.985842346;37929988.26;;FR001400JWC0;Fund Unit;37800101.7;36811104.730994135;0.0025;4.284046259441987;0.0035;4.168447671744685
309;300156;FR001400K2R1;61562461.38;0.0;0.0;0.0;-7686205.097750001;;614714.4512;615624.2343;61562461.38;;FR001400K2R1;Fund Unit;61562461.38;53876256.28225;0.0;0.0;0.0;0.0
310;300156;FR001400K2W1;109862585.8;0.0;0.0;0.0;-13692743.400000002;;1094574.212;1098800.512;109862585.8;;FR001400K2W1;Fund Unit;109862585.8;96169842.39999999;0.0;0.0;0.0;0.0
311;300156;FR001400K3P3;55921415.4;6.952436748;6.951644832;486663.2312;-1788736.90587125;;0.0;434.5775829;55053913.41;;FR001400K3P3;Fund Unit;55921415.4;54132678.49412875;0.0025;6.8557120096239;0.002;6.874243019569784
312;300156;FR001400LLB1;13187877.9;4.67189034;4.629945198;67101.16051;-283470.6685565;;-45.86286304;2848.401863;16124130.3;;FR001400LLB1;Fund Unit;13187877.9;12904407.2314435;0.0025;4.599254391985104;0.002;4.571056105963079
313;300156;FXW1023959;53737.40000000037;0.131506846;0.0;0.02315386900000016;-166156.20115;NATIXIS;0.0;66462.48046;53737.40000000037;;;Currency Forward;53737.40000000037;-112418.80114999964;0.0;0.131506846;0.0;0.0
314;300156;LU1717594557;48139215.54;0.000307037;0.002742805;5.594935803;-6098533.8843;;469117.9911;200167.3818;48139288.03;;LU1717594557;Fund Unit;48139215.54;42040681.6557;0.0;0.000307037;0.0;0.002742805
315;300156;LU1897556608;6086411.258;0.000883148;0.007889271;2.034695213;-724437.3358;;58661.04425;55130.75732;6086437.622;;LU1897556608;Fund Unit;6086411.258;5361973.9222;0.0;0.000883148;0.0;0.007889271
316;300156;LU2527589415;2250648.5;0.106197074;1.934165179;-4530.231848;-62273.7416665;;12.20594996;4.87e-08;2309555.713;;LU2527589415;Fund Unit;2250648.5;2188374.7583335;0.0025;0.1565466742211687;0.014;2.268338979934364
317;300156;MESM25 Index;0.0;0.0;0.0;0.0;-2005239.77;;200523.977;0.0;20052397.7;;;Equity Index Future;0.0;-2005239.77;0.0;0.0;0.0;0.0
318;300156;PTM25 Index;0.0;0.0;0.0;0.0;-1502726.7550000001;;150272.6755;0.0;15027267.55;;;Equity Index Future;0.0;-1502726.7550000001;0.0;0.0;0.0;0.0
319;300156;RFM25 Curncy;0.0;0.0;0.0;0.0;0.0;;0.0;49776.02837;-4981652.587;;;FX Future;0.0;0.0;0.0;0.0;0.0;0.0
320;300156;RPM25 Curncy;0.0;0.0;0.0;0.0;-235387.23325000002;;0.0;94154.8933;-9424539.22;;;FX Future;0.0;-235387.23325000002;0.0;0.0;0.0;0.0
321;300156;RTYM25 Index;0.0;0.0;0.0;0.0;-872617.5708000001;;87261.75708;0.0;8726175.708;;;Equity Index Future;0.0;-872617.5708000001;0.0;0.0;0.0;0.0
322;300156;SXOM25 Index;0.0;0.0;0.0;0.0;-835555.5;;64273.5;0.0;6427350.0;;;Equity Index Future;0.0;-835555.5;0.0;0.0;0.0;0.0
323;300156;T_FR0010853556;1740840.0;2.855370798;2.859091385;-2175.365708;-83609.0480595;;0.0;0.0;1740840.0;;T_FR0010853556;Fund Unit;1740840.0;1657230.9519405;0.0025;2.9069938269476556;0.014;3.1484780032588136
324;300156;T_FR0011026707;6754068.1;6.091999917;6.092017545;50056.27743;-252902.95032;;0.0;1.735316091;6754068.1;;T_FR0011026707;Fund Unit;6754068.1;6501165.14968;0.0025;5.999499120363303;0.0035;5.962517181438133
325;300156;T_IE000KXCEXR3;31586605.39;0.0;0.0;0.0;-3948325.67375;;315866.0539;315866.0539;31586605.39;;T_IE000KXCEXR3;Fund Unit;31586605.39;27638279.716250002;0.0;0.0;0.0;0.0
326;300156;T_IE00BFNM3G45;67576576.03;0.0;0.0;0.0;-8447072.00375;;675765.7603;675765.7603;67576576.03;;T_IE00BFNM3G45;Fund Unit;67576576.03;59129504.026250005;0.0;0.0;0.0;0.0
327;300156;T_LU0456627131;3394440.0;2.811253143;2.814728418;-4313.918037;-160484.3427625;;0.0;0.0;3394440.0;;T_LU0456627131;Fund Unit;3394440.0;3233955.6572375;0.0025;2.862782945621163;0.014;3.103569038341483
328;300156;T_LU1291102447;27618692.76;0.0;0.0;0.0;-2623775.8122;;276186.9276;276186.9276;27618692.76;;T_LU1291102447;Fund Unit;27618692.76;24994916.947800003;0.0;0.0;0.0;0.0
329;300156;T_LU1602144906;17949097.37;0.0;0.0;0.0;-1256436.8159;;179490.9737;179490.9737;17949097.37;;T_LU1602144906;Fund Unit;17949097.37;16692660.554100001;0.0;0.0;0.0;0.0
330;300156;T_LU1806495575;16493501.2;6.53265813;6.527609812;141791.2325;-339574.1581475;;0.0;5389.918219;16493501.2;;T_LU1806495575;Fund Unit;16493501.2;16153927.041852498;0.00125;6.478542732542968;0.00175;6.451732873885116
331;300156;UEAJ5C 1.1;42931.50045;0.216438356;0.0;0.0;138690.43825;;0.0;-55476.1753;5590549.031;;;FX Option;42931.50045;181621.9387;0.0;0.216438356;0.0;0.0
332;300191;BE6359531173;0.0;0.075862824;0.075862824;107.4542055;-6718.4676325;;0.0;0.0;13473849.92;8.0;BE6359531173;Bond;0.0;-6718.4676325;0.0025;-inf;0.004;-inf
333;300191;BE6360390031;0.0;0.100268439;0.100268439;86.08034285;-5257.85841425;;0.0;0.0;7979701.959;8.0;BE6360390031;Bond;0.0;-5257.85841425;0.0025;-inf;0.004;-inf
334;300191;CSH_EUR_DB;0.0;0.0;0.0;0.0;0.0;;0.0;0.0;93685302.05;;;Cash;0.0;0.0;0.0;;0.0;
335;300191;DE000CZ450R9;0.0;0.884312588;0.884312588;4026.451727;-142050.400765;;0.0;0.0;24468332.36;8.0;DE000CZ450R9;Bond;0.0;-142050.400765;0.0025;-inf;0.004;-inf
336;300191;DE000CZ451J4;0.0;0.653786181;0.653786181;1049.174714;-42243.164600000004;;0.0;0.0;9842805.669;8.0;DE000CZ451J4;Bond;0.0;-42243.164600000004;0.0025;-inf;0.004;-inf
337;300191;DE000CZ452E3;0.0;0.933139022;0.933139022;3484.059174;-119772.618095;;0.0;0.0;19551433.63;8.0;DE000CZ452E3;Bond;0.0;-119772.618095;0.0025;-inf;0.004;-inf
338;300191;FR0014003N51;0.0;0.0;0.0;0.0;0.0;;0.0;0.0;0.0;;FR0014003N51;Bond;0.0;0.0;0.0025;;0.002;
339;300191;FR0128580331;0.0;0.005852417;0.067803606;-5.410338844;-4475.182095;;0.0;0.0;15506325.57;8.0;FR0128580331;Bond;0.0;-4475.182095;0.0025;inf;0.004;inf
340;300191;FR0128584150;0.0;0.005845441;0.067852994;-7.214850939;-5966.18605675;;0.0;0.0;20673843.63;8.0;FR0128584150;Bond;0.0;-5966.18605675;0.0025;inf;0.004;inf
341;300191;FR0128585413;0.0;0.006484781;0.081379407;-13.45767942;-8910.851564749999;;0.0;0.0;25830121.92;8.0;FR0128585413;Bond;0.0;-8910.851564749999;0.0025;inf;0.004;inf
342;300191;FR0128607365;0.0;0.006865703;0.094948132;-18.85580581;-10345.0314785;;0.0;0.0;25815729.47;8.0;FR0128607365;Bond;0.0;-10345.0314785;0.0025;inf;0.004;inf
343;300191;FR0128614064;0.0;0.140947231;0.140947231;180.3712563;-9795.39741;;0.0;0.0;11459359.15;8.0;FR0128614064;Bond;0.0;-9795.39741;0.0025;-inf;0.0035;-inf
344;300191;FR0128614254;0.0;0.154512935;0.154512935;173.9848154;-9333.69744;;0.0;0.0;9961402.235;8.0;FR0128614254;Bond;0.0;-9333.69744;0.0025;-inf;0.0035;-inf
345;300191;FR0128614551;0.0;0.010868672;0.179106461;-42.91527134;-10189.86634775;;0.0;0.0;15438059.47;8.0;FR0128614551;Bond;0.0;-10189.86634775;0.0025;inf;0.0035;inf
346;300191;FR0128615376;0.0;0.012545517;0.217123169;-63.81148943;-12311.762965749998;;0.0;0.0;15418863.07;8.0;FR0128615376;Bond;0.0;-12311.762965749998;0.0025;inf;0.0035;inf
347;300191;FR0128633858;0.0;0.008931229;0.135721537;-40.07771892;-14696.339558500002;;0.0;0.0;25770696.49;8.0;FR0128633858;Bond;0.0;-14696.339558500002;0.0025;inf;0.004;inf
348;300191;FR0128635192;0.0;0.009308167;0.143833137;-36.26272616;-12451.25400525;;0.0;0.0;20611507.99;8.0;FR0128635192;Bond;0.0;-12451.25400525;0.0025;inf;0.004;inf
349;300191;FR0128635606;0.0;0.009293037;0.143832763;-18.13384998;-6224.54176825;;0.0;0.0;10304602.76;8.0;FR0128635606;Bond;0.0;-6224.54176825;0.0025;inf;0.004;inf
350;300191;FR0128656842;0.0;0.019669473;0.401919881;-448.0096294;-51144.27391275;;0.0;0.0;30605310.47;8.0;FR0128656842;Bond;0.0;-51144.27391275;0.0025;inf;0.004;inf
351;300191;FR0128662154;0.0;0.200574557;0.200574557;187.8061529;-10489.4408385;;0.0;0.0;7959762.8;8.0;FR0128662154;Bond;0.0;-10489.4408385;0.0025;-inf;0.004;-inf
352;300191;FR0128666064;0.0;0.01345348;0.23892457;-77.62577248;-15375.974794750002;;0.0;0.0;15406521.91;8.0;FR0128666064;Bond;0.0;-15375.974794750002;0.0025;inf;0.004;inf
353;300191;FR0128692607;0.0;0.014914813;0.274222833;-445.898074;-76280.76088875;;0.0;0.0;66671040.55;8.0;FR0128692607;Bond;0.0;-76280.76088875;0.0025;inf;0.004;inf
354;300191;FR0128768654;0.0;0.017928463;0.352895291;-573.7712527;-75104.0121145;;0.0;0.0;51109289.69;8.0;FR0128768654;Bond;0.0;-75104.0121145;0.0025;inf;0.004;inf
355;300191;FR0128787282;0.0;0.404264889;0.404264889;414.6635035;-18191.851698;;0.0;0.0;7427322.002;8.0;FR0128787282;Bond;0.0;-18191.851698;0.0025;-inf;0.0035;-inf
356;300191;FR0128789924;0.0;0.016346508;0.333936278;-257.1436397;-35424.149848249996;;0.0;0.0;25506809.57;8.0;FR0128789924;Bond;0.0;-35424.149848249996;0.0025;inf;0.004;inf
357;300191;FR0128806710;0.0;0.020564555;0.423543026;-207.6064876;-22441.548064;;0.0;0.0;12743635.78;8.0;FR0128806710;Bond;0.0;-22441.548064;0.0025;inf;0.004;inf
358;300191;FR0128813492;0.0;0.022747472;0.485951866;-329.0581141;-27050.6498495;;0.0;0.0;15254352.07;8.0;FR0128813492;Bond;0.0;-27050.6498495;0.0025;inf;0.0035;inf
359;300191;FR0128816198;0.0;0.023121006;0.496811907;-229.3688794;-18425.724135499997;;0.0;0.0;10165372.54;8.0;FR0128816198;Bond;0.0;-18425.724135499997;0.0025;inf;0.0035;inf
360;300191;FR0128816420;0.0;0.059503631;0.059503631;27.62057583;-1624.7483886;;0.0;0.0;4492675.468;8.0;FR0128816420;Bond;0.0;-1624.7483886;0.0025;-inf;0.0035;-inf
361;300191;FR0128867167;0.0;0.009871681;0.268492376;-134.422784;-22340.720274750005;;0.0;0.0;20133836.22;8.0;FR0128867167;Bond;0.0;-22340.720274750005;0.0025;inf;0.004;inf
362;300191;FR0128867399;0.0;0.011163653;0.341802487;-330.7807361;-42502.800741;;0.0;0.0;30170983.15;8.0;FR0128867399;Bond;0.0;-42502.800741;0.0025;inf;0.004;inf
363;300191;FR0128867449;0.0;0.010926857;0.311938338;-91.2119269;-12944.29469325;;0.0;0.0;10053109.67;8.0;FR0128867449;Bond;0.0;-12944.29469325;0.0025;inf;0.004;inf
364;300191;FR0128902766;0.0;0.026339656;0.592076545;-326.5146375;-24874.93659525;;0.0;0.0;10132810.11;8.0;FR0128902766;Bond;0.0;-24874.93659525;0.0025;inf;0.004;inf
365;300191;FR0128902923;0.0;0.031055147;0.665441053;-606.6343428;-41912.2717195;;0.0;0.0;15354209.03;;FR0128902923;Bond;0.0;-41912.2717195;0.0025;inf;0.004;inf
366;300191;FR0128910587;0.0;0.062295965;0.062295965;64.51938983;-3774.7279224000004;;0.0;0.0;9983881.824;8.0;FR0128910587;Bond;0.0;-3774.7279224000004;0.0025;-inf;0.0035;-inf
367;300191;FR0128913656;0.0;0.819747902;0.819747902;1444.782716;-48691.841346;;0.0;0.0;9808235.15;8.0;FR0128913656;Bond;0.0;-48691.841346;0.0025;-inf;0.0035;-inf
368;300191;FR0128913979;0.0;0.03251917;0.790164136;-1749.713174;-86682.094429;;0.0;0.0;30184847.4;8.0;FR0128913979;Bond;0.0;-86682.094429;0.0025;inf;0.0035;inf
369;300191;FR0128958545;0.0;0.151692966;0.151692966;85.13488248;-4584.7719414;;0.0;0.0;4980481.425;8.0;FR0128958545;Bond;0.0;-4584.7719414;0.0025;-inf;0.0035;-inf
370;300191;FR0128963560;0.0;0.1193093;0.1193093;390.9472079;-16226.064396;;0.0;0.0;29911684.37;8.0;FR0128963560;Bond;0.0;-16226.064396;0.0025;-inf;0.002;-inf
371;300191;FR0128984541;0.0;0.012061202;0.333746862;-208.7302775;-27744.459201;;0.0;0.0;20132425.25;8.0;FR0128984541;Bond;0.0;-27744.459201;0.0025;inf;0.004;inf
372;300191;FR0128985662;0.0;0.027090495;0.027090495;43.41632831;-2628.307236;;0.0;0.0;15988869.02;8.0;FR0128985662;Bond;0.0;-2628.307236;0.0025;-inf;0.0035;-inf
373;300191;FR0129012466;0.0;0.0107529;0.306813995;-264.1321828;-19491.363335;;0.0;0.0;30169571.46;8.0;FR0129012466;Bond;0.0;-19491.363335;0.0025;inf;0.002;inf
374;300191;FR0129014306;0.0;0.011312553;0.328234157;-252.8453003;-34019.95480575;;0.0;0.0;25119791.99;8.0;FR0129014306;Bond;0.0;-34019.95480575;0.0025;inf;0.004;inf
375;300191;FR0129014868;0.0;0.038349812;0.979966268;-2243.254249;-101302.20608575;;0.0;0.0;25000304.35;8.0;FR0129014868;Bond;0.0;-101302.20608575;0.0025;inf;0.004;inf
376;300191;FR0129025500;0.0;0.154404391;0.154404391;173.7211375;-9332.658965999999;;0.0;0.0;9960293.923;8.0;FR0129025500;Bond;0.0;-9332.658965999999;0.0025;-inf;0.0035;-inf
377;300191;FR0129026011;0.0;0.029794106;0.029794106;14.95812363;-903.4127004;;0.0;0.0;4996145.996;8.0;FR0129026011;Bond;0.0;-903.4127004;0.0025;-inf;0.0035;-inf
378;300191;FR0129026433;0.0;0.046034866;0.046034866;10.32682118;-614.0556503999999;;0.0;0.0;2197356.005;8.0;FR0129026433;Bond;0.0;-614.0556503999999;0.0025;-inf;0.0035;-inf
379;300191;FR0129026458;0.0;0.211163332;0.211163332;186.7483834;-9562.981290000002;;0.0;0.0;7458308.058;8.0;FR0129026458;Bond;0.0;-9562.981290000002;0.0025;-inf;0.0035;-inf
380;300191;FR0129026656;0.0;0.08;0.08;0.0;-4800.0;;0.0;0.0;0.0;8.0;FR0129026656;Bond;0.0;-4800.0;0.0025;;0.0035;
381;300191;FR0129030120;0.0;0.081248803;0.081248803;256.9104263;-15993.5984;;0.0;0.0;29936735.46;8.0;FR0129030120;Bond;0.0;-15993.5984;0.0025;-inf;0.004;-inf
382;300191;FR0129030807;0.0;0.094756277;0.094756277;121.294601;-6886.886316;;0.0;0.0;11970064.31;8.0;FR0129030807;Bond;0.0;-6886.886316;0.0025;-inf;0.0035;-inf
383;300191;FR0129052264;0.0;0.034140738;0.844567974;-1332.786681;-70183.0055345;;0.0;0.0;20089188.13;8.0;FR0129052264;Bond;0.0;-70183.0055345;0.0025;inf;0.004;inf
384;300191;FR0129053411;0.0;0.100170439;0.100170439;214.7588107;-12132.300030000002;;0.0;0.0;19947250.05;8.0;FR0129053411;Bond;0.0;-12132.300030000002;0.0025;-inf;0.0035;-inf
385;300191;FR0129053510;0.0;0.081242745;0.081242745;85.62350828;-4921.0766178;;0.0;0.0;9978849.808;8.0;FR0129053510;Bond;0.0;-4921.0766178;0.0025;-inf;0.0035;-inf
386;300191;FR0129059954;0.0;0.018958447;0.018958447;28.25211731;-1725.1781004;;0.0;0.0;14992619.2;8.0;FR0129059954;Bond;0.0;-1725.1781004;0.0025;-inf;0.0035;-inf
387;300191;FR0129061463;0.0;0.046043199;0.046043199;70.43624017;-4186.7788566;;0.0;0.0;14982100.81;8.0;FR0129061463;Bond;0.0;-4186.7788566;0.0025;-inf;0.0035;-inf
388;300191;FR0129061638;0.0;0.059574647;0.059574647;61.53013654;-3610.8151583999997;;0.0;0.0;9984451.006;8.0;FR0129061638;Bond;0.0;-3610.8151583999997;0.0025;-inf;0.0035;-inf
389;300191;FR0129065985;0.0;0.119205328;0.119205328;325.187155;-19529.292718;;0.0;0.0;24923747.7;8.0;FR0129065985;Bond;0.0;-19529.292718;0.0025;-inf;0.004;-inf
390;300191;FR0129066371;0.0;0.13;0.13;0.0;-12180.0;;0.0;0.0;0.0;8.0;FR0129066371;Bond;0.0;-12180.0;0.0025;;0.0035;
391;300191;FR0129083459;0.0;0.401582911;0.401582911;1096.467295;-52206.6048855;;0.0;0.0;19808119.32;8.0;FR0129083459;Bond;0.0;-52206.6048855;0.0025;-inf;0.004;-inf
392;300191;FR0129101939;0.0;0.19227382;0.19227382;111.6484571;-6290.3145227;;0.0;0.0;4975004.985;8.0;FR0129101939;Bond;0.0;-6290.3145227;0.0025;-inf;0.004;-inf
393;300191;FR0129102523;0.0;0.024363047;0.024363047;12.15921448;-821.3285586;;0.0;0.0;4996415.397;8.0;FR0129102523;Bond;0.0;-821.3285586;0.0025;-inf;0.0035;-inf
394;300191;FR0129104735;0.0;0.036890496;0.939460622;-2062.014337;-97218.37517525;;0.0;0.0;25030432.15;8.0;FR0129104735;Bond;0.0;-97218.37517525;0.0025;inf;0.004;inf
395;300191;FR0129105732;0.0;0.037920967;0.037920967;21.10762565;-1264.5133776000002;;0.0;0.0;5494611.7;8.0;FR0129105732;Bond;0.0;-1264.5133776000002;0.0025;-inf;0.0035;-inf
396;300191;FR0129106086;0.0;0.046018628;0.046018628;35.17965919;-2267.7813846999998;;0.0;0.0;7490861.587;8.0;FR0129106086;Bond;0.0;-2267.7813846999998;0.0025;-inf;0.004;-inf
397;300191;FR0129106409;0.0;0.059552841;0.059552841;86.07720536;-5476.28047135;;0.0;0.0;13977918.69;8.0;FR0129106409;Bond;0.0;-5476.28047135;0.0025;-inf;0.004;-inf
398;300191;FR0129107100;0.0;0.06;0.06;0.0;-4560.0;;0.0;0.0;0.0;8.0;FR0129107100;Bond;0.0;-4560.0;0.0025;;0.0035;
399;300191;FR0129107423;0.0;0.390336451;0.390336451;844.9244859;-37505.28825;;0.0;0.0;15844247.93;8.0;FR0129107423;Bond;0.0;-37505.28825;0.0025;-inf;0.0035;-inf
400;300191;FR0129108546;0.0;0.038087711;0.974537997;-1331.245381;-60446.4170215;;0.0;0.0;15001099.21;8.0;FR0129108546;Bond;0.0;-60446.4170215;0.0025;inf;0.004;inf
401;300191;FR0129108900;0.0;0.322357579;0.322357579;373.3374909;-17459.935193999998;;0.0;0.0;8925597.124;8.0;FR0129108900;Bond;0.0;-17459.935193999998;0.0025;-inf;0.0035;-inf
402;300191;FR0129108918;0.0;0.238237739;0.238237739;459.4159542;-23000.151191999998;;0.0;0.0;15899725.73;8.0;FR0129108918;Bond;0.0;-23000.151191999998;0.0025;-inf;0.0035;-inf
403;300191;FR0129109825;0.0;0.038593326;0.991460683;-367.1664928;-16390.015680250002;;0.0;0.0;4000996.567;8.0;FR0129109825;Bond;0.0;-16390.015680250002;0.0025;inf;0.004;inf
404;300191;FR0129110146;0.0;0.577648235;0.577648235;2654.795097;-104040.21426000001;;0.0;0.0;29575294.56;8.0;FR0129110146;Bond;0.0;-104040.21426000001;0.0025;-inf;0.0035;-inf
405;300191;IRSB100008195;0.0;0.123294097;0.0;-29.432939937;5857.317476499999;SOCIETE GENERALE;0.0;0.0;0.0;;;Swap;0.0;5857.317476499999;0.0025;inf;0.0;
406;300191;IRSB100008252;0.0;0.145212169;0.0;-23.510456889;3989.9548787;NOMURA FINANCIAL PRODUCTS EUROPE GMBH;0.0;0.0;0.0;;;Swap;0.0;3989.9548787;0.0025;inf;0.0;
407;300191;IRSB100008289;0.0;0.158911789;0.0;-24.540814177;3807.5217727000004;NOMURA FINANCIAL PRODUCTS EUROPE GMBH;0.0;0.0;0.0;;;Swap;0.0;3807.5217727000004;0.0025;inf;0.0;
408;300191;IRSB100008398;0.0;0.20548798699999998;0.0;-61.753485212;7443.841615275;SOCIETE GENERALE;0.0;0.0;0.0;;;Swap;0.0;7443.841615275;0.0025;inf;0.0;
409;300191;IRSB100008403;0.0;0.20548798799999998;0.0;-32.935190413;3970.00364445;BNP PARIBAS;0.0;0.0;0.0;;;Swap;0.0;3970.00364445;0.0025;inf;0.0;
410;300191;IRSB100008630;0.0;0.41097379;0.0;-124.029418392;7512.2755695999995;SOCIETE GENERALE;0.0;0.0;0.0;;;Swap;0.0;7512.2755695999995;0.0025;inf;0.0;
411;300191;IRSB100008770;0.0;0.45481013;0.0;-506.278067112;27724.606665925;NATIXIS;0.0;0.0;0.0;;;Swap;0.0;27724.606665925;0.0025;inf;0.0;
412;300191;IRSB100008780;0.0;0.46850961300000005;0.0;-537.186009715;28557.245028474994;NATIXIS;0.0;0.0;0.0;;;Swap;0.0;28557.245028474994;0.0025;inf;0.0;
413;300191;IRSB100008821;0.0;0.063018093;0.0;-1.707579499;644.9189675250001;BNP PARIBAS;0.0;0.0;0.0;;;Swap;0.0;644.9189675250001;0.0025;inf;0.0;
414;300191;IRSB100008858;0.0;0.53152449;0.0;-691.202999053;32406.063470775;NATIXIS;0.0;0.0;0.0;;;Swap;0.0;32406.063470775;0.0025;inf;0.0;
415;300191;IRSB100009066;0.0;0.123294099;0.0;-44.225275571;8804.201220449999;CREDIT AGRICOLE CORPORATE AND INVESTMENT BANK;0.0;0.0;0.0;;;Swap;0.0;8804.201220449999;0.0025;inf;0.0;
416;300191;IRSB100009071;0.0;0.27398381;0.0;-220.626049565;19992.414519525002;CREDIT AGRICOLE CORPORATE AND INVESTMENT BANK;0.0;0.0;0.0;;;Swap;0.0;19992.414519525002;0.0025;inf;0.0;
417;300191;IRSB100009075;0.0;0.024658228;0.0;-1.2539434980000002;1197.42711485;CREDIT AGRICOLE CORPORATE AND INVESTMENT BANK;0.0;0.0;0.0;;;Swap;0.0;1197.42711485;0.0025;inf;0.0;
418;300191;IRSB100009088;0.0;0.276723523;0.0;-74.998855336;6729.747613924999;CREDIT AGRICOLE CORPORATE AND INVESTMENT BANK;0.0;0.0;0.0;;;Swap;0.0;6729.747613924999;0.0025;inf;0.0;
419;300191;IRSB100009103;0.0;0.27946290900000004;0.0;-191.20764853400001;16993.310744424998;BNP PARIBAS;0.0;0.0;0.0;;;Swap;0.0;16993.310744424998;0.0025;inf;0.0;
420;300191;IRSB100009104;0.0;0.030137338;0.0;-1.2100492809999999;985.2483524999999;CREDIT AGRICOLE CORPORATE AND INVESTMENT BANK;0.0;0.0;0.0;;;Swap;0.0;985.2483524999999;0.0025;inf;0.0;
421;300191;IRSB100009109;0.0;0.030137338;0.0;-0.937895977;764.7668927999999;CREDIT AGRICOLE CORPORATE AND INVESTMENT BANK;0.0;0.0;0.0;;;Swap;0.0;764.7668927999999;0.0025;inf;0.0;
422;300191;IRSB100009143;0.0;0.06849716900000001;0.0;-5.8156003720000005;2043.9833104000002;BNP PARIBAS;0.0;0.0;0.0;;;Swap;0.0;2043.9833104000002;0.0025;inf;0.0;
423;300191;IRSB100009162;0.0;0.156172069;0.0;-11.883696786000002;1875.1377109250002;BNP PARIBAS;0.0;0.0;0.0;;;Swap;0.0;1875.1377109250002;0.0025;inf;0.0;
424;300191;IRSB100009163;0.0;0.7342692200000001;0.0;-1053.507526942;35788.05118595;CREDIT AGRICOLE CORPORATE AND INVESTMENT BANK;0.0;0.0;0.0;;;Swap;0.0;35788.05118595;0.0025;inf;0.0;
425;300191;IRSB100009168;0.0;0.830164168;0.0;-672.396651589;20205.367774799997;CREDIT AGRICOLE CORPORATE AND INVESTMENT BANK;0.0;0.0;0.0;;;Swap;0.0;20205.367774799997;0.0025;inf;0.0;
426;300191;IRSB100009187;0.0;0.082196615;0.0;-6.496848282;1913.1637094000002;JP MORGAN SE;0.0;0.0;0.0;;;Swap;0.0;1913.1637094000002;0.0025;inf;0.0;
427;300191;IRSB100009195;0.0;0.084935974;0.0;-20.768193406;5944.4485091;SOCIETE GENERALE;0.0;0.0;0.0;;;Swap;0.0;5944.4485091;0.0025;inf;0.0;
428;300191;IRSB100009204;0.0;0.6657745049999999;0.0;-1300.488568733;48710.79432565;NATIXIS;0.0;0.0;0.0;;;Swap;0.0;48710.79432565;0.0025;inf;0.0;
429;300191;IRSB100009211;0.0;0.33699877100000003;0.0;-166.991300577;12322.912665675001;CREDIT AGRICOLE CORPORATE AND INVESTMENT BANK;0.0;0.0;0.0;;;Swap;0.0;12322.912665675001;0.0025;inf;0.0;
430;300191;IRSB100009221;0.0;0.34795853499999996;0.0;-237.38260644300001;16964.952345399997;NATIXIS;0.0;0.0;0.0;;;Swap;0.0;16964.952345399997;0.0025;inf;0.0;
431;300191;IRSB100009226;0.0;0.7561890689999999;0.0;-1954.9128150899999;64480.472705500004;CREDIT AGRICOLE CORPORATE AND INVESTMENT BANK;0.0;0.0;0.0;;;Swap;0.0;64480.472705500004;0.0025;inf;0.0;
432;300191;IRSB100009231;0.0;0.753449671;0.0;-1386.505958228;45895.4973107;NATIXIS;0.0;0.0;0.0;;;Swap;0.0;45895.4973107;0.0025;inf;0.0;
433;300191;IRSB100009239;0.0;0.282202622;0.0;-234.03759284699998;20599.731285525002;NATIXIS;0.0;0.0;0.0;;;Swap;0.0;20599.731285525002;0.0025;inf;0.0;
434;300191;IRSB100009245;0.0;0.6054990330000001;0.0;-717.838246341;29555.75466875;CREDIT AGRICOLE CORPORATE AND INVESTMENT BANK;0.0;0.0;0.0;;;Swap;0.0;29555.75466875;0.0025;inf;0.0;
435;300191;IRSB100009252;0.0;0.698652458;0.0;-1192.967461412;42584.120150275;SOCIETE GENERALE;0.0;0.0;0.0;;;Swap;0.0;42584.120150275;0.0025;inf;0.0;
436;300191;IRSB100009258;0.0;0.868521273;0.0;-2206.499413653;63383.215970050005;CREDIT AGRICOLE CORPORATE AND INVESTMENT BANK;0.0;0.0;0.0;;;Swap;0.0;63383.215970050005;0.0025;inf;0.0;
437;300191;IRSB100009288;0.0;0.12055437999999999;0.0;-5.642350797;1146.8347801999998;CREDIT AGRICOLE CORPORATE AND INVESTMENT BANK;0.0;0.0;0.0;;;Swap;0.0;1146.8347801999998;0.0025;inf;0.0;
438;300191;IRSB100009319;0.0;0.627417398;0.0;-577.787054581;22961.158151775;CREDIT AGRICOLE CORPORATE AND INVESTMENT BANK;0.0;0.0;0.0;;;Swap;0.0;22961.158151775;0.0025;inf;0.0;
439;300191;IRSB100009346;0.0;0.895918679;0.0;-1955.495360156;54460.635550525;CREDIT AGRICOLE CORPORATE AND INVESTMENT BANK;0.0;0.0;0.0;;;Swap;0.0;54460.635550525;0.0025;inf;0.0;
440;300191;IRSB100009375;0.0;0.408234076;0.0;-163.45089568999998;9966.206344899998;NATIXIS;0.0;0.0;0.0;;;Swap;0.0;9966.206344899998;0.0025;inf;0.0;
441;300191;IRSB100009384;0.0;0.408234076;0.0;-326.93271633800003;19934.346143925002;NATIXIS;0.0;0.0;0.0;;;Swap;0.0;19934.346143925002;0.0025;inf;0.0;
442;300191;IRSB100009392;0.0;0.663034805;0.0;-430.048938701;16174.109561075;NATIXIS;0.0;0.0;0.0;;;Swap;0.0;16174.109561075;0.0025;inf;0.0;
443;300191;IRSB100009413;0.0;0.6054990370000001;0.0;-538.475428242;22170.84105615;NATIXIS;0.0;0.0;0.0;;;Swap;0.0;22170.84105615;0.0025;inf;0.0;
444;300191;IRSB100009427;0.0;0.5205659109999999;0.0;-332.02855171;15890.550964524999;NATIXIS;0.0;0.0;0.0;;;Swap;0.0;15890.550964524999;0.0025;inf;0.0;
445;300191;IRSB100009437;0.0;0.945235455;0.0;-1739.547136671;45923.80179525;NOMURA FINANCIAL PRODUCTS EUROPE GMBH;0.0;0.0;0.0;;;Swap;0.0;45923.80179525;0.0025;inf;0.0;
446;300191;IRSB100009458;0.0;0.328779958;0.0;-95.416996266;7214.039047200001;BNP PARIBAS;0.0;0.0;0.0;;;Swap;0.0;7214.039047200001;0.0025;inf;0.0;
447;300191;IRSB100009466;0.0;0.504127031;0.0;-99.67568785200001;4925.693223474999;NATIXIS;0.0;0.0;0.0;;;Swap;0.0;4925.693223474999;0.0025;inf;0.0;
448;300191;IRSB100009470;-787.24;-3331.664796106;0.0;-679.651765952;28763.29157905;BNP PARIBAS;0.0;0.0;0.0;;;Swap;-787.24;27976.05157905;0.0025;24396.72761544707;0.0;0.0
449;300191;SECL100006670;0.0;0.002739726;0.244368219;0.0;9.77472876;;0.0;0.0;0.0;;SECL100006670;Bond;0.0;9.77472876;0.002;;0.002;
450;300191;XS2812505829;0.0;0.005851474;0.067759734;-9.016565272;-7458.128365250001;;0.0;0.0;25842325.28;8.0;XS2812505829;Bond;0.0;-7458.128365250001;0.0025;inf;0.004;inf
451;300191;XS2823899161;0.0;0.119323639;0.119323639;260.6979743;-15625.328556499999;;0.0;0.0;19941415.81;8.0;XS2823899161;Bond;0.0;-15625.328556499999;0.0025;-inf;0.004;-inf
452;300191;XS2840087667;0.0;0.01093343;0.181640205;-59.05302913;-15667.02929375;;0.0;0.0;20571740.57;8.0;XS2840087667;Bond;0.0;-15667.02929375;0.0025;inf;0.004;inf
453;300191;XS2841263358;0.0;0.01080062;0.189877338;-81.23302031;-20417.67836525;;0.0;0.0;25710917.71;8.0;XS2841263358;Bond;0.0;-20417.67836525;0.0025;inf;0.004;inf
454;300191;XS2843279691;0.0;0.011511337;0.195321437;-34.2533113;-8408.29065775;;0.0;0.0;10281353.38;8.0;XS2843279691;Bond;0.0;-8408.29065775;0.0025;inf;0.004;inf
455;300191;XS2845159602;0.0;0.200934163;0.200934163;353.5305049;-19674.944692;;0.0;0.0;14930051.58;8.0;XS2845159602;Bond;0.0;-19674.944692;0.0025;-inf;0.004;-inf
456;300191;XS2865535673;0.0;0.01549297;0.290416272;-192.9718607;-31029.962616;;0.0;0.0;25616331.09;8.0;XS2865535673;Bond;0.0;-31029.962616;0.0025;inf;0.004;inf
457;300191;XS2895045164;0.0;0.019937579;0.407332841;-306.8679533;-34555.3761245;;0.0;0.0;20402546.53;8.0;XS2895045164;Bond;0.0;-34555.3761245;0.0025;inf;0.004;inf
458;300191;XS2903381072;0.0;0.448169426;0.448169426;1581.379166;-72707.738545;;0.0;0.0;24744358.58;8.0;XS2903381072;Bond;0.0;-72707.738545;0.0025;-inf;0.004;-inf
459;300191;XS2906220855;0.0;0.461077283;0.461077283;1638.385816;-74836.109985;;0.0;0.0;24719620.04;8.0;XS2906220855;Bond;0.0;-74836.109985;0.0025;-inf;0.004;-inf
460;300191;XS2908892438;0.0;0.026961676;0.559664749;-362.9414547;-29580.9201495;;0.0;0.0;12723313.31;8.0;XS2908892438;Bond;0.0;-29580.9201495;0.0025;inf;0.004;inf
461;300191;XS2914666057;0.0;0.023259272;0.502537065;-469.13744;-42400.565517;;0.0;0.0;20330684.1;8.0;XS2914666057;Bond;0.0;-42400.565517;0.0025;inf;0.004;inf
462;300191;XS2920487852;0.0;0.524188418;0.524188418;1944.671618;-84894.86161;;0.0;0.0;24700378.23;8.0;XS2920487852;Bond;0.0;-84894.86161;0.0025;-inf;0.004;-inf
463;300191;XS2924143154;0.0;0.024579909;0.540072255;-543.2399419;-45503.195736;;0.0;0.0;20293346.23;8.0;XS2924143154;Bond;0.0;-45503.195736;0.0025;inf;0.004;inf
464;300191;XS2932960730;0.0;0.02583485;0.578654662;-467.5533294;-36480.22188575;;0.0;0.0;15207482.65;8.0;XS2932960730;Bond;0.0;-36480.22188575;0.0025;inf;0.004;inf
465;300191;XS2942506978;0.0;0.027033793;0.616680088;-531.5432094;-38803.771487750004;;0.0;0.0;15185866.24;8.0;XS2942506978;Bond;0.0;-38803.771487750004;0.0025;inf;0.004;inf
466;300191;XS2974163672;0.0;0.268722731;0.268722731;998.0441806;-52555.61974;;0.0;0.0;29810102.88;8.0;XS2974163672;Bond;0.0;-52555.61974;0.0025;-inf;0.004;-inf
467;300191;XS2976487483;0.0;0.021653326;0.021653326;53.88856028;-3559.5918345;;0.0;0.0;24985596.53;8.0;XS2976487483;Bond;0.0;-3559.5918345;0.0025;-inf;0.004;-inf
468;300191;XS2976509716;0.0;0.271282887;0.271282887;336.3167078;-16330.677078;;0.0;0.0;9934495.224;8.0;XS2976509716;Bond;0.0;-16330.677078;0.0025;-inf;0.0035;-inf
469;300191;XS2977963219;0.0;0.274000379;0.274000379;1276.534337;-61848.66996;;0.0;0.0;37252086.68;8.0;XS2977963219;Bond;0.0;-61848.66996;0.0025;-inf;0.0035;-inf
470;300191;XS2985295562;0.0;0.059555628;0.059555628;79.93655515;-5085.13212545;;0.0;0.0;12979533.05;8.0;XS2985295562;Bond;0.0;-5085.13212545;0.0025;-inf;0.004;-inf
471;300191;XS2989343293;0.0;0.725014897;0.725014897;2427.537482;-93507.73939;;0.0;0.0;19665989.56;8.0;XS2989343293;Bond;0.0;-93507.73939;0.0025;-inf;0.004;-inf
472;300191;XS2993382667;0.0;0.656870845;0.656870845;3170.429019;-127295.422865;;0.0;0.0;29537717.32;8.0;XS2993382667;Bond;0.0;-127295.422865;0.0025;-inf;0.004;-inf
473;300191;XS2994493786;0.0;0.330814863;0.330814863;643.2792632;-32323.816316999997;;0.0;0.0;14877923.02;8.0;XS2994493786;Bond;0.0;-32323.816316999997;0.0025;-inf;0.004;-inf
474;300191;XS2996733593;0.0;0.086647065;0.086647065;68.82067416;-4264.2792231;;0.0;0.0;7482989.982;8.0;XS2996733593;Bond;0.0;-4264.2792231;0.0025;-inf;0.004;-inf
475;300191;XS2996858960;0.0;0.341623072;0.341623072;892.7046657;-112956.004689;;0.0;0.0;19831140.79;8.0;XS2996858960;Bond;0.0;-112956.004689;0.0025;-inf;0.014;-inf
476;300191;XS2997427682;0.0;0.746444094;0.746444094;4424.249638;-168405.86151999998;;0.0;0.0;34387770.32;8.0;XS2997427682;Bond;0.0;-168405.86151999998;0.0025;-inf;0.004;-inf
477;300191;XS2998732262;0.0;0.743730827;0.743730827;3143.942495;-119860.30653999999;;0.0;0.0;24564296.4;8.0;XS2998732262;Bond;0.0;-119860.30653999999;0.0025;-inf;0.004;-inf
478;300191;XS2999542348;0.0;0.276494834;0.276494834;1031.646168;-54117.2310965;;0.0;0.0;29793045.78;8.0;XS2999542348;Bond;0.0;-54117.2310965;0.0025;-inf;0.004;-inf
479;300191;XS2999676203;0.0;0.597370517;0.597370517;1855.612575;-77274.747225;;0.0;0.0;19723973.94;8.0;XS2999676203;Bond;0.0;-77274.747225;0.0025;-inf;0.004;-inf
480;300191;XS3002279886;0.0;0.689484831;0.689484831;2826.597373;-111258.724135;;0.0;0.0;24596871.17;8.0;XS3002279886;Bond;0.0;-111258.724135;0.0025;-inf;0.004;-inf
481;300191;XS3002353103;0.0;0.113754011;0.113754011;185.2338782;-11186.134414;;0.0;0.0;14955820.73;8.0;XS3002353103;Bond;0.0;-11186.134414;0.0025;-inf;0.004;-inf
482;300191;XS3003206359;0.0;0.858355755;0.858355755;4636.453687;-165538.58372999998;;0.0;0.0;29416544.82;8.0;XS3003206359;Bond;0.0;-165538.58372999998;0.0025;-inf;0.004;-inf
483;300191;XS3005193340;0.0;0.116465203;0.116465203;50.69658471;-2818.8797856;;0.0;0.0;3987950.084;8.0;XS3005193340;Bond;0.0;-2818.8797856;0.0025;-inf;0.0035;-inf
484;300191;XS3006178597;0.0;0.618826131;0.618826131;1459.81342;-60016.811595;;0.0;0.0;14781468.44;8.0;XS3006178597;Bond;0.0;-60016.811595;0.0025;-inf;0.004;-inf
485;300191;XS3010368689;0.0;0.059634466;0.059634466;61.65752353;-3911.9563379;;0.0;0.0;9985063.381;8.0;XS3010368689;Bond;0.0;-3911.9563379;0.0025;-inf;0.004;-inf
486;300191;XS3015128211;0.0;0.401370884;0.401370884;547.5359943;-24090.125225999996;;0.0;0.0;9901909.58;8.0;XS3015128211;Bond;0.0;-24090.125225999996;0.0025;-inf;0.0035;-inf
487;300191;XS3020856848;0.0;0.512841631;0.512841631;943.2888082;-41557.545861;;0.0;0.0;12347174.8;8.0;XS3020856848;Bond;0.0;-41557.545861;0.0025;-inf;0.004;-inf
488;300191;XS3020942176;0.0;0.597124585;0.597124585;1390.213861;-57941.4781335;;0.0;0.0;14789258.41;8.0;XS3020942176;Bond;0.0;-57941.4781335;0.0025;-inf;0.004;-inf
489;300191;XS3033735351;0.0;0.05957961;0.05957961;153.8517092;-9027.08385;;0.0;0.0;24961254.59;8.0;XS3033735351;Bond;0.0;-9027.08385;0.0025;-inf;0.0035;-inf
490;300191;XS3038488436;0.0;0.971942541;0.971942541;1851.986797;-62318.76024399999;;0.0;0.0;9774966.69;8.0;XS3038488436;Bond;0.0;-62318.76024399999;0.0025;-inf;0.004;-inf
491;300191;XS3041239669;0.0;0.059567713;0.059567713;76.8942271;-4513.4868456;;0.0;0.0;12480474.99;8.0;XS3041239669;Bond;0.0;-4513.4868456;0.0025;-inf;0.0035;-inf
492;300191;XS3041246524;0.0;0.040614092;0.040614092;41.19365959;-2463.1260899999997;;0.0;0.0;9989344.699;8.0;XS3041246524;Bond;0.0;-2463.1260899999997;0.0025;-inf;0.0035;-inf
493;300191;XS3041382113;0.0;0.119173441;0.119173441;130.0010322;-7210.579997999999;;0.0;0.0;9969173.101;8.0;XS3041382113;Bond;0.0;-7210.579997999999;0.0025;-inf;0.0035;-inf
494;300193;BE0002819002;5779212.329;1.632135322;1.632135322;2458.60079;-116602.90496399999;;0.0;0.0;5779212.329;6.0;BE0002819002;Bond;5779212.329;5662609.424036;0.0025;1.6281594504509582;0.0095;1.617027010113641
495;300193;BE0002900810;3636823.63;1.563098031;1.563098031;1454.799826;-38013.5148315;;0.0;0.0;3636823.63;7.0;BE0002900810;Bond;3636823.63;3598810.1151684998;0.0025;1.559205735876235;0.004;1.5568703588019759
496;300193;BE0002990712;6466726.028;4.248782158;4.248782158;15476.41069;-342480.62928;;0.0;0.0;6466726.028;7.0;BE0002990712;Bond;6466726.028;6124245.39872;0.0025;4.2340815971623735;0.0095;4.19292002681702
497;300193;BE0390128917;1567534.11;7.202555979;7.202555979;10277.83759;-69400.84578;;0.0;0.0;1567534.11;7.0;BE0390128917;Bond;1567534.11;1498133.26422;0.0025;7.168330722837296;0.0035;7.154640620372215
498;300193;BE6312821612;3064214.164;2.161017774;2.161017774;2092.432952;-39745.126206;;0.0;0.0;3064214.164;8.0;BE6312821612;Bond;3064214.164;3024469.037794;0.0025;2.15562123862299;0.0035;2.1534626244721857
499;300193;BE6321529396;900048.7671;4.78335446;4.78335446;2518.632861;-25797.28101;;0.0;0.0;900048.7671;7.0;BE6321529396;Bond;900048.7671;874251.48609;0.0025;4.770597426541842;0.0035;4.7654946131585785
500;300193;BE6328785207;7147058.219;2.118821712;2.118821712;4695.282063;-101153.31928;;0.0;0.0;7147058.219;6.0;BE6328785207;Bond;7147058.219;7045904.899719999;0.0025;2.113621398082611;0.004;2.110501209732178
501;300193;BE6340849569;2228359.507;6.548811003;6.548811003;11720.69262;-89404.9773;;0.0;0.0;2228359.507;6.0;BE6340849569;Bond;2228359.507;2138954.5297000003;0.0025;6.524533683911716;0.0035;6.514822756276402
502;300193;BE6343825251;3053557.781;6.589266279;6.589266279;16717.115;-133923.91947999998;;0.0;0.0;3053557.781;6.0;BE6343825251;Bond;3053557.781;2919633.86152;0.0025;6.560946473527423;0.004;6.543954590243876
503;300193;BE6344187966;4882762.0;2.903119266;2.903119266;5703.975713;-94843.964605;;0.0;0.0;4882762.0;7.0;BE6344187966;Bond;4882762.0;4787918.035395;0.0025;2.894984861984739;0.004;2.8901042195755826
504;300193;BE6349118800;995172.7397;8.561576908;8.561576908;8982.520579;-52482.288671999995;;0.0;0.0;995172.7397;7.0;BE6349118800;Bond;995172.7397;942690.4510280001;0.0025;8.519176109029813;0.0035;8.502215789441738
505;300193;BE6351290216;3224533.37;8.466398842;8.466398842;19239.01139;-182437.29088;;0.0;0.0;3224533.37;7.0;BE6351290216;Bond;3224533.37;3042096.07912;0.0025;8.49643740984673;0.004;8.514460550554768
506;300193;BE6352705782;4270790.274;5.161536405;5.161536405;14514.02903;-134809.97118;;0.0;0.0;4270790.274;6.0;BE6352705782;Bond;4270790.274;4135980.3028200003;0.0025;5.143179023625825;0.0035;5.135836071076155
507;300193;CDSO100000062;1055264.511;1.764982979;-219.4514615;0.0;3237454.4404474995;BNP PARIBAS;0.0;0.0;1055264.511;;;CDS Index Option;1055264.511;4292718.9514475;0.0025;1.7727708912903992;0.014;454.77375386280374
508;300193;CDSO100000064;-553879.9934;1.661825405;-237.0264574;0.0;-1835677.8481895;;0.0;0.0;-553879.9934;;;CDS Index Option;-553879.9934;-2389557.8415895;0.0025;1.6687295641917586;0.014;549.5151237063161
509;300193;CH0576402181;5130125.0;2.516229053;2.516229053;4507.4239;-86438.151995;;0.0;0.0;5130125.0;8.0;CH0576402181;Bond;5130125.0;5043686.848005;0.0025;2.5100921064275568;0.004;2.506409938484091
510;300193;CH1142231682;3945854.794;0.578611646;0.578611646;354.30614;-15248.296407500002;;0.0;0.0;3945854.794;6.0;CH1142231682;Bond;3945854.794;3930606.4975925004;0.0025;0.5772038249322122;0.004;0.5763591322915395
511;300193;CH1236363391;3362301.37;4.24589503;4.24589503;7767.497472;-95976.84602999999;;0.0;0.0;3362301.37;7.0;CH1236363391;Bond;3362301.37;3266324.52397;0.0025;4.233209769271762;0.004;4.225598612834819
512;300193;CH1305916897;3778520.548;5.947291841;5.947291841;16984.78324;-151561.373925;;0.0;0.0;3778520.548;8.0;CH1305916897;Bond;3778520.548;3626959.174075;0.0025;5.923340335869143;0.004;5.908969432790627
513;300193;CSH_EUR_DB;1747593.25;0.0;0.0;0.0;0.0;;0.0;0.0;1747593.25;;;Cash;1747593.25;1747593.25;0.0;0.0;0.0;0.0
514;300193;CSH_GBP_DB;101107.7861;0.0;0.0;0.0;-2527.6946525;;0.0;1011.077861;101107.7861;;;Cash;101107.7861;98580.0914475;0.0;0.0;0.0;0.0
515;300193;CSH_USD_DB;3984637.993;0.0;0.0;0.0;-99615.949825;;0.0;39846.37993;3984637.993;;;Cash;3984637.993;3885022.0431749998;0.0;0.0;0.0;0.0
516;300193;DE000A289DC9;5154288.904;2.119692166;2.119692166;3387.920709;-65602.10922;;0.0;0.0;5154288.904;7.0;DE000A289DC9;Bond;5154288.904;5088686.79478;0.0025;2.1144923711241814;0.0035;2.1124124531738535
517;300193;DE000A289FK7;1723184.932;5.195712544;5.195712544;5843.602855;-113691.828612;;0.0;0.0;1723184.932;7.0;DE000A289FK7;Bond;1723184.932;1609493.103388;0.0025;5.178422013948751;0.0095;5.130008529805253
518;300193;DE000A2LQJ75;863283.6986;2.876536055;2.876536055;961.0334166;-16175.607948500001;;0.0;0.0;863283.6986;5.0;DE000A2LQJ75;Bond;863283.6986;847108.0906515;0.0025;2.869391451154146;0.004;2.8651046888466336
519;300193;DE000A2YPFA1;2629329.652;4.193946805;4.193946805;5783.789681;-137363.05524000002;;0.0;0.0;2629329.652;7.0;DE000A2YPFA1;Bond;2629329.652;2491966.5967599996;0.0025;4.182926773242995;0.0095;4.152070684323382
520;300193;DE000A30VPM1;2295790.11;6.164526279;6.164526279;9478.450779;-86787.74286;;0.0;0.0;2295790.11;7.0;DE000A30VPM1;Bond;2295790.11;2209002.3671399998;0.0025;6.156314176288214;0.0035;6.1530293352035
521;300193;DE000A30VQB2;1630851.37;4.683446442;4.683446442;4588.128872;-50912.774074500005;;0.0;0.0;1630851.37;6.0;DE000A30VQB2;Bond;1630851.37;1579938.5959255002;0.0025;4.667949779722726;0.004;4.658651782356361
522;300193;DE000A3514F3;2400297.959;7.457250106;7.457250106;16739.74959;-109948.88838;;0.0;0.0;2400297.959;7.0;DE000A3514F3;Bond;2400297.959;2290349.07062;0.0025;7.421925807868561;0.0035;7.407796088615986
523;300193;DE000A383BQ4;2855777.781;12.47646389;12.47646389;59993.57216;-213642.15552000003;;0.0;0.0;2855777.781;6.0;DE000A383BQ4;Bond;2855777.781;2642135.62548;0.0025;12.340424585840346;0.0035;12.286008864176486
524;300193;DE000A3E5MG8;2755373.822;2.137836651;2.137836651;1836.936394;-38269.549968;;0.0;0.0;2755373.822;6.0;DE000A3E5MG8;Bond;2755373.822;2717104.272032;0.0025;2.1325956620841335;0.004;2.1294510687346135
525;300193;DE000A3LSYH6;2593300.548;5.946855501;5.946855501;11240.41358;-95669.95848;;0.0;0.0;2593300.548;7.0;DE000A3LSYH6;Bond;2593300.548;2497630.58952;0.0025;5.926908114230831;0.0035;5.918929159523163
526;300193;DE000A3LXSR7;1892526.164;6.99556063;6.99556063;11895.81436;-88593.57065000001;;0.0;0.0;1892526.164;6.0;DE000A3LXSR7;Bond;1892526.164;1803932.5933500002;0.0025;6.960763294695688;0.004;6.939884893513101
527;300193;DE000A3MQNP4;4568608.455;3.622747101;3.622747101;7650.672194;-107499.59349999999;;0.0;0.0;4568608.455;6.0;DE000A3MQNP4;Bond;4568608.455;4461108.8615;0.0025;3.613692402023783;0.004;3.608259582638053
528;300193;DE000A3MQNQ2;4017900.0;7.872716803;7.872716803;29080.82467;-208592.74774000002;;0.0;0.0;4017900.0;6.0;DE000A3MQNQ2;Bond;4017900.0;3809307.25226;0.0025;7.846720554232891;0.004;7.831122804972625
529;300193;DE000A3MQS72;1279572.575;6.222565925;6.222565925;2339.259735;-52238.722991;;0.0;0.0;1279572.575;6.0;DE000A3MQS72;Bond;1279572.575;1227333.852009;0.0025;6.273662813308205;0.004;6.304320946293128
530;300193;DE000CZ40LW5;3080205.007;1.901152509;1.901152509;1692.202107;-72411.725604;;0.0;0.0;3080205.007;6.0;DE000CZ40LW5;Bond;3080205.007;3007793.281396;0.0025;1.8964539686211637;0.0095;1.883298055560422
531;300193;DE000CZ439B6;3182589.041;2.755198333;2.755198333;3331.684542;-58915.0165955;;0.0;0.0;3182589.041;6.0;DE000CZ439B6;Bond;3182589.041;3123674.0244045;0.0025;2.748004946726733;0.004;2.743688914962773
532;300193;DE000CZ439T8;947520.0;4.234479573;4.234479573;2181.643206;-27018.1608775;;0.0;0.0;947520.0;7.0;DE000CZ439T8;Bond;947520.0;920501.8391225;0.0025;4.221744685885892;0.004;4.214103753617428
533;300193;DE000CZ43ZB3;5699469.178;1.877032956;1.877032956;3071.407536;-71573.05687999999;;0.0;0.0;5699469.178;6.0;DE000CZ43ZB3;Bond;5699469.178;5627896.12112;0.0025;1.8723687474764188;0.004;1.8695702223622699
534;300193;DE000CZ45Y30;2974438.356;7.672355638;7.672355638;21809.97055;-154118.064035;;0.0;0.0;2974438.356;6.0;DE000CZ45Y30;Bond;2974438.356;2820320.2919650003;0.0025;7.636206570119338;0.004;7.614517129390941
535;300193;DE000DL19VP0;7002613.014;0.414318444;0.414318444;401.4595301;-19453.834510499997;;0.0;0.0;7002613.014;5.0;DE000DL19VP0;Bond;7002613.014;6983159.179489501;0.0025;0.4133143444107764;0.004;0.41271188465724223
536;300193;DE000DL19VT2;5892678.082;0.859775094;0.859775094;927.8298795;-33895.0072175;;0.0;0.0;5892678.082;6.0;DE000DL19VT2;Bond;5892678.082;5858783.0747825;0.0025;0.857686759446221;0.004;0.8564337587139536
537;300193;DK0030485271;3988927.068;1.097920173;1.097920173;907.7882628;-28453.304294999998;;0.0;0.0;3988927.068;6.0;DK0030485271;Bond;3988927.068;3960473.763705;0.0025;1.0952443184655658;0.004;1.0936388057449054
538;300193;DK0030487996;3522230.137;1.278563344;1.278563344;1015.840536;-55672.811772;;0.0;0.0;3522230.137;6.0;DK0030487996;Bond;3522230.137;3466557.325228;0.0025;1.275439946138989;0.0095;1.2666944321281577
539;300193;ES0213679JR9;4181874.086;2.430085471;2.430085471;3470.5214;-67915.12065;;0.0;0.0;4181874.086;6.0;ES0213679JR9;Bond;4181874.086;4113958.96535;0.0025;2.424101354567732;0.004;2.420510884708371
540;300193;ES0213679OO6;2492152.397;3.58489071;3.58489071;4309.475501;-59954.691569500006;;0.0;0.0;2492152.397;6.0;ES0213679OO6;Bond;2492152.397;2432197.7054304997;0.0025;3.573788856310377;0.004;3.5671277440966027
541;300193;ES0213679OP3;5445393.836;4.656663194;4.656663194;15245.36509;-170622.830235;;0.0;0.0;5445393.836;6.0;ES0213679OP3;Bond;5445393.836;5274771.005765;0.0025;4.64088245187354;0.004;4.631414006597664
542;300193;ES0224244105;1975852.055;4.452866928;4.452866928;5017.915898;-109681.127316;;0.0;0.0;1975852.055;6.0;ES0224244105;Bond;1975852.055;1866170.927684;0.0025;4.438946456037938;0.0095;4.399969134544165
543;300193;FR0010582452;31020670.5;0.033149011;0.296124349;389.2480702;-35166.5700815;;0.0;1.44e-07;31025713.95;;FR0010582452;Fund Unit;31020670.5;30985503.9299185;0.0025;0.03283805758079206;0.0035;0.29599208191910026
544;300193;FR0013259140;54418128.89;3.282306222;4.689988881;83973.48476;-4127558.74675202;;21.03145554;-1095.743588;54418595.23;;FR0013259140;Fund Unit;54418128.89;50290570.14324798;0.0025;3.270662157622383;0.014;4.781896582450276
545;300193;FR0013295722;524790.0;7.111944163;7.111944163;2456.742771;-22489.158984;;0.0;0.0;524790.0;6.0;FR0013295722;Bond;524790.0;502300.841016;0.0025;7.121358972618144;0.0035;7.125124896465402
546;300193;FR0013310224;1130157.205;4.517023717;4.517023717;2845.660069;-30600.369720000002;;0.0;0.0;1130157.205;7.0;FR0013310224;Bond;1130157.205;1099556.83528;0.0025;4.505084151314673;0.0035;4.500308325040542
547;300193;FR0013327988;494013.4932;2.844825427;2.844825427;547.5311507;-8430.09954;;0.0;0.0;494013.4932;6.0;FR0013327988;Bond;494013.4932;485583.39366;0.0025;2.83734969677377;0.0035;2.834359404683278
548;300193;FR0013330099;2925222.329;2.86414573;2.86414573;3273.644849;-50251.538237999994;;0.0;0.0;2925222.329;7.0;FR0013330099;Bond;2925222.329;2874970.790762;0.0025;2.856676312988344;0.0035;2.853688546183681
549;300193;FR0013382348;1866862.466;4.524104026;4.524104026;2110.921742;-50627.86863;;0.0;0.0;1866862.466;6.0;FR0013382348;Bond;1866862.466;1816234.59737;0.0025;4.547004510898334;0.0035;4.556164704857667
550;300193;FR0013397452;1438313.219;3.589095282;3.589095282;2384.472662;-30982.612415999996;;0.0;0.0;1438313.219;8.0;FR0013397452;Bond;1438313.219;1407330.606584;0.0025;3.5798536511126593;0.0035;3.5761569987577233
551;300193;FR0013404571;1803103.014;5.501171545;5.501171545;6543.445655;-59444.699406;;0.0;0.0;1803103.014;7.0;FR0013404571;Bond;1803103.014;1743658.3145939999;0.0025;5.486103976428203;0.0035;5.480076948999485
552;300193;FR0013413887;102152.3973;0.038975782;0.038975782;0.39312531;-25.18826232;;0.0;0.0;102152.3973;2.0;FR0013413887;Bond;102152.3973;102127.20903767999;0.0025;0.038883369283561474;0.0035;0.03884640419698606
553;300193;FR0013415692;1412393.836;3.800133853;3.800133853;2613.390296;-36051.840682;;0.0;0.0;1412393.836;6.0;FR0013415692;Bond;1412393.836;1376341.995318;0.0025;3.7899782239667634;0.004;3.7838848465468216
554;300193;FR0013425162;2843285.342;3.886416653;3.886416653;5503.928746;-137439.39024;;0.0;0.0;2843285.342;7.0;FR0013425162;Bond;2843285.342;2705845.95176;0.0025;3.875783144811717;0.0095;3.8460093218845244
555;300193;FR0013431277;2785379.726;5.690015371;5.690015371;10919.41994;-197139.03708;;0.0;0.0;2785379.726;7.0;FR0013431277;Bond;2785379.726;2588240.6889199996;0.0025;5.672949493544611;0.0095;5.625165036669522
556;300193;FR0013433596;4085862.986;1.247512237;1.247512237;1133.784634;-34057.7798795;;0.0;0.0;4085862.986;6.0;FR0013433596;Bond;4085862.986;4051805.2061205;0.0025;1.2444657130458974;0.004;1.2426377986734358
557;300193;FR0013444684;1228378.973;7.037307366;7.037307366;7009.757291;-51838.525932000004;;0.0;0.0;1228378.973;7.0;FR0013444684;Bond;1228378.973;1176540.447068;0.0025;7.018453845313149;0.0035;7.010912437038408
558;300193;FR0013452893;1200847.397;1.426389503;1.426389503;-32009.79365;-11134.685107;;0.0;0.0;1200847.397;5.0;FR0013452893;Bond;1200847.397;1189712.7118930002;0.0025;2.097876083696761;0.004;2.5007680321148174
559;300193;FR0013453040;5406691.836;1.497575933;1.497575933;2002.719635;-48536.39361;;0.0;0.0;5406691.836;6.0;FR0013453040;Bond;5406691.836;5358155.44239;0.0025;1.493922392749241;0.0035;1.4924609766489376
560;300193;FR0013456621;921918.7398;6.56279897;6.56279897;4627.627394;-39423.7518935;;0.0;0.0;921918.7398;6.0;FR0013456621;Bond;921918.7398;882494.9879065;0.0025;6.54498576964826;0.004;6.534297849437217
561;300193;FR0013463775;1928921.918;4.823246894;4.823246894;5568.664566;-116275.098996;;0.0;0.0;1928921.918;6.0;FR0013463775;Bond;1928921.918;1812646.8190040002;0.0025;4.809232894408022;0.0095;4.769993695550483
562;300193;FR0013476090;5887990.945;1.734500495;1.734500495;2770.999434;-61274.3139;;0.0;0.0;5887990.945;6.0;FR0013476090;Bond;5887990.945;5826716.6311;0.0025;1.7302562540642301;0.0035;1.728558557689922
563;300193;FR0013476595;1038377.26;5.50636527;5.50636527;3739.758369;-34258.25937;;0.0;0.0;1038377.26;6.0;FR0013476595;Bond;1038377.26;1004119.00063;0.0025;5.49212688896212;0.0035;5.486431536546967
564;300193;FR0013476611;2598241.438;1.723500831;1.723500831;1207.355846;-55596.243996000005;;0.0;0.0;2598241.438;7.0;FR0013476611;Bond;2598241.438;2542645.194004;0.0025;1.7193099205362963;0.0095;1.7075753712379262
565;300193;FR0013486834;3350584.603;2.80398629;2.80398629;3555.041733;-61062.0528375;;0.0;0.0;3350584.603;4.0;FR0013486834;Bond;3350584.603;3289522.5501625002;0.0025;2.7971166045269626;0.004;2.79299479324314
566;300193;FR0013505260;5312684.425;2.459468126;2.459468126;4545.180086;-78546.92682;;0.0;0.0;5312684.425;7.0;FR0013505260;Bond;5312684.425;5234137.49818;0.0025;2.4532022444019006;0.0035;2.4506958917626607
567;300193;FR0013506292;2252536.822;2.172931985;2.172931985;1553.755291;-29355.56454;;0.0;0.0;2252536.822;6.0;FR0013506292;Bond;2252536.822;2223181.25746;0.0025;2.1674915636238885;0.0035;2.165315395073444
568;300193;FR0013506516;5002756.973;1.733287209;1.733287209;2355.062024;-52027.357974;;0.0;0.0;5002756.973;6.0;FR0013506516;Bond;5002756.973;4950729.615026;0.0025;1.7290290995164757;0.0035;1.727325855723066
569;300193;FR0013509643;1114007.37;2.747080665;2.747080665;1171.61068;-18355.742825999998;;0.0;0.0;1114007.37;6.0;FR0013509643;Bond;1114007.37;1095651.627174;0.0025;2.73965409058221;0.0035;2.736683460815094
570;300193;FR0013515749;902458.2192;4.806574589;4.806574589;2562.260562;-29208.467574000002;;0.0;0.0;902458.2192;7.0;FR0013515749;Bond;902458.2192;873249.751626;0.0025;4.793352454343033;0.004;4.785419173548853
571;300193;FR0013516184;4243140.904;0.175017006;0.175017006;84.8752868;-9207.0345096;;0.0;0.0;4243140.904;5.0;FR0013516184;Bond;4243140.904;4233933.8694904;0.0025;0.17459350991699737;0.0095;0.17340772088459003
572;300193;FR0013517059;1183929.37;6.393339972;6.393339972;5656.893047;-45273.524694;;0.0;0.0;1183929.37;6.0;FR0013517059;Bond;1183929.37;1138655.8453060002;0.0025;6.376075304016227;0.0035;6.369169436822718
573;300193;FR0013518024;5194443.836;0.207727047;0.207727047;127.3017225;-7215.295958000001;;0.0;0.0;5194443.836;5.0;FR0013518024;Bond;5194443.836;5187228.540042;0.0025;0.20722224115647422;0.004;0.20691935765035877
574;300193;FR0013519071;911060.9589;4.897871685;4.897871685;2667.32251;-26777.047752;;0.0;0.0;911060.9589;7.0;FR0013519071;Bond;911060.9589;884283.9111479999;0.0025;4.884651796294971;0.0035;4.879363840812959
575;300193;FR0013523602;2968327.014;4.807083686;4.807083686;8520.161682;-177768.33636;;0.0;0.0;2968327.014;7.0;FR0013523602;Bond;2968327.014;2790558.67764;0.0025;4.793094865777307;0.0095;4.753926169153765
576;300193;FR0013532280;6136912.671;2.335105009;2.335105009;4751.748668;-95989.87651500001;;0.0;0.0;6136912.671;7.0;FR0013532280;Bond;6136912.671;6040922.794485;0.0025;2.3293795533901953;0.004;2.3259442800243124
577;300193;FR0013533999;1944239.13;2.560760521;2.560760521;1439.522976;-60578.831292;;0.0;0.0;1944239.13;5.0;FR0013533999;Bond;1944239.13;1883660.298708;0.0025;2.5586441500787185;0.0095;2.5527183114991305
578;300193;FR0013535101;1709691.781;5.458993104;5.458993104;6147.796996;-116851.201908;;0.0;0.0;1709691.781;5.0;FR0013535101;Bond;1709691.781;1592840.579092;0.0025;5.443598341875895;0.0095;5.400493007928403
579;300193;FR00140003P3;5053302.247;2.451751225;2.451751225;4245.398103;-82778.111195;;0.0;0.0;5053302.247;7.0;FR00140003P3;Bond;5053302.247;4970524.135805001;0.0025;2.4457758470167583;0.004;2.4421906202268135
580;300193;FR00140009W6;4636710.959;0.552870321;0.552870321;389.2442358;-32012.360591999997;;0.0;0.0;4636710.959;5.0;FR00140009W6;Bond;4636710.959;4604698.598408;0.0025;0.5515357762222467;0.0095;0.5477990508445374
581;300193;FR0014000OZ2;6326268.493;0.630868859;0.630868859;637.9199107;-49500.884424;;0.0;0.0;6326268.493;7.0;FR0014000OZ2;Bond;6326268.493;6276767.608576;0.0025;0.6293429307967863;0.0095;0.6250703318277879
582;300193;FR0014000XY6;9243763.014;2.836830815;2.836830815;9998.940271;-314539.6716;;0.0;0.0;9243763.014;6.0;FR0014000XY6;Bond;9243763.014;8929223.3424;0.0025;2.829907440944511;0.0095;2.8105219935891426
583;300193;FR0014001EW8;1340010.0;3.67243818;3.67243818;2284.90211;-29494.905042;;0.0;0.0;1340010.0;6.0;FR0014001EW8;Bond;1340010.0;1310515.094958;0.0025;3.6635267328786294;0.0035;3.6599621540300813
584;300193;FR0014003GX7;427707.9452;5.842493738;5.842493738;1738.864639;-14957.247108;;0.0;0.0;427707.9452;4.0;FR0014003GX7;Bond;427707.9452;412750.69809200004;0.0025;5.826192019290341;0.0035;5.819671331806477
585;300193;FR00140057U9;4575410.959;3.243183238;3.243183238;6297.02458;-184839.12864;;0.0;0.0;4575410.959;7.0;FR00140057U9;Bond;4575410.959;4390571.83036;0.0025;3.2350719520759528;0.0095;3.212360351488621
586;300193;FR0014005V34;4847071.918;1.469859559;1.469859559;1737.281624;-88745.04663600001;;0.0;0.0;4847071.918;6.0;FR0014005V34;Bond;4847071.918;4758326.871363999;0.0025;1.4663003072018221;0.0095;1.4563344021669238
587;300193;FR0014005ZP8;3463132.685;4.397052668;4.397052668;8212.216433;-91260.4488;;0.0;0.0;3463132.685;7.0;FR0014005ZP8;Bond;3463132.685;3371872.2362;0.0025;4.386104699455253;0.0035;4.381725512037355
588;300193;FR0014006IU2;10826297.94;0.615941112;0.615941112;1059.723677;-44536.127025;;0.0;0.0;10826297.94;7.0;FR0014006IU2;Bond;10826297.94;10781761.812974999;0.0025;0.614442465254503;0.004;0.6135432772072048
589;300193;FR0014006IV0;4590250.0;3.134800212;3.134800212;5912.061516;-86246.39592000001;;0.0;0.0;4590250.0;6.0;FR0014006IV0;Bond;4590250.0;4504003.60408;0.0025;3.1271686258976716;0.0035;3.1241159914567405
590;300193;FR0014006KD4;2499625.479;6.12721537;6.12721537;11103.70228;-191305.97112;;0.0;0.0;2499625.479;7.0;FR0014006KD4;Bond;2499625.479;2308319.50788;0.0025;6.1100186309048565;0.0095;6.061867761438453
591;300193;FR0014007LL3;4805205.479;1.737689457;1.737689457;2265.359172;-55805.0247235;;0.0;0.0;4805205.479;7.0;FR0014007LL3;Bond;4805205.479;4749400.4542765;0.0025;1.7334524045158914;0.004;1.7309101730254264
592;300193;FR0014009HA0;4317500.0;1.908823613;1.908823613;2379.17518;-102343.24237200001;;0.0;0.0;4317500.0;8.0;FR0014009HA0;Bond;4317500.0;4215156.757628;0.0025;1.9041562846563964;0.0095;1.8910877652943061
593;300193;FR001400AFO9;4713482.877;7.556856682;7.556856682;33131.413;-217785.54126;;0.0;0.0;4713482.877;7.0;FR001400AFO9;Bond;4713482.877;4495697.33574;0.0025;7.523895076090899;0.0035;7.510710433727259
594;300193;FR001400AJY0;6764780.822;9.522805832;9.522805832;76410.39247;-396202.46310000005;;0.0;0.0;6764780.822;7.0;FR001400AJY0;Bond;6764780.822;6368578.358899999;0.0025;9.467132304493486;0.0035;9.44486289349088
595;300193;FR001400D8K2;4668847.507;6.366426382;6.366426382;23311.14692;-181727.92223999999;;0.0;0.0;4668847.507;7.0;FR001400D8K2;Bond;4668847.507;4487119.58476;0.0025;6.342932032541173;0.0035;6.3335342927576415
596;300193;FR001400DTA3;2057772.877;6.408588551;6.408588551;10406.11531;-80636.10942;;0.0;0.0;2057772.877;6.0;FR001400DTA3;Bond;2057772.877;1977136.7675800002;0.0025;6.38483908086751;0.0035;6.375339292814514
597;300193;FR001400DZO1;10656791.78;6.385182316;6.385182316;54171.73237;-457100.28779999993;;0.0;0.0;10656791.78;8.0;FR001400DZO1;Bond;10656791.78;10199691.4922;0.0025;6.360026051897556;0.004;6.344932293436089
598;300193;FR001400E946;5152362.753;6.406042588;6.406042588;26339.53398;-222213.14635;;0.0;0.0;5152362.753;6.0;FR001400E946;Bond;5152362.753;4930149.6066499995;0.0025;6.380832861098042;0.004;6.365707024956867
599;300193;FR001400EHG3;5191952.055;4.147789175;4.147789175;11503.52867;-145106.07994999998;;0.0;0.0;5191952.055;8.0;FR001400EHG3;Bond;5191952.055;5046845.97505;0.0025;4.135408408425177;0.004;4.1279799484802835
600;300193;FR001400F075;5345771.233;2.953739405;2.953739405;6447.986889;-105909.85548;;0.0;0.0;5345771.233;7.0;FR001400F075;Bond;5345771.233;5239861.37752;0.0025;2.9453962314031434;0.004;2.9403903272450296
601;300193;FR001400F0H3;9294487.685;3.224765432;3.224765432;12978.50101;-183923.96328;;0.0;0.0;9294487.685;6.0;FR001400F0H3;Bond;9294487.685;9110563.72172;0.0025;3.215854077239476;0.0035;3.2122895353352665
602;300193;FR001400F0V4;5186215.753;4.289645272;4.289645272;12159.20981;-149233.78158;;0.0;0.0;5186215.753;8.0;FR001400F0V4;Bond;5186215.753;5036981.971419999;0.0025;4.277034801309656;0.004;4.269468518895451
603;300193;FR001400F1I9;6732643.726;7.820849308;7.820849308;50863.04612;-324184.3206;;0.0;0.0;6732643.726;8.0;FR001400F1I9;Bond;6732643.726;6408459.4054;0.0025;7.784896231023444;0.0035;7.770515000232821
604;300193;FR001400F1U4;4252493.151;2.952470356;2.952470356;5120.695104;-84273.60785999999;;0.0;0.0;4252493.151;7.0;FR001400F1U4;Bond;4252493.151;4168219.5431399997;0.0025;2.9441589828682426;0.004;2.939172158989188
605;300193;FR001400F2H9;2189574.176;4.232918069;4.232918069;4851.79723;-114281.49678;;0.0;0.0;2189574.176;6.0;FR001400F2H9;Bond;2189574.176;2075292.67922;0.0025;4.222315472997314;0.0095;4.192628204189795
606;300193;FR001400F323;1176836.808;6.323974759;6.323974759;5929.969964;-92812.144428;;0.0;0.0;1176836.808;8.0;FR001400F323;Bond;1176836.808;1084024.6635719999;0.0025;6.297983752768691;0.0095;6.225208935321027
607;300193;FR001400FAZ5;3669136.767;5.046653752;5.046653752;11638.36821;-112732.09416000001;;0.0;0.0;3669136.767;5.0;FR001400FAZ5;Bond;3669136.767;3556404.67284;0.0025;5.0310264476289825;0.0035;5.024775525880576
608;300193;FR001400FB06;4924237.808;2.649500636;2.649500636;4799.102726;-87137.293425;;0.0;0.0;4924237.808;8.0;FR001400FB06;Bond;4924237.808;4837100.514575;0.0025;2.6426855718315148;0.004;2.638596533330423
609;300193;FR001400GDJ1;987614.3836;4.174554731;4.174554731;2307.487241;-25810.360776;;0.0;0.0;987614.3836;7.0;FR001400GDJ1;Bond;987614.3836;961804.022824;0.0025;4.15971136628979;0.0035;4.153774020405707
610;300193;FR001400H9B5;4734339.726;4.319425774;4.319425774;11598.20358;-137632.620775;;0.0;0.0;4734339.726;7.0;FR001400H9B5;Bond;4734339.726;4596707.105225;0.0025;4.304824275862844;0.004;4.296063376980549
611;300193;FR001400HAC0;1672786.63;0.986767198;0.986767198;329.1570181;-11002.9954385;;0.0;0.0;1672786.63;7.0;FR001400HAC0;Bond;1672786.63;1661783.6345614998;0.0025;0.9842821800171685;0.004;0.9827911692274696
612;300193;FR001400HQM5;5290093.151;1.730447302;1.730447302;2545.245365;-55745.093676000004;;0.0;0.0;5290093.151;6.0;FR001400HQM5;Bond;5290093.151;5234348.057324;0.0025;1.7259050636905833;0.0035;1.7240881683668168
613;300193;FR001400IIO6;8457130.959;3.614587173;3.614587173;14665.60586;-185562.30762;;0.0;0.0;8457130.959;6.0;FR001400IIO6;Bond;8457130.959;8271568.651380001;0.0025;3.603897493060759;0.0035;3.599621621085062
614;300193;FR001400ION6;5928818.425;4.328711267;4.328711267;14529.36359;-170440.23711;;0.0;0.0;5928818.425;6.0;FR001400ION6;Bond;5928818.425;5758378.18789;0.0025;4.31428977186263;0.004;4.305636874780208
615;300193;FR001400J150;3479321.068;8.061000691;8.061000691;28338.29243;-172588.72968;;0.0;0.0;3479321.068;7.0;FR001400J150;Bond;3479321.068;3306732.33832;0.0025;8.01983060914249;0.0035;8.003362576399486
616;300193;FR001400KHH8;2847275.014;7.423816354;7.423816354;19731.45167;-130161.17154000001;;0.0;0.0;2847275.014;7.0;FR001400KHH8;Bond;2847275.014;2717113.84246;0.0025;7.388350418672389;0.0035;7.374164044541344
617;300193;FR001400KKC3;4370907.893;3.435389537;3.435389537;6857.504419;-258542.04238499998;;0.0;0.0;4370907.893;5.0;FR001400KKC3;Bond;4370907.893;4112365.8506150004;0.0025;3.425671864385748;0.014;3.3809705703601893
618;300193;FR001400KXW4;1672925.151;1.192407596;1.192407596;436.2499783;-12267.389063999999;;0.0;0.0;1672925.151;6.0;FR001400KXW4;Bond;1672925.151;1660657.761936;0.0025;1.1894429164595928;0.0035;1.18825704464343
619;300193;FR001400LCK1;7525145.671;4.170222022;4.170222022;-29928.8964;-192401.21831999999;;0.0;0.0;7525145.671;6.0;FR001400LCK1;Bond;7525145.671;7332744.45268;0.0025;4.313128525997833;0.0035;4.370291127596967
620;300193;FR001400M1X9;5809041.096;6.31129475;6.31129475;31059.36716;-458863.54584000004;;0.0;0.0;5809041.096;7.0;FR001400M1X9;Bond;5809041.096;5350177.55016;0.0025;6.277207634278033;0.0095;6.181763710256527
621;300193;FR001400M8W6;4556439.521;6.491459889;6.491459889;24600.55904;-365409.53147999995;;0.0;0.0;4556439.521;4.0;FR001400M8W6;Bond;4556439.521;4191029.98952;0.0025;6.4618306408982935;0.0095;6.378868746213517
622;300193;FR001400N285;3073417.712;8.526214153;8.526214153;27357.54712;-160878.88319999998;;0.0;0.0;3073417.712;7.0;FR001400N285;Bond;3073417.712;2912538.8288;0.0025;8.485421382138489;0.0035;8.469104273793883
623;300193;FR001400N2M9;4053145.205;7.351733785;7.351733785;26855.0423;-200446.09325000003;;0.0;0.0;4053145.205;8.0;FR001400N2M9;Bond;4053145.205;3852699.11175;0.0025;7.32121053057319;0.004;7.302896577917103
624;300193;FR001400N2U2;2062826.087;4.237879767;4.237879767;4280.128078;-106435.285872;;0.0;0.0;2062826.087;6.0;FR001400N2U2;Bond;2062826.087;1956390.801128;0.0025;4.230906690089298;0.0095;4.211382074739333
625;300193;FR001400N3I5;3438519.206;7.106018988;7.106018988;21632.04594;-304914.63395999995;;0.0;0.0;3438519.206;8.0;FR001400N3I5;Bond;3438519.206;3133604.57204;0.0025;7.074980414319271;0.0095;6.988072408013232
626;300193;FR001400N6I8;2015286.849;7.376149769;7.376149769;13430.45573;-100022.214435;;0.0;0.0;2015286.849;7.0;FR001400N6I8;Bond;2015286.849;1915264.634565;0.0025;7.345561485823206;0.004;7.327208515917128
627;300193;FR001400N8H6;1573264.0;8.547496728;8.547496728;14167.20257;-83022.43812;;0.0;0.0;1573264.0;6.0;FR001400N8H6;Bond;1573264.0;1490241.56188;0.0025;8.505021610436525;0.0035;8.488031563411136
628;300193;FR001400NDS8;6671680.521;8.656550166;8.656550166;61669.56029;-388607.588655;;0.0;0.0;6671680.521;8.0;FR001400NDS8;Bond;6671680.521;6283072.932345;0.0025;8.612802762378923;0.004;8.586554320206277
629;300193;FR001400O671;1754242.808;5.045635092;5.045635092;5635.267945;-110648.525076;;0.0;0.0;1754242.808;6.0;FR001400O671;Bond;1754242.808;1643594.282924;0.0025;5.028972054308472;0.0095;4.982315548772194
630;300193;FR001400O9D2;1214543.342;8.632156139;8.632156139;11205.84429;-70592.07850500001;;0.0;0.0;1214543.342;8.0;FR001400O9D2;Bond;1214543.342;1143951.2634949998;0.0025;8.587781816776305;0.004;8.561157223442088
631;300193;FR001400OF19;3266879.562;6.153557069;6.153557069;15445.18196;-123201.09006000002;;0.0;0.0;3266879.562;6.0;FR001400OF19;Bond;3266879.562;3143678.47194;0.0025;6.130027510364045;0.0035;6.120615686909663
632;300193;FR001400OJE3;3017170.973;12.62464228;12.62464228;63249.27367;-234071.12928;;0.0;0.0;3017170.973;6.0;FR001400OJE3;Bond;3017170.973;2783099.8437200002;0.0025;12.499018622161307;0.0035;12.44876915902583
633;300193;FR001400PGC0;5136190.068;5.010072381;5.010072381;16754.29091;-321479.076;;0.0;0.0;5136190.068;7.0;FR001400PGC0;Bond;5136190.068;4814710.992;0.0025;4.9912742547746305;0.0095;4.938639501343598
634;300193;FR001400PST9;1463996.712;12.61525346;12.61525346;31100.91812;-111828.13872;;0.0;0.0;1463996.712;6.0;FR001400PST9;Bond;1463996.712;1352168.5732800001;0.0025;12.482018903609124;0.0035;12.428725081052773
635;300193;FR001400QR62;2556539.836;5.140696619;5.140696619;8316.072999;-80507.96604;;0.0;0.0;2556539.836;7.0;FR001400QR62;Bond;2556539.836;2476031.8699600003;0.0025;5.125441956550884;0.0035;5.119340091571238
636;300193;FR001400QR88;1849048.767;11.7988638;11.7988638;35657.97871;-133362.6936;;0.0;0.0;1849048.767;8.0;FR001400QR88;Bond;1849048.767;1715686.0734;0.0025;11.664784297675517;0.0035;11.611152496745722
637;300193;FR001400SCF6;1242016.438;4.378319637;4.378319637;3100.031285;-93742.515009;;0.0;0.0;1242016.438;6.0;FR001400SCF6;Bond;1242016.438;1148273.922991;0.0025;4.36384468436087;0.014;4.29725990222087
638;300193;FR001400SIL1;6190818.055;7.502352216;7.502352216;43542.09397;-309695.725885;;0.0;0.0;6190818.055;6.0;FR001400SIL1;Bond;6190818.055;5881122.329115;0.0025;7.4672320763992746;0.004;7.446159992638839
639;300193;FR001400U3P1;5182361.885;5.605496226;5.605496226;20300.29195;-177943.7787;;0.0;0.0;5182361.885;7.0;FR001400U3P1;Bond;5182361.885;5004418.1063;0.0025;5.586120466121392;0.0035;5.57837016216995
640;300193;FR001400U660;3461622.26;4.958455756;4.958455756;10604.56117;-103862.41662;;0.0;0.0;3461622.26;6.0;FR001400U660;Bond;3461622.26;3357759.84338;0.0025;4.943334821415134;0.0035;4.937286447581188
641;300193;FR001400UND4;505270.0;0.0;0.0;0.0;0.0;;5016.343468;0.0;505270.0;;FR001400UND4;Fund Unit;505270.0;505270.0;0.0025;0.0;0.0035;0.0
642;300193;FR001400WKP0;2824126.027;4.61058933;4.61058933;7627.878572;-162769.51968;;0.0;0.0;2824126.027;7.0;FR001400WKP0;Bond;2824126.027;2661356.50732;0.0025;4.596208924690151;0.0095;4.555943789822575
643;300193;FR001400WP90;3312940.068;6.542776782;6.542776782;17524.88646;-146354.14781;;0.0;0.0;3312940.068;8.0;FR001400WP90;Bond;3312940.068;3166585.92019;0.0025;6.517550876949357;0.004;6.502415333918971
644;300193;FR001400WRF6;4572253.356;4.196725121;4.196725121;10274.93497;-116585.67240000001;;0.0;0.0;4572253.356;6.0;FR001400WRF6;Bond;4572253.356;4455667.6836;0.0025;4.184575460987758;0.0035;4.17971559698286
645;300193;FR001400WTD7;2113784.055;4.172430474;4.172430474;4711.543329;-53747.625066;;0.0;0.0;2113784.055;6.0;FR001400WTD7;Bond;2113784.055;2060036.4299340001;0.0025;4.160229376046648;0.0035;4.155348936865307
646;300193;FR001400YD27;2390080.767;5.910718252;5.910718252;10280.42535;-86872.88796;;0.0;0.0;2390080.767;6.0;FR001400YD27;Bond;2390080.767;2303207.87904;0.0025;5.890527531528734;0.0035;5.882451243340228
647;300193;FXW1023850;-57192.66999999806;0.05479452;0.0;-0.0022161699999996287;716594.4895;MORGAN STANLEY EUROPE SE;0.0;-286637.7958;-57192.66999999806;;;Currency Forward;-57192.66999999806;659401.819500002;0.0;0.05479452;0.0;0.0
648;300193;LU2023296085;49381246.56;3.236585554;3.262438622;84333.42923;-2785356.8828979298;;10.77086086;827.4568427;49381687.47;;LU2023296085;Fund Unit;49381246.56;46595889.677102074;0.0025;3.2200792000892156;0.014;3.1723553160949893
649;300193;OEM25 Cmdty;0.0;0.0;0.0;154753.0943;-1089629.5211999998;;0.0;0.0;56421410.0;;;Bond Future;0.0;-1089629.5211999998;0.0025;0.0;0.0015;0.0
650;300193;PTBCP2OM0058;4369006.849;0.491803448;0.491803448;314.1642879;-14393.7828385;;0.0;0.0;4369006.849;5.0;PTBCP2OM0058;Bond;4369006.849;4354613.0661615;0.0025;0.4906104374911952;0.004;0.4898946311859123
651;300193;US00206RDR03;4591594.149;8.514215324;8.514215324;41490.25423;-233932.433295;;0.0;45915.94149;4591594.149;7.0;US00206RDR03;Bond;4591594.149;4357661.715705;0.00125;8.491878492948183;0.00175;8.482943760527457
652;300193;US05584KAC27;910434.076;2.377494764;2.377494764;639.5760323;-29981.75771875;;0.0;9104.34076;910434.076;7.0;US05584KAC27;Bond;910434.076;880452.31828125;0.00125;2.3757791693205603;0.002;2.374749812512896
653;300193;US25156PAC77;5553887.397;4.181082597;4.181082597;12137.02723;-210245.729145;;0.0;55538.87397;5553887.397;9.0;US25156PAC77;Bond;5553887.397;5343641.667855;0.00125;4.175617898046526;0.00175;4.173432018465137
654;300193;US92343VES97;1000354.237;3.379869413;3.379869413;1359.250827;-35159.784292;;0.0;10003.54237;1000354.237;7.0;US92343VES97;Bond;1000354.237;965194.452708;0.00125;3.377164190804061;0.00175;3.3760821019256855
655;300193;US92343VEU44;3641298.114;4.015325445;4.015325445;6966.771102;-135207.16623000003;;0.0;36412.98114;3641298.114;9.0;US92343VEU44;Bond;3641298.114;3506090.94777;0.00125;4.011563170698339;0.00175;4.010058260977674
656;300193;US92857WCA62;4482713.592;13.43875537;13.43875537;126023.1319;-289357.39953;;0.0;44827.13592;4482713.592;9.0;US92857WCA62;Bond;4482713.592;4193356.19247;0.00125;13.313091366201922;0.00175;13.262825764682692
657;300193;USU04644CU90;252273.4884;15.27860402;15.27860402;8557.848365;-17888.287548;;0.0;2522.734884;252273.4884;5.0;USU04644CU90;Bond;252273.4884;234385.200852;0.00125;15.146362443752604;0.00175;15.093465813253648
658;300193;USU31520AL04;891196.1982;5.41645013;5.41645013;3000.561922;-36812.882535000004;;0.0;8911.961982;891196.1982;6.0;USU31520AL04;Bond;891196.1982;854383.315665;0.00125;5.4110363869926505;0.00175;5.408870889789711
659;300193;USX10001AD18;2193282.725;6.895212419;6.895212419;12767.33386;-148027.405145;;0.0;21932.82725;2193282.725;8.0;USX10001AD18;Bond;2193282.725;2045255.3198550001;0.00125;6.881878521891072;0.00475;6.844543609986073
660;300193;XS1382791975;1177196.055;2.841717661;2.841717661;1299.11855;-20630.579202;;0.0;0.0;1177196.055;8.0;XS1382791975;Bond;1177196.055;1156565.4757979999;0.0025;2.834316802799869;0.0035;2.831356459519817
661;300193;XS1405766624;3337855.548;3.408867423;3.408867423;5043.871809;-70309.09086;;0.0;0.0;3337855.548;7.0;XS1405766624;Bond;3337855.548;3267546.45714;0.0025;3.400140578979924;0.0035;3.3966498413718935
662;300193;XS1550938978;559469.9284;1.678818202;1.678818202;207.744749;-19798.4111932;;0.0;5594.699284;559469.9284;7.0;XS1550938978;Bond;559469.9284;539671.5172067999;0.00125;1.6776996871264205;0.00475;1.6745678454803976
663;300193;XS1700429480;425689.3014;17.16119686;17.16119686;21606.37151;-51855.829173000006;;0.0;4256.893014;425689.3014;6.0;XS1700429480;Bond;425689.3014;373833.472227;0.00125;16.894877701497144;0.00475;16.14918405768915
664;300193;XS1708167652;480056.8493;4.2579524;4.2579524;1092.766349;-12638.047584;;0.0;0.0;480056.8493;7.0;XS1708167652;Bond;480056.8493;467418.801716;0.0025;4.246369622570119;0.0035;4.241736511598166
665;300193;XS1789751531;7552660.315;0.962530068;0.962530068;1409.172248;-43577.81540399999;;0.0;0.0;7552660.315;8.0;XS1789751531;Bond;7552660.315;7509082.499596001;0.0025;0.9601817386357221;0.0035;0.959242406890011
666;300193;XS1808395930;404331.3973;0.978601134;0.978601134;78.06392136;-2373.7768236;;0.0;0.0;404331.3973;6.0;XS1808395930;Bond;404331.3973;401957.6204764;0.0025;0.9761685555648038;0.0035;0.9751955241907252
667;300193;XS1907120791;2954987.342;4.013349062;4.013349062;-11035.18047;-71085.36384;;0.0;0.0;2954987.342;8.0;XS1907120791;Bond;2954987.342;2883901.9781600004;0.0025;4.146977129515025;0.0035;4.2004283565210345
668;300193;XS1953240261;1182376.712;7.817316088;7.817316088;8533.98907;-56188.311828;;0.0;0.0;1182376.712;6.0;XS1953240261;Bond;1182376.712;1126188.400172;0.0025;7.789650750240677;0.0035;7.778584615136947
669;300193;XS1960248919;5613572.383;0.919443187;0.919443187;976.6262101;-34488.865944000005;;0.0;0.0;5613572.383;8.0;XS1960248919;Bond;5613572.383;5579083.517056;0.0025;0.9172072293692838;0.004;0.9158656547908541
670;300193;XS1961772560;1920961.479;3.711256557;3.711256557;3382.073977;-42832.91697599999;;0.0;0.0;1920961.479;7.0;XS1961772560;Bond;1920961.479;1878128.562024;0.0025;3.7016747400997554;0.0035;3.6978420133396575
671;300193;XS1963116964;969507.2603;4.540862887;4.540862887;2536.083475;-54790.47345599999;;0.0;0.0;969507.2603;6.0;XS1963116964;Bond;969507.2603;914716.786844;0.0025;4.527015280337545;0.0095;4.488241981682668
672;300193;XS1968706108;950658.7671;3.738641372;3.738641372;1696.418458;-44129.501088;;0.0;0.0;950658.7671;8.0;XS1968706108;Bond;950658.7671;906529.266012;0.0025;3.728973314735226;0.0095;3.70190275439386
673;300193;XS1979280853;2822912.836;1.943057261;1.943057261;1611.727636;-32882.046918;;0.0;0.0;2822912.836;6.0;XS1979280853;Bond;2822912.836;2790030.789082;0.0025;1.9382223177492222;0.0035;1.936288340448911
674;300193;XS1979280937;1388769.041;4.68027032;4.68027032;3761.612175;-38938.229424000005;;0.0;0.0;1388769.041;8.0;XS1979280937;Bond;1388769.041;1349830.811576;0.0025;4.667317783372711;0.0035;4.662136768721796
675;300193;XS2001175657;3729045.151;1.108952887;1.108952887;863.5744292;-24777.40419;;0.0;0.0;3729045.151;6.0;XS2001175657;Bond;3729045.151;3704267.74681;0.0025;1.1062378138290931;0.0035;1.1051517845607304
676;300193;XS2002532724;4670337.205;1.136167517;1.136167517;1125.245313;-34656.6568985;;0.0;0.0;4670337.205;6.0;XS2002532724;Bond;4670337.205;4635680.5481015;0.0025;1.1333713463146524;0.004;1.131693643903444
677;300193;XS2009943379;1029193.0;3.96451372;3.96451372;2014.152148;-26495.7589065;;0.0;0.0;1029193.0;6.0;XS2009943379;Bond;1029193.0;1002697.2410935;0.0025;3.9548816216237435;0.004;3.9491023625979893
678;300193;XS2010032451;1312255.803;6.131109103;6.131109103;6056.64972;-48706.96332;;0.0;0.0;1312255.803;6.0;XS2010032451;Bond;1312255.803;1263548.83968;0.0025;6.109699125343235;0.0035;6.101135134280529
679;300193;XS2010038730;2855971.644;2.50377189;2.50377189;2496.13888;-42863.407674;;0.0;0.0;2855971.644;6.0;XS2010038730;Bond;2855971.644;2813108.2363259997;0.0025;2.4975939020698177;0.0035;2.495122706897745
680;300193;XS2010045511;975801.3699;2.048292983;2.048292983;608.4949189;-34347.504048;;0.0;0.0;975801.3699;5.0;XS2010045511;Bond;975801.3699;941453.8658520001;0.0025;2.0431921229298156;0.014;2.0197281666069675
681;300193;XS2013574038;6070453.438;1.173882327;1.173882327;1538.251299;-47564.404069;;0.0;0.0;6070453.438;7.0;XS2013574038;Bond;6070453.438;6022889.033931;0.0025;1.1709923328924168;0.004;1.1692583364278668
682;300193;XS2013618421;6896723.151;1.175824892;1.175824892;1748.829261;-48847.637537999995;;0.0;0.0;6896723.151;6.0;XS2013618421;Bond;6896723.151;6847875.513462;0.0025;1.172941953947012;0.0035;1.1717887787258168
683;300193;XS2021462440;1832405.479;4.053934742;4.053934742;3777.990052;-48205.53374;;0.0;0.0;1832405.479;5.0;XS2021462440;Bond;1832405.479;1784199.94526;0.0025;4.043476576459923;0.004;4.037201677135877
684;300193;XS2022425024;808356.8493;10.17152317;10.17152317;9482.870756;-51181.49331600001;;0.0;0.0;808356.8493;8.0;XS2022425024;Bond;808356.8493;757175.355984;0.0025;10.13689674840292;0.0035;10.123046179764088
685;300193;XS2035620710;3978872.877;2.27119979;2.27119979;2937.468603;-54305.239128;;0.0;0.0;3978872.877;6.0;XS2035620710;Bond;3978872.877;3924567.6378719998;0.0025;2.265638998400124;0.0035;2.2634146817601732
686;300193;XS2050933972;1951428.571;1.655566071;1.655566071;702.4117488;-39797.038752;;0.0;0.0;1951428.571;5.0;XS2050933972;Bond;1951428.571;1911631.532248;0.0025;1.6534196321501096;0.0095;1.6474096033704166
687;300193;XS2051777873;4889823.358;1.406090952;1.406090952;1640.683203;-41386.78233;;0.0;0.0;4889823.358;6.0;XS2051777873;Bond;4889823.358;4848436.57567;0.0025;1.4026454274678515;0.0035;1.401267217654992
688;300193;XS2057069093;3745510.603;1.010057567;1.010057567;752.5807419;-22737.984017999996;;0.0;0.0;3745510.603;7.0;XS2057069093;Bond;3745510.603;3722772.6189820003;0.0025;1.0075848891162917;0.0035;1.0065958179628083
689;300193;XS2063495811;2199656.986;2.868266203;2.868266203;2454.608708;-41008.549666499996;;0.0;0.0;2199656.986;6.0;XS2063495811;Bond;2199656.986;2158648.4363335;0.0025;2.8609359500837215;0.004;2.8565377983339544
690;300193;XS2066706909;2194863.849;2.144864078;2.144864078;1472.290741;-28211.969958;;0.0;0.0;2194863.849;7.0;XS2066706909;Bond;2194863.849;2166651.879042;0.0025;2.139595455338472;0.0035;2.137488006273861
691;300193;XS2082324018;600545.2603;0.617020681;0.617020681;59.00809071;-2221.194798;;0.0;0.0;600545.2603;6.0;XS2082324018;Bond;600545.2603;598324.0655019999;0.0025;0.6155160291860109;0.0035;0.6149141684604154
692;300193;XS2100788780;3701323.912;0.774557326;0.774557326;501.5417104;-17157.917970000002;;0.0;0.0;3701323.912;5.0;XS2100788780;Bond;3701323.912;3684165.99403;0.0025;0.7726695904124941;0.0035;0.7719144961774916
693;300193;XS2101349723;4432979.041;1.740377221;1.740377221;2096.340761;-51482.6233025;;0.0;0.0;4432979.041;7.0;XS2101349723;Bond;4432979.041;4381496.4176975;0.0025;1.7361270879266906;0.004;1.733577008082705
694;300193;XS2101357072;3901318.493;2.700569349;2.700569349;3885.885225;-63229.68492;;0.0;0.0;3901318.493;6.0;XS2101357072;Bond;3901318.493;3838088.80808;0.0025;2.6939009337921473;0.0035;2.6912335677090065
695;300193;XS2102360315;5237709.808;1.768448351;1.768448351;2542.882906;-61921.094267500004;;0.0;0.0;5237709.808;6.0;XS2102360315;Bond;5237709.808;5175788.713732501;0.0025;1.7641294952345719;0.004;1.761538181775315
696;300193;XS2112289207;1787637.479;4.633653382;4.633653382;4676.775873;-49682.23871399999;;0.0;0.0;1787637.479;7.0;XS2112289207;Bond;1787637.479;1737955.240286;0.0025;4.621925818733099;0.0035;4.61723479342634
697;300193;XS2112475509;1214725.877;2.765207396;2.765207396;1257.737393;-21869.268531499998;;0.0;0.0;1214725.877;6.0;XS2112475509;Bond;1214725.877;1192856.6084685002;0.0025;2.7584381155226545;0.004;2.754376547236247
698;300193;XS2114852218;2952494.356;2.073724588;2.073724588;1869.608871;-36704.989548000005;;0.0;0.0;2952494.356;7.0;XS2114852218;Bond;2952494.356;2915789.366452;0.0025;2.0686446648009595;0.0035;2.0666126955213433
699;300193;XS2115091808;1082919.233;6.49482177;6.49482177;5312.919761;-43653.073055999994;;0.0;0.0;1082919.233;8.0;XS2115091808;Bond;1082919.233;1039266.159944;0.0025;6.477625820351876;0.0035;6.470747440492627
700;300193;XS2117454871;1883373.041;9.112054066;9.112054066;17769.51744;-103956.94524;;0.0;0.0;1883373.041;6.0;XS2117454871;Bond;1883373.041;1779416.09576;0.0025;9.083754312257474;0.0035;9.072434410760463
701;300193;XS2123320033;3724940.753;1.847216529;1.847216529;1941.332463;-46006.3786;;0.0;0.0;3724940.753;8.0;XS2123320033;Bond;3724940.753;3678934.3744;0.0025;1.842717767095816;0.004;1.8400185099533053
702;300193;XS2123970167;1151361.74;2.77277846;2.77277846;1191.975008;-52688.4196575;;0.0;0.0;1151361.74;5.0;XS2123970167;Bond;1151361.74;1098673.3203425;0.0025;2.766117358061366;0.014;2.735476289143648
703;300193;XS2147977636;772089.3151;4.578824607;4.578824607;2005.723134;-21439.049844;;0.0;0.0;772089.3151;7.0;XS2147977636;Bond;772089.3151;750650.265256;0.0025;4.566294033577016;0.0035;4.561281804207822
704;300193;XS2151069775;3166446.589;0.9765432;0.9765432;610.3339165;-20611.170775000002;;0.0;0.0;3166446.589;7.0;XS2151069775;Bond;3166446.589;3145835.418225;0.0025;0.9741085310018512;0.004;0.9726477296029621
705;300193;XS2160857798;913099.863;4.758747539;4.758747539;2535.234962;-26032.154430000002;;0.0;0.0;913099.863;6.0;XS2160857798;Bond;913099.863;887067.70857;0.0025;4.7459488731522095;0.0035;4.740829406813093
706;300193;XS2171713006;343143.1233;6.55186852;6.55186852;1741.601528;-13516.33047;;0.0;0.0;343143.1233;7.0;XS2171713006;Bond;343143.1233;329626.79283;0.0025;6.532300031459998;0.0035;6.524472636043998
707;300193;XS2176534795;3070242.192;2.560798776;2.560798776;2791.80426;-47140.284534;;0.0;0.0;3070242.192;7.0;XS2176534795;Bond;3070242.192;3023101.907466;0.0025;2.554460232935982;0.0035;2.5519248157103744
708;300193;XS2176621170;2217577.397;0.865506294;0.865506294;354.4336193;-23783.074116000003;;0.0;0.0;2217577.397;7.0;XS2176621170;Bond;2217577.397;2193794.322884;0.0025;0.8633833168849379;0.0095;0.8574389809627638
709;300193;XS2178833773;2841619.123;0.503715052;0.503715052;212.2650447;-8828.482428;;0.0;0.0;2841619.123;7.0;XS2178833773;Bond;2841619.123;2832790.6405720003;0.0025;0.5024819084787798;0.0035;0.5019886510702918
710;300193;XS2180008513;928827.9452;6.309663027;6.309663027;4487.646202;-35369.019318;;0.0;0.0;928827.9452;7.0;XS2180008513;Bond;928827.9452;893458.925882;0.0025;6.288404769376774;0.0035;6.279901466327483
711;300193;XS2181959110;934806.8493;6.176077478;6.176077478;4401.217995;-72103.175748;;0.0;0.0;934806.8493;7.0;XS2181959110;Bond;934806.8493;862703.673552;0.0025;6.1537333699222545;0.0095;6.091169867304567
712;300193;XS2183818637;3185922.945;0.430681445;0.430681445;192.2397471;-16968.312888;;0.0;0.0;3185922.945;7.0;XS2183818637;Bond;3185922.945;3168954.6321119997;0.0025;0.42963665219181546;0.0095;0.4267112323288988
713;300193;XS2187689034;4510090.411;0.204226218;0.204226218;106.8359383;-5782.8008555999995;;0.0;0.0;4510090.411;4.0;XS2187689034;Bond;4510090.411;4504307.6101444;0.0025;0.20373828378922185;0.0035;0.2035431101049106
714;300193;XS2188805845;926310.0;4.832279556;4.832279556;2278.659268;-26821.018578000003;;0.0;0.0;926310.0;6.0;XS2188805845;Bond;926310.0;899488.981422;0.0025;4.829158579523339;0.0035;4.827910188932676
715;300193;XS2194283672;3668550.507;1.191197829;1.191197829;950.5627051;-26173.573302;;0.0;0.0;3668550.507;6.0;XS2194283672;Bond;3668550.507;3642376.9336980004;0.0025;1.1882674284362789;0.0035;1.1870952682107903
716;300193;XS2194283839;1919911.507;3.938568903;3.938568903;3797.196488;-45339.318018000005;;0.0;0.0;1919911.507;7.0;XS2194283839;Bond;1919911.507;1874572.1889819999;0.0025;3.9279047739825246;0.0035;3.9236391223755342
717;300193;XS2200175839;1986592.055;1.234157158;1.234157158;543.6269461;-15911.535796;;0.0;0.0;1986592.055;5.0;XS2200175839;Bond;1986592.055;1970680.519204;0.0025;1.2311238176833998;0.004;1.2293038134934398
718;300193;XS2200513070;835490.3014;6.774413443;6.774413443;4477.537141;-33995.865084000005;;0.0;0.0;835490.3014;7.0;XS2200513070;Bond;835490.3014;801494.436316;0.0025;6.755165809468375;0.0035;6.747466756055724
719;300193;XS2221845683;2353946.918;5.655587062;5.655587062;9065.788203;-165870.59795999998;;0.0;0.0;2353946.918;8.0;XS2221845683;Bond;2353946.918;2188076.32004;0.0025;5.639268380036277;0.0095;5.593576070537851
720;300193;XS2226645278;364226.0274;6.461070119;6.461070119;1850.082943;-29403.98442;;0.0;0.0;364226.0274;7.0;XS2226645278;Bond;364226.0274;334822.04298;0.0025;6.438446403823025;0.0095;6.3751000013274925
721;300193;XS2227906208;2212039.714;6.338646674;6.338646674;10437.04374;-91044.09612999999;;0.0;0.0;2212039.714;6.0;XS2227906208;Bond;2212039.714;2120995.61787;0.0025;6.321135540827043;0.004;6.310628860923268
722;300193;XS2228260043;406366.8493;0.447890899;0.447890899;25.86310543;-1122.2405046;;0.0;0.0;406366.8493;6.0;XS2228260043;Bond;406366.8493;405244.6087954;0.0025;0.4468012965765203;0.0035;0.44636545560712837
723;300193;XS2228897158;2168509.0;2.682301308;2.682301308;2133.829651;-37787.196434;;0.0;0.0;2168509.0;6.0;XS2228897158;Bond;2168509.0;2130721.803566;0.0025;2.6756879651434247;0.004;2.6717199594294794
724;300193;XS2229470146;2156609.178;7.187456086;7.187456086;12901.46202;-93244.5798;;0.0;0.0;2156609.178;6.0;XS2229470146;Bond;2156609.178;2063364.5982;0.0025;7.167047642668023;0.0035;7.158884265335232
725;300193;XS2231165668;6244011.733;2.348121027;2.348121027;4910.268288;-95220.54893;;0.0;0.0;6244011.733;5.0;XS2231165668;Bond;6244011.733;6148791.18407;0.0025;2.3422452981353863;0.004;2.338719860816618
726;300193;XS2231331344;848467.2603;6.919438727;6.919438727;4745.790684;-35247.57315;;0.0;0.0;848467.2603;6.0;XS2231331344;Bond;848467.2603;813219.68715;0.0025;6.899301076473906;0.0035;6.8912460162634686
727;300193;XS2232115423;828874.7945;6.314075669;6.314075669;3882.044899;-34100.106989;;0.0;0.0;828874.7945;7.0;XS2232115423;Bond;828874.7945;794774.687511;0.0025;6.296656752334601;0.004;6.286205402335362
728;300193;XS2236363573;1950115.068;3.254243284;3.254243284;-8998.968938;-38074.420674;;0.0;0.0;1950115.068;6.0;XS2236363573;Bond;1950115.068;1912040.647326;0.0025;3.396083121444015;0.0035;3.4528190564216206
729;300193;XS2238787415;5404759.6;0.528815309;0.528815309;429.7614707;-17147.155116;;0.0;0.0;5404759.6;5.0;XS2238787415;Bond;5404759.6;5387612.444883999;0.0025;0.5275265387751052;0.0035;0.5270110306851473
730;300193;XS2242921711;2878168.247;3.41565914;3.41565914;4334.744564;-58955.962020000006;;0.0;0.0;2878168.247;6.0;XS2242921711;Bond;2878168.247;2819212.28498;0.0025;3.4071740198074014;0.0035;3.4037799717303616
731;300193;XS2265371042;1396197.74;2.831396102;2.831396102;1506.016338;-26455.2524795;;0.0;0.0;1396197.74;6.0;XS2265371042;Bond;1396197.74;1369742.4875205;0.0025;2.8244717248130047;0.004;2.8203170985008077
732;300193;XS2280835260;2909847.26;5.920406675;5.920406675;12029.19998;-111713.13140000001;;0.0;0.0;2909847.26;7.0;XS2280835260;Bond;2909847.26;2798134.1286;0.0025;5.90468564597061;0.004;5.895253028552976
733;300193;XS2282094494;4124711.835;0.765983248;0.765983248;549.7913064;-19459.599395999998;;0.0;0.0;4124711.835;6.0;XS2282094494;Bond;4124711.835;4105252.235604;0.0025;0.7641177725283942;0.0035;0.7633715823397519
734;300193;XS2282195176;938925.6164;2.686587554;2.686587554;925.4438471;-16886.6942465;;0.0;0.0;938925.6164;6.0;XS2282195176;Bond;938925.6164;922038.9221535;0.0025;2.6799909036939193;0.004;2.676032913510271
735;300193;XS2286012849;2198408.986;5.434238852;5.434238852;7745.780906;-77426.096475;;0.0;0.0;2198408.986;6.0;XS2286012849;Bond;2198408.986;2120982.889525;0.0025;5.419982292919713;0.004;5.41142835747154
736;300193;XS2292263121;1048221.666;4.646952565;4.646952565;2750.364963;-32747.5807555;;0.0;0.0;1048221.666;8.0;XS2292263121;Bond;1048221.666;1015474.0852445;0.0025;4.635342008562171;0.004;4.628375674699473
737;300193;XS2299135819;3209430.651;0.842369073;0.842369073;490.6642622;-33681.386268;;0.0;0.0;3209430.651;6.0;XS2299135819;Bond;3209430.651;3175749.264732;0.0025;0.8403209864725325;0.0095;0.8345863441956236
738;300193;XS2303927227;7236320.712;2.809512261;2.809512261;7696.64029;-122082.29310000001;;0.0;0.0;7236320.712;5.0;XS2303927227;Bond;7236320.712;7114238.4189;0.0025;2.802655349378818;0.0035;2.799912584730345
739;300193;XS2304340263;3844098.74;1.899672791;1.899672791;2098.261927;-43798.73688;;0.0;0.0;3844098.74;6.0;XS2304340263;Bond;3844098.74;3800300.00312;0.0025;1.8950486888254638;0.0035;1.8931990479556493
740;300193;XS2307573993;3027305.0;0.894383021;0.894383021;506.0069755;-16720.676382;;0.0;0.0;3027305.0;5.0;XS2307573993;Bond;3027305.0;3010584.323618;0.0025;0.8922041317340882;0.0035;0.8913325760277234
741;300193;XS2307768734;5919424.467;2.060002284;2.060002284;3714.869447;-73126.66907999999;;0.0;0.0;5919424.467;6.0;XS2307768734;Bond;5919424.467;5846297.79792;0.0025;2.05492198896177;0.0035;2.0528898709464785
742;300193;XS2314267449;877334.3836;5.686191005;5.686191005;3356.44326;-29892.121182000003;;0.0;0.0;877334.3836;5.0;XS2314267449;Bond;877334.3836;847442.2624179999;0.0025;5.6713797098818395;0.0035;5.665455191834575
743;300193;XS2319954710;3889854.795;1.419323654;1.419323654;1320.991241;-68618.90589600001;;0.0;0.0;3889854.795;7.0;XS2319954710;Bond;3889854.795;3821235.889104;0.0025;1.4158698752432481;0.0095;1.406199294724343
744;300193;XS2323295563;2821355.655;0.96969527;0.96969527;531.3180091;-16557.106332;;0.0;0.0;2821355.655;6.0;XS2323295563;Bond;2821355.655;2804798.548668;0.0025;0.9673380395256899;0.0035;0.9663951473359658
745;300193;XS2324836878;1021423.534;2.908993615;2.908993615;1154.740449;-17836.647432;;0.0;0.0;1021423.534;6.0;XS2324836878;Bond;1021423.534;1003586.886568;0.0025;2.901886207121812;0.0035;2.899043243970537
746;300193;XS2325562424;6743077.72;0.491034776;0.491034776;485.1064432;-19841.275265999997;;0.0;0.0;6743077.72;5.0;XS2325562424;Bond;6743077.72;6723236.444734;0.0025;0.48983902890882236;0.0035;0.4893607300723513
747;300193;XS2325733413;11683782.9;1.936030021;1.936030021;6585.956108;-136133.53038;;0.0;0.0;11683782.9;7.0;XS2325733413;Bond;11683782.9;11547649.369620001;0.0025;1.9313084631005337;0.0035;1.9294198399407472
748;300193;XS2338643740;5797331.178;1.534803947;1.534803947;2234.037548;-59413.714535499996;;0.0;0.0;5797331.178;8.0;XS2338643740;Bond;5797331.178;5737917.4634645;0.0025;1.5310590997379352;0.004;1.5288121913806962
749;300193;XS2342059784;5721598.783;0.115068493;0.11588399;7.575852301;-4279.44237695;;0.0;0.0;5721598.783;7.0;XS2342059784;Bond;5721598.783;5717319.34062305;0.0025;0.11506849290488406;0.004;0.11588474321204263
750;300193;XS2342732562;1374869.578;2.514777899;2.514777899;1220.63741;-21745.62435;;0.0;0.0;1374869.578;6.0;XS2342732562;Bond;1374869.578;1353123.95365;0.0025;2.508392655951855;0.0035;2.505838558732597
751;300193;XS2343340852;22202489.18;1.583172051;1.583172051;8994.234934;-234916.14035499998;;0.0;0.0;22202489.18;6.0;XS2343340852;Bond;22202489.18;21967573.039645;0.0025;1.5793106279630227;0.004;1.5769937741408364
752;300193;XS2343459074;5835616.438;1.337588741;1.337588741;1805.662166;-96442.44117600001;;0.0;0.0;5835616.438;7.0;XS2343459074;Bond;5835616.438;5739173.996824;0.0025;1.3343260755622115;0.0095;1.3251906123364037
753;300193;XS2346206902;11249692.15;1.743211342;1.743211342;5333.265209;-127495.91582;;0.0;0.0;11249692.15;6.0;XS2346206902;Bond;11249692.15;11122196.23418;0.0025;1.7389562816686752;0.004;1.7364032454698803
754;300193;XS2348325221;4832931.164;2.632361274;2.632361274;4597.161128;-76318.383;;0.0;0.0;4832931.164;6.0;XS2348325221;Bond;4832931.164;4756612.7809999995;0.0025;2.6259041903582867;0.0035;2.6233213569016014
755;300193;XS2353366268;3563670.205;2.121607075;2.121607075;2353.364536;-50592.552868;;0.0;0.0;3563670.205;6.0;XS2353366268;Bond;3563670.205;3513077.652132;0.0025;2.1163507005923528;0.004;2.1131968759477644
756;300193;XS2354444023;6466548.0;0.777092512;0.777092512;880.2951717;-30082.735626;;0.0;0.0;6466548.0;6.0;XS2354444023;Bond;6466548.0;6436465.264374;0.0025;0.7751989284954649;0.0035;0.7744414950936508
757;300193;XS2356040357;2001162.795;3.633403647;3.633403647;3365.651028;-43582.161828;;0.0;0.0;2001162.795;8.0;XS2356040357;Bond;2001162.795;1957580.6331719998;0.0025;3.6243615098561697;0.0035;3.6207446549986373
758;300193;XS2369906644;1455995.589;7.683322266;7.683322266;9942.696197;-73290.34693500001;;0.0;0.0;1455995.589;6.0;XS2369906644;Bond;1455995.589;1382705.2420649999;0.0025;7.660185979892074;0.004;7.64630420822732
759;300193;XS2381261424;1327545.205;6.130201162;6.130201162;5920.106274;-101709.59635200001;;0.0;0.0;1327545.205;7.0;XS2381261424;Bond;1327545.205;1225835.608648;0.0025;6.112663613778988;0.0095;6.063558478760157
760;300193;XS2381853279;5947663.836;3.308709063;3.308709063;8443.72467;-117957.65634000002;;0.0;0.0;5947663.836;7.0;XS2381853279;Bond;5947663.836;5829706.17966;0.0025;3.300586182184944;0.0035;3.2973370298589217
761;300193;XS2382849888;5459487.945;0.413289727;0.413289727;312.8475641;-15069.682478499999;;0.0;0.0;5459487.945;5.0;XS2382849888;Bond;5459487.945;5444418.262521501;0.0025;0.4122841614273153;0.004;0.4116808220837045
762;300193;XS2384269101;7437804.362;1.399246671;1.399246671;2472.273709;-69415.23732;;0.0;0.0;7437804.362;6.0;XS2384269101;Bond;7437804.362;7368389.124679999;0.0025;1.395831575447802;0.004;1.3937825181164831
763;300193;XS2384274366;2871807.23;3.293843059;3.293843059;4058.248172;-56691.757116;;0.0;0.0;2871807.23;6.0;XS2384274366;Bond;2871807.23;2815115.472884;0.0025;3.2856382165603035;0.0035;3.282356279584425
764;300193;XS2384274440;2348234.877;3.488662515;3.488662515;3663.334991;-49168.870559999996;;0.0;0.0;2348234.877;6.0;XS2384274440;Bond;2348234.877;2299066.0064399997;0.0025;3.4800884872794895;0.0035;3.4766588761912853
765;300193;XS2384723263;2194690.011;4.292221412;4.292221412;4975.458585;-56484.033456;;0.0;0.0;2194690.011;6.0;XS2384723263;Bond;2194690.011;2138205.977544;0.0025;4.281603226315774;0.0035;4.277355952042083
766;300193;XS2385397901;5487675.0;1.420062835;1.420062835;1865.882474;-46818.136847999995;;0.0;0.0;5487675.0;8.0;XS2385397901;Bond;5487675.0;5440856.863152;0.0025;1.4166039486933917;0.0035;1.4152203941707482
767;300193;XS2386877133;6366423.137;4.313674855;4.313674855;14567.0231;-178303.095815;;0.0;0.0;6366423.137;5.0;XS2386877133;Bond;6366423.137;6188120.041185;0.0025;4.3029917913606335;0.004;4.296581953177014
768;300193;XS2388182573;3625830.268;4.295322687;4.295322687;8255.156142;-93308.89392;;0.0;0.0;3625830.268;6.0;XS2388182573;Bond;3625830.268;3532521.37408;0.0025;4.284528104852949;0.0035;4.280210271994129
769;300193;XS2388449758;1754947.233;3.347503235;3.347503235;2549.423246;-39330.1894245;;0.0;0.0;1754947.233;6.0;XS2388449758;Bond;1754947.233;1715617.0435755;0.0025;3.3392000173639484;0.004;3.3342180867823177
770;300193;XS2389343380;3999910.685;4.288378936;4.288378936;9076.881966;-115270.3929;;0.0;0.0;3999910.685;7.0;XS2389343380;Bond;3999910.685;3884640.2921;0.0025;4.27762264170961;0.004;4.271168865135376
771;300193;XS2390506546;7129789.041;2.413010213;2.413010213;5833.734478;-115252.71426499999;;0.0;0.0;7129789.041;8.0;XS2390506546;Bond;7129789.041;7014536.326735;0.0025;2.4071112640187446;0.004;2.4035718946299913
772;300193;XS2393236000;6650999.041;3.401635763;3.401635763;9920.251288;-135626.2164;;0.0;0.0;6650999.041;6.0;XS2393236000;Bond;6650999.041;6515372.8246;0.0025;3.3932750018130986;0.0035;3.3899306973383383
773;300193;XS2397367421;1791464.521;7.97178846;7.97178846;13045.24938;-86029.69062000001;;0.0;0.0;1791464.521;7.0;XS2397367421;Bond;1791464.521;1705434.83038;0.0025;7.948614713019868;0.0035;7.939345214227815
774;300193;XS2400445289;4952116.767;1.531382281;1.531382281;1903.294101;-45523.077702;;0.0;0.0;4952116.767;6.0;XS2400445289;Bond;4952116.767;4906593.689298;0.0025;1.5276366226313436;0.0035;1.5261383592838809
775;300193;XS2403444677;7808279.315;3.457171427;3.457171427;12007.4687;-180832.41019999998;;0.0;0.0;7808279.315;7.0;XS2403444677;Bond;7808279.315;7627446.904800001;0.0025;3.448606843205666;0.004;3.443468092929066
776;300193;XS2404642923;3804634.882;3.894709002;3.894709002;7304.899396;-96224.069435;;0.0;0.0;3804634.882;7.0;XS2404642923;Bond;3804634.882;3708410.8125650003;0.0025;3.8846308947490362;0.004;3.878584030398458
777;300193;XS2405875480;2067030.479;4.461655244;4.461655244;5031.557083;-55279.144266;;0.0;0.0;2067030.479;6.0;XS2405875480;Bond;2067030.479;2011751.334734;0.0025;4.4505662657038965;0.0035;4.446130674385455
778;300193;XS2406569579;2149950.685;9.389074917;9.389074917;21627.30215;-121844.76426;;0.0;0.0;2149950.685;7.0;XS2406569579;Bond;2149950.685;2028105.92074;0.0025;9.357975710546844;0.0035;9.345536027965581
779;300193;XS2406914346;2703061.254;1.661798217;1.661798217;1184.766709;-27009.834132;;0.0;0.0;2703061.254;6.0;XS2406914346;Bond;2703061.254;2676051.4198680003;0.0025;1.6577445119107292;0.0035;1.6561230298750207
780;300193;XS2407010656;4261194.048;2.760779505;2.760779505;4402.801819;-70630.59762;;0.0;0.0;4261194.048;6.0;XS2407010656;Bond;4261194.048;4190563.4503800003;0.0025;2.7540034650351286;0.0035;2.7512930490491803
781;300193;XS2407357768;6616637.244;0.604103717;0.604103717;631.4506245;-26629.698933499996;;0.0;0.0;6616637.244;7.0;XS2407357768;Bond;6616637.244;6590007.5450665;0.0025;0.6026302260491501;0.004;0.6017461314786402
782;300193;XS2407529309;6632140.411;2.517246204;2.517246204;5850.536905;-206879.85012000002;;0.0;0.0;6632140.411;7.0;XS2407529309;Bond;6632140.411;6425260.560880001;0.0025;2.511033796835914;0.0095;2.4936390567764737
783;300193;XS2407955827;662452.4932;7.252494869;7.252494869;3998.510086;-28769.970719999998;;0.0;0.0;662452.4932;6.0;XS2407955827;Bond;662452.4932;633682.52248;0.0025;7.2330935798553;0.0035;7.225333064197419
784;300193;XS2407985220;2303280.0;1.589517101;1.589517101;938.9260933;-21997.901592;;0.0;0.0;2303280.0;6.0;XS2407985220;Bond;2303280.0;2281282.098408;0.0025;1.5856423276463363;0.0035;1.584092418304871
785;300193;XS2411311652;1008832.663;3.578059116;3.578059116;1648.19582;-21679.109148000003;;0.0;0.0;1008832.663;7.0;XS2411311652;Bond;1008832.663;987153.5538519999;0.0025;3.5692212505566228;0.0035;3.565686104379272
786;300193;XS2430951660;3579156.885;1.771383576;1.771383576;1742.678134;-42371.252066;;0.0;0.0;3579156.885;8.0;XS2430951660;Bond;3579156.885;3536785.632934;0.0025;1.7670556687046195;0.004;1.7644589243273912
787;300193;XS2431029441;2635684.932;6.467417168;6.467417168;13271.28139;-212932.50252;;0.0;0.0;2635684.932;8.0;XS2431029441;Bond;2635684.932;2422752.42948;0.0025;6.446105115361756;0.0095;6.386431367974674
788;300193;XS2431319107;3366320.0;7.717569375;7.717569375;23709.69364;-171370.128865;;0.0;0.0;3366320.0;6.0;XS2431319107;Bond;3366320.0;3194949.871135;0.0025;7.690391355127912;0.004;7.67408454320466
789;300193;XS2432130610;4932842.466;1.68403663;1.68403663;2230.738211;-51866.369796;;0.0;0.0;4932842.466;6.0;XS2432130610;Bond;4932842.466;4880976.096204;0.0025;1.6798210369152489;0.0035;1.6781347996813483
790;300193;XS2432293756;4787805.0;5.473068922;5.473068922;17100.76287;-156846.56442;;0.0;0.0;4787805.0;7.0;XS2432293756;Bond;4787805.0;4630958.43558;0.0025;5.45866179640406;0.0035;5.452898946165684
791;300193;XS2433141947;4505112.945;6.221819059;6.221819059;20746.76096;-188824.69488999998;;0.0;0.0;4505112.945;6.0;XS2433141947;Bond;4505112.945;4316288.25011;0.0025;6.203467667585984;0.004;6.192456832737573
792;300193;XS2434787235;2452731.781;8.015896824;8.015896824;18250.21097;-132524.16248499998;;0.0;0.0;2452731.781;7.0;XS2434787235;Bond;2452731.781;2320207.6185149997;0.0025;7.99051409997529;0.004;7.975284465560464
793;300193;XS2441247041;3524690.0;4.713487024;4.713487024;9578.71265;-100307.46132;;0.0;0.0;3524690.0;6.0;XS2441247041;Bond;3524690.0;3424382.53868;0.0025;4.701089316669367;0.0035;4.696130233737113
794;300193;XS2442765124;2477226.986;8.083678085;8.083678085;18661.5751;-121078.83197999999;;0.0;0.0;2477226.986;7.0;XS2442765124;Bond;2477226.986;2356148.1540200002;0.0025;8.058711413926455;0.0035;8.048724745497037
795;300193;XS2443920751;2866141.096;4.545420379;4.545420379;7316.023654;-87762.0003;;0.0;0.0;2866141.096;8.0;XS2443920751;Bond;2866141.096;2778379.0957;0.0025;4.533258263576136;0.004;4.525960994321818
796;300193;XS2444286145;4737072.603;3.694229763;3.694229763;8250.735629;-105140.7327;;0.0;0.0;4737072.603;5.0;XS2444286145;Bond;4737072.603;4631931.8703000005;0.0025;3.684804666552428;0.0035;3.6810346279733994
797;300193;XS2446844594;2120373.466;4.673449887;4.673449887;5656.157472;-59402.419572;;0.0;0.0;2120373.466;7.0;XS2446844594;Bond;2120373.466;2060971.046428;0.0025;4.661364499438196;0.0035;4.656530344413475
798;300193;XS2446846888;1739313.205;8.991629435;8.991629435;16154.79172;-94777.4691;;0.0;0.0;1739313.205;7.0;XS2446846888;Bond;1739313.205;1644535.7359;0.0025;8.961552206408014;0.0035;8.94952131497122
799;300193;XS2448014808;3942849.534;3.735757642;3.735757642;6831.339267;-95888.93294500001;;0.0;0.0;3942849.534;6.0;XS2448014808;Bond;3942849.534;3846960.601055;0.0025;3.727332620161925;0.004;3.72227760705908
800;300193;XS2452434645;2098713.137;5.49903422;5.49903422;5729.38319;-69156.89196;;0.0;0.0;2098713.137;7.0;XS2452434645;Bond;2098713.137;2029556.2450400002;0.0025;5.506383898353013;0.0035;5.509323769694218
801;300193;XS2452435295;868321.5068;7.933904918;7.933904918;5736.011417;-41847.28965;;0.0;0.0;868321.5068;6.0;XS2452435295;Bond;868321.5068;826474.2171499999;0.0025;7.926125504216439;0.0035;7.923013738703015
802;300193;XS2455983861;1854496.192;6.428058427;6.428058427;9030.998501;-71413.05618;;0.0;0.0;1854496.192;7.0;XS2455983861;Bond;1854496.192;1783083.13582;0.0025;6.4096136295713375;0.0035;6.402235710599872
803;300193;XS2456839369;1685627.425;7.923772923;7.923772923;12446.08706;-87894.59015999999;;0.0;0.0;1685627.425;7.0;XS2456839369;Bond;1685627.425;1597732.8348400001;0.0025;7.896147055182918;0.004;7.879571534492669
804;300193;XS2459544339;2959079.096;4.14084708;4.14084708;6408.437546;-73476.50712;;0.0;0.0;2959079.096;8.0;XS2459544339;Bond;2959079.096;2885602.5888799997;0.0025;4.129571454733916;0.0035;4.125061204627482
805;300193;XS2461234622;1815203.468;3.741727582;3.741727582;3244.197847;-45578.6986525;;0.0;0.0;1815203.468;9.0;XS2461234622;Bond;1815203.468;1769624.7693475;0.0025;3.732047983377408;0.004;3.7262402242038526
806;300193;XS2462321485;1938146.041;8.959219837;8.959219837;17977.41816;-105461.53386;;0.0;0.0;1938146.041;7.0;XS2462321485;Bond;1938146.041;1832684.50714;0.0025;8.927999522593177;0.0035;8.915511396830448
807;300193;XS2462324828;1218471.658;4.654980329;4.654980329;3247.458615;-34330.648944;;0.0;0.0;1218471.658;7.0;XS2462324828;Bond;1218471.658;1184141.009056;0.0025;4.64252268085134;0.0035;4.637539621591876
808;300193;XS2462325122;1233227.014;7.897405894;7.897405894;9070.743076;-59291.107410000004;;0.0;0.0;1233227.014;7.0;XS2462325122;Bond;1233227.014;1173935.90659;0.0025;7.8694461783879355;0.0035;7.85826229214311
809;300193;XS2463518998;2844154.027;5.555287921;5.555287921;2021.431795;-95506.7991;;0.0;0.0;2844154.027;7.0;XS2463518998;Bond;2844154.027;2748647.2279;0.0025;5.614672676185469;0.0035;5.638426578259656
810;300193;XS2466368938;4012698.411;3.914159534;3.914159534;7838.248572;-94156.30044;;0.0;0.0;4012698.411;7.0;XS2466368938;Bond;4012698.411;3918542.11056;0.0025;3.903627121198892;0.0035;3.899414156078449
811;300193;XS2466401572;5055361.233;8.011808486;8.011808486;38636.50142;-245959.26468;;0.0;0.0;5055361.233;7.0;XS2466401572;Bond;5055361.233;4809401.96832;0.0025;7.981214207511382;0.0035;7.968976496115935
812;300193;XS2484587048;4877221.233;5.378198617;5.378198617;17548.06849;-158461.68708;;0.0;0.0;4877221.233;7.0;XS2484587048;Bond;4877221.233;4718759.54592;0.0025;5.3605620572805925;0.0035;5.35350743339283
813;300193;XS2487667276;2515433.562;0.816362578;0.816362578;367.6039084;-13796.980795;;0.0;0.0;2515433.562;7.0;XS2487667276;Bond;2515433.562;2501636.5812049997;0.0025;0.8143752130751586;0.004;0.8131827941202537
814;300193;XS2491029380;3170831.342;4.647053501;4.647053501;-13774.92456;-88313.57688000001;;0.0;0.0;3170831.342;6.0;XS2491029380;Bond;3170831.342;3082517.76512;0.0025;4.8096478359396215;0.0035;4.87468556991547
815;300193;XS2517103334;1637757.644;6.368771085;6.368771085;6249.243676;-63327.958860000006;;0.0;0.0;1637757.644;6.0;XS2517103334;Bond;1637757.644;1574429.6851400002;0.0025;6.374780906601762;0.0035;6.377184835242467
816;300193;XS2521820048;2684404.726;2.233483269;2.233483269;1947.177594;-35954.118342;;0.0;0.0;2684404.726;6.0;XS2521820048;Bond;2684404.726;2648450.6076579997;0.0025;2.2278202221780505;0.0035;2.2255550034492706
817;300193;XS2527421668;3874904.767;3.111341907;3.111341907;5051.12052;-73032.06509999999;;0.0;0.0;3874904.767;6.0;XS2527421668;Bond;3874904.767;3801872.7019;0.0025;3.1029543529253627;0.0035;3.099599331295508
818;300193;XS2527451905;3018080.959;4.059465198;4.059465198;6362.603405;-81972.58563;;0.0;0.0;3018080.959;7.0;XS2527451905;Bond;3018080.959;2936108.3733699997;0.0025;4.047959293772557;0.004;4.041055751236091
819;300193;XS2531420656;5672730.89;3.457230196;3.457230196;8898.674658;-119506.73363999999;;0.0;0.0;5672730.89;7.0;XS2531420656;Bond;5672730.89;5553224.156359999;0.0025;3.4478944070172917;0.0035;3.4441600914242083
820;300193;XS2531420730;1723628.836;2.189471038;2.189471038;1213.51595;-22629.418224;;0.0;0.0;1723628.836;6.0;XS2531420730;Bond;1723628.836;1700999.417776;0.0025;2.183854318100519;0.0035;2.1816076301407263
821;300193;XS2532312548;2028469.315;3.952100507;3.952100507;4082.057199;-48195.64814999999;;0.0;0.0;2028469.315;6.0;XS2532312548;Bond;2028469.315;1980273.66685;0.0025;3.940838677631042;0.0035;3.9363339458834585
822;300193;XS2535309798;2293058.096;7.796059725;7.796059725;17103.46001;-109798.16028000001;;0.0;0.0;2293058.096;7.0;XS2535309798;Bond;2293058.096;2183259.93572;0.0025;7.761536111802908;0.0035;7.747726666524071
823;300193;XS2537251170;1781796.781;4.73982016;4.73982016;2117.676485;-55772.990936;;0.0;0.0;1781796.781;7.0;XS2537251170;Bond;1781796.781;1726023.790064;0.0025;4.7662722433829945;0.004;4.782143493412791
824;300193;XS2553817763;3677470.041;6.538146243;6.538146243;19189.25467;-146815.59996;;0.0;0.0;3677470.041;7.0;XS2553817763;Bond;3677470.041;3530654.4410400004;0.0025;6.514563165363095;0.0035;6.505129934308333
825;300193;XS2554489513;2997697.26;4.380287553;4.380287553;7528.085808;-81639.50538000002;;0.0;0.0;2997697.26;7.0;XS2554489513;Bond;2997697.26;2916057.75462;0.0025;4.365472611826565;0.0035;4.359546635357192
826;300193;XS2554745708;2786763.699;6.191525905;6.191525905;13558.15081;-116216.06145500002;;0.0;0.0;2786763.699;7.0;XS2554745708;Bond;2786763.699;2670547.637545;0.0025;6.16573349467963;0.004;6.150258048487409
827;300193;XS2555187801;8620362.329;4.028291271;4.028291271;18305.23655;-233280.901425;;0.0;0.0;8620362.329;7.0;XS2555187801;Bond;8620362.329;8387081.427575;0.0025;4.015771895702694;0.004;4.00826027052431
828;300193;XS2555220941;4854047.055;5.485286333;5.485286333;18407.15239;-163523.42916;;0.0;0.0;4854047.055;7.0;XS2555220941;Bond;4854047.055;4690523.62584;0.0025;5.46570412749974;0.0035;5.457871245299636
829;300193;XS2555918270;6278145.548;1.542467124;1.542467124;2469.256893;-64452.887772;;0.0;0.0;6278145.548;6.0;XS2555918270;Bond;6278145.548;6213692.660228;0.0025;1.538582388191939;0.004;1.5362515467071023
830;300193;XS2557084733;4079328.11;7.679819443;7.679819443;30145.26045;-210633.26804;;0.0;0.0;4079328.11;7.0;XS2557084733;Bond;4079328.11;3868694.84196;0.0025;7.642524480546687;0.004;7.6201475030746995
831;300193;XS2557526345;4692000.0;7.820409086;7.820409086;35297.34141;-225350.0898;;0.0;0.0;4692000.0;7.0;XS2557526345;Bond;4692000.0;4466649.9102;0.0025;7.785234143221899;0.0035;7.771164166110658
832;300193;XS2558022591;8116305.556;2.805525404;2.805525404;8595.419989;-282314.01456;;0.0;0.0;8116305.556;7.0;XS2558022591;Bond;8116305.556;7833991.54144;0.0025;2.798727058517899;0.0095;2.779691691168016
833;300193;XS2558966953;6976231.767;6.465166507;6.465166507;35786.62411;-275656.6779;;0.0;0.0;6976231.767;7.0;XS2558966953;Bond;6976231.767;6700575.0890999995;0.0025;6.441417629684421;0.0035;6.43191807875819
834;300193;XS2561748711;5169239.041;5.006241303;5.006241303;16251.94673;-173724.247515;;0.0;0.0;5169239.041;7.0;XS2561748711;Bond;5169239.041;4995514.793485;0.0025;4.990298113983029;0.004;4.980732200572848
835;300193;XS2572996606;5209285.616;4.279280782;4.279280782;12171.99062;-149611.57276;;0.0;0.0;5209285.616;7.0;XS2572996606;Bond;5209285.616;5059674.0432400005;0.0025;4.266646517526699;0.004;4.259065958842719
836;300193;XS2573569576;5257705.479;4.274750893;4.274750893;12274.56773;-150714.73410499998;;0.0;0.0;5257705.479;7.0;XS2573569576;Bond;5257705.479;5106990.744895;0.0025;4.26206997088117;0.004;4.254461417609871
837;300193;XS2574873183;2839062.301;7.865621814;7.865621814;21632.53534;-137341.29606;;0.0;0.0;2839062.301;7.0;XS2574873183;Bond;2839062.301;2701721.00494;0.0025;7.829801687373824;0.0035;7.815473636723355
838;300193;XS2575556589;5115862.329;5.048499716;5.048499716;16221.98643;-157147.17546;;0.0;0.0;5115862.329;7.0;XS2575556589;Bond;5115862.329;4958715.15354;0.0025;5.032945107763272;0.0035;5.026723264468581
839;300193;XS2576067081;4021083.781;7.747273988;7.747273988;29977.95305;-191980.56354;;0.0;0.0;4021083.781;7.0;XS2576067081;Bond;4021083.781;3829103.21746;0.0025;7.710944814818215;0.0035;7.696413145545502
840;300193;XS2576245281;4003873.027;3.3564911;3.3564911;5959.754626;-81222.55152000001;;0.0;0.0;4003873.027;6.0;XS2576245281;Bond;4003873.027;3922650.4754799996;0.0025;3.3474437460400344;0.0035;3.3438248044560486
841;300193;XS2577826386;1454921.233;5.218994875;5.218994875;5052.40759;-51111.00698599999;;0.0;0.0;1454921.233;8.0;XS2577826386;Bond;1454921.233;1403810.226014;0.0025;5.200273816978154;0.004;5.189041182165046
842;300193;XS2580221658;3186020.548;2.730852813;2.730852813;3345.653847;-54253.15269;;0.0;0.0;3186020.548;6.0;XS2580221658;Bond;3186020.548;3131767.39531;0.0025;2.7232440984537707;0.0035;2.720200612635279
843;300193;XS2580271752;976869.863;11.98428211;11.98428211;18335.03721;-78415.17917999999;;0.0;0.0;976869.863;6.0;XS2580271752;Bond;976869.863;898454.68382;0.0025;11.874110386738678;0.004;11.808007352781884
844;300193;XS2582814039;3366981.41;5.11909192;5.11909192;11265.35219;-105338.49762;;0.0;0.0;3366981.41;7.0;XS2582814039;Bond;3366981.41;3261642.91238;0.0025;5.100958889729367;0.0035;5.093705677621115
845;300193;XS2583742239;9322892.658;5.068082241;5.068082241;29822.06486;-287892.87575999997;;0.0;0.0;9322892.658;8.0;XS2583742239;Bond;9322892.658;9034999.78224;0.0025;5.052325896197828;0.0035;5.046023358276958
846;300193;XS2583742668;2541209.37;12.25277201;12.25277201;41596.89189;-190641.82554;;0.0;0.0;2541209.37;7.0;XS2583742668;Bond;2541209.37;2350567.54446;0.0025;12.218874681056308;0.0035;12.205315749478832
847;300193;XS2585932275;12224341.58;3.868454909;3.868454909;14503.21359;-310618.331075;;0.0;0.0;12224341.58;7.0;XS2585932275;Bond;12224341.58;11913723.248925;0.0025;3.8762067464897085;0.004;3.880857848983534
848;300193;XS2588859376;2605632.384;12.44247085;12.44247085;52210.77394;-199529.81478000002;;0.0;0.0;2605632.384;7.0;XS2588859376;Bond;2605632.384;2406102.56922;0.0025;12.32856706993631;0.0035;12.283005557910835
849;300193;XS2590758665;4384472.041;5.052387558;5.052387558;14370.44319;-135493.53582000002;;0.0;0.0;4384472.041;7.0;XS2590758665;Bond;4384472.041;4248978.50518;0.0025;5.034264691807281;0.0035;5.027015545330193
850;300193;XS2597113989;5909440.956;1.843950143;1.843950143;3091.794025;-72898.68286999999;;0.0;0.0;5909440.956;8.0;XS2597113989;Bond;5909440.956;5836542.273130001;0.0025;1.8393706311317384;0.004;1.8366229240107814
851;300193;XS2597114284;3400973.326;5.132069935;5.132069935;11253.04765;-117494.56120999999;;0.0;0.0;3400973.326;8.0;XS2597114284;Bond;3400973.326;3283478.76479;0.0025;5.115195972371417;0.004;5.105071594794268
852;300193;XS2598331242;5387231.164;2.834245729;2.834245729;6090.792213;-102331.86580500001;;0.0;0.0;5387231.164;7.0;XS2598331242;Bond;5387231.164;5284899.298195;0.0025;2.8260631537600487;0.004;2.821153608616078
853;300193;XS2613162424;1592305.274;5.099798168;5.099798168;5291.97221;-53760.7124795;;0.0;0.0;1592305.274;6.0;XS2613162424;Bond;1592305.274;1538544.5615204999;0.0025;5.0817313749931845;0.004;5.070891299189094
854;300193;XS2614623978;959562.3699;6.410882679;6.410882679;5036.272119;-37838.281692000004;;0.0;0.0;959562.3699;6.0;XS2614623978;Bond;959562.3699;921724.0882080001;0.0025;6.3824184857916855;0.0035;6.37103280850836
855;300193;XS2616008970;5299147.945;4.314019411;4.314019411;12829.45464;-150901.000055;;0.0;0.0;5299147.945;7.0;XS2616008970;Bond;5299147.945;5148246.944945;0.0025;4.300020293752243;0.004;4.291620823403589
856;300193;XS2617457127;5398242.466;5.050315072;5.050315072;17897.2287;-169925.7387;;0.0;0.0;5398242.466;6.0;XS2617457127;Bond;5398242.466;5228316.7273;0.0025;5.031194761176163;0.0035;5.023546636846628
857;300193;XS2618690981;5591479.507;2.791657127;2.791657127;6128.793988;-104416.96778499999;;0.0;0.0;5591479.507;6.0;XS2618690981;Bond;5591479.507;5487062.539215;0.0025;2.783738120163202;0.004;2.7789867160611235
858;300193;XS2621007231;3111494.384;3.26558649;3.26558649;4426.799969;-62400.93257999999;;0.0;0.0;3111494.384;6.0;XS2621007231;Bond;3111494.384;3049093.4514200003;0.0025;3.256678509867492;0.0035;3.253115317814489
859;300193;XS2622275886;10606613.7;1.824445496;1.824445496;5566.996318;-128005.899905;;0.0;0.0;10606613.7;6.0;XS2622275886;Bond;10606613.7;10478607.800095;0.0025;1.819645478085314;0.004;1.8167654673365023
860;300193;XS2623868994;2491376.219;4.031725163;4.031725163;5220.350131;-61084.3548;;0.0;0.0;2491376.219;6.0;XS2623868994;Bond;2491376.219;2430291.8642;0.0025;4.019977981213102;0.0035;4.015279108498342
861;300193;XS2624938655;6175076.589;1.916777893;1.916777893;3506.980576;-72553.79754;;0.0;0.0;6175076.589;6.0;XS2624938655;Bond;6175076.589;6102522.79146;0.0025;1.911764860901055;0.0035;1.909759648061477
862;300193;XS2625194225;3963353.425;4.254032538;4.254032538;9446.227896;-103460.19594;;0.0;0.0;3963353.425;6.0;XS2625194225;Bond;3963353.425;3859893.22906;0.0025;4.239689700849151;0.0035;4.233952565988812
863;300193;XS2626288257;5008491.342;5.022562248;5.022562248;16340.13911;-154513.30745999998;;0.0;0.0;5008491.342;7.0;XS2626288257;Bond;5008491.342;4853978.03454;0.0025;5.004065395762342;0.0035;4.996666654867279
864;300193;XS2631867533;5383866.0;5.200522491;5.200522491;18504.63597;-170948.59386;;0.0;0.0;5383866.0;7.0;XS2631867533;Bond;5383866.0;5212917.40614;0.0025;5.1822097366677475;0.0035;5.1748846349348465
865;300193;XS2634687912;3529389.6;2.831948554;2.831948554;3953.678218;-66544.468835;;0.0;0.0;3529389.6;7.0;XS2634687912;Bond;3529389.6;3462845.131165;0.0025;2.8239929889465327;0.004;2.8192196499144524
866;300193;XS2634690114;5131888.808;5.095169919;5.095169919;17120.13541;-160682.07042;;0.0;0.0;5131888.808;8.0;XS2634690114;Bond;5131888.808;4971206.73758;0.0025;5.076671058359563;0.0035;5.069271514103387
867;300193;XS2634826031;5433200.0;4.498996737;4.498996737;14269.58585;-163834.122855;;0.0;0.0;5433200.0;7.0;XS2634826031;Bond;5433200.0;5269365.877145;0.0025;4.48393995122547;0.004;4.474905879760753
868;300193;XS2638080452;4340303.247;5.232980686;5.232980686;15096.82691;-138876.42930000002;;0.0;0.0;4340303.247;6.0;XS2638080452;Bond;4340303.247;4201426.8177000005;0.0025;5.214483690422908;0.0035;5.207084892192071
869;300193;XS2643234011;6523136.178;4.45990135;4.45990135;16987.5371;-195702.91143;;0.0;0.0;6523136.178;7.0;XS2643234011;Bond;6523136.178;6327433.26657;0.0025;4.444523204300924;0.004;4.435296316881479
870;300193;XS2644410214;1869332.055;2.58196019;2.58196019;1744.899345;-29664.378342000004;;0.0;0.0;1869332.055;6.0;XS2644410214;Bond;1869332.055;1839667.6766579999;0.0025;2.5752906193721175;0.0035;2.5726227911209643
871;300193;XS2644417227;2642777.055;1.176774693;1.176774693;679.3516583;-20734.141948;;0.0;0.0;2642777.055;6.0;XS2644417227;Bond;2642777.055;2622042.913052;0.0025;1.1738101954794535;0.004;1.1720314969671255
872;300193;XS2646608401;2265821.918;5.054158806;5.054158806;7648.597107;-197934.13695000001;;0.0;0.0;2265821.918;7.0;XS2646608401;Bond;2265821.918;2067887.78105;0.0025;5.03362913107251;0.014;4.939192626406055
873;300193;XS2667124569;2489395.548;3.797718036;3.797718036;4766.219407;-117679.58059200001;;0.0;0.0;2489395.548;7.0;XS2667124569;Bond;2489395.548;2371715.967408;0.0025;3.7859094638278132;0.0095;3.7528454617456903
874;300193;XS2673547746;3153276.165;6.808252974;6.808252974;18277.10022;-131883.96942;;0.0;0.0;3153276.165;7.0;XS2673547746;Bond;3153276.165;3021392.19558;0.0025;6.779228103900019;0.0035;6.767618155860027
875;300193;XS2676395317;3205202.877;6.025650583;6.025650583;14716.28034;-119014.88382;;0.0;0.0;3205202.877;6.0;XS2676395317;Bond;3205202.877;3086187.9931799998;0.0025;6.001637432920774;0.0035;5.992032172889083
876;300193;XS2676818482;3561046.356;3.41819094;3.41819094;5487.755398;-74307.8934;;0.0;0.0;3561046.356;6.0;XS2676818482;Bond;3561046.356;3486738.4626;0.0025;3.408874728777914;0.0035;3.4051482442890797
877;300193;XS2678191904;3087542.205;8.152605373;8.152605373;25720.96931;-155296.56228;;0.0;0.0;3087542.205;6.0;XS2678191904;Bond;3087542.205;2932245.64272;0.0025;8.110503697838476;0.0035;8.093663027773866
878;300193;XS2678749990;5373132.589;6.392249122;6.392249122;28158.55409;-423319.7142;;0.0;0.0;5373132.589;6.0;XS2678749990;Bond;5373132.589;4949812.874799999;0.0025;6.36338570695842;0.0095;6.282568144841996
879;300193;XS2681384041;4269578.247;6.881747472;6.881747472;25174.0224;-180481.94418;;0.0;0.0;4269578.247;7.0;XS2681384041;Bond;4269578.247;4089096.3028200003;0.0025;6.852740143526476;0.0035;6.841137212137066
880;300193;XS2694995163;1860939.616;3.248789054;3.248789054;2619.403286;-39641.182893000005;;0.0;0.0;1860939.616;6.0;XS2694995163;Bond;1860939.616;1821298.4331069998;0.0025;3.2399863729326017;0.004;3.2347047642921627
881;300193;XS2695011978;3766334.795;3.338007193;3.338007193;5563.870195;-76482.83652000001;;0.0;0.0;3766334.795;5.0;XS2695011978;Bond;3766334.795;3689851.95848;0.0025;3.3289313270976795;0.0035;3.3253009807367513
882;300193;XS2696749626;4473969.452;1.844403096;1.844403096;2399.567157;-50836.091478;;0.0;0.0;4473969.452;7.0;XS2696749626;Bond;4473969.452;4423133.360521999;0.0025;1.8394991619974732;0.0035;1.8375375883964626
883;300193;XS2697483118;4804987.342;1.43260812;1.43260812;1675.159349;-45843.9203755;;0.0;0.0;4804987.342;7.0;XS2697483118;Bond;4804987.342;4759143.4216245;0.0025;1.4290233026914585;0.004;1.4268724123063334
884;300193;XS2705604234;5443570.548;5.479012215;5.479012215;20775.82459;-200951.95808999997;;0.0;0.0;5443570.548;8.0;XS2705604234;Bond;5443570.548;5242618.589910001;0.0025;5.458646642449547;0.004;5.446427298919274
885;300193;XS2711801287;2965977.74;3.346649056;3.346649056;4467.965639;-171126.40478999997;;0.0;0.0;2965977.74;5.0;XS2711801287;Bond;2965977.74;2794851.33521;0.0025;3.336989064394674;0.014;3.2925531030101753
886;300193;XS2718201515;2691872.603;5.107735443;5.107735443;8989.463546;-84108.43596;;0.0;0.0;2691872.603;6.0;XS2718201515;Bond;2691872.603;2607764.16704;0.0025;5.0894707644227095;0.0035;5.082164892991794
887;300193;XS2721465271;5560290.37;6.812536261;6.812536261;32521.44792;-233525.15682;;0.0;0.0;5560290.37;7.0;XS2721465271;Bond;5560290.37;5326765.21318;0.0025;6.78234099116641;0.0035;6.7702628832329745
888;300193;XS2721621154;1729013.83;6.259123752;6.259123752;8784.197976;-67077.96828;;0.0;0.0;1729013.83;7.0;XS2721621154;Bond;1729013.83;1661935.8617200002;0.0025;6.230053648451122;0.0035;6.2184256070315715
889;300193;XS2722162315;5170691.781;6.959302466;6.959302466;31189.6479;-221466.64596;;0.0;0.0;5170691.781;7.0;XS2722162315;Bond;5170691.781;4949225.13504;0.0025;6.92958202343785;0.0035;6.917693846412989
890;300193;XS2724457457;8878216.233;3.476445189;3.476445189;14169.37453;-529825.85766;;0.0;0.0;8878216.233;7.0;XS2724457457;Bond;8878216.233;8348390.375339999;0.0025;3.4667600950047968;0.014;3.4222086626268626
891;300193;XS2726263911;5157403.425;8.310940796;8.310940796;44420.69125;-264084.90894;;0.0;0.0;5157403.425;7.0;XS2726263911;Bond;5157403.425;4893318.51606;0.0025;8.268295256803183;0.0035;8.251237041124456
892;300193;XS2732952838;4409440.301;3.272433748;3.272433748;6278.492541;-86906.78346;;0.0;0.0;4409440.301;6.0;XS2732952838;Bond;4409440.301;4322533.51754;0.0025;3.2636089254350917;0.0035;3.2600789964091286
893;300193;XS2743029840;3765608.096;7.322527041;7.322527041;24777.23522;-185321.74544;;0.0;0.0;3765608.096;8.0;XS2743029840;Bond;3765608.096;3580286.3505599997;0.0025;7.292078640798367;0.004;7.273809600677388
894;300193;XS2743047156;1805231.164;3.28280602;3.28280602;2665.323187;-73892.006964;;0.0;0.0;1805231.164;6.0;XS2743047156;Bond;1805231.164;1731339.1570360002;0.0025;3.27283695195476;0.0095;3.244923561428089
895;300193;XS2745726047;2730219.753;5.08538451;5.08538451;9096.661714;-86520.61434;;0.0;0.0;2730219.753;7.0;XS2745726047;Bond;2730219.753;2643699.13866;0.0025;5.066741291054183;0.0035;5.059284003475856
896;300193;XS2746663074;4290433.48;8.483503884;8.483503884;39208.07265;-224467.28178000002;;0.0;0.0;4290433.48;6.0;XS2746663074;Bond;4290433.48;4065966.1982200006;0.0025;8.434966292320725;0.0035;8.415551255649014
897;300193;XS2747182181;1513252.397;7.347718985;7.347718985;9938.884648;-68209.86018;;0.0;0.0;1513252.397;7.0;XS2747182181;Bond;1513252.397;1445042.53682;0.0025;7.318494016035039;0.0035;7.306804028449055
898;300193;XS2747600109;1883537.411;8.553407735;8.553407735;-1279.095741;-99196.29774000001;;0.0;0.0;1883537.411;7.0;XS2747600109;Bond;1883537.411;1784341.11326;0.0025;8.753287002049301;0.0035;8.83323870886902
899;300193;XS2748213290;1498454.674;4.936488593;4.936488593;4792.538876;-46323.572159999996;;0.0;0.0;1498454.674;6.0;XS2748213290;Bond;1498454.674;1452131.1018400001;0.0025;4.917452869998435;0.0035;4.9098385807978095
900;300193;XS2751666699;3607606.849;7.880805307;7.880805307;27589.83063;-174917.76156;;0.0;0.0;3607606.849;7.0;XS2751666699;Bond;3607606.849;3432689.08744;0.0025;7.844880983089197;0.0035;7.830511253524875
901;300193;XS2751689048;3000623.069;6.24107219;6.24107219;14630.89085;-115213.44786;;0.0;0.0;3000623.069;7.0;XS2751689048;Bond;3000623.069;2885409.62114;0.0025;6.216550871900905;0.0035;6.206742344661268
902;300193;XS2754488851;2067479.795;4.239398329;4.239398329;4945.966559;-109684.58654399999;;0.0;0.0;2067479.795;6.0;XS2754488851;Bond;2067479.795;1957795.2084559998;0.0025;4.224522864748468;0.0095;4.182871564844179
903;300193;XS2755535577;2187587.025;5.397414618;5.397414618;8528.090203;-204377.68692;;0.0;0.0;2187587.025;7.0;XS2755535577;Bond;2187587.025;1983209.33808;0.0025;5.372784818599901;0.014;5.259487741359447
904;300193;XS2762369549;4550971.233;4.998679158;4.998679158;14384.31961;-284512.90644000005;;0.0;0.0;4550971.233;7.0;XS2762369549;Bond;4550971.233;4266458.32656;0.0025;4.9821282851576;0.0095;4.9357858411988795
905;300193;XS2764264789;5032003.425;7.313765299;7.313765299;33136.79826;-248212.48965499998;;0.0;0.0;5032003.425;8.0;XS2764264789;Bond;5032003.425;4783790.935345;0.0025;7.282862961161607;0.004;7.264321558458571
906;300193;XS2764455619;1997590.137;8.598706247;8.598706247;18192.19001;-105817.51692;;0.0;0.0;1997590.137;7.0;XS2764455619;Bond;1997590.137;1891772.62008;0.0025;8.555873909840841;0.0035;8.538740974977175
907;300193;XS2764880667;1665600.244;8.489551374;8.489551374;14873.76639;-87301.89864;;0.0;0.0;1665600.244;6.0;XS2764880667;Bond;1665600.244;1578298.34536;0.0025;8.44648323758381;0.0035;8.429255983017333
908;300193;XS2767489391;2478022.945;9.421150562;9.421150562;26899.31121;-143717.67264;;0.0;0.0;2478022.945;6.0;XS2767489391;Bond;2478022.945;2334305.27236;0.0025;9.371667002354952;0.0035;9.351873578496933
909;300193;XS2769892600;2868223.973;13.11627785;13.11627785;63235.49873;-228041.26728000003;;0.0;0.0;2868223.973;8.0;XS2769892600;Bond;2868223.973;2640182.70572;0.0025;12.995196761668915;0.0035;12.94676432633648
910;300193;XS2770514946;3058010.288;8.666106609;8.666106609;28184.84419;-163336.66116000002;;0.0;0.0;3058010.288;7.0;XS2770514946;Bond;3058010.288;2894673.62684;0.0025;8.623441958092927;0.0035;8.606376097730099
911;300193;XS2771494940;3766706.274;5.919080204;5.919080204;16190.47831;-136246.10921999998;;0.0;0.0;3766706.274;6.0;XS2771494940;Bond;3766706.274;3630460.16478;0.0025;5.899211183259687;0.0035;5.891263574963562
912;300193;XS2772266693;3509189.178;5.951123709;5.951123709;15226.22457;-127713.92610000001;;0.0;0.0;3509189.178;8.0;XS2772266693;Bond;3509189.178;3381475.2519;0.0025;5.9311894416973505;0.0035;5.92321573477629
913;300193;XS2774448521;4912852.055;4.100179261;4.100179261;10686.40963;-250925.87388000003;;0.0;0.0;4912852.055;6.0;XS2774448521;Bond;4912852.055;4661926.18112;0.0025;4.08782806905125;0.0095;4.053244731594751
914;300193;XS2776890068;4928110.959;8.674563605;8.674563605;45509.83418;-263673.01386;;0.0;0.0;4928110.959;7.0;XS2776890068;Bond;4928110.959;4664437.9451399995;0.0025;8.631815184644104;0.0035;8.614715816501747
915;300193;XS2777367645;2025828.493;5.079295605;5.079295605;6528.80452;-63061.24020000001;;0.0;0.0;2025828.493;6.0;XS2777367645;Bond;2025828.493;1962767.2528;0.0025;5.063224153282775;0.0035;5.056795572595885
916;300193;XS2777442281;3143077.315;12.70474195;12.70474195;66144.40872;-246047.37636;;0.0;0.0;3143077.315;7.0;XS2777442281;Bond;3143077.315;2897029.93864;0.0025;12.582156270958968;0.0035;12.533121999342557
917;300193;XS2778764188;2494196.644;8.61916266;8.61916266;22834.95862;-131975.53512000002;;0.0;0.0;2494196.644;6.0;XS2778764188;Bond;2494196.644;2362221.1088799997;0.0025;8.576006675267786;0.0035;8.5587442813749
918;300193;XS2779010300;2564996.521;6.762539896;6.762539896;14242.46844;-106245.58476;;0.0;0.0;2564996.521;7.0;XS2779010300;Bond;2564996.521;2458750.93624;0.0025;6.738054090460543;0.0035;6.72825976824476
919;300193;XS2782109016;2445293.836;3.944274994;3.944274994;4970.145148;-64741.64615100001;;0.0;0.0;2445293.836;6.0;XS2782109016;Bond;2445293.836;2380552.189849;0.0025;3.9323548836958384;0.004;3.925202817513341
920;300193;XS2783118131;2616952.356;5.151349885;5.151349885;8622.406939;-82404.68136;;0.0;0.0;2616952.356;7.0;XS2783118131;Bond;2616952.356;2534547.6746400003;0.0025;5.135320208248142;0.0035;5.1289083375474
921;300193;XS2787827604;1401709.315;8.638371808;8.638371808;12872.26713;-74801.52672;;0.0;0.0;1401709.315;6.0;XS2787827604;Bond;1401709.315;1326907.78828;0.0025;8.595343868901688;0.0035;8.578132693262363
922;300193;XS2791960664;3414523.288;12.72685161;12.72685161;61686.34473;-266545.0059;;0.0;0.0;3414523.288;7.0;XS2791960664;Bond;3414523.288;3147978.2821000004;0.0025;12.68013665997306;0.0035;12.661450679962284
923;300193;XS2791972248;7204106.959;6.772622868;6.772622868;40378.23501;-328601.696865;;0.0;0.0;7204106.959;9.0;XS2791972248;Bond;7204106.959;6875505.262135;0.0025;6.74717164166916;0.004;6.731900905870656
924;300193;XS2791973642;3236681.507;3.442733666;3.442733666;5204.357891;-139146.10608;;0.0;0.0;3236681.507;6.0;XS2791973642;Bond;3236681.507;3097535.4009200004;0.0025;3.4321664491382964;0.0095;3.4025782419255255
925;300193;XS2810794680;4596262.904;7.164228467;7.164228467;29918.14114;-219575.306015;;0.0;0.0;4596262.904;6.0;XS2810794680;Bond;4596262.904;4376687.597985;0.0025;7.1298130931851915;0.004;7.109163868896306
926;300193;XS2813211617;3949951.013;12.90704435;12.90704435;86699.67119;-306080.20613999997;;0.0;0.0;3949951.013;7.0;XS2813211617;Bond;3949951.013;3643870.80686;0.0025;12.774784933158099;0.0035;12.721881166421339
927;300193;XS2817890077;3117180.159;7.199925449;7.199925449;20627.17482;-280084.21956;;0.0;0.0;3117180.159;8.0;XS2817890077;Bond;3117180.159;2837095.93944;0.0025;7.164091399585785;0.0095;7.063756061225982
928;300193;XS2820460751;3175312.164;7.433856847;7.433856847;21819.00659;-144688.05108;;0.0;0.0;3175312.164;8.0;XS2820460751;Bond;3175312.164;3030624.1129199998;0.0025;7.400226104480102;0.0035;7.386773807472142
929;300193;XS2821714735;2785387.685;5.842564409;5.842564409;12076.73638;-108379.36083;;0.0;0.0;2785387.685;6.0;XS2821714735;Bond;2785387.685;2677008.32417;0.0025;5.819509630456955;0.004;5.805676763331128
930;300193;XS2821719536;1769813.753;13.07701722;13.07701722;39794.80345;-142374.83322000003;;0.0;0.0;1769813.753;7.0;XS2821719536;Bond;1769813.753;1627438.91978;0.0025;12.942405523363353;0.0035;12.888560844708694
931;300193;XS2823235085;1270397.26;4.33687596;4.33687596;3142.975904;-68877.867516;;0.0;0.0;1270397.26;6.0;XS2823235085;Bond;1270397.26;1201519.392484;0.0025;4.322046935276952;0.0095;4.280525666052417
932;300193;XS2823261834;1850827.71;8.56253411;8.56253411;17160.95871;-97674.09468;;0.0;0.0;1850827.71;6.0;XS2823261834;Bond;1850827.71;1753153.6153199999;0.0025;8.514025448864547;0.0035;8.494621984410365
933;300193;XS2823931824;2026625.891;5.046578155;5.046578155;6650.521666;-62843.59728;;0.0;0.0;2026625.891;6.0;XS2823931824;Bond;2026625.891;1963782.29372;0.0025;5.028208697065287;0.0035;5.0208609138914015
934;300193;XS2825486074;1864047.836;12.79108998;12.79108998;31678.91319;-159062.124325;;0.0;0.0;1864047.836;7.0;XS2825486074;Bond;1864047.836;1704985.711675;0.0025;12.775252713048724;0.004;12.765750352877959
935;300193;XS2825486231;565137.3699;16.25180083;16.25180083;21581.55169;-61565.82204499999;;0.0;0.0;565137.3699;7.0;XS2825486231;Bond;565137.3699;503571.54785500007;0.0025;15.95739960964227;0.004;15.780758877427632
936;300193;XS2827708145;1785017.342;12.61109773;12.61109773;37922.24313;-138528.50556;;0.0;0.0;1785017.342;7.0;XS2827708145;Bond;1785017.342;1646488.83644;0.0025;12.477578501561508;0.0035;12.424170810186112
937;300193;XS2834368453;2667863.712;15.9132734;15.9132734;92927.11775;-259492.67442;;0.0;0.0;2667863.712;7.0;XS2834368453;Bond;2667863.712;2408371.03758;0.0025;15.675553242379316;0.0035;15.580465179331041
938;300193;XS2834462983;1373211.37;7.179764093;7.179764093;8995.579061;-60884.328120000006;;0.0;0.0;1373211.37;6.0;XS2834462983;Bond;1373211.37;1312327.0418800001;0.0025;7.144867606839792;0.0035;7.130909012375709
939;300193;XS2839004368;2711275.797;5.908064037;5.908064037;11958.65114;-98321.30928;;0.0;0.0;2711275.797;7.0;XS2839004368;Bond;2711275.797;2612954.4877199996;0.0025;5.885059339867332;0.0035;5.875857461014264
940;300193;XS2839008948;3850773.726;7.199749226;7.199749226;24553.92941;-170554.1187;;0.0;0.0;3850773.726;7.0;XS2839008948;Bond;3850773.726;3680219.6073;0.0025;7.169931134315929;0.0035;7.158003897642301
941;300193;XS2852136063;4924817.754;7.443343256;7.443343256;34030.53175;-225247.96878000002;;0.0;0.0;4924817.754;7.0;XS2852136063;Bond;4924817.754;4699569.78522;0.0025;7.409101444582441;0.0035;7.395404720015416
942;300193;XS2871577115;3705731.901;4.67644884;4.67644884;10338.81448;-116567.057165;;0.0;0.0;3705731.901;7.0;XS2871577115;Bond;3705731.901;3589164.843835;0.0025;4.661372972012588;0.004;4.652327451220141
943;300193;XS2872349613;4512585.205;6.886428211;6.886428211;26494.66513;-206469.84579;;0.0;0.0;4512585.205;6.0;XS2872349613;Bond;4512585.205;4306115.35921;0.0025;6.858203367935852;0.004;6.841268462097363
944;300193;XS2872909770;7367045.8;6.935927092;6.935927092;43721.01214;-312825.4974;;0.0;0.0;7367045.8;7.0;XS2872909770;Bond;7367045.8;7054220.3026;0.0025;6.907827963832786;0.0035;6.896588312565901
945;300193;XS2875107307;3092003.425;4.939007005;4.939007005;9679.742394;-191139.35424000002;;0.0;0.0;3092003.425;7.0;XS2875107307;Bond;3092003.425;2900864.0707599996;0.0025;4.921727155846072;0.0095;4.873343578215075
946;300193;XS2886269286;4185248.773;7.633060943;7.633060943;30364.53256;-215095.86182499997;;0.0;0.0;4185248.773;6.0;XS2886269286;Bond;4185248.773;3970152.911175;0.0025;7.5973416898515;0.004;7.575910137962399
947;300193;XS2892321501;5803538.0;6.880626421;6.880626421;34152.89658;-245359.07496;;0.0;0.0;5803538.0;6.0;XS2892321501;Bond;5803538.0;5558178.92504;0.0025;6.851862953563272;0.0035;6.84035756658858
948;300193;XS2892944815;3987209.315;8.919237851;8.919237851;35145.59024;-218728.87824;;0.0;0.0;3987209.315;6.0;XS2892944815;Bond;3987209.315;3768480.43676;0.0025;8.897755268084753;0.0035;8.889162234918652
949;300193;XS2892988192;4292863.439;6.070530136;6.070530136;19894.73715;-160156.89059999998;;0.0;0.0;4292863.439;6.0;XS2892988192;Bond;4292863.439;4132706.5484;0.0025;6.046799112104579;0.0035;6.03730670254641
950;300193;XS2895710783;2594177.527;4.824344284;4.824344284;7640.273151;-83124.49028;;0.0;0.0;2594177.527;6.0;XS2895710783;Bond;2594177.527;2511053.0367199997;0.0025;4.808900977682188;0.004;4.799634993891501
951;300193;XS2896353781;2021874.247;8.85780529;8.85780529;19830.09019;-110472.88062;;0.0;0.0;2021874.247;6.0;XS2896353781;Bond;2021874.247;1911401.36638;0.0025;8.80876267051246;0.0035;8.789145622717443
952;300193;XS2919680236;4075844.597;8.317427464;8.317427464;35019.91102;-209296.50324;;0.0;0.0;4075844.597;7.0;XS2919680236;Bond;4075844.597;3866548.09376;0.0025;8.275574903600065;0.0035;8.25883387944009
953;300193;XS2931344217;3891154.521;9.228252461;9.228252461;40870.66589;-219971.7783;;0.0;0.0;3891154.521;7.0;XS2931344217;Bond;3891154.521;3671182.7427000003;0.0025;9.178567055563907;0.0035;9.15869289338947
954;300193;XS2940309649;4141645.891;4.97619646;4.97619646;12852.92393;-138901.497735;;0.0;0.0;4141645.891;6.0;XS2940309649;Bond;4141645.891;4002744.3932649996;0.0025;4.960519357011834;0.004;4.951113095218934
955;300193;XS2941605409;2309173.63;5.67823533;5.67823533;9275.019043;-163769.86608;;0.0;0.0;2309173.63;6.0;XS2941605409;Bond;2309173.63;2145403.76392;0.0025;5.658426305161855;0.0095;5.602961035615051
956;300193;XS2979680332;2751144.833;7.841553864;7.841553864;20998.99462;-269886.12120000005;;0.0;0.0;2751144.833;6.0;XS2979680332;Bond;2751144.833;2481258.7118;0.0025;7.804458269548366;0.0095;7.70059060508379
957;300193;XS2986720907;5081283.182;4.718324044;4.718324044;14232.70159;-298961.85048;;0.0;0.0;5081283.182;8.0;XS2986720907;Bond;5081283.182;4782321.3315200005;0.0025;4.703955363665691;0.0095;4.663723058729626
958;300193;XS2999533438;1679527.575;6.634714548;6.634714548;9031.609004;-68356.75518;;0.0;0.0;1679527.575;6.0;XS2999533438;Bond;1679527.575;1611170.8198199999;0.0025;6.610326392988011;0.0035;6.600571130983216
959;300193;XS3004194885;6584279.63;9.378201113;9.378201113;70951.28833;-380746.932;;0.0;0.0;6584279.63;6.0;XS3004194885;Bond;6584279.63;6203532.698;0.0025;9.32868120455137;0.0035;9.308873241171916
960;300203;BE6353250416;22007648.06;0.238804763;1.217938374;132.3921772;-120741.6815675;;0.0;0.0;22007648.06;5.0;BE6353250416;Bond;22007648.06;21886906.378432497;0.0025;0.2387969389137852;0.004;1.2236312401341776
961;300203;BE6355572353;30075953.33;0.211125343;1.426893192;136.1521562;-188561.376075;;0.0;0.0;30075953.33;5.0;BE6355572353;Bond;30075953.33;29887391.953925;0.0025;0.21112360417636786;0.004;1.434856210965865
962;300203;BE6356749489;11986593.1;0.043340519;0.043340519;52.91171501;-3415.35803375;;0.0;0.0;11986593.1;8.0;BE6356749489;Bond;11986593.1;11983177.74196625;0.0025;0.043234858967504494;0.004;0.043171462948007194
963;300203;CH1174335732;37465749.8;0.52223589;0.52223589;2924.655021;-130770.86366500001;;0.0;0.0;37465749.8;8.0;CH1174335732;Bond;37465749.8;37334978.936335;0.0025;0.5209661633697047;0.004;0.5202043273915274
964;300203;CSH_EUR_DB;996960370.7;0.0;0.0;0.0;0.0;;0.0;0.0;996960370.7;;;Cash;996960370.7;996960370.7;0.0;0.0;0.0;0.0
965;300203;DE000A3LKBD0;26991813.2;0.062957899;0.79268771;17.17702514;-90401.43648749999;;0.0;0.0;26991813.2;5.0;DE000A3LKBD0;Bond;26991813.2;26901411.7635125;0.0025;0.06295189876571973;0.004;0.7951756700593058
966;300203;DE000A3LNFJ2;9535794.944;0.21704016;0.464068483;45.06412576;-22960.559186500002;;0.0;0.0;9535794.944;5.0;DE000A3LNFJ2;Bond;9535794.944;9512834.3848135;0.0025;0.2170397814289042;0.004;0.464740889789691
967;300203;DE000A4BF827;9976986.067;0.075507525;0.075507525;78.8231036;-4592.1470112;;0.0;0.0;9976986.067;8.0;DE000A4BF827;Bond;9976986.067;9972393.9199888;0.0025;0.07532426615331639;0.0035;0.07525096261464294
968;300203;DE000A4BF8Z3;14971730.43;0.06203005;0.06203005;95.92839855;-5660.5446552;;0.0;0.0;14971730.43;8.0;DE000A4BF8Z3;Bond;14971730.43;14966069.8853448;0.0025;0.061879486767386145;0.0035;0.0618192614743406
969;300203;DE000A4BF9E6;14938368.33;0.134832074;0.134832074;222.6914153;-12278.110956;;0.0;0.0;14938368.33;8.0;DE000A4BF9E6;Bond;14938368.33;14926090.219044;0.0025;0.1345048395873017;0.0035;0.13437394582222237
970;300203;DE000CZ450R9;16638466.01;0.884312588;0.884312588;2737.987175;-96594.27251499999;;0.0;0.0;16638466.01;8.0;DE000CZ450R9;Bond;16638466.01;16541871.737484999;0.0025;0.8821536681692688;0.004;0.8808583162708301
971;300203;DE000CZ451J4;29528417.01;0.653786181;0.653786181;3147.524141;-126729.4938;;0.0;0.0;29528417.01;8.0;DE000CZ451J4;Bond;29528417.01;29401687.516200002;0.0025;0.6521899455828392;0.004;0.6512322043325427
972;300203;DE000CZ452U9;29730829.96;0.368871612;0.368871612;1475.367728;-72005.62655000002;;0.0;0.0;29730829.96;8.0;DE000CZ452U9;Bond;29730829.96;29658824.33345;0.0025;0.36797117344240493;0.004;0.36743091030784786
973;300203;ES0000012C12;0.0;0.0;0.0;0.0;0.0;;0.0;0.0;0.0;;;Bond;0.0;0.0;0.0;;0.0;
974;300203;FR0010213355;222137200.3;0.032639138;0.32465379;538.246516;-273578.37909249996;;0.0;0.000134091;222168782.7;;FR0010213355;Fund Unit;222137200.3;221863621.9209075;0.0025;0.03258122537401233;0.0035;0.3249378840187292
975;300203;FR0010582452;277803709.1;0.033149011;0.296124349;3485.887182;-314932.05811999994;;0.0;1.29e-06;277848875.4;;FR0010582452;Fund Unit;277803709.1;277488777.04188;0.0025;0.03283805758075893;0.0035;0.2959920819190539
976;300203;FR0013262284;30076726.03;0.204313533;0.204313533;720.7030306;-41242.195553000005;;0.0;0.0;30076726.03;2.0;FR0013262284;Bond;30076726.03;30035483.834447;0.0025;0.20381883929113834;0.004;0.20352202306582132
977;300203;FR0013398070;14983510.27;0.79460823;0.79460823;2104.829644;-79515.23125;;0.0;0.0;14983510.27;8.0;FR0013398070;Bond;14983510.27;14903995.03875;0.0025;0.7926748254946668;0.004;0.7915147827914669
978;300203;FR0013465358;13000904.66;0.173231524;0.173231524;258.0967551;-15048.9923805;;0.0;0.0;13000904.66;4.0;FR0013465358;Bond;13000904.66;12985855.6676195;0.0025;0.1728102415261239;0.004;0.17255747204179825
979;300203;FR0013512944;20476191.78;0.901486538;0.901486538;-44683.59799;-110802.65886;;0.0;0.0;20476191.78;7.0;FR0013512944;Bond;20476191.78;20365389.12114;0.0025;0.9580737851571601;0.0035;0.9807086840200242
980;300203;FR001400E904;23142914.31;0.411217894;0.411217894;1321.970415;-58586.446104;;0.0;0.0;23142914.31;5.0;FR001400E904;Bond;23142914.31;23084327.863895997;0.0025;0.41021259345776656;0.0035;0.4098104732408732
981;300203;FR001400H8D3;14960786.0;0.518051873;0.518051873;1161.423832;-52219.2914035;;0.0;0.0;14960786.0;5.0;FR001400H8D3;Bond;14960786.0;14908566.7085965;0.0025;0.5167820372543988;0.004;0.516020135807038
982;300203;FR001400KJT9;6918467.275;0.192001905;0.439866575;26.01151294;-15477.693952;;0.0;0.0;6918467.275;6.0;FR001400KJT9;Bond;6918467.275;6902989.581048001;0.0025;0.19200007378126663;0.004;0.440490116539141
983;300203;FR001400N9V5;42151863.11;0.061523398;0.79497977;27.79018971;-140405.71466;;0.0;0.0;42151863.11;9.0;FR001400N9V5;Bond;42151863.11;42011457.39534;0.0025;0.061516378637751196;0.004;0.797481369845233
984;300203;FR001400OGI0;40109227.78;0.184101781;0.91999318;145.3656751;-166267.1462225;;0.0;0.0;40109227.78;7.0;FR001400OGI0;Bond;40109227.78;39942960.6337775;0.0025;0.1840959085351398;0.004;0.9232337599981403
985;300203;FR001400OTT0;20031658.89;0.222448926;0.959422259;103.7381736;-88073.5719525;;0.0;0.0;20031658.89;6.0;FR001400OTT0;Bond;20031658.89;19943585.3180475;0.0025;0.22244316703500142;0.004;0.9628970748415467
986;300203;FR001400PZU2;25130802.08;0.116267356;1.092809753;40.14544253;-117409.198035;;0.0;0.0;25130802.08;6.0;FR001400PZU2;Bond;25130802.08;25013392.881964996;0.0025;0.11626121475369423;0.004;1.0975227872386335
987;300203;FR001400SMX8;30059357.5;0.212093451;1.425847975;146.436463;-166360.55361499998;;0.0;0.0;30059357.5;5.0;FR001400SMX8;Bond;30059357.5;29892996.946385;0.0025;0.21208412066456672;0.0035;1.4327931183858842
988;300203;FR0128451731;13533317.5;0.060680792;0.847272769;-836.832319;-48177.54330625;;0.0;0.0;13533317.5;;FR0128451731;Bond;13533317.5;13485139.95669375;0.0025;0.062235871715359145;0.004;0.8526176524908594
989;300203;FR0128516335;31084696.71;0.003136834;0.01083797;-0.092725827;-1606.3857016;;0.0;0.0;31084696.71;8.0;FR0128516335;Bond;31084696.71;31083090.3242984;0.0025;0.003136933174460982;0.004;0.010838559166602282
990;300203;FR0128563899;9988373.343;0.043296196;0.043296196;44.00095843;-2846.00226755;;0.0;0.0;9988373.343;8.0;FR0128563899;Bond;9988373.343;9985527.34073245;0.0025;0.04319075196050895;0.004;0.043127485536814315
991;300203;FR0128585413;30996146.3;0.006484781;0.081379407;-16.1492153;-10693.0218785;;0.0;0.0;30996146.3;8.0;FR0128585413;Bond;30996146.3;30985453.2781215;0.0025;0.006497911310885283;0.004;0.08142673771941267
992;300203;FR0128609148;30964259.66;0.007598102;0.1058568;-28.46043401;-13822.213733749999;;0.0;0.0;30964259.66;8.0;FR0128609148;Bond;30964259.66;30950437.44626625;0.0025;0.007621224782983325;0.004;0.10593838817658227
993;300203;FR0128615376;30837726.15;0.012545517;0.217123169;-127.6229789;-24623.525931499997;;0.0;0.0;30837726.15;8.0;FR0128615376;Bond;30837726.15;30813102.6240685;0.0025;0.012649373825596397;0.0035;0.21743301633765427
994;300203;FR0128637701;30862866.21;0.033684981;0.591211715;-958.0650939;-75993.470145;;0.0;0.0;30862866.21;;FR0128637701;Bond;30862866.21;30786872.739855003;0.0025;0.034463883896378715;0.004;0.593851546090239
995;300203;FR0128656578;30647126.81;0.018236964;0.363870085;-366.2265158;-46402.372205499996;;0.0;0.0;30647126.81;8.0;FR0128656578;Bond;30647126.81;30600724.4377945;0.0025;0.018536540042830788;0.004;0.36487768207613713
996;300203;FR0128656842;30605310.47;0.019669473;0.401919881;-448.0096294;-51144.27391275;;0.0;0.0;30605310.47;8.0;FR0128656842;Bond;30605310.47;30554166.19608725;0.0025;0.020036397649474222;0.004;0.40315157124945855
997;300203;FR0128657360;0.0;0.002588674;0.177647752;0.0;-22160.0;;0.0;0.0;0.0;8.0;FR0128657360;Bond;0.0;-22160.0;0.0025;;0.004;
998;300203;FR0128661800;30840295.71;0.011743587;0.20083409;-108.7828494;-25915.65167925;;0.0;0.0;30840295.71;8.0;FR0128661800;Bond;30840295.71;30814380.05832075;0.0025;0.011832114177727298;0.004;0.20113651916384567
999;300203;FR0128667708;9989976.724;0.037898878;0.037898878;38.33193763;-2299.0631364;;0.0;0.0;9989976.724;8.0;FR0128667708;Bond;9989976.724;9987677.660863599;0.0025;0.037806542819038454;0.0035;0.03776960874665384
1000;300203;FR0128668276;29954618.87;0.059615858;0.059615858;184.8536657;-10832.903262;;0.0;0.0;29954618.87;8.0;FR0128668276;Bond;29954618.87;29943785.966738;0.0025;0.05947046502774779;0.0035;0.0594123078388469
1001;300203;FR0128692623;30716838.01;0.079491289;1.268575697;-4343.450133;-162633.94289500001;;0.0;0.0;30716838.01;;FR0128692623;Bond;30716838.01;30554204.067105003;0.0025;0.08304215879242739;0.004;1.2806689504038524
1002;300203;FR0128693399;30752065.16;0.014895553;0.276912096;-210.1140595;-35520.08377025;;0.0;0.0;30752065.16;8.0;FR0128693399;Bond;30752065.16;30716545.07622975;0.0025;0.01506692066062252;0.004;0.2774921179826438
1003;300203;FR0128693506;20500120.89;0.014921122;0.276757805;-140.0382033;-23679.91565275;;0.0;0.0;20500120.89;8.0;FR0128693506;Bond;20500120.89;20476440.974347252;0.0025;0.015092455889325491;0.004;0.27733742819390755
1004;300203;FR0128716844;20493779.37;0.013592656;0.252444382;-116.1110319;-21583.22297325;;0.0;0.0;20493779.37;8.0;FR0128716844;Bond;20493779.37;20472196.14702675;0.0025;0.013734759700680882;0.004;0.25292592154391436
1005;300203;FR0128718600;10247348.91;0.015764824;0.295941583;-80.16289854;-12644.53796525;;0.0;0.0;10247348.91;8.0;FR0128718600;Bond;10247348.91;10234704.37203475;0.0025;0.01596101517167884;0.004;0.2966048204381773
1006;300203;FR0128719285;51205802.32;0.016171509;0.306710986;-431.2750157;-65481.208669249994;;0.0;0.0;51205802.32;8.0;FR0128719285;Bond;51205802.32;51140321.11133075;0.0025;0.016382722436017707;0.004;0.30742416794254734
1007;300203;FR0128720218;2976298.424;0.325495062;0.325495062;126.1320048;-6360.3089595500005;;0.0;0.0;2976298.424;8.0;FR0128720218;Bond;2976298.424;2969938.11504045;0.0025;0.32470045917562945;0.004;0.3242236974810071
1008;300203;FR0128720598;20354216.56;0.021715721;0.458699619;-390.6192703;-38802.140617;;0.0;0.0;20354216.56;8.0;FR0128720598;Bond;20354216.56;20315414.419382997;0.0025;0.022196676774081315;0.004;0.4603088833102589
1009;300203;FR0128730498;30714607.68;0.013389212;0.252439458;-174.3338807;-32331.7659695;;0.0;0.0;30714607.68;8.0;FR0128730498;Bond;30714607.68;30682275.9140305;0.0025;0.01353155836036961;0.004;0.2529213978124208
1010;300203;FR0128730522;51189556.97;0.01649326;0.314857113;-455.0164689;-67184.55447799999;;0.0;0.0;51189556.97;8.0;FR0128730522;Bond;51189556.97;51122372.415522;0.0025;0.016716161404738864;0.004;0.31560920714350726
1011;300203;FR0128730746;25593019.18;0.01649326;0.314789952;-227.4924693;-33589.9682175;;0.0;0.0;25593019.18;8.0;FR0128730746;Bond;25593019.18;25559429.2117825;0.0025;0.016716161280734616;0.004;0.3155418767941943
1012;300203;FR0128756287;29687442.88;0.442424754;0.442424754;1864.51431;-79546.07982;;0.0;0.0;29687442.88;8.0;FR0128756287;Bond;29687442.88;29607896.80018;0.0025;0.44134398282271803;0.0035;0.4409116743518052
1013;300203;FR0128756766;16368311.49;0.017200947;0.333956347;-164.0799496;-22767.463151;;0.0;0.0;16368311.49;8.0;FR0128756766;Bond;16368311.49;16345544.026849;0.0025;0.01745229278351568;0.004;0.3348034241301206
1014;300203;FR0128757541;30669215.55;0.017692079;0.347458881;-333.5803633;-44377.43251075;;0.0;0.0;30669215.55;8.0;FR0128757541;Bond;30669215.55;30624838.117489252;0.0025;0.01796477943704391;0.004;0.348376860356576
1015;300203;FR0128757863;30663886.18;0.017795405;0.350108567;-338.8937131;-44713.684537;;0.0;0.0;30663886.18;8.0;FR0128757863;Bond;30663886.18;30619172.495463;0.0025;0.01807249379113809;0.004;0.35104094639481165
1016;300203;FR0128758044;30739552.38;0.092707342;1.344993952;-4838.535972;-173539.12806750002;;0.0;0.0;30739552.38;;FR0128758044;Bond;30739552.38;30566013.251932498;0.0025;0.09666393470271849;0.004;1.3585261566429732
1017;300203;FR0128758218;30661202.15;0.017865652;0.352937427;-344.3501484;-45051.16854;;0.0;0.0;30661202.15;8.0;FR0128758218;Bond;30661202.15;30616150.981459998;0.0025;0.018147220214143694;0.004;0.35388491872605393
1018;300203;FR0128767771;29925458.64;0.100319842;0.100319842;323.1493739;-13650.928393499998;;0.0;0.0;29925458.64;8.0;FR0128767771;Bond;29925458.64;29911807.7116065;0.0025;0.10007504025420211;0.002;0.10012400060336168
1019;300203;FR0128768720;30664075.08;0.017912099;0.352894806;-344.2816698;-39598.22476925;;0.0;0.0;30664075.08;8.0;FR0128768720;Bond;30664075.08;30624476.85523075;0.0025;0.018193589233420033;0.0035;0.3537236409796272
1020;300203;FR0128771310;30641623.01;0.018306743;0.366602045;-371.8606756;-46735.1829315;;0.0;0.0;30641623.01;8.0;FR0128771310;Bond;30641623.01;30594887.8270685;0.0025;0.018610975896823766;0.004;0.36762506532515365
1021;300203;FR0128771484;30643396.46;0.018357928;0.366516289;-371.7668839;-46741.8090315;;0.0;0.0;30643396.46;8.0;FR0128771484;Bond;30643396.46;30596654.6509685;0.0025;0.01866207151121178;0.004;0.36753890732426636
1022;300203;FR0128771542;20082542.22;0.118723415;1.335953883;30.94005052;-113999.1318375;;0.0;0.0;20082542.22;;FR0128771542;Bond;20082542.22;19968543.0881625;0.0025;0.11872013702025519;0.004;1.3430313483453422
1023;300203;FR0128771732;29739529.21;0.366380339;0.366380339;1463.759847;-71497.08734999999;;0.0;0.0;29739529.21;8.0;FR0128771732;Bond;29739529.21;29668032.12265;0.0025;0.36548544201031746;0.004;0.36494850381650795
1024;300203;FR0128785757;20419549.5;0.019285539;0.388297787;-278.4844355;-32984.45657675;;0.0;0.0;20419549.5;8.0;FR0128785757;Bond;20419549.5;20386565.04342325;0.0025;0.01962742203703531;0.004;0.3894464128167548
1025;300203;FR0128785997;30626087.04;0.019385508;0.391015106;-423.6930806;-49814.73818875;;0.0;0.0;30626087.04;8.0;FR0128785997;Bond;30626087.04;30576272.301811248;0.0025;0.0197323071209807;0.004;0.3921800526543682
1026;300203;FR0128786854;30602334.13;0.019669473;0.401824813;-447.9664639;-51139.300194999996;;0.0;0.0;30602334.13;8.0;FR0128786854;Bond;30602334.13;30551194.829804998;0.0025;0.02003639797873781;0.004;0.4030561981346781
1027;300203;FR0128787282;19806192.01;0.404264889;0.404264889;1105.769343;-48511.604532;;0.0;0.0;19806192.01;8.0;FR0128787282;Bond;19806192.01;19757680.405468002;0.0025;0.4032777273240243;0.0035;0.402882862653634
1028;300203;FR0128787605;30537122.12;0.020340936;0.456233713;-582.5452121;-57774.65417175;;0.0;0.0;30537122.12;8.0;FR0128787605;Bond;30537122.12;30479347.46582825;0.0025;0.020818885996780265;0.004;0.45782937478365004
1029;300203;FR0128788207;30451935.07;0.02274043;0.532312642;-795.3797621;-67140.31315075001;;0.0;0.0;30451935.07;8.0;FR0128788207;Bond;30451935.07;30384794.75684925;0.0025;0.02339470247277354;0.004;0.5344908364431433
1030;300203;FR0128789635;30596289.2;0.019902893;0.407179002;-460.2752846;-51817.65659;;0.0;0.0;30596289.2;8.0;FR0128789635;Bond;30596289.2;30544471.54341;0.0025;0.020279970819427343;0.004;0.40844392096916354
1031;300203;FR0128789924;30608171.48;0.016346508;0.333936278;-308.5723677;-42508.979816499996;;0.0;0.0;30608171.48;8.0;FR0128789924;Bond;30608171.48;30565662.5001835;0.0025;0.016599210324705772;0.004;0.334785586637292
1032;300203;FR0128790138;29711375.65;0.407110564;0.407110564;1674.273553;-79366.00347;;0.0;0.0;29711375.65;8.0;FR0128790138;Bond;29711375.65;29632009.64653;0.0025;0.406116129945177;0.004;0.4055194695122831
1033;300203;FR0128805639;30593736.22;0.015710955;0.342005843;-325.8867842;-43446.143542750004;;0.0;0.0;30593736.22;8.0;FR0128805639;Bond;30593736.22;30550290.076457247;0.0025;0.01597787396962757;0.004;0.3428997980015606
1034;300203;FR0128806710;25487271.57;0.020564555;0.423543026;-415.2129751;-44883.096128;;0.0;0.0;25487271.57;8.0;FR0128806710;Bond;25487271.57;25442388.473872;0.0025;0.020972887089433526;0.004;0.42491222051889715
1035;300203;FR0128807130;25474170.91;0.020637903;0.428966898;-426.2328268;-45423.035080249996;;0.0;0.0;25474170.91;8.0;FR0128807130;Bond;25474170.91;25428747.87491975;0.0025;0.021057266825364386;0.004;0.43037222682674103
1036;300203;FR0128807544;30571766.15;0.020674638;0.428968073;-511.4292989;-54515.3730135;;0.0;0.0;30571766.15;8.0;FR0128807544;Bond;30571766.15;30517250.7769865;0.0025;0.021093926877491904;0.004;0.43037327987197466
1037;300203;FR0128807593;40778070.34;0.020794411;0.429060794;-681.7479914;-72727.3979475;;0.0;0.0;40778070.34;8.0;FR0128807593;Bond;40778070.34;40705342.942052506;0.0025;0.021213454409952735;0.004;0.4304659064856007
1038;300203;FR0128807684;20371037.2;0.020674638;0.428481945;-340.7832239;-36325.500023;;0.0;0.0;20371037.2;8.0;FR0128807684;Bond;20371037.2;20334711.699977;0.0025;0.021093926867691154;0.004;0.42988548453444403
1039;300203;FR0128808898;20369894.37;0.021289674;0.445250205;-367.6172255;-37694.1729735;;0.0;0.0;20369894.37;8.0;FR0128808898;Bond;20369894.37;20332200.197026502;0.0025;0.021741984263266814;0.004;0.446765079400561
1040;300203;FR0128809730;34630063.05;0.447829679;0.447829679;2209.807165;-101755.45926;;0.0;0.0;34630063.05;8.0;FR0128809730;Bond;34630063.05;34528307.590739995;0.0025;0.44673576218699085;0.004;0.44607941209918534
1041;300203;FR0128810035;30548221.07;0.021338821;0.447962573;-558.3352447;-56867.53673075;;0.0;0.0;30548221.07;8.0;FR0128810035;Bond;30548221.07;30491353.53326925;0.0025;0.021796888789160435;0.004;0.4494963419487651
1042;300203;FR0128811116;35601129.78;0.021944648;0.463733532;-699.7333379;-68668.67746924999;;0.0;0.0;35601129.78;8.0;FR0128811116;Bond;35601129.78;35532461.10253075;0.0025;0.022437222096110994;0.004;0.465379919438279
1043;300203;FR0128812999;30511879.29;0.022608082;0.483332898;-650.8252604;-61243.6008675;;0.0;0.0;30511879.29;8.0;FR0128812999;Bond;30511879.29;30450635.6891325;0.0025;0.023142615446599443;0.004;0.4851205497742286
1044;300203;FR0128817840;30484285.29;0.023304597;0.50507108;-711.3722944;-63913.890782999995;;0.0;0.0;30484285.29;8.0;FR0128817840;Bond;30484285.29;30420371.399217;0.0025;0.023889347390307986;0.004;0.5070248953909369
1045;300203;FR0128839547;30465344.98;0.023761591;0.518542228;-750.3904165;-65578.32040499999;;0.0;0.0;30465344.98;8.0;FR0128839547;Bond;30465344.98;30399766.659595;0.0025;0.024378776305636982;0.004;0.5206030102050686
1046;300203;FR0128840974;35535613.67;0.02394201;0.523975648;-894.1056784;-77287.24187;;0.0;0.0;35535613.67;8.0;FR0128840974;Bond;35535613.67;35458326.42813;0.0025;0.024572463900845998;0.004;0.5260802832807703
1047;300203;FR0128862788;9972133.016;0.097247989;0.097247989;103.7389841;-16228.6219491;;0.0;0.0;9972133.016;8.0;FR0128862788;Bond;9972133.016;9955904.3940509;0.0025;0.09701155972536926;0.014;0.09592398506206785
1048;300203;FR0128866219;30203564.01;0.031665664;1.515376607;-922.8585895;-186385.51831575;;0.0;0.0;30203564.01;;FR0128866219;Bond;30203564.01;30017178.49168425;0.0025;0.032432036425185516;0.004;1.525784257067362
1049;300203;FR0128866516;30419914.23;0.024920012;0.5536988;-856.8814991;-69902.42191525;;0.0;0.0;30419914.23;8.0;FR0128866516;Bond;30419914.23;30350011.80808475;0.0025;0.02562577549309268;0.004;0.5560518670054417
1050;300203;FR0128866896;30396057.79;0.025777949;0.578146491;-934.7258967;-72910.76385599999;;0.0;0.0;30396057.79;8.0;FR0128866896;Bond;30396057.79;30323147.026143998;0.0025;0.02654839901138059;0.004;0.5807135664678128
1051;300203;FR0128866938;10117266.43;0.026972892;0.616138367;-354.2058202;-25850.662505;;0.0;0.0;10117266.43;8.0;FR0128866938;Bond;10117266.43;10091415.767494999;0.0025;0.02784996163912675;0.004;0.6190572742241491
1052;300203;FR0128867167;30200754.33;0.009871681;0.268492376;-201.634176;-33511.08040825;;0.0;0.0;30200754.33;8.0;FR0128867167;Bond;30200754.33;30167243.24959175;0.0025;0.010038836164738203;0.004;0.2690477870871185
1053;300203;FR0128867217;20130388.55;0.010005808;0.273922312;-140.0474403;-22784.85881325;;0.0;0.0;20130388.55;8.0;FR0128867217;Bond;20130388.55;20107603.691186752;0.0025;0.010179983696782562;0.004;0.27450072638212286
1054;300203;FR0128867282;25150051.09;0.01040392;0.290213502;-196.8936125;-30145.16659525;;0.0;0.0;25150051.09;8.0;FR0128867282;Bond;25150051.09;25119905.92340475;0.0025;0.01059990950301247;0.004;0.2908635477455869
1055;300203;FR0128867399;20113988.77;0.011163653;0.341802487;-220.5204908;-28335.2005085;;0.0;0.0;20113988.77;8.0;FR0128867399;Bond;20113988.77;20085653.5694915;0.0025;0.011438053031031419;0.004;0.3427083443015346
1056;300203;FR0128902089;20269619.99;0.026450796;0.592079146;-652.8901864;-49765.32411325;;0.0;0.0;20269619.99;8.0;FR0128902089;Bond;20269619.99;20219854.66588675;0.0025;0.027257802174459757;0.004;0.5947697881612118
1057;300203;FR0128902766;30398430.33;0.026339656;0.592076545;-979.5439126;-74624.80979000001;;0.0;0.0;30398430.33;8.0;FR0128902766;Bond;30398430.33;30323805.520209998;0.0025;0.027146978020065594;0.004;0.5947677036627487
1058;300203;FR0128902923;30708418.07;0.031055147;0.665441053;-1213.268686;-83824.543439;;0.0;0.0;30708418.07;;FR0128902923;Bond;30708418.07;30624593.526561;0.0025;0.032045291030784455;0.004;0.6687926729407053
1059;300203;FR0128904481;30369506.91;0.026441542;0.599856905;-1006.874317;-75559.99109525;;0.0;0.0;30369506.91;8.0;FR0128904481;Bond;30369506.91;30293946.91890475;0.0025;0.027272142921251238;0.004;0.6026223830793334
1060;300203;FR0128913979;30184847.4;0.03251917;0.790164136;-1749.713174;-86682.094429;;0.0;0.0;30184847.4;8.0;FR0128913979;Bond;30184847.4;30098165.305570997;0.0025;0.033970978905615665;0.0035;0.7943782249967729
1061;300203;FR0128917608;30392815.35;0.026525354;0.597504602;-997.745353;-75291.27923025;;0.0;0.0;30392815.35;8.0;FR0128917608;Bond;30392815.35;30317524.070769753;0.0025;0.02734782122043366;0.004;0.6002457821727193
1062;300203;FR0128918275;30360389.65;0.02703084;0.616319731;-1062.700594;-77578.33505925;;0.0;0.0;30360389.65;8.0;FR0128918275;Bond;30360389.65;30282811.314940747;0.0025;0.02790773826914897;0.004;0.6192392456086736
1063;300203;FR0128931484;30357608.5;0.027122063;0.619034103;-1072.153299;-68429.283484;;0.0;0.0;30357608.5;8.0;FR0128931484;Bond;30357608.5;30289179.216516;0.0025;0.02800683824819744;0.0035;0.6216114249977911
1064;300203;FR0128957471;12993481.6;0.018949317;0.018949317;24.46136849;-1495.1403492;;0.0;0.0;12993481.6;8.0;FR0128957471;Bond;12993481.6;12991986.4596508;0.0025;0.01890314999932617;0.0035;0.01888468319905664
1065;300203;FR0128957760;12990690.01;0.027070527;0.027070527;35.2231011;-2135.4558911999998;;0.0;0.0;12990690.01;8.0;FR0128957760;Bond;12990690.01;12988554.5541088;0.0025;0.027004573756060465;0.0035;0.026978192458484648
1066;300203;FR0128957786;14953328.97;0.116368492;0.116368492;189.7777435;-29066.813440500002;;0.0;0.0;14953328.97;8.0;FR0128957786;Bond;14953328.97;14924262.1565595;0.0025;0.1160850626293435;0.014;0.11478128752432355
1067;300203;FR0128958578;30157289.58;0.01031069;0.323099114;-295.0591771;-20441.56141725;;0.0;0.0;30157289.58;8.0;FR0128958578;Bond;30157289.58;30136848.018582746;0.0025;0.01055555598791641;0.002;0.3235035802446118
1068;300203;FR0128958859;23946743.56;0.081141198;0.081141198;204.9616743;-11809.352987999999;;0.0;0.0;23946743.56;8.0;FR0128958859;Bond;23946743.56;23934934.207011998;0.0025;0.08094368117305575;0.0035;0.08086467444227806
1069;300203;FR0128959097;22940133.92;0.094650579;0.094650579;231.9378289;-36295.6913385;;0.0;0.0;22940133.92;8.0;FR0128959097;Bond;22940133.92;22903838.228661504;0.0025;0.0944202115812516;0.014;0.09336052145500903
1070;300203;FR0128961564;6551891.89;0.00476808;0.08634765;-4.147149291;-8119.874018800001;;0.0;0.0;6551891.89;8.0;FR0128961564;Bond;6551891.89;6543772.015981199;0.0025;0.004783961079909517;0.014;0.0865406485965242
1071;300203;FR0128961622;20154349.78;0.009191924;0.238430963;-105.64154;-19899.66674025;;0.0;0.0;20154349.78;8.0;FR0128961622;Bond;20154349.78;20134450.11325975;0.0025;0.009323175849120156;0.004;0.23886802528919338
1072;300203;FR0128962307;26151453.38;0.01852388;0.252428315;-141.6657902;-27864.054039;;0.0;0.0;26151453.38;8.0;FR0128962307;Bond;26151453.38;26123589.325960997;0.0025;0.018660166054305944;0.004;0.25289988036722344
1073;300203;FR0128963453;24984684.31;0.021617779;0.021617779;53.70981437;-9035.55706515;;0.0;0.0;24984684.31;8.0;FR0128963453;Bond;24984684.31;24975648.752934847;0.0025;0.021565204582267232;0.014;0.0213233622606965
1074;300203;FR0128984541;30198637.88;0.012061202;0.333746862;-313.0954163;-41616.68878325;;0.0;0.0;30198637.88;8.0;FR0128984541;Bond;30198637.88;30157021.19121675;0.0025;0.01232076231937906;0.004;0.33460712449221114
1075;300203;FR0128985233;25920913.67;0.113659679;0.113659679;320.5087684;-49214.227870500006;;0.0;0.0;25920913.67;8.0;FR0128985233;Bond;25920913.67;25871699.4421295;0.0025;0.11338285351742877;0.014;0.11210945629760115
1076;300203;FR0128985399;20129392.86;0.009992756;0.2739218;-140.0547234;-22783.074961;;0.0;0.0;20129392.86;8.0;FR0128985399;Bond;20129392.86;20106609.785039;0.0025;0.010166948692714412;0.004;0.2745002414977141
1077;300203;FR0128985589;15107891.39;0.005122161;0.113346145;-17.19024922;-24531.654761625;;0.0;0.0;15107891.39;8.0;FR0128985589;Bond;15107891.39;15083359.735238375;0.0025;0.005150672402823848;0.014;0.11368530442455627
1078;300203;FR0128985662;23983303.53;0.027090495;0.027090495;65.12449247;-3942.460854;;0.0;0.0;23983303.53;8.0;FR0128985662;Bond;23983303.53;23979361.069146;0.0025;0.02702444449748086;0.0035;0.026998024296473203
1079;300203;FR0129007342;11575808.92;0.005651397;0.124153325;-15.91339061;-20587.71568665;;0.0;0.0;11575808.92;8.0;FR0129007342;Bond;11575808.92;11555221.20431335;0.0025;0.005685844618028692;0.014;0.12456158119844774
1080;300203;FR0129012318;10980784.02;0.059387451;0.059387451;67.24552915;-10920.615337500001;;0.0;0.0;10980784.02;8.0;FR0129012318;Bond;10980784.02;10969863.4046625;0.0025;0.059243169976919745;0.014;0.05857947727075056
1081;300203;FR0129012383;25144313.3;0.033039099;0.80656915;-1519.081083;-83916.43681;;0.0;0.0;25144313.3;8.0;FR0129012383;Bond;25144313.3;25060396.86319;0.0025;0.034552190422482594;0.004;0.8115879451226481
1082;300203;FR0129012847;35187639.32;0.011657251;0.333736904;-365.7716352;-48456.48758575;;0.0;0.0;35187639.32;8.0;FR0129012847;Bond;35187639.32;35139182.83241425;0.0025;0.011917462975277198;0.004;0.33459822087880603
1083;300203;FR0129014009;5027571.482;0.004107729;0.075533703;-2.400923904;-5451.103778425;;0.0;0.0;5027571.482;8.0;FR0129014009;Bond;5027571.482;5022120.378221575;0.0025;0.004119709969111841;0.014;0.07568043496294527
1084;300203;FR0129025203;10935976.71;0.227568441;0.227568441;299.3541703;-15100.636338;;0.0;0.0;10935976.71;8.0;FR0129025203;Bond;10935976.71;10920876.073662002;0.0025;0.22701357607616568;0.0035;0.22679163010663195
1085;300203;FR0129025385;14574565.51;0.067722544;0.067722544;102.9396854;-5989.547469;;0.0;0.0;14574565.51;8.0;FR0129025385;Bond;14574565.51;14568575.962531;0.0025;0.0675574356649809;0.0035;0.06749139233097326
1086;300203;FR0129051647;10048312.4;0.006760932;0.172754092;-27.53086648;-24836.382101175;;0.0;0.0;10048312.4;8.0;FR0129051647;Bond;10048312.4;10023476.017898826;0.0025;0.006829542519907956;0.014;0.17355548663690185
1087;300203;FR0129052264;30133782.2;0.034140738;0.844567974;-1999.180022;-105274.5082825;;0.0;0.0;30133782.2;8.0;FR0129052264;Bond;30133782.2;30028507.691717498;0.0025;0.03580223901255202;0.004;0.8500748935109445
1088;300203;FR0129054377;16943932.45;0.113409458;0.113409458;208.5881035;-32170.260787500003;;0.0;0.0;16943932.45;8.0;FR0129054377;Bond;16943932.45;16911762.1892125;0.0025;0.11313385002395548;0.014;0.11186605333415067
1089;300203;FR0129065183;14984619.77;0.037876427;0.037876427;57.4284953;-3448.515234;;0.0;0.0;14984619.77;8.0;FR0129065183;Bond;14984619.77;14981171.254766;0.0025;0.037784201159355844;0.0035;0.03774731082309818
1090;300203;FR0129065431;29909614.81;0.11646485;0.11646485;380.2219539;-21141.590742;;0.0;0.0;29909614.81;8.0;FR0129065431;Bond;29909614.81;29888473.219258;0.0025;0.11618095101699176;0.0035;0.11606739142378847
1091;300203;FR0129083459;29712178.97;0.401582911;0.401582911;1644.700942;-78309.907325;;0.0;0.0;29712178.97;8.0;FR0129083459;Bond;29712178.97;29633869.062675;0.0025;0.40060222215843294;0.004;0.4000138088534927
1092;300203;FR0129084911;30065471.88;0.036255274;0.915126519;-2347.407069;-113761.39781000001;;0.0;0.0;30065471.88;8.0;FR0129084911;Bond;30065471.88;29951710.482189998;0.0025;0.03821047282323918;0.004;0.9215994055207196
1093;300203;FR0129085033;20042219.14;0.036423297;0.917759051;-1573.945596;-66783.76334675;;0.0;0.0;20042219.14;8.0;FR0129085033;Bond;20042219.14;19975435.37665325;0.0025;0.038389901220752254;0.0035;0.9234556394760014
1094;300203;FR0129100402;30055682.33;0.036330173;0.920499135;-2375.486474;-114388.7388125;;0.0;0.0;30055682.33;8.0;FR0129100402;Bond;30055682.33;29941293.5911875;0.0025;0.038309377332888445;0.004;0.9270498570368837
1095;300203;FR0129101236;24987170.88;0.018937864;0.018937864;46.98366696;-2875.2361008;;0.0;0.0;24987170.88;8.0;FR0129101236;Bond;24987170.88;24984295.6438992;0.0025;0.018891752817029202;0.0035;0.018873308343840885
1096;300203;FR0129102184;0.0;0.04705504;0.04705504;0.0;-2820.0;;0.0;0.0;0.0;8.0;FR0129102184;Bond;0.0;-2820.0;0.0025;;0.0035;
1097;300203;FR0129104669;9447849.69;0.197347192;0.197347192;218.2528569;-11337.419628;;0.0;0.0;9447849.69;8.0;FR0129104669;Bond;9447849.69;9436512.270372;0.0025;0.19686703686279158;0.0035;0.19667497480790824
1098;300203;FR0129104735;30036518.57;0.036890496;0.939460622;-2474.417204;-116662.05021749999;;0.0;0.0;30036518.57;8.0;FR0129104735;Bond;30036518.57;29919856.5197825;0.0025;0.038953405599653816;0.004;0.9462861787658201
1099;300203;FR0129104768;30036737.88;0.036890496;0.939467759;-2474.435057;-116662.90200500001;;0.0;0.0;30036737.88;8.0;FR0129104768;Bond;30036737.88;29920074.977995;0.0025;0.03895340542168668;0.004;0.9462933691207202
1100;300203;FR0129106110;18976091.48;0.045979725;0.045979725;88.96760439;-5302.9077552;;0.0;0.0;18976091.48;8.0;FR0129106110;Bond;18976091.48;18970788.5722448;0.0025;0.04586780020985992;0.0035;0.04582303029380389
1101;300203;FR0129106383;8946463.393;0.213558546;0.213558546;226.737169;-11618.146980000001;;0.0;0.0;8946463.393;8.0;FR0129106383;Bond;8946463.393;8934845.246019999;0.0025;0.21303896971807912;0.0035;0.21283113920531077
1102;300203;FR0129106730;30019155.31;0.037487633;0.958435833;-2575.240288;-118942.26435750001;;0.0;0.0;30019155.31;8.0;FR0129106730;Bond;30019155.31;29900213.0456425;0.0025;0.03963581048966076;0.004;0.9655416926768591
1103;300203;FR0129109650;19996678.9;0.038279891;0.979863958;-1794.559346;-81023.82559075;;0.0;0.0;19996678.9;8.0;FR0129109650;Bond;19996678.9;19915655.07440925;0.0025;0.04052712611394252;0.004;0.9872942062868378
1104;300203;IRSB100008004;-17343.859999999404;0.043837135;0.0;-3.473702389;1908.4658821;BNP PARIBAS;0.0;0.0;0.0;;;Swap;-17343.859999999404;-15435.394117899405;0.0025;0.03883483241405922;0.0;0.0
1105;300203;IRSB100008121;-111290.8599999994;0.635637432;0.0;-545.424481066;21394.90549385;SOCIETE GENERALE;0.0;0.0;0.0;;;Swap;-111290.8599999994;-89895.9545061494;0.0025;0.5141252203465582;0.0;0.0
1106;300203;IRSB100008126;-52674.96999999881;0.084935973;0.0;-20.698036945;5924.799138975;NATIXIS;0.0;0.0;0.0;;;Swap;-52674.96999999881;-46750.170861023806;0.0025;0.07513053951227007;0.0;0.0
1107;300203;IRSB100008130;-7312.277999999933;0.027397956999999997;0.0;-0.32637390699999996;282.86318930000004;BNP PARIBAS;0.0;0.0;0.0;;;Swap;-7312.277999999933;-7029.414810699933;0.0025;0.02628399151523774;0.0;0.0
1108;300203;IRSB100008153;-61151.96999999881;0.10137566199999999;0.0;-29.776564901;7153.534893849999;NATIXIS;0.0;0.0;0.0;;;Swap;-61151.96999999881;-53998.43510614881;0.0025;0.08922817154732374;0.0;0.0
1109;300203;IRSB100008348;-137208.08000000007;0.619198553;0.0;-583.201272978;23482.666866775;NATIXIS;0.0;0.0;0.0;;;Swap;-137208.08000000007;-113725.41313322508;0.0025;0.5138948745959667;0.0;0.0
1110;300203;IRSB100008446;-93291.77999999747;0.282202624;0.0;-194.536222212;17125.98419755;BNP PARIBAS;0.0;0.0;0.0;;;Swap;-93291.77999999747;-76165.79580244746;0.0025;0.23027059361644286;0.0;0.0
1111;300203;IRSB100008462;-54086.05999999866;0.063018093;0.0;-11.372562794;4300.0059412;SOCIETE GENERALE;0.0;0.0;0.0;;;Swap;-54086.05999999866;-49786.05405879866;0.0025;0.057771323451192375;0.0;0.0
1112;300203;IRSB100008512;-7794.614999999758;0.331519673;0.0;-32.258692777;2419.1054235750003;JP MORGAN SE;0.0;0.0;0.0;;;Swap;-7794.614999999758;-5375.509576424758;0.0025;0.22832975973294162;0.0;0.0
1113;300203;IRSB100008533;-78297.2899999991;0.254805155;0.0;-222.153703055;21627.7536658;NOMURA FINANCIAL PRODUCTS EUROPE GMBH;0.0;0.0;0.0;;;Swap;-78297.2899999991;-56669.5363341991;0.0025;0.18403471304819868;0.0;0.0
1114;300203;IRSB100008539;-12542.884999999776;0.046576115;0.0;-1.94403426;1024.335450575;CITIBANK EUROPE PUBLIC LIMITED COMPANY;0.0;0.0;0.0;;;Swap;-12542.884999999776;-11518.549549424777;0.0025;0.04270676339409262;0.0;0.0
1115;300203;IRSB100008578;-27729.789999999106;0.36713715599999996;0.0;-395.72575071399996;26812.429628949998;NOMURA FINANCIAL PRODUCTS EUROPE GMBH;0.0;0.0;0.0;;;Swap;-27729.789999999106;-917.3603710491079;0.0025;0.010704613839946087;0.0;0.0
1116;300203;IRSB100008584;-40790.11999999732;0.372616593;0.0;-407.745390562;27225.229293924996;NOMURA FINANCIAL PRODUCTS EUROPE GMBH;0.0;0.0;0.0;;;Swap;-40790.11999999732;-13564.890706072321;0.0025;0.1230591954074649;0.0;0.0
1117;300203;IRSB100008589;-24739.460000000894;0.378095702;0.0;-349.777923299;23019.733810425;BNP PARIBAS;0.0;0.0;0.0;;;Swap;-24739.460000000894;-1719.726189575893;0.0025;0.024991534624974165;0.0;0.0
1118;300203;IRSB100008598;-46602.03000000119;0.39453459;0.0;-456.969650049;28827.270259225003;SOCIETE GENERALE;0.0;0.0;0.0;;;Swap;-46602.03000000119;-17774.75974077619;0.0025;0.14977902125036882;0.0;0.0
1119;300203;IRSB100008630;-31740.83999999985;0.41097379;0.0;-330.745110054;20032.734508775;SOCIETE GENERALE;0.0;0.0;0.0;;;Swap;-31740.83999999985;-11708.105491224851;0.0025;0.15089166158681783;0.0;0.0
1120;300203;IRSB100008638;-39257.507000000216;0.800025985;0.0;-536.724677477;16735.442168424997;SOCIETE GENERALE;0.0;0.0;0.0;;;Swap;-39257.507000000216;-22522.06483157522;0.0025;0.4598286096232758;0.0;0.0
1121;300203;IRSB100008658;-47644.890000000596;0.413713184;0.0;-502.612602966;30245.702020975;NATIXIS;0.0;0.0;0.0;;;Swap;-47644.890000000596;-17399.187979025595;0.0025;0.1504125867556601;0.0;0.0
1122;300203;IRSB100008659;-52085.88000000082;0.800025984;0.0;-663.17417796;20678.294413225;CITIBANK EUROPE PUBLIC LIMITED COMPANY;0.0;0.0;0.0;;;Swap;-52085.88000000082;-31407.58558677582;0.0025;0.4833180465068868;0.0;0.0
1123;300203;IRSB100008685;-10488.026999999769;0.3780957;0.0;-113.606794216;7477.244007825;NATIXIS;0.0;0.0;0.0;;;Swap;-10488.026999999769;-3010.782992174769;0.0025;0.10765193302320358;0.0;0.0
1124;300203;IRSB100008689;-38697.39999999851;0.635637433;0.0;-504.68287527900003;19796.055450225;NATIXIS;0.0;0.0;0.0;;;Swap;-38697.39999999851;-18901.34454977351;0.0025;0.310603086321546;0.0;0.0
1125;300203;IRSB100008693;-9130.956000000238;0.347958536;0.0;-97.563105128;6971.942423775001;NATIXIS;0.0;0.0;0.0;;;Swap;-9130.956000000238;-2159.0135762252376;0.0025;0.08113939913234891;0.0;0.0
1126;300203;IRSB100008694;-54943.050000000745;0.769888793;0.0;-763.498329524;24733.953910949996;NOMURA FINANCIAL PRODUCTS EUROPE GMBH;0.0;0.0;0.0;;;Swap;-54943.050000000745;-30209.09608905075;0.0025;0.42396619816338615;0.0;0.0
1127;300203;IRSB100008695;-39644.08999999985;0.635637432;0.0;-505.749461015;19837.912087625;NATIXIS;0.0;0.0;0.0;;;Swap;-39644.08999999985;-19806.17791237485;0.0025;0.3177163362938747;0.0;0.0
1128;300203;IRSB100008709;-10273.0;0.180830202;0.0;-41.483489354999996;5668.8611594;BNP PARIBAS;0.0;0.0;0.0;;;Swap;-10273.0;-4604.1388406;0.0025;0.07995923661743586;0.0;0.0
1129;300203;IRSB100008721;-38578.68999999948;0.635637433;0.0;-492.927022696;19334.911935825;BNP PARIBAS;0.0;0.0;0.0;;;Swap;-38578.68999999948;-19243.77806417448;0.0025;0.3172179190131162;0.0;0.0
1130;300203;IRSB100008722;-44767.109999999404;1.119404566;0.0;-2120.186051748;46628.057334975;NOMURA FINANCIAL PRODUCTS EUROPE GMBH;0.0;0.0;0.0;;;Swap;-44767.109999999404;1860.9473349755935;0.0025;-0.06147154750997874;0.0;0.0
1131;300203;IRSB100008751;-29024.800000000745;0.44933101000000003;0.0;-592.8765381349999;32856.312730975005;BNP PARIBAS;0.0;0.0;0.0;;;Swap;-29024.800000000745;3831.51273097426;0.0025;-0.060828002459235087;0.0;0.0
1132;300203;IRSB100008762;-13445.080000005662;0.45481013;0.0;-708.67281899;38808.176996125;NATIXIS;0.0;0.0;0.0;;;Swap;-13445.080000005662;25363.09699611934;0.0025;-0.8623904825640554;0.0;0.0
1133;300203;IRSB100008770;-10506.14999999851;0.45481013;0.0;-607.533701392;33269.529137125;NATIXIS;0.0;0.0;0.0;;;Swap;-10506.14999999851;22763.37913712649;0.0025;-0.9903348072769322;0.0;0.0
1134;300203;IRSB100008780;-28456.660000003874;0.46850961300000005;0.0;-866.037219496;46039.242695249995;NATIXIS;0.0;0.0;0.0;;;Swap;-28456.660000003874;17582.58269524612;0.0025;-0.2917804142120243;0.0;0.0
1135;300203;IRSB100008791;-25491.75;0.473988736;0.0;-659.591783754;34664.26724295;NATIXIS;0.0;0.0;0.0;;;Swap;-25491.75;9172.517242950002;0.0025;-0.17231749300758126;0.0;0.0
1136;300203;IRSB100008799;-43518.439999997616;0.484948474;0.0;-1381.113040419;70936.8428875;BNP PARIBAS;0.0;0.0;0.0;;;Swap;-43518.439999997616;27418.40288750238;0.0025;-0.30787038359734403;0.0;0.0
1137;300203;IRSB100008858;-9706.650000002235;0.53152449;0.0;-912.387978027;42776.004701674996;NATIXIS;0.0;0.0;0.0;;;Swap;-9706.650000002235;33069.35470167276;0.0025;-1.8176736046494557;0.0;0.0
1138;300203;IRSB100008860;-17408.36999999918;1.487643983;0.0;-2668.83758128;44365.764629875;NATIXIS;0.0;0.0;0.0;;;Swap;-17408.36999999918;26957.394629875816;0.0025;-2.3395164026208644;0.0;0.0
1139;300203;IRSB100008873;-2275.5;0.046576115;0.0;-2.332579573;1229.9632855;BNP PARIBAS;0.0;0.0;0.0;;;Swap;-2275.5;-1045.5367145;0.0025;0.020954428107700037;0.0;0.0
1140;300203;IRSB100008881;3547.330000001937;0.55070309;0.0;-889.7821658949999;40268.5255039;NATIXIS;0.0;0.0;0.0;;;Swap;3547.330000001937;43815.855503901934;0.0025;6.8222492046307135;0.0;0.0
1141;300203;IRSB100008976;41369.63000000268;0.539744519;0.0;-788.4518988039999;36401.169845525;BNP PARIBAS;0.0;0.0;0.0;;;Swap;41369.63000000268;77770.79984552768;0.0025;1.0169406505680676;0.0;0.0
1142;300203;IRSB100008988;15532.289999999106;0.53974452;0.0;-290.007517942;13388.5626938;BNP PARIBAS;0.0;0.0;0.0;;;Swap;15532.289999999106;28920.852693799105;0.0025;1.0072544799855132;0.0;0.0
1143;300203;IRSB100009012;15187.29999999702;0.20548798699999998;0.0;-103.084807039;12424.666902300001;CREDIT AGRICOLE CORPORATE AND INVESTMENT BANK;0.0;0.0;0.0;;;Swap;15187.29999999702;27611.96690229702;0.0025;0.37528271003887287;0.0;0.0
1144;300203;IRSB100009055;11039.55000000447;0.271244089;0.0;-252.257922958;23084.607234825;BNP PARIBAS;0.0;0.0;0.0;;;Swap;11039.55000000447;34124.15723482947;0.0025;0.8426875460066698;0.0;0.0
1145;300203;IRSB100009061;3671.780000001192;0.10411538000000001;0.0;-31.455213755000003;7374.006995524999;CREDIT AGRICOLE CORPORATE AND INVESTMENT BANK;0.0;0.0;0.0;;;Swap;3671.780000001192;11045.786995526192;0.0025;0.3183111785571397;0.0;0.0
1146;300203;IRSB100009080;-594.0;0.673994442;0.0;-354.071686377;13100.295023775001;CREDIT AGRICOLE CORPORATE AND INVESTMENT BANK;0.0;0.0;0.0;;;Swap;-594.0;12506.295023775001;0.0025;-14.226876889129372;0.0;0.0
1147;300203;IRSB100009088;1036.320000000298;0.276723523;0.0;-127.498057101;11440.571215150001;CREDIT AGRICOLE CORPORATE AND INVESTMENT BANK;0.0;0.0;0.0;;;Swap;1036.320000000298;12476.8912151503;0.0025;3.35265549419326;0.0;0.0
1148;300203;IRSB100009094;86.04000000096858;0.11781466;0.0;-14.801570228;3076.841016275;BNP PARIBAS;0.0;0.0;0.0;;;Swap;86.04000000096858;3162.8810162759687;0.0025;4.41863104013828;0.0;0.0
1149;300203;IRSB100009104;-593.0599999986589;0.030137338;0.0;-1.815073921;1477.8725290000002;CREDIT AGRICOLE CORPORATE AND INVESTMENT BANK;0.0;0.0;0.0;;;Swap;-593.0599999986589;884.8125290013413;0.0025;-0.046373472701591964;0.0;0.0
1150;300203;IRSB100009109;-521.3600000031292;0.030137338;0.0;-1.875791954;1529.533785825;CREDIT AGRICOLE CORPORATE AND INVESTMENT BANK;0.0;0.0;0.0;;;Swap;-521.3600000031292;1008.1737858218708;0.0025;-0.05980745067721577;0.0;0.0
1151;300203;IRSB100009122;-735.9900000002235;0.213708122;0.0;-45.204721637;5237.909044775;CREDIT AGRICOLE CORPORATE AND INVESTMENT BANK;0.0;0.0;0.0;;;Swap;-735.9900000002235;4501.919044774777;0.0025;-1.3216850316154618;0.0;0.0
1152;300203;IRSB100009130;-20376.91000000015;0.884960136;0.0;-1588.878631647;44795.2279612;BNP PARIBAS;0.0;0.0;0.0;;;Swap;-20376.91000000015;24418.31796119985;0.0025;-1.0624435735029194;0.0;0.0
1153;300203;IRSB100009153;-12926.39999999851;0.819204533;0.0;-1636.398155553;49830.345555424996;CREDIT AGRICOLE CORPORATE AND INVESTMENT BANK;0.0;0.0;0.0;;;Swap;-12926.39999999851;36903.945555426486;0.0025;-2.3439551052853833;0.0;0.0
1154;300203;IRSB100009163;-11383.580000001937;0.7342692200000001;0.0;-1316.884421208;44735.06443695;CREDIT AGRICOLE CORPORATE AND INVESTMENT BANK;0.0;0.0;0.0;;;Swap;-11383.580000001937;33351.48443694806;0.0025;-2.156452929856436;0.0;0.0
1155;300203;IRSB100009181;-55549.109999999404;1.559363047;0.0;-5752.334145870001;91526.89910885;CREDIT AGRICOLE CORPORATE AND INVESTMENT BANK;0.0;0.0;0.0;;;Swap;-55549.109999999404;35977.7891088506;0.0025;-1.0234086443216655;0.0;0.0
1156;300203;IRSB100009204;-24090.320000000298;0.6657745049999999;0.0;-1300.488568733;48710.79432565;NATIXIS;0.0;0.0;0.0;;;Swap;-24090.320000000298;24620.474325649702;0.0025;-0.6827139662905011;0.0;0.0
1157;300203;IRSB100009211;-12867.929999999702;0.33699877100000003;0.0;-467.575650623;34504.15613025;CREDIT AGRICOLE CORPORATE AND INVESTMENT BANK;0.0;0.0;0.0;;;Swap;-12867.929999999702;21636.226130250296;0.0025;-0.5711300265119186;0.0;0.0
1158;300203;IRSB100009239;3243.810000002384;0.282202622;0.0;-234.03759284699998;20599.731285525002;NATIXIS;0.0;0.0;0.0;;;Swap;3243.810000002384;23843.541285527386;0.0025;2.0861262951240707;0.0;0.0
1159;300203;IRSB100009258;5189.739999998361;0.868521273;0.0;-1470.999584051;42255.476590674996;CREDIT AGRICOLE CORPORATE AND INVESTMENT BANK;0.0;0.0;0.0;;;Swap;5189.739999998361;47445.21659067336;0.0025;7.95650189098165;0.0;0.0
1160;300203;IRSB100009262;945.2100000008941;0.290422733;0.0;-165.336157336;14137.790205675;NATIXIS;0.0;0.0;0.0;;;Swap;945.2100000008941;15083.000205675895;0.0025;4.663634234782129;0.0;0.0
1161;300203;IRSB100009266;2968.339999999851;0.8192045139999999;0.0;-999.478084988;30435.620168174995;NATIXIS;0.0;0.0;0.0;;;Swap;2968.339999999851;33403.960168174846;0.0025;9.23870235714405;0.0;0.0
1162;300203;IRSB100009272;1437.3999999985099;0.663034792;0.0;-874.602973457;32894.150398275;CREDIT AGRICOLE CORPORATE AND INVESTMENT BANK;0.0;0.0;0.0;;;Swap;1437.3999999985099;34331.55039827351;0.0025;15.875678519171792;0.0;0.0
1163;300203;IRSB100009319;-769.6200000010431;0.627417398;0.0;-1155.5741875699998;45922.319434725;CREDIT AGRICOLE CORPORATE AND INVESTMENT BANK;0.0;0.0;0.0;;;Swap;-769.6200000010431;45152.69943472396;0.0025;-36.90876575984741;0.0;0.0
1164;300203;IRSB100009324;-2190.7599999997765;0.673994443;0.0;-690.391635568;25543.3179141;BNP PARIBAS;0.0;0.0;0.0;;;Swap;-2190.7599999997765;23352.557914100224;0.0025;-7.2033188665381305;0.0;0.0
1165;300203;IRSB100009332;-11967.410000000149;0.884960134;0.0;-2442.210032313;68852.862251075;CREDIT AGRICOLE CORPORATE AND INVESTMENT BANK;0.0;0.0;0.0;;;Swap;-11967.410000000149;56885.45225107485;0.0025;-4.214875167219651;0.0;0.0
1166;300203;IRSB100009337;-6845.219999998808;1.156039266;0.0;-1484.701491455;31923.1694664;CREDIT AGRICOLE CORPORATE AND INVESTMENT BANK;0.0;0.0;0.0;;;Swap;-6845.219999998808;25077.94946640119;0.0025;-4.263022056791144;0.0;0.0
1167;300203;IRSB100009346;-7697.839999999851;0.895918679;0.0;-1329.73681561;37033.23136085;CREDIT AGRICOLE CORPORATE AND INVESTMENT BANK;0.0;0.0;0.0;;;Swap;-7697.839999999851;29335.391360850146;0.0025;-3.4206134029596225;0.0;0.0
1168;300203;IRSB100009351;-541.7869999995455;0.24110559199999998;0.0;-28.445614683000002;2926.835001825;JP MORGAN SE;0.0;0.0;0.0;;;Swap;-541.7869999995455;2385.0480018254543;0.0025;-1.0713320067196774;0.0;0.0
1169;300203;IRSB100009357;-585.347000000067;0.232886773;0.0;-31.847210431;3389.642548125;CREDIT AGRICOLE CORPORATE AND INVESTMENT BANK;0.0;0.0;0.0;;;Swap;-585.347000000067;2804.295548124933;0.0025;-1.12716272449592;0.0;0.0
1170;300203;IRSB100009363;-3266.4500000011176;0.47398874;0.0;-330.27557277;17356.8681804;CREDIT AGRICOLE CORPORATE AND INVESTMENT BANK;0.0;0.0;0.0;;;Swap;-3266.4500000011176;14090.418180398883;0.0025;-2.053236435378401;0.0;0.0
1171;300203;IRSB100009369;-11914.030000001192;0.895918678;0.0;-1563.981355462;43556.923915700005;CREDIT AGRICOLE CORPORATE AND INVESTMENT BANK;0.0;0.0;0.0;;;Swap;-11914.030000001192;31642.893915698813;0.0025;-2.3838805412505666;0.0;0.0
1172;300203;IRSB100009384;-1923.7099999971688;0.408234076;0.0;-490.399066272;29901.518700575;NATIXIS;0.0;0.0;0.0;;;Swap;-1923.7099999971688;27977.808700577832;0.0025;-5.964439126717915;0.0;0.0
1173;300203;IRSB100009392;859.0600000023842;0.663034805;0.0;-1290.146860113;48522.330341349996;NATIXIS;0.0;0.0;0.0;;;Swap;859.0600000023842;49381.39034135238;0.0025;38.20944092589733;0.0;0.0
1174;300203;IRSB100009403;-1654.410000000149;0.7370089089999999;0.0;-1592.152066015;53886.753034;NATIXIS;0.0;0.0;0.0;;;Swap;-1654.410000000149;52232.34303399985;0.0025;-23.320845574165684;0.0;0.0
1175;300203;IRSB100009450;-6265.960000000894;0.37535598400000003;0.0;-414.46523510199995;27478.01140125;BNP PARIBAS;0.0;0.0;0.0;;;Swap;-6265.960000000894;21212.051401249108;0.0025;-1.2779299955882149;0.0;0.0
1176;300203;IRSB100009452;-19925.210000000894;0.980852881;0.0;-2810.004887156;71493.3594056;BNP PARIBAS;0.0;0.0;0.0;;;Swap;-19925.210000000894;51568.149405599106;0.0025;-2.5424323663660613;0.0;0.0
1177;300203;SECL100006676;0.0;0.002739726;0.002739726;0.0;25.742004090000002;;0.0;0.0;0.0;;SECL100006676;Bond;0.0;25.742004090000002;0.002;;0.0035;
1178;300203;XS1400169931;23676881.1;1.518719145;1.518719145;8994.757925;-239916.37475;;0.0;0.0;23676881.1;8.0;XS1400169931;Bond;23676881.1;23436964.725250002;0.0025;1.5149880087933394;0.004;1.512749327069343
1179;300203;XS2063547041;7466164.78;0.023996397;0.023996397;17.86561886;-1196.63188905;;0.0;0.0;7466164.78;7.0;XS2063547041;Bond;7466164.78;7464968.14811095;0.0025;0.02393801462633298;0.004;0.023902985202132767
1180;300203;XS2168647357;12943216.71;0.749299772;0.749299772;1673.998687;-64538.7792205;;0.0;0.0;12943216.71;5.0;XS2168647357;Bond;12943216.71;12878677.930779502;0.0025;0.7474700460244773;0.004;0.7463722104391638
1181;300203;XS2190134184;10061130.14;1.18012224;1.18012224;2582.187086;-78383.60673;;0.0;0.0;10061130.14;8.0;XS2190134184;Bond;10061130.14;9982746.533270001;0.0025;1.177187716134595;0.004;1.1754270018153519
1182;300203;XS2264074647;20121769.86;0.557857549;0.557857549;1739.466641;-67146.07038;;0.0;0.0;20121769.86;6.0;XS2264074647;Bond;20121769.86;20054623.78962;0.0025;0.5564743866100644;0.0035;0.5559211216540902
1183;300203;XS2390400633;18922619.15;1.126833076;1.126833076;4485.112447;-128184.70043999999;;0.0;0.0;18922619.15;8.0;XS2390400633;Bond;18922619.15;18794434.449559998;0.0025;1.1240818611691885;0.0035;1.1229813752368638
1184;300203;XS2432293673;38874994.73;0.617212982;0.617212982;3820.978039;-143784.22704;;0.0;0.0;38874994.73;7.0;XS2432293673;Bond;38874994.73;38731210.50296;0.0025;0.6157081407259073;0.0035;0.6151062042162702
1185;300203;XS2575952424;18421505.59;0.778282645;0.778282645;2515.420941;-95463.774835;;0.0;0.0;18421505.59;7.0;XS2575952424;Bond;18421505.59;18326041.815165;0.0025;0.7763832530660791;0.004;0.7752436179057267
1186;300203;XS2625195891;16802082.19;1.068606938;1.068606938;3727.113693;-119731.30767;;0.0;0.0;16802082.19;7.0;XS2625195891;Bond;16802082.19;16682350.882330002;0.0025;1.0659161271540538;0.004;1.064301640646486
1187;300203;XS2697483118;12012468.36;1.43260812;1.43260812;4187.898373;-114609.800955;;0.0;0.0;12012468.36;7.0;XS2697483118;Bond;12012468.36;11897858.559045;0.0025;1.4290233026940455;0.004;1.426872412310473
1188;300203;XS2719281227;22163137.33;0.127377316;0.617793533;38.75060273;-62624.96499;;0.0;0.0;22163137.33;8.0;XS2719281227;Bond;22163137.33;22100512.365009997;0.0025;0.1273741678047586;0.004;0.6192502713627548
1189;300203;XS2745115597;26868028.25;0.026422522;0.758571806;4.871823833;-84137.94486425;;0.0;0.0;26868028.25;8.0;XS2745115597;Bond;26868028.25;26783890.30513575;0.0025;0.02641973426907441;0.004;0.760866277771276
1190;300203;XS2752456314;8070914.667;0.061988889;0.794407385;4.002203013;-27143.232298000003;;0.0;0.0;8070914.667;5.0;XS2752456314;Bond;8070914.667;8043771.434702001;0.0025;0.06198609856256477;0.004;0.796911882184036
1191;300203;XS2752874821;32796976.88;0.078806818;0.810232699;29.13338459;-113054.6843525;;0.0;0.0;32796976.88;7.0;XS2752874821;Bond;32796976.88;32683922.1956475;0.0025;0.07880013691597237;0.004;0.8128230753134179
1192;300203;XS2800795291;33735638.07;0.039165864;1.015147944;12.39491176;-140706.65660500003;;0.0;0.0;33735638.07;8.0;XS2800795291;Bond;33735638.07;33594931.413395;0.0025;0.03916051358742777;0.004;1.0192553488731027
1193;300203;XS2802190459;35268989.58;0.042114314;1.017695513;9.61217772;-130048.72877500001;;0.0;0.0;35268989.58;6.0;XS2802190459;Bond;35268989.58;35138940.851224996;0.0025;0.04211193456178832;0.0035;1.021310938682582
1194;300203;XS2815975409;29939920.56;0.081352597;0.081352597;257.5946456;-15995.300022;;0.0;0.0;29939920.56;8.0;XS2815975409;Bond;29939920.56;29923925.259978;0.0025;0.08115404965244348;0.004;0.08103492124390957
1195;300203;XS2819077277;29926664.71;0.097582206;0.097582206;313.4673188;-19185.86176;;0.0;0.0;29926664.71;8.0;XS2819077277;Bond;29926664.71;29907478.84824;0.0025;0.09734414882528197;0.004;0.09720131452045117
1196;300203;XS2819223194;35119173.0;0.115539634;1.092889758;53.82085888;-164059.09542750003;;0.0;0.0;35119173.0;5.0;XS2819223194;Bond;35119173.0;34955113.9045725;0.0025;0.11553469450056712;0.004;1.0976060892653732
1197;300203;XS2824777267;26087805.27;0.142827776;1.120808947;61.22020224;-112126.4960075;;0.0;0.0;26087805.27;7.0;XS2824777267;Bond;26087805.27;25975678.7739925;0.0025;0.14282010798227884;0.0035;1.1251235570024638
1198;300203;XS2841263358;20568734.17;0.01080062;0.189877338;-64.98641625;-16334.142693000002;;0.0;0.0;20568734.17;8.0;XS2841263358;Bond;20568734.17;20552400.027307;0.0025;0.010879898526540215;0.004;0.19014793064283866
1199;300203;XS2861535420;24834610.31;0.276772911;0.276772911;861.680588;-45110.53873300001;;0.0;0.0;24834610.31;8.0;XS2861535420;Bond;24834610.31;24789499.771266997;0.0025;0.2760970000357828;0.004;0.2756914534572525
1200;300203;XS2861705445;34780876.8;0.249351755;0.249351755;1062.468352;-56983.463907499994;;0.0;0.0;34780876.8;8.0;XS2861705445;Bond;34780876.8;34723893.336092494;0.0025;0.24874350859079322;0.004;0.24837856074526912
1201;300203;XS2861748171;30755374.59;0.014946686;0.276828366;-210.0498442;-35527.837839249994;;0.0;0.0;30755374.59;8.0;XS2861748171;Bond;30755374.59;30719846.75216075;0.0025;0.01511798689667525;0.004;0.27740808959787977
1202;300203;XS2862962623;19858131.92;0.284634155;0.284634155;712.4855816;-34275.679752;;0.0;0.0;19858131.92;8.0;XS2862962623;Bond;19858131.92;19823856.240248002;0.0025;0.2839397269611276;0.0035;0.2836619557455787
1203;300203;XS2866213098;25606627.39;0.015574582;0.292958684;-196.6711238;-31304.0533135;;0.0;0.0;25606627.39;8.0;XS2866213098;Bond;25606627.39;25575323.3366865;0.0025;0.015767200354832152;0.004;0.2936092022594376
1204;300203;XS2880647099;29743710.19;0.360963608;0.360963608;1436.538455;-70447.77382500001;;0.0;0.0;29743710.19;8.0;XS2880647099;Bond;29743710.19;29673262.416175;0.0025;0.36008191436589826;0.004;0.3595528981854372
1205;300203;XS2880859272;35769157.23;0.017313313;0.361074133;-423.0399586;-53682.978193;;0.0;0.0;35769157.23;8.0;XS2880859272;Bond;35769157.23;35715474.251807;0.0025;0.017609736074247723;0.004;0.362068709033655
1206;300203;XS2885066808;24780209.98;0.371826745;0.371826745;1242.859538;-60456.9232475;;0.0;0.0;24780209.98;8.0;XS2885066808;Bond;24780209.98;24719753.0567525;0.0025;0.3709184996423893;0.004;0.37037355242782294
1207;300203;XS2888423881;29725091.57;0.38812222;0.38812222;1575.042097;-75697.18526500001;;0.0;0.0;29725091.57;8.0;XS2888423881;Bond;29725091.57;29649394.384735;0.0025;0.3871741432627444;0.004;0.38660529722039105
1208;300203;XS2895045164;30603819.8;0.019937579;0.407332841;-460.3019299;-51833.064202500005;;0.0;0.0;30603819.8;8.0;XS2895045164;Bond;30603819.8;30551986.735797502;0.0025;0.020314589497666923;0.004;0.4085981479414701
1209;300203;XS2898793406;25472422.46;0.020674638;0.428812738;-426.1231368;-45422.25677525;;0.0;0.0;25472422.46;8.0;XS2898793406;Bond;25472422.46;25427000.203224752;0.0025;0.021093926676183605;0.004;0.4302174115763523
1210;300203;XS2903381072;29693230.29;0.448169426;0.448169426;1897.655;-87249.28628;;0.0;0.0;29693230.29;8.0;XS2903381072;Bond;29693230.29;29605981.00372;0.0025;0.4470738487146264;0.004;0.4464165023434023
1211;300203;XS2906220855;29663544.05;0.461077283;0.461077283;1966.062979;-89803.331995;;0.0;0.0;29663544.05;8.0;XS2906220855;Bond;29663544.05;29573740.718005;0.0025;0.4599517945998586;0.004;0.45927650155977373
1212;300203;XS2908566982;44488599.89;0.466483889;0.466483889;2994.368353;-125786.94546;;0.0;0.0;44488599.89;8.0;XS2908566982;Bond;44488599.89;44362812.94454;0.0025;0.4653452465672007;0.0035;0.46488978959408106
1213;300203;XS2908585263;30522982.74;0.02686668;0.488775424;-646.157261;-61925.34897175;;0.0;0.0;30522982.74;;XS2908585263;Bond;30522982.74;30461057.391028248;0.0025;0.02739772284717757;0.004;0.49057781094193276
1214;300203;XS2908892438;30535951.95;0.026961676;0.559664749;-871.0594912;-70994.20836225;;0.0;0.0;30535951.95;8.0;XS2908892438;Bond;30535951.95;30464957.741637748;0.0025;0.027676635900880885;0.004;0.5620586756386113
1215;300203;XS2909655438;29663424.06;0.477735476;0.477735476;2061.80879;-92972.485255;;0.0;0.0;29663424.06;8.0;XS2909655438;Bond;29663424.06;29570451.574745;0.0025;0.476568384715565;0.004;0.475868129944904
1216;300203;XS2909824646;29672420.1;0.478031875;0.478031875;2064.994076;-93000.68108499999;;0.0;0.0;29672420.1;8.0;XS2909824646;Bond;29672420.1;29579419.418915;0.0025;0.47686333505144163;0.004;0.4761622110823066
1217;300203;XS2918558227;30489840.13;0.028389724;0.600428106;-1003.702454;-76007.882159;;0.0;0.0;30489840.13;8.0;XS2918558227;Bond;30489840.13;30413832.247841;0.0025;0.029214720014210206;0.004;0.6031869313589201
1218;300203;XS2920487852;32604499.26;0.524188418;0.524188418;2566.966536;-112061.21732;;0.0;0.0;32604499.26;8.0;XS2920487852;Bond;32604499.26;32492438.042680003;0.0025;0.5229070907720687;0.004;0.5221382944353098
1219;300203;XS2922134684;30446931.9;0.024400632;0.534661051;-798.3981476;-67589.31739;;0.0;0.0;30446931.9;8.0;XS2922134684;Bond;30446931.9;30379342.58261;0.0025;0.025057685831130043;0.004;0.5368534053242658
1220;300203;XS2923562263;30453286.16;0.024529388;0.540593034;-815.3813624;-68280.695097;;0.0;0.0;30453286.16;8.0;XS2923562263;Bond;30453286.16;30385005.464903;0.0025;0.0252002628150758;0.004;0.542832990254256
1221;300203;XS2924877116;29617682.02;0.542876642;0.542876642;2444.057423;-105487.63459;;0.0;0.0;29617682.02;8.0;XS2924877116;Bond;29617682.02;29512194.38541;0.0025;0.5415504243010165;0.004;0.5407546936816264
1222;300203;XS2931921113;31444810.32;0.09918967;1.555195347;40.95354722;-204322.1488825;;0.0;0.0;31444810.32;8.0;XS2931921113;Bond;31444810.32;31240488.1711175;0.0025;0.09918170661471828;0.004;1.5648177814903321
1223;300203;XS2942506978;30371732.47;0.027033793;0.616680088;-1063.086419;-77607.5429675;;0.0;0.0;30371732.47;8.0;XS2942506978;Bond;30371732.47;30294124.9270325;0.0025;0.02791068244408937;0.004;0.6196013651304298
1224;300203;XS2963900035;24879886.2;0.200795407;0.200795407;588.3204479;-32786.9185215;;0.0;0.0;24879886.2;8.0;XS2963900035;Bond;24879886.2;24847099.281478498;0.0025;0.2003050432784079;0.004;0.20001082504545262
1225;300203;XS2972963883;29102621.11;0.026788409;1.71955593;8.705166366;-178804.41066;;0.0;0.0;29102621.11;6.0;XS2972963883;Bond;29102621.11;28923816.69934;0.0025;0.02678272505544046;0.0035;1.7298945148990117
1226;300203;XS2974086667;34780635.3;0.266006986;0.266006986;1150.172596;-60699.35530750001;;0.0;0.0;34780635.3;8.0;XS2974086667;Bond;34780635.3;34719935.9446925;0.0025;0.26535715183330094;0.004;0.2649672513332815
1227;300203;XS2976509716;16888641.88;0.271282887;0.271282887;571.7384033;-27762.151038000004;;0.0;0.0;16888641.88;8.0;XS2976509716;Bond;16888641.88;16860879.728962;0.0025;0.27062053733948443;0.0035;0.2703555974752782
1228;300203;XS2977963219;24834724.45;0.274000379;0.274000379;851.022891;-41232.446622;;0.0;0.0;24834724.45;8.0;XS2977963219;Bond;24834724.45;24793492.003378;0.0025;0.27333138305516935;0.0035;0.27306378467723713
1229;300203;XS2978738495;29969827.45;0.037895538;0.037895538;114.9751627;-6897.165768000001;;0.0;0.0;29969827.45;8.0;XS2978738495;Bond;29969827.45;29962930.284231998;0.0025;0.03780321908318397;0.0035;0.03776629151645756
1230;300203;XS2982074358;0.0;0.042632874;0.797274588;0.0;-2675.0;;0.0;0.0;0.0;8.0;XS2982074358;Bond;0.0;-2675.0;0.0025;;0.004;
1231;300203;XS2989318428;24523096.24;0.808739677;0.808739677;3541.623855;-130140.37647000002;;0.0;0.0;24523096.24;8.0;XS2989318428;Bond;24523096.24;24392955.86353;0.0025;0.8067643284000036;0.004;0.8055791192400056
1232;300203;XS2989343293;24582486.94;0.725014897;0.725014897;3034.421852;-116884.67420499999;;0.0;0.0;24582486.94;8.0;XS2989343293;Bond;24582486.94;24465602.265795;0.0025;0.7232430545231247;0.004;0.7221799490369993
1233;300203;XS2993382667;29537717.32;0.656870845;0.656870845;3170.429019;-127295.422865;;0.0;0.0;29537717.32;8.0;XS2993382667;Bond;29537717.32;29410421.897135;0.0025;0.6552661698498623;0.004;0.6543033647597796
1234;300203;XS2993406359;12972360.49;0.081231904;0.081231904;111.2796166;-6397.32846;;0.0;0.0;12972360.49;8.0;XS2993406359;Bond;12972360.49;12965963.16154;0.0025;0.08103394533617012;0.0035;0.08095476187063816
1235;300203;XS2994493786;41658184.46;0.330814863;0.330814863;1801.181937;-90506.685685;;0.0;0.0;41658184.46;8.0;XS2994493786;Bond;41658184.46;41567677.774315;0.0025;0.3300075299737954;0.004;0.32952313015807266
1236;300203;XS3003192898;29976567.33;0.029784068;0.029784068;89.68735755;-5872.12209285;;0.0;0.0;29976567.33;8.0;XS3003192898;Bond;29976567.33;29970695.207907148;0.0025;0.029711487838333692;0.004;0.02966793974133391
1237;300203;XS3003206359;19611029.88;0.858355755;0.858355755;3090.969125;-110359.05582;;0.0;0.0;19611029.88;8.0;XS3003206359;Bond;19611029.88;19500670.82418;0.0025;0.8562573462711751;0.004;0.8549983010338801
1238;300203;XS3006178597;29562936.88;0.618826131;0.618826131;2919.62684;-120033.62319;;0.0;0.0;29562936.88;8.0;XS3006178597;Bond;29562936.88;29442903.25681;0.0025;0.6173145028980728;0.004;0.6164075260369164
1239;300203;XS3007482790;31348548.14;0.874111178;0.874111178;5073.168445;-179760.30481499998;;0.0;0.0;31348548.14;8.0;XS3007482790;Bond;31348548.14;31168787.835185;0.0025;0.8719755776418974;0.004;0.8706942174270358
1240;300203;XS3007483178;34957765.34;0.046030095;0.046030095;164.2554426;-10583.104304499999;;0.0;0.0;34957765.34;8.0;XS3007483178;Bond;34957765.34;34947182.2356955;0.0025;0.04591792485992807;0.004;0.04585062277588491
1241;300203;XS3013234177;19587773.14;0.884966506;0.884966506;3228.087175;-113716.414435;;0.0;0.0;19587773.14;8.0;XS3013234177;Bond;19587773.14;19474056.725565;0.0025;0.8828043920069549;0.004;0.8815071236111278
1242;300203;XS3016270335;14976936.78;0.05959159;0.05959159;92.34931153;-5416.3168632;;0.0;0.0;14976936.78;8.0;XS3016270335;Bond;14976936.78;14971520.4631368;0.0025;0.059446315357856515;0.0035;0.059388205500999124
1243;300203;XS3017362073;19995794.04;0.008125645;0.008125645;15.9749769;-986.0939526;;0.0;0.0;19995794.04;8.0;XS3017362073;Bond;19995794.04;19994807.9460474;0.0025;0.008105837143876244;0.0035;0.00809791400142674
1244;300203;XS3017920425;29491363.11;0.727539407;0.727539407;3657.90771;-140750.56034;;0.0;0.0;29491363.11;8.0;XS3017920425;Bond;29491363.11;29350612.54966;0.0025;0.7257618613354218;0.004;0.7246953339366748
1245;300203;XS3019213654;44076769.0;0.195291335;0.930341869;170.7746478;-185815.3671425;;0.0;0.0;44076769.0;8.0;XS3019213654;Bond;44076769.0;43890953.6328575;0.0025;0.1952898197139903;0.004;0.9336490336931378
1246;300203;XS3030265170;34810421.69;0.211302929;0.211302929;872.7700229;-48353.106301499996;;0.0;0.0;34810421.69;8.0;XS3030265170;Bond;34810421.69;34762068.583698496;0.0025;0.21078774907141284;0.004;0.21047864111426057
1247;300203;XS3030333788;29937975.04;0.078512277;0.078512277;247.5421534;-14271.801798;;0.0;0.0;29937975.04;8.0;XS3030333788;Bond;29937975.04;29923703.238202;0.0025;0.07832097493843614;0.0035;0.07824445411381059
1248;300203;XS3035914517;29317112.16;0.968905935;0.968905935;5527.584157;-186384.54458000002;;0.0;0.0;29317112.16;8.0;XS3035914517;Bond;29317112.16;29130727.61542;0.0025;0.966539265948637;0.004;0.9651192645178194
1249;300203;XS3036613100;29544904.31;0.646000384;0.646000384;3097.935375;-125221.827315;;0.0;0.0;29544904.31;8.0;XS3036613100;Bond;29544904.31;29419682.482685;0.0025;0.644422296488764;0.004;0.6434754439820225
1250;300203;XS3038488436;29324900.07;0.971942541;0.971942541;5555.960392;-186956.280745;;0.0;0.0;29324900.07;8.0;XS3038488436;Bond;29324900.07;29137943.789255;0.0025;0.9695676664932694;0.004;0.9681427417892311
1251;300208;BE6356749489;9988827.583;0.043340519;0.043340519;44.09309584;-2846.1316949;;0.0;0.0;9988827.583;8.0;BE6356749489;Bond;9988827.583;9985981.4513051;0.0025;0.04323485896750499;0.004;0.04317146294800797
1252;300208;CSH_EUR_DB;836777438.8;0.0;0.0;0.0;0.0;;0.0;0.0;836777438.8;;;Cash;836777438.8;836777438.8;0.0;0.0;0.0;0.0
1253;300208;CSH_USD_DB;0.342529161;0.0;0.0;0.0;-0.00856323;;0.0;0.003425292;0.342529161;;;Cash;0.342529161;0.33396593100000005;0.0;0.0;0.0;0.0
1254;300208;DE000A3LKBD0;6065576.0;0.062957899;0.79268771;3.860005648;-20314.92954475;;0.0;0.0;6065576.0;5.0;DE000A3LKBD0;Bond;6065576.0;6045261.07045525;0.0025;0.06295189876572566;0.004;0.7951756700593153
1255;300208;DE000A3LNFJ2;34328861.8;0.21704016;0.464068483;162.2308528;-82658.013075;;0.0;0.0;34328861.8;5.0;DE000A3LNFJ2;Bond;34328861.8;34246203.786924995;0.0025;0.2170397814288631;0.004;0.4647408897896253
1256;300208;DE000A4BF827;9976986.067;0.075507525;0.075507525;78.8231036;-4592.1470112;;0.0;0.0;9976986.067;8.0;DE000A4BF827;Bond;9976986.067;9972393.9199888;0.0025;0.07532426615331639;0.0035;0.07525096261464294
1257;300208;DE000A4BF8Z3;14971730.43;0.06203005;0.06203005;95.92839855;-5660.5446552;;0.0;0.0;14971730.43;8.0;DE000A4BF8Z3;Bond;14971730.43;14966069.8853448;0.0025;0.061879486767386145;0.0035;0.0618192614743406
1258;300208;DE000CZ450R9;29361998.83;0.884312588;0.884312588;4831.742073;-170460.480905;;0.0;0.0;29361998.83;8.0;DE000CZ450R9;Bond;29361998.83;29191538.349094998;0.0025;0.8821536681681537;0.004;0.8808583162690458
1259;300208;DE000CZ451J4;19685611.34;0.653786181;0.653786181;2098.349427;-84486.32920000001;;0.0;0.0;19685611.34;8.0;DE000CZ451J4;Bond;19685611.34;19601125.0108;0.0025;0.6521899455832625;0.004;0.6512322043332199
1260;300208;DE000CZ451V9;29340697.88;0.914150971;0.914150971;5071.181574;-176084.37996499997;;0.0;0.0;29340697.88;8.0;DE000CZ451V9;Bond;29340697.88;29164613.500035;0.0025;0.9119192060779897;0.004;0.9105801471247835
1261;300208;DE000CZ451X5;29506570.7;0.68361051;0.68361051;3348.783617;-132415.788505;;0.0;0.0;29506570.7;8.0;DE000CZ451X5;Bond;29506570.7;29374154.911495;0.0025;0.6819414980778675;0.004;0.6809400909245881
1262;300208;DE000CZ452U9;29730829.96;0.368871612;0.368871612;1475.367728;-72005.62655000002;;0.0;0.0;29730829.96;8.0;DE000CZ452U9;Bond;29730829.96;29658824.33345;0.0025;0.36797117344240493;0.004;0.36743091030784786
1263;300208;FR0013262284;20051150.68;0.204313533;0.204313533;480.4686871;-27494.797037499997;;0.0;0.0;20051150.68;2.0;FR0013262284;Bond;20051150.68;20023655.8829625;0.0025;0.20381883929089759;0.004;0.20352202306543615
1264;300208;FR0128563899;29965120.03;0.043296196;0.043296196;132.0028753;-8538.006802;;0.0;0.0;29965120.03;8.0;FR0128563899;Bond;29965120.03;29956582.023198;0.0025;0.04319075196050428;0.004;0.04312748553680684
1265;300208;FR0128580331;31012651.14;0.005852417;0.067803606;-10.82067769;-8950.36419;;0.0;0.0;31012651.14;8.0;FR0128580331;Bond;31012651.14;31003700.77581;0.0025;0.005861225420154504;0.004;0.06783595178505465
1266;300208;FR0128585413;30996146.3;0.006484781;0.081379407;-16.1492153;-10693.0218785;;0.0;0.0;30996146.3;8.0;FR0128585413;Bond;30996146.3;30985453.2781215;0.0025;0.006497911310885283;0.004;0.08142673771941267
1267;300208;FR0128614551;30876118.93;0.010868672;0.179106461;-85.83054267;-20379.7326955;;0.0;0.0;30876118.93;8.0;FR0128614551;Bond;30876118.93;30855739.1973045;0.0025;0.01093846321661871;0.0035;0.17931603219045933
1268;300208;FR0128615376;33921498.76;0.012545517;0.217123169;-140.3852767;-27085.878526250002;;0.0;0.0;33921498.76;8.0;FR0128615376;Bond;33921498.76;33894412.88147375;0.0025;0.012649373825545318;0.0035;0.21743301633758277
1269;300208;FR0128634468;30926875.63;0.009079247;0.138402584;-50.1406916;-17987.139780750003;;0.0;0.0;30926875.63;8.0;FR0128634468;Bond;30926875.63;30908888.49021925;0.0025;0.009119984731536215;0.004;0.1385440557405851
1270;300208;FR0128635648;30917795.9;0.009306144;0.143864558;-54.39702022;-18677.047143;;0.0;0.0;30917795.9;8.0;FR0128635648;Bond;30917795.9;30899118.852856997;0.0025;0.009350345713031132;0.004;0.14401772236777935
1271;300208;FR0128636869;41195804.47;0.010011401;0.160203781;-90.70397766;-27667.2606785;;0.0;0.0;41195804.47;8.0;FR0128636869;Bond;41195804.47;41168137.2093215;0.0025;0.01006669599712359;0.004;0.1603945130885846
1272;300208;FR0128637131;30887031.0;0.006592305;0.095043094;-22.7162289;-12356.12220125;;0.0;0.0;30887031.0;8.0;FR0128637131;Bond;30887031.0;30874674.87779875;0.0025;0.006610800189176647;0.004;0.09510864522761014
1273;300208;FR0128637529;29887948.8;0.160189253;0.160189253;544.6592843;-31402.817433;;0.0;0.0;29887948.8;8.0;FR0128637529;Bond;29887948.8;29856545.982567;0.0025;0.1597978201292069;0.004;0.159562960406731
1274;300208;FR0128656578;30647126.81;0.018236964;0.363870085;-366.2265158;-46402.372205499996;;0.0;0.0;30647126.81;8.0;FR0128656578;Bond;30647126.81;30600724.4377945;0.0025;0.018536540042830788;0.004;0.36487768207613713
1275;300208;FR0128656842;30605310.47;0.019669473;0.401919881;-448.0096294;-51144.27391275;;0.0;0.0;30605310.47;8.0;FR0128656842;Bond;30605310.47;30554166.19608725;0.0025;0.020036397649474222;0.004;0.40315157124945855
1276;300208;FR0128657360;0.0;0.002588674;0.177647752;0.0;-22160.0;;0.0;0.0;0.0;8.0;FR0128657360;Bond;0.0;-22160.0;0.0025;;0.004;
1277;300208;FR0128661800;30840295.71;0.011743587;0.20083409;-108.7828494;-25915.65167925;;0.0;0.0;30840295.71;8.0;FR0128661800;Bond;30840295.71;30814380.05832075;0.0025;0.011832114177727298;0.004;0.20113651916384567
1278;300208;FR0128667708;21977948.79;0.037898878;0.037898878;84.33026278;-5057.938900200001;;0.0;0.0;21977948.79;8.0;FR0128667708;Bond;21977948.79;21972890.8510998;0.0025;0.03780654281903306;0.0035;0.03776960874664628
1279;300208;FR0128668276;14977309.43;0.059615858;0.059615858;92.42683285;-5416.451631;;0.0;0.0;14977309.43;8.0;FR0128668276;Bond;14977309.43;14971892.978369;0.0025;0.05947046502769628;0.0035;0.0594123078387748
1280;300208;FR0128716844;40987558.74;0.013592656;0.252444382;-232.2220638;-43166.445962750004;;0.0;0.0;40987558.74;8.0;FR0128716844;Bond;40987558.74;40944392.29403725;0.0025;0.013734759700680882;0.004;0.25292592154391436
1281;300208;FR0128718600;15371023.37;0.015764824;0.295941583;-120.2443478;-18966.806948;;0.0;0.0;15371023.37;8.0;FR0128718600;Bond;15371023.37;15352056.563051999;0.0025;0.01596101517159896;0.004;0.29660482043804953
1282;300208;FR0128719285;30723481.39;0.016171509;0.306710986;-258.7650094;-39288.725197499996;;0.0;0.0;30723481.39;8.0;FR0128719285;Bond;30723481.39;30684192.6648025;0.0025;0.01638272243601514;0.004;0.30742416794254324
1283;300208;FR0128719442;20486024.75;0.016336401;0.309516876;-175.624848;-26430.169186749998;;0.0;0.0;20486024.75;8.0;FR0128719442;Bond;20486024.75;20459594.58081325;0.0025;0.016551390946898403;0.004;0.3102429951891621
1284;300208;FR0128720309;20440448.3;0.017898476;0.352825723;-229.5154289;-30035.2708745;;0.0;0.0;20440448.3;8.0;FR0128720309;Bond;20440448.3;20410413.0291255;0.0025;0.01817998921146327;0.004;0.3537728066798106
1285;300208;FR0128720507;20379377.49;0.020677952;0.428873905;-340.9168059;-36340.5411685;;0.0;0.0;20379377.49;8.0;FR0128720507;Bond;20379377.49;20343036.9488315;0.0025;0.021097233922130545;0.004;0.43027877707017304
1286;300208;FR0128730522;51189556.97;0.01649326;0.314857113;-455.0164689;-67184.55447799999;;0.0;0.0;51189556.97;8.0;FR0128730522;Bond;51189556.97;51122372.415522;0.0025;0.016716161404738864;0.004;0.31560920714350726
1287;300208;FR0128730746;25593019.18;0.01649326;0.314789952;-227.4924693;-33589.9682175;;0.0;0.0;25593019.18;8.0;FR0128730746;Bond;25593019.18;25559429.2117825;0.0025;0.016716161280734616;0.004;0.3155418767941943
1288;300208;FR0128757541;30669215.55;0.017692079;0.347458881;-333.5803633;-44377.43251075;;0.0;0.0;30669215.55;8.0;FR0128757541;Bond;30669215.55;30624838.117489252;0.0025;0.01796477943704391;0.004;0.348376860356576
1289;300208;FR0128757863;20442590.79;0.017795405;0.350108567;-225.9291421;-29809.123033999997;;0.0;0.0;20442590.79;8.0;FR0128757863;Bond;20442590.79;20412781.666966;0.0025;0.018072493791133803;0.004;0.35104094639480476
1290;300208;FR0128758218;30661202.15;0.017865652;0.352937427;-344.3501484;-45051.16854;;0.0;0.0;30661202.15;8.0;FR0128758218;Bond;30661202.15;30616150.981459998;0.0025;0.018147220214143694;0.004;0.35388491872605393
1291;300208;FR0128767771;29925458.64;0.100319842;0.100319842;323.1493739;-13650.928393499998;;0.0;0.0;29925458.64;8.0;FR0128767771;Bond;29925458.64;29911807.7116065;0.0025;0.10007504025420211;0.002;0.10012400060336168
1292;300208;FR0128768654;20443715.88;0.017928463;0.352895291;-229.5085011;-30041.60484175;;0.0;0.0;20443715.88;8.0;FR0128768654;Bond;20443715.88;20413674.27515825;0.0025;0.018209925558436195;0.004;0.35384248571999566
1293;300208;FR0128768720;20442716.72;0.017912099;0.352894806;-229.5211132;-26398.8165095;;0.0;0.0;20442716.72;8.0;FR0128768720;Bond;20442716.72;20416317.9034905;0.0025;0.018193589233420033;0.0035;0.3537236409796272
1294;300208;FR0128771310;30641623.01;0.018306743;0.366602045;-371.8606756;-46735.1829315;;0.0;0.0;30641623.01;8.0;FR0128771310;Bond;30641623.01;30594887.8270685;0.0025;0.018610975896823766;0.004;0.36762506532515365
1295;300208;FR0128771484;30643396.46;0.018357928;0.366516289;-371.7668839;-46741.8090315;;0.0;0.0;30643396.46;8.0;FR0128771484;Bond;30643396.46;30596654.6509685;0.0025;0.01866207151121178;0.004;0.36753890732426636
1296;300208;FR0128771732;29739529.21;0.366380339;0.366380339;1463.759847;-71497.08734999999;;0.0;0.0;29739529.21;8.0;FR0128771732;Bond;29739529.21;29668032.12265;0.0025;0.36548544201031746;0.004;0.36494850381650795
1297;300208;FR0128785997;30626087.04;0.019385508;0.391015106;-423.6930806;-49814.73818875;;0.0;0.0;30626087.04;8.0;FR0128785997;Bond;30626087.04;30576272.301811248;0.0025;0.0197323071209807;0.004;0.3921800526543682
1298;300208;FR0128786854;30602334.13;0.019669473;0.401824813;-447.9664639;-51139.300194999996;;0.0;0.0;30602334.13;8.0;FR0128786854;Bond;30602334.13;30551194.829804998;0.0025;0.02003639797873781;0.004;0.4030561981346781
1299;300208;FR0128788207;30451935.07;0.02274043;0.532312642;-795.3797621;-67140.31315075001;;0.0;0.0;30451935.07;8.0;FR0128788207;Bond;30451935.07;30384794.75684925;0.0025;0.02339470247277354;0.004;0.5344908364431433
1300;300208;FR0128789924;30608171.48;0.016346508;0.333936278;-308.5723677;-42508.979816499996;;0.0;0.0;30608171.48;8.0;FR0128789924;Bond;30608171.48;30565662.5001835;0.0025;0.016599210324705772;0.004;0.334785586637292
1301;300208;FR0128790138;29711375.65;0.407110564;0.407110564;1674.273553;-79366.00347;;0.0;0.0;29711375.65;8.0;FR0128790138;Bond;29711375.65;29632009.64653;0.0025;0.406116129945177;0.004;0.4055194695122831
1302;300208;FR0128805639;30593736.22;0.015710955;0.342005843;-325.8867842;-43446.143542750004;;0.0;0.0;30593736.22;8.0;FR0128805639;Bond;30593736.22;30550290.076457247;0.0025;0.01597787396962757;0.004;0.3428997980015606
1303;300208;FR0128806710;25487271.57;0.020564555;0.423543026;-415.2129751;-44883.096128;;0.0;0.0;25487271.57;8.0;FR0128806710;Bond;25487271.57;25442388.473872;0.0025;0.020972887089433526;0.004;0.42491222051889715
1304;300208;FR0128807130;25474170.91;0.020637903;0.428966898;-426.2328268;-45423.035080249996;;0.0;0.0;25474170.91;8.0;FR0128807130;Bond;25474170.91;25428747.87491975;0.0025;0.021057266825364386;0.004;0.43037222682674103
1305;300208;FR0128807213;19794667.88;0.428689597;0.428689597;1192.632859;-51411.904517999996;;0.0;0.0;19794667.88;8.0;FR0128807213;Bond;19794667.88;19743255.975482;0.0025;0.42764277872399103;0.0035;0.4272240514135875
1306;300208;FR0128807593;40778070.34;0.020794411;0.429060794;-681.7479914;-72727.3979475;;0.0;0.0;40778070.34;8.0;FR0128807593;Bond;40778070.34;40705342.942052506;0.0025;0.021213454409952735;0.004;0.4304659064856007
1307;300208;FR0128807684;20371037.2;0.020674638;0.428481945;-340.7832239;-36325.500023;;0.0;0.0;20371037.2;8.0;FR0128807684;Bond;20371037.2;20334711.699977;0.0025;0.021093926867691154;0.004;0.42988548453444403
1308;300208;FR0128808898;25462367.96;0.021289674;0.445250205;-459.5215319;-47117.71620175001;;0.0;0.0;25462367.96;8.0;FR0128808898;Bond;25462367.96;25415250.243798252;0.0025;0.021741984263335658;0.004;0.4467650794006711
1309;300208;FR0128809730;34630063.05;0.447829679;0.447829679;2209.807165;-101755.45926;;0.0;0.0;34630063.05;8.0;FR0128809730;Bond;34630063.05;34528307.590739995;0.0025;0.44673576218699085;0.004;0.44607941209918534
1310;300208;FR0128839547;30465344.98;0.023761591;0.518542228;-750.3904165;-65578.32040499999;;0.0;0.0;30465344.98;8.0;FR0128839547;Bond;30465344.98;30399766.659595;0.0025;0.024378776305636982;0.004;0.5206030102050686
1311;300208;FR0128840974;35535613.67;0.02394201;0.523975648;-894.1056784;-77287.24187;;0.0;0.0;35535613.67;8.0;FR0128840974;Bond;35535613.67;35458326.42813;0.0025;0.024572463900845998;0.004;0.5260802832807703
1312;300208;FR0128862788;12963772.92;0.097247989;0.097247989;134.8606793;-21097.2085335;;0.0;0.0;12963772.92;8.0;FR0128862788;Bond;12963772.92;12942675.7114665;0.0025;0.09701155972541108;0.014;0.09592398506230196
1313;300208;FR0128866516;30419914.23;0.024920012;0.5536988;-856.8814991;-69902.42191525;;0.0;0.0;30419914.23;8.0;FR0128866516;Bond;30419914.23;30350011.80808475;0.0025;0.02562577549309268;0.004;0.5560518670054417
1314;300208;FR0128866896;20264038.53;0.025777949;0.578146491;-623.1505978;-48607.175890750004;;0.0;0.0;20264038.53;8.0;FR0128866896;Bond;20264038.53;20215431.35410925;0.0025;0.02654839901125413;0.004;0.5807135664676105
1315;300208;FR0128866938;17199352.94;0.026972892;0.616138367;-602.1498944;-43946.1262565;;0.0;0.0;17199352.94;8.0;FR0128866938;Bond;17199352.94;17155406.813743502;0.0025;0.027849961638755968;0.004;0.6190572742235559
1316;300208;FR0128867167;30200754.33;0.009871681;0.268492376;-201.634176;-33511.08040825;;0.0;0.0;30200754.33;8.0;FR0128867167;Bond;30200754.33;30167243.24959175;0.0025;0.010038836164738203;0.004;0.2690477870871185
1317;300208;FR0128867266;30181157.3;0.010324075;0.28749763;-231.7887215;-35838.736627750004;;0.0;0.0;30181157.3;8.0;FR0128867266;Bond;30181157.3;30145318.56337225;0.0025;0.010516339340345987;0.004;0.2881354461474776
1318;300208;FR0128867399;20113988.77;0.011163653;0.341802487;-220.5204908;-28335.2005085;;0.0;0.0;20113988.77;8.0;FR0128867399;Bond;20113988.77;20085653.5694915;0.0025;0.011438053031031419;0.004;0.3427083443015346
1319;300208;FR0128902089;20269619.99;0.026450796;0.592079146;-652.8901864;-49765.32411325;;0.0;0.0;20269619.99;8.0;FR0128902089;Bond;20269619.99;20219854.66588675;0.0025;0.027257802174459757;0.004;0.5947697881612118
1320;300208;FR0128902923;30708418.07;0.031055147;0.665441053;-1213.268686;-83824.543439;;0.0;0.0;30708418.07;;FR0128902923;Bond;30708418.07;30624593.526561;0.0025;0.032045291030784455;0.004;0.6687926729407053
1321;300208;FR0128913656;29424705.45;0.819747902;0.819747902;4334.348147;-146075.52402;;0.0;0.0;29424705.45;8.0;FR0128913656;Bond;29424705.45;29278629.925979998;0.0025;0.8177452929112838;0.0035;0.8169442492757973
1322;300208;FR0128913979;30184847.4;0.03251917;0.790164136;-1749.713174;-86682.094429;;0.0;0.0;30184847.4;8.0;FR0128913979;Bond;30184847.4;30098165.305570997;0.0025;0.033970978905615665;0.0035;0.7943782249967729
1323;300208;FR0128914183;6992298.812;0.037803547;0.037803547;26.69492405;-4425.2630829;;0.0;0.0;6992298.812;8.0;FR0128914183;Bond;6992298.812;6987873.5489171;0.0025;0.03771167575133096;0.014;0.03728906800745339
1324;300208;FR0128917590;20261831.69;0.02666945;0.600219821;-671.2067346;-50423.42076225;;0.0;0.0;20261831.69;8.0;FR0128917590;Bond;20261831.69;20211408.269237753;0.0025;0.02749939455665123;0.004;0.6029859425864739
1325;300208;FR0128918275;25300324.71;0.02703084;0.616319731;-885.5838285;-64648.61254275;;0.0;0.0;25300324.71;8.0;FR0128918275;Bond;25300324.71;25235676.097457252;0.0025;0.02790773826925601;0.004;0.6192392456088449
1326;300208;FR0128957471;15492228.07;0.018949317;0.018949317;29.16547781;-1782.6673392000002;;0.0;0.0;15492228.07;8.0;FR0128957471;Bond;15492228.07;15490445.4026608;0.0025;0.018903149999359943;0.0035;0.01888468319910392
1327;300208;FR0128957760;21984244.63;0.027070527;0.027070527;59.60832494;-3613.8484313999998;;0.0;0.0;21984244.63;8.0;FR0128957760;Bond;21984244.63;21980630.781568598;0.0025;0.0270045737560516;0.0035;0.026978192458472237
1328;300208;FR0128957786;14953328.97;0.116368492;0.116368492;189.7777435;-29066.813440500002;;0.0;0.0;14953328.97;8.0;FR0128957786;Bond;14953328.97;14924262.1565595;0.0025;0.1160850626293435;0.014;0.11478128752432355
1329;300208;FR0128957893;9989282.111;0.037831176;0.037831176;38.1924492;-6321.98402055;;0.0;0.0;9989282.111;8.0;FR0128957893;Bond;9989282.111;9982960.12697945;0.0025;0.03773917042628622;0.014;0.03731594478720281
1330;300208;FR0128957950;9990136.8;0.037914497;0.037914497;38.3641563;-2490.69164045;;0.0;0.0;9990136.8;8.0;FR0128957950;Bond;9990136.8;9987646.108359551;0.0025;0.03782208569022395;0.004;0.03776663890435832
1331;300208;FR0128958578;30157289.58;0.01031069;0.323099114;-295.0591771;-20441.56141725;;0.0;0.0;30157289.58;8.0;FR0128958578;Bond;30157289.58;30136848.018582746;0.0025;0.01055555598791641;0.002;0.3235035802446118
1332;300208;FR0128958859;3991123.926;0.081141198;0.081141198;34.16027905;-1968.225498;;0.0;0.0;3991123.926;8.0;FR0128958859;Bond;3991123.926;3989155.700502;0.0025;0.08094368117302002;0.0035;0.08086467444222802
1333;300208;FR0128959097;11968765.52;0.094650579;0.094650579;121.0110412;-18936.8824425;;0.0;0.0;11968765.52;8.0;FR0128959097;Bond;11968765.52;11949828.6375575;0.0025;0.0944202115811055;0.014;0.09336052145419083
1334;300208;FR0128961622;20154349.78;0.009191924;0.238430963;-105.64154;-19899.66674025;;0.0;0.0;20154349.78;8.0;FR0128961622;Bond;20154349.78;20134450.11325975;0.0025;0.009323175849120156;0.004;0.23886802528919338
1335;300208;FR0128962307;26151453.38;0.01852388;0.252428315;-141.6657902;-27864.054039;;0.0;0.0;26151453.38;8.0;FR0128962307;Bond;26151453.38;26123589.325960997;0.0025;0.018660166054305944;0.004;0.25289988036722344
1336;300208;FR0128963453;24984684.31;0.021617779;0.021617779;53.70981437;-9035.55706515;;0.0;0.0;24984684.31;8.0;FR0128963453;Bond;24984684.31;24975648.752934847;0.0025;0.021565204582267232;0.014;0.0213233622606965
1337;300208;FR0128984541;30198637.88;0.012061202;0.333746862;-313.0954163;-41616.68878325;;0.0;0.0;30198637.88;8.0;FR0128984541;Bond;30198637.88;30157021.19121675;0.0025;0.01232076231937906;0.004;0.33460712449221114
1338;300208;FR0128985233;36887454.06;0.113659679;0.113659679;456.108632;-70035.6319575;;0.0;0.0;36887454.06;8.0;FR0128985233;Bond;36887454.06;36817418.4280425;0.0025;0.11338285351732337;0.014;0.11210945629701084
1339;300208;FR0128985589;15107891.39;0.005122161;0.113346145;-17.19024922;-24531.654761625;;0.0;0.0;15107891.39;8.0;FR0128985589;Bond;15107891.39;15083359.735238375;0.0025;0.005150672402823848;0.014;0.11368530442455627
1340;300208;FR0128985969;15102568.45;0.003405213;0.037778861;-1.548761119;-8238.441013975;;0.0;0.0;15102568.45;8.0;FR0128985969;Bond;15102568.45;15094330.008986024;0.0025;0.0034078057266453783;0.014;0.037813199325294464
1341;300208;FR0129012318;10980784.02;0.059387451;0.059387451;67.24552915;-10920.615337500001;;0.0;0.0;10980784.02;8.0;FR0129012318;Bond;10980784.02;10969863.4046625;0.0025;0.059243169976919745;0.014;0.05857947727075056
1342;300208;FR0129012383;25144313.3;0.033039099;0.80656915;-1519.081083;-83916.43681;;0.0;0.0;25144313.3;8.0;FR0129012383;Bond;25144313.3;25060396.86319;0.0025;0.034552190422482594;0.004;0.8115879451226481
1343;300208;FR0129012847;35187639.32;0.011657251;0.333736904;-365.7716352;-48456.48758575;;0.0;0.0;35187639.32;8.0;FR0129012847;Bond;35187639.32;35139182.83241425;0.0025;0.011917462975277198;0.004;0.33459822087880603
1344;300208;FR0129014009;5027571.482;0.004107729;0.075533703;-2.400923904;-5451.103778425;;0.0;0.0;5027571.482;8.0;FR0129014009;Bond;5027571.482;5022120.378221575;0.0025;0.004119709969111841;0.014;0.07568043496294527
1345;300208;FR0129014868;20000243.48;0.038349812;0.979966268;-1794.603399;-81041.7648765;;0.0;0.0;20000243.48;8.0;FR0129014868;Bond;20000243.48;19919201.7151235;0.0025;0.04059671570990632;0.004;0.9873967666491997
1346;300208;FR0129025203;14912695.52;0.227568441;0.227568441;408.2102323;-20591.776818;;0.0;0.0;14912695.52;8.0;FR0129025203;Bond;14912695.52;14892103.743182;0.0025;0.2270135760763358;0.0035;0.2267916301068701
1347;300208;FR0129026037;6994595.013;0.029792798;0.029792798;20.93949236;-1264.7760846;;0.0;0.0;6994595.013;8.0;FR0129026037;Bond;6994595.013;6993330.2369154;0.0025;0.02972017533740889;0.0035;0.029691126272372446
1348;300208;FR0129030880;15071774.89;0.004447088;0.094432753;-11.68425356;-20400.90541775;;0.0;0.0;15071774.89;8.0;FR0129030880;Bond;15071774.89;15051373.984582251;0.0025;0.004466518459383986;0.014;0.09466613232801502
1349;300208;FR0129053411;19947250.05;0.100170439;0.100170439;214.7588107;-12132.300030000002;;0.0;0.0;19947250.05;8.0;FR0129053411;Bond;19947250.05;19935117.74997;0.0025;0.09992636587409398;0.0035;0.09982873662373157
1350;300208;FR0129054377;16943932.45;0.113409458;0.113409458;208.5881035;-32170.260787500003;;0.0;0.0;16943932.45;8.0;FR0129054377;Bond;16943932.45;16911762.1892125;0.0025;0.11313385002395548;0.014;0.11186605333415067
1351;300208;FR0129054781;9992153.384;0.029780583;0.029780583;29.88868042;-1806.8003382000002;;0.0;0.0;9992153.384;8.0;FR0129054781;Bond;9992153.384;9990346.5836618;0.0025;0.029708019829468232;0.0035;0.029678994561255525
1352;300208;FR0129060382;4965952.251;0.24603646;0.24603646;148.9829704;-20428.430979;;0.0;0.0;4965952.251;8.0;FR0129060382;Bond;4965952.251;4945523.820021;0.0025;0.24543777268383773;0.014;0.24268381102949121
1353;300208;FR0129061463;6991647.045;0.046043199;0.046043199;32.87024541;-1953.830133;;0.0;0.0;6991647.045;8.0;FR0129061463;Bond;6991647.045;6989693.214867;0.0025;0.0459309649559592;0.0035;0.045886071338342875
1354;300208;FR0129061919;30046992.9;0.036323281;0.923109776;-2389.53044;-100689.94234;;0.0;0.0;30046992.9;8.0;FR0129061919;Bond;30046992.9;29946302.957659997;0.0025;0.0383147405034072;0.0035;0.9288756622770846
1355;300208;FR0129065076;15057730.05;0.034717914;0.863567397;-1045.118658;-53782.090337249996;;0.0;0.0;15057730.05;8.0;FR0129065076;Bond;15057730.05;15003947.95966275;0.0025;0.036456113604536995;0.004;0.8693266896296945
1356;300208;FR0129065183;24974366.28;0.037876427;0.037876427;95.71415883;-5747.5253904;;0.0;0.0;24974366.28;8.0;FR0129065183;Bond;24974366.28;24968618.7546096;0.0025;0.03778420115934639;0.0035;0.03774731082308495
1357;300208;FR0129065431;25921666.16;0.11646485;0.11646485;329.5256934;-18322.711973999998;;0.0;0.0;25921666.16;8.0;FR0129065431;Bond;25921666.16;25903343.448026;0.0025;0.11618095101686622;0.0035;0.1160673914236127
1358;300208;FR0129065985;29908497.24;0.119205328;0.119205328;390.224586;-23435.1512655;;0.0;0.0;29908497.24;8.0;FR0129065985;Bond;29908497.24;29885062.0887345;0.0025;0.11891467073532752;0.004;0.11874027637652403
1359;300208;FR0129084226;30072824.38;0.013258864;0.409728569;-475.2688909;-50761.17375375;;0.0;0.0;30072824.38;8.0;FR0129084226;Bond;30072824.38;30022063.20624625;0.0025;0.013654401809772825;0.004;0.4110322363067574
1360;300208;FR0129084911;30065471.88;0.036255274;0.915126519;-2347.407069;-113761.39781000001;;0.0;0.0;30065471.88;8.0;FR0129084911;Bond;30065471.88;29951710.482189998;0.0025;0.03821047282323918;0.004;0.9215994055207196
1361;300208;FR0129085033;20042219.14;0.036423297;0.917759051;-1573.945596;-66783.76334675;;0.0;0.0;20042219.14;8.0;FR0129085033;Bond;20042219.14;19975435.37665325;0.0025;0.038389901220752254;0.0035;0.9234556394760014
1362;300208;FR0129100402;30055682.33;0.036330173;0.920499135;-2375.486474;-114388.7388125;;0.0;0.0;30055682.33;8.0;FR0129100402;Bond;30055682.33;29941293.5911875;0.0025;0.038309377332888445;0.004;0.9270498570368837
1363;300208;FR0129100675;25048333.89;0.013741626;0.428705753;-433.9713033;-44231.87380125;;0.0;0.0;25048333.89;8.0;FR0129100675;Bond;25048333.89;25004102.01619875;0.0025;0.0141752319821589;0.004;0.43013392173293497
1364;300208;FR0129101236;24987170.88;0.018937864;0.018937864;46.98366696;-2875.2361008;;0.0;0.0;24987170.88;8.0;FR0129101236;Bond;24987170.88;24984295.6438992;0.0025;0.018891752817029202;0.0035;0.018873308343840885
1365;300208;FR0129101509;30048434.01;0.028047159;0.765411127;-1651.343062;-94968.94281000001;;0.0;0.0;30048434.01;8.0;FR0129101509;Bond;30048434.01;29953465.067190003;0.0025;0.02942302670816549;0.004;0.7699527855338946
1366;300208;FR0129102085;25041609.95;0.03690773;0.934110306;-2037.966018;-96714.011579;;0.0;0.0;25041609.95;8.0;FR0129102085;Bond;25041609.95;24944895.938421;0.0025;0.03894571511900467;0.004;0.9408558817233741
1367;300208;FR0129102184;0.0;0.04672132;0.04672132;0.0;-2520.0;;0.0;0.0;0.0;8.0;FR0129102184;Bond;0.0;-2520.0;0.0025;;0.0035;
1368;300208;FR0129102465;3996911.436;0.029792798;0.029792798;11.96542421;-722.7291912000001;;0.0;0.0;3996911.436;8.0;FR0129102465;Bond;3996911.436;3996188.7068088003;0.0025;0.029720175337382082;0.0035;0.029691126272334917
1369;300208;FR0129104669;6961573.456;0.197347192;0.197347192;160.8178946;-8353.888146000001;;0.0;0.0;6961573.456;8.0;FR0129104669;Bond;6961573.456;6953219.567854;0.0025;0.19686703686265786;0.0035;0.196674974807721
1370;300208;FR0129104677;3979620.41;0.197733654;0.197733654;92.29280895;-4775.5444914;;0.0;0.0;3979620.41;8.0;FR0129104677;Bond;3979620.41;3974844.8655086;0.0025;0.19725161649884138;0.0035;0.19705880149837793
1371;300208;FR0129104735;30036518.57;0.036890496;0.939460622;-2474.417204;-116662.05021749999;;0.0;0.0;30036518.57;8.0;FR0129104735;Bond;30036518.57;29919856.5197825;0.0025;0.038953405599653816;0.004;0.9462861787658201
1372;300208;FR0129106110;18976091.48;0.045979725;0.045979725;88.96760439;-5302.9077552;;0.0;0.0;18976091.48;8.0;FR0129106110;Bond;18976091.48;18970788.5722448;0.0025;0.04586780020985992;0.0035;0.04582303029380389
1373;300208;FR0129106383;8946463.393;0.213558546;0.213558546;226.737169;-11618.146980000001;;0.0;0.0;8946463.393;8.0;FR0129106383;Bond;8946463.393;8934845.246019999;0.0025;0.21303896971807912;0.0035;0.21283113920531077
1374;300208;FR0129106730;30019155.31;0.037487633;0.958435833;-2575.240288;-118942.26435750001;;0.0;0.0;30019155.31;8.0;FR0129106730;Bond;30019155.31;29900213.0456425;0.0025;0.03963581048966076;0.004;0.9655416926768591
1375;300208;FR0129108918;14905992.87;0.238237739;0.238237739;430.702457;-21562.641744;;0.0;0.0;14905992.87;8.0;FR0129108918;Bond;14905992.87;14884430.228255998;0.0025;0.23765726746091625;0.0035;0.23742507884528274
1376;300208;FR0129109403;11916411.34;0.245883447;0.245883447;357.0583695;-17825.645454;;0.0;0.0;11916411.34;8.0;FR0129109403;Bond;11916411.34;11898585.694546;0.0025;0.24528550412132072;0.0035;0.24504632696984902
1377;300208;FR0129109551;24950326.53;0.081367965;0.081367965;214.7466927;-12304.27062;;0.0;0.0;24950326.53;8.0;FR0129109551;Bond;24950326.53;24938022.25938;0.0025;0.08116934263359281;0.0035;0.08108989368702993
1378;300208;FR0129109650;29995018.36;0.038279891;0.979863958;-2691.839018;-121535.738385;;0.0;0.0;29995018.36;8.0;FR0129109650;Bond;29995018.36;29873482.621615;0.0025;0.04052712611236107;0.004;0.9872942062843075
1379;300208;FR0129110039;30001622.81;0.038593326;0.991269997;-2753.212325;-122901.147265;;0.0;0.0;30001622.81;8.0;FR0129110039;Bond;30001622.81;29878721.662735;0.0025;0.04089126911345105;0.004;0.9988712130300842
1380;300208;IRSB100008004;-26015.79000000283;0.043837135;0.0;-5.2105535839999995;2862.698822875;BNP PARIBAS;0.0;0.0;0.0;;;Swap;-26015.79000000283;-23153.09117712783;0.0025;0.03883483241357946;0.0;0.0
1381;300208;IRSB100008106;-61635.140000000596;0.082196615;0.0;-19.406255054;5719.838757575;SOCIETE GENERALE;0.0;0.0;0.0;;;Swap;-61635.140000000596;-55915.301242425594;0.0025;0.07434208079842604;0.0;0.0
1382;300208;IRSB100008126;-52674.96999999881;0.084935973;0.0;-20.698036945;5924.799138975;NATIXIS;0.0;0.0;0.0;;;Swap;-52674.96999999881;-46750.170861023806;0.0025;0.07513053951227007;0.0;0.0
1383;300208;IRSB100008153;-61151.96999999881;0.10137566199999999;0.0;-29.776564901;7153.534893849999;NATIXIS;0.0;0.0;0.0;;;Swap;-61151.96999999881;-53998.43510614881;0.0025;0.08922817154732374;0.0;0.0
1384;300208;IRSB100008313;-93989.73999999836;0.164390878;0.0;-78.710907584;11824.924233325;BNP PARIBAS;0.0;0.0;0.0;;;Swap;-93989.73999999836;-82164.81576667336;0.0025;0.14352240173871839;0.0;0.0
1385;300208;IRSB100008456;-95848.68000000343;0.30960135600000005;0.0;-281.325010868;22579.326871575;NOMURA FINANCIAL PRODUCTS EUROPE GMBH;0.0;0.0;0.0;;;Swap;-95848.68000000343;-73269.35312842843;0.0025;0.23646360581943815;0.0;0.0
1386;300208;IRSB100008462;-9014.341000000015;0.063018093;0.0;-1.8954269380000002;716.6675833;SOCIETE GENERALE;0.0;0.0;0.0;;;Swap;-9014.341000000015;-8297.673416700014;0.0025;0.05777132262946913;0.0;0.0
1387;300208;IRSB100008464;-18458.971999999136;0.063018093;0.0;-3.796574123;1433.4910980250002;CITIBANK EUROPE PUBLIC LIMITED COMPANY;0.0;0.0;0.0;;;Swap;-18458.971999999136;-17025.480901974137;0.0025;0.05788611226417674;0.0;0.0
1388;300208;IRSB100008533;-78297.2899999991;0.254805155;0.0;-222.153703055;21627.7536658;NOMURA FINANCIAL PRODUCTS EUROPE GMBH;0.0;0.0;0.0;;;Swap;-78297.2899999991;-56669.5363341991;0.0025;0.18403471304819868;0.0;0.0
1389;300208;IRSB100008539;-37628.650000002235;0.046576115;0.0;-5.832102779;3073.00635175;CITIBANK EUROPE PUBLIC LIMITED COMPANY;0.0;0.0;0.0;;;Swap;-37628.650000002235;-34555.64364825223;0.0025;0.042706762879887;0.0;0.0
1390;300208;IRSB100008578;-27729.789999999106;0.36713715599999996;0.0;-395.72575071399996;26812.429628949998;NOMURA FINANCIAL PRODUCTS EUROPE GMBH;0.0;0.0;0.0;;;Swap;-27729.789999999106;-917.3603710491079;0.0025;0.010704613839946087;0.0;0.0
1391;300208;IRSB100008584;-40790.11999999732;0.372616593;0.0;-407.745390562;27225.229293924996;NOMURA FINANCIAL PRODUCTS EUROPE GMBH;0.0;0.0;0.0;;;Swap;-40790.11999999732;-13564.890706072321;0.0025;0.1230591954074649;0.0;0.0
1392;300208;IRSB100008658;-47644.890000000596;0.413713184;0.0;-502.612602966;30245.702020975;NATIXIS;0.0;0.0;0.0;;;Swap;-47644.890000000596;-17399.187979025595;0.0025;0.1504125867556601;0.0;0.0
1393;300208;IRSB100008738;-33082.87000000104;0.435631503;0.0;-371.454815494;21233.0064823;BNP PARIBAS;0.0;0.0;0.0;;;Swap;-33082.87000000104;-11849.863517701044;0.0025;0.1554056746717536;0.0;0.0
1394;300208;IRSB100008762;-13445.080000005662;0.45481013;0.0;-708.67281899;38808.176996125;NATIXIS;0.0;0.0;0.0;;;Swap;-13445.080000005662;25363.09699611934;0.0025;-0.8623904825640554;0.0;0.0
1395;300208;IRSB100008770;-10506.14999999851;0.45481013;0.0;-607.533701392;33269.529137125;NATIXIS;0.0;0.0;0.0;;;Swap;-10506.14999999851;22763.37913712649;0.0025;-0.9903348072769322;0.0;0.0
1396;300208;IRSB100008780;-28456.660000003874;0.46850961300000005;0.0;-866.037219496;46039.242695249995;NATIXIS;0.0;0.0;0.0;;;Swap;-28456.660000003874;17582.58269524612;0.0025;-0.2917804142120243;0.0;0.0
1397;300208;IRSB100008799;-21753.35000000149;0.484948474;0.0;-690.370172842;35458.850250025;BNP PARIBAS;0.0;0.0;0.0;;;Swap;-21753.35000000149;13705.500250023513;0.0025;-0.307870319869133;0.0;0.0
1398;300208;IRSB100008858;-8824.230000000447;0.53152449;0.0;-829.443593105;38887.275916325;NATIXIS;0.0;0.0;0.0;;;Swap;-8824.230000000447;30063.045916324554;0.0025;-1.8176728124096824;0.0;0.0
1399;300208;IRSB100008873;-1896.251000000164;0.046576115;0.0;-1.943816278;1024.9693872750001;BNP PARIBAS;0.0;0.0;0.0;;;Swap;-1896.251000000164;-871.2816127251638;0.0025;0.02095444205519315;0.0;0.0
1400;300208;IRSB100008885;11490.670000001788;0.06849716900000001;0.0;-17.888624175999997;6283.38931025;NOMURA FINANCIAL PRODUCTS EUROPE GMBH;0.0;0.0;0.0;;;Swap;11490.670000001788;17774.05931025179;0.0025;0.10742878795689065;0.0;0.0
1401;300208;IRSB100008902;34500.48999999836;0.5698816520000001;0.0;-952.727863981;41669.333911125;NATIXIS;0.0;0.0;0.0;;;Swap;34500.48999999836;76169.82391112336;0.0025;1.261066269580919;0.0;0.0
1402;300208;IRSB100009012;15187.29999999702;0.20548798699999998;0.0;-103.084807039;12424.666902300001;CREDIT AGRICOLE CORPORATE AND INVESTMENT BANK;0.0;0.0;0.0;;;Swap;15187.29999999702;27611.96690229702;0.0025;0.37528271003887287;0.0;0.0
1403;300208;IRSB100009055;9462.470000002533;0.271244089;0.0;-216.221076764;19786.806203075;BNP PARIBAS;0.0;0.0;0.0;;;Swap;9462.470000002533;29249.276203077534;0.0025;0.8426876321001746;0.0;0.0
1404;300208;IRSB100009061;3671.780000001192;0.10411538000000001;0.0;-31.455213755000003;7374.006995524999;CREDIT AGRICOLE CORPORATE AND INVESTMENT BANK;0.0;0.0;0.0;;;Swap;3671.780000001192;11045.786995526192;0.0025;0.3183111785571397;0.0;0.0
1405;300208;IRSB100009094;117.3300000000745;0.11781466;0.0;-20.183960152999997;4195.6924473;BNP PARIBAS;0.0;0.0;0.0;;;Swap;117.3300000000745;4313.022447300074;0.0025;4.418531230885107;0.0;0.0
1406;300208;IRSB100009153;-12926.39999999851;0.819204533;0.0;-1636.398155553;49830.345555424996;CREDIT AGRICOLE CORPORATE AND INVESTMENT BANK;0.0;0.0;0.0;;;Swap;-12926.39999999851;36903.945555426486;0.0025;-2.3439551052853833;0.0;0.0
1407;300208;IRSB100009163;-11383.580000001937;0.7342692200000001;0.0;-1316.884421208;44735.06443695;CREDIT AGRICOLE CORPORATE AND INVESTMENT BANK;0.0;0.0;0.0;;;Swap;-11383.580000001937;33351.48443694806;0.0025;-2.156452929856436;0.0;0.0
1408;300208;IRSB100009168;-22959.890000000596;0.830164168;0.0;-2017.18988572;60616.101241375;CREDIT AGRICOLE CORPORATE AND INVESTMENT BANK;0.0;0.0;0.0;;;Swap;-22959.890000000596;37656.2112413744;0.0025;-1.3645409820852326;0.0;0.0
1409;300208;IRSB100009211;-12255.170000001788;0.33699877100000003;0.0;-445.310134872;32861.100431750005;CREDIT AGRICOLE CORPORATE AND INVESTMENT BANK;0.0;0.0;0.0;;;Swap;-12255.170000001788;20605.930431748217;0.0025;-0.5711301149047086;0.0;0.0
1410;300208;IRSB100009213;-8673.460000000894;0.33699877;0.0;-333.94289418799997;24642.948162975;NATIXIS;0.0;0.0;0.0;;;Swap;-8673.460000000894;15969.488162974107;0.0025;-0.625259634630728;0.0;0.0
1411;300208;IRSB100009226;-3253.050000000745;0.7561890689999999;0.0;-1675.6395483439999;55268.976327125005;CREDIT AGRICOLE CORPORATE AND INVESTMENT BANK;0.0;0.0;0.0;;;Swap;-3253.050000000745;52015.92632712426;0.0025;-12.119831371953946;0.0;0.0
1412;300208;IRSB100009239;3243.810000002384;0.282202622;0.0;-234.03759284699998;20599.731285525002;NATIXIS;0.0;0.0;0.0;;;Swap;3243.810000002384;23843.541285527386;0.0025;2.0861262951240707;0.0;0.0
1413;300208;IRSB100009245;6777.860000003129;0.6054990330000001;0.0;-1076.7574064130001;44333.6334837;CREDIT AGRICOLE CORPORATE AND INVESTMENT BANK;0.0;0.0;0.0;;;Swap;6777.860000003129;51111.49348370313;0.0025;4.578013596849864;0.0;0.0
1414;300208;IRSB100009258;5189.739999998361;0.868521273;0.0;-1470.999584051;42255.476590674996;CREDIT AGRICOLE CORPORATE AND INVESTMENT BANK;0.0;0.0;0.0;;;Swap;5189.739999998361;47445.21659067336;0.0025;7.95650189098165;0.0;0.0
1415;300208;IRSB100009262;1039.7299999967217;0.290422733;0.0;-181.86977220400001;15551.569154450002;NATIXIS;0.0;0.0;0.0;;;Swap;1039.7299999967217;16591.299154446722;0.0025;4.66363841988718;0.0;0.0
1416;300208;IRSB100009319;-769.6200000010431;0.627417398;0.0;-1155.5741875699998;45922.319434725;CREDIT AGRICOLE CORPORATE AND INVESTMENT BANK;0.0;0.0;0.0;;;Swap;-769.6200000010431;45152.69943472396;0.0025;-36.90876575984741;0.0;0.0
1417;300208;IRSB100009332;-11219.449999999255;0.884960134;0.0;-2289.571924708;64549.558928975;CREDIT AGRICOLE CORPORATE AND INVESTMENT BANK;0.0;0.0;0.0;;;Swap;-11219.449999999255;53330.108928975744;0.0025;-4.21487378945736;0.0;0.0
1418;300208;IRSB100009346;-13584.420000001788;0.895918679;0.0;-2346.594400525;65352.76174839999;CREDIT AGRICOLE CORPORATE AND INVESTMENT BANK;0.0;0.0;0.0;;;Swap;-13584.420000001788;51768.341748398205;0.0025;-3.420614561846919;0.0;0.0
1419;300208;IRSB100009351;-1625.3600000012666;0.24110559199999998;0.0;-85.336849782;8780.5055986;JP MORGAN SE;0.0;0.0;0.0;;;Swap;-1625.3600000012666;7155.145598598734;0.0025;-1.071332902462452;0.0;0.0
1420;300208;IRSB100009363;-3266.4500000011176;0.47398874;0.0;-330.27557277;17356.8681804;CREDIT AGRICOLE CORPORATE AND INVESTMENT BANK;0.0;0.0;0.0;;;Swap;-3266.4500000011176;14090.418180398883;0.0025;-2.053236435378401;0.0;0.0
1421;300208;IRSB100009392;572.7099999971688;0.663034805;0.0;-860.097877302;32348.219132175;NATIXIS;0.0;0.0;0.0;;;Swap;572.7099999971688;32920.92913217217;0.0025;38.209221116818334;0.0;0.0
1422;300208;IRSB100009399;-131.68499999959022;0.252065436;0.0;-31.089996302;3059.4865479749997;CREDIT AGRICOLE CORPORATE AND INVESTMENT BANK;0.0;0.0;0.0;;;Swap;-131.68499999959022;2927.8015479754094;0.0025;-5.650117731278468;0.0;0.0
1423;300208;IRSB100009403;-1654.410000000149;0.7370089089999999;0.0;-1592.152066015;53886.753034;NATIXIS;0.0;0.0;0.0;;;Swap;-1654.410000000149;52232.34303399985;0.0025;-23.320845574165684;0.0;0.0
1424;300208;IRSB100009407;8394.629999998957;0.9260567710000001;0.0;-2505.835680356;67519.19783255001;NATIXIS;0.0;0.0;0.0;;;Swap;8394.629999998957;75913.82783254897;0.0025;8.390815753812388;0.0;0.0
1425;300208;IRSB100009418;1114.7799999974668;0.583581067;0.0;-1000.517021505;42732.1882587;SOCIETE GENERALE;0.0;0.0;0.0;;;Swap;1114.7799999974668;43846.96825869747;0.0025;23.02197669707699;0.0;0.0
1426;300208;IRSB100009427;1996.089999999851;0.5205659109999999;0.0;-664.057076528;31781.100635974995;NATIXIS;0.0;0.0;0.0;;;Swap;1996.089999999851;33777.19063597485;0.0025;8.838216522256776;0.0;0.0
1427;300208;IRSB100009432;-13044.339999999851;0.695912734;0.0;-1420.951572256;50922.2498053;NATIXIS;0.0;0.0;0.0;;;Swap;-13044.339999999851;37877.90980530015;0.0025;-2.0261871231041333;0.0;0.0
1428;300208;IRSB100009444;-18058.70999999717;0.791807133;0.0;-1837.076009163;57869.761658425;CREDIT AGRICOLE CORPORATE AND INVESTMENT BANK;0.0;0.0;0.0;;;Swap;-18058.70999999717;39811.05165842783;0.0025;-1.7498248591594046;0.0;0.0
1429;300208;IRSB100009450;-6265.960000000894;0.37535598400000003;0.0;-414.46523510199995;27478.01140125;BNP PARIBAS;0.0;0.0;0.0;;;Swap;-6265.960000000894;21212.051401249108;0.0025;-1.2779299955882149;0.0;0.0
1430;300208;IRSB100009466;402.23000000044703;0.504127031;0.0;-373.783854719;18471.350831175;NATIXIS;0.0;0.0;0.0;;;Swap;402.23000000044703;18873.580831175448;0.0025;23.736735063422127;0.0;0.0
1431;300208;XS2635167880;14818006.77;0.202739726;0.204227263;60.90688984;-19527.2911145;;0.0;0.0;14818006.77;7.0;XS2635167880;Bond;14818006.77;14798479.4788855;0.0025;0.20273972625462022;0.004;0.204229684921208
1432;300208;XS2648075658;15124272.08;0.030447353;0.27685441;1.519051551;-17937.098899250002;;0.0;0.0;15124272.08;7.0;XS2648075658;Bond;15124272.08;15106334.98110075;0.0025;0.03044715965340751;0.004;0.277156985937579
1433;300208;XS2719281227;4537398.661;0.127377316;0.617793533;7.933305213;-12821.038289750002;;0.0;0.0;4537398.661;8.0;XS2719281227;Bond;4537398.661;4524577.62271025;0.0025;0.12737416780476446;0.004;0.6192502713627641
1434;300208;XS2745115597;18518737.97;0.026422522;0.758571806;3.357895419;-57991.920360250006;;0.0;0.0;18518737.97;8.0;XS2745115597;Bond;18518737.97;18460746.04963975;0.0025;0.02641973426907547;0.004;0.7608662777712778
1435;300208;XS2752874821;10091377.5;0.078806818;0.810232699;8.964118337;-34786.05672775;;0.0;0.0;10091377.5;7.0;XS2752874821;Bond;10091377.5;10056591.44327225;0.0025;0.07880013691596498;0.004;0.812823075313406
1436;300208;XS2813883043;29938048.35;0.078514664;0.078514664;247.5578409;-15461.156477;;0.0;0.0;29938048.35;8.0;XS2813883043;Bond;29938048.35;29922587.193523;0.0025;0.07832335028170734;0.004;0.07820856205073173
1437;300208;XS2815975409;29939920.56;0.081352597;0.081352597;257.5946456;-15995.300022;;0.0;0.0;29939920.56;8.0;XS2815975409;Bond;29939920.56;29923925.259978;0.0025;0.08115404965244348;0.004;0.08103492124390957
1438;300208;XS2819077277;29926664.71;0.097582206;0.097582206;313.4673188;-19185.86176;;0.0;0.0;29926664.71;8.0;XS2819077277;Bond;29926664.71;29907478.84824;0.0025;0.09734414882528197;0.004;0.09720131452045117
1439;300208;XS2838363120;29871877.48;0.176325986;0.176325986;607.25448;-34577.721197499995;;0.0;0.0;29871877.48;8.0;XS2838363120;Bond;29871877.48;29837299.7588025;0.0025;0.17589549727011045;0.004;0.17563720403217672
1440;300208;XS2840087667;26743262.75;0.01093343;0.181640205;-76.76893787;-20367.13808275;;0.0;0.0;26743262.75;8.0;XS2840087667;Bond;26743262.75;26722895.61191725;0.0025;0.011005493595290856;0.004;0.18188700124918888
1441;300208;XS2841263358;30853101.25;0.01080062;0.189877338;-97.47962437;-24501.214037499998;;0.0;0.0;30853101.25;8.0;XS2841263358;Bond;30853101.25;30828600.0359625;0.0025;0.010879898526548963;0.004;0.19014793064285268
1442;300208;XS2861705445;34780876.8;0.249351755;0.249351755;1062.468352;-56983.463907499994;;0.0;0.0;34780876.8;8.0;XS2861705445;Bond;34780876.8;34723893.336092494;0.0025;0.24874350859079322;0.004;0.24837856074526912
1443;300208;XS2861748171;30755374.59;0.014946686;0.276828366;-210.0498442;-35527.837839249994;;0.0;0.0;30755374.59;8.0;XS2861748171;Bond;30755374.59;30719846.75216075;0.0025;0.01511798689667525;0.004;0.27740808959787977
1444;300208;XS2862962623;21843945.11;0.284634155;0.284634155;783.7341398;-37703.247731999996;;0.0;0.0;21843945.11;8.0;XS2862962623;Bond;21843945.11;21806241.862268;0.0025;0.2839397269609997;0.0035;0.2836619557453996
1445;300208;XS2865535673;30739597.3;0.01549297;0.290416272;-231.5662329;-37235.955140750004;;0.0;0.0;30739597.3;8.0;XS2865535673;Bond;30739597.3;30702361.34485925;0.0025;0.01568189902182636;0.004;0.291054964750614
1446;300208;XS2866213098;30727952.87;0.015574582;0.292958684;-236.0053486;-37564.8639785;;0.0;0.0;30727952.87;8.0;XS2866213098;Bond;30727952.87;30690388.0060215;0.0025;0.015767200354852195;0.004;0.2936092022594697
1447;300208;XS2867298510;30736281.91;0.015737483;0.295852761;-240.4934918;-37924.399568;;0.0;0.0;30736281.91;8.0;XS2867298510;Bond;30736281.91;30698357.510432;0.0025;0.0159337126000815;0.004;0.296515853111411
1448;300208;XS2867336542;29791862.31;0.304226331;0.304226331;1162.024343;-59420.481536;;0.0;0.0;29791862.31;8.0;XS2867336542;Bond;29791862.31;29732441.828463998;0.0025;0.30348259623204077;0.004;0.3030363553712653
1449;300208;XS2880647099;29743710.19;0.360963608;0.360963608;1436.538455;-70447.77382500001;;0.0;0.0;29743710.19;8.0;XS2880647099;Bond;29743710.19;29673262.416175;0.0025;0.36008191436589826;0.004;0.3595528981854372
1450;300208;XS2880859272;35769157.23;0.017313313;0.361074133;-423.0399586;-53682.978193;;0.0;0.0;35769157.23;8.0;XS2880859272;Bond;35769157.23;35715474.251807;0.0025;0.017609736074247723;0.004;0.362068709033655
1451;300208;XS2895045164;30603819.8;0.019937579;0.407332841;-460.3019299;-51833.064202500005;;0.0;0.0;30603819.8;8.0;XS2895045164;Bond;30603819.8;30551986.735797502;0.0025;0.020314589497666923;0.004;0.4085981479414701
1452;300208;XS2903381072;29693230.29;0.448169426;0.448169426;1897.655;-87249.28628;;0.0;0.0;29693230.29;8.0;XS2903381072;Bond;29693230.29;29605981.00372;0.0025;0.4470738487146264;0.004;0.4464165023434023
1453;300208;XS2906220855;29663544.05;0.461077283;0.461077283;1966.062979;-89803.331995;;0.0;0.0;29663544.05;8.0;XS2906220855;Bond;29663544.05;29573740.718005;0.0025;0.4599517945998586;0.004;0.45927650155977373
1454;300208;XS2908566982;14829533.3;0.466483889;0.466483889;998.1227844;-41928.98181;;0.0;0.0;14829533.3;8.0;XS2908566982;Bond;14829533.3;14787604.318190001;0.0025;0.46534524656746656;0.0035;0.4648897895944532
1455;300208;XS2908585263;30522982.74;0.02686668;0.488775424;-646.157261;-61925.34897175;;0.0;0.0;30522982.74;;XS2908585263;Bond;30522982.74;30461057.391028248;0.0025;0.02739772284717757;0.004;0.49057781094193276
1456;300208;XS2909655438;29663424.06;0.477735476;0.477735476;2061.80879;-92972.485255;;0.0;0.0;29663424.06;8.0;XS2909655438;Bond;29663424.06;29570451.574745;0.0025;0.476568384715565;0.004;0.475868129944904
1457;300208;XS2920487852;29640453.88;0.524188418;0.524188418;2333.605942;-101873.83394499999;;0.0;0.0;29640453.88;8.0;XS2920487852;Bond;29640453.88;29538580.046055;0.0025;0.5229070907723982;0.004;0.5221382944358371
1458;300208;XS2920578734;30459124.87;0.02394201;0.523976529;-766.3770951;-66246.266988;;0.0;0.0;30459124.87;8.0;XS2920578734;Bond;30459124.87;30392878.603012;0.0025;0.024572463990270126;0.004;0.5260811681168324
1459;300208;XS2922134684;30446931.9;0.024400632;0.534661051;-798.3981476;-67589.31739;;0.0;0.0;30446931.9;8.0;XS2922134684;Bond;30446931.9;30379342.58261;0.0025;0.025057685831130043;0.004;0.5368534053242658
1460;300208;XS2923562263;23347519.39;0.024529388;0.540593034;-625.1257112;-52348.53290250001;;0.0;0.0;23347519.39;8.0;XS2923562263;Bond;23347519.39;23295170.8570975;0.0025;0.02520026281508524;0.004;0.5428329902542711
1461;300208;XS2928520027;39932822.45;0.065006829;0.065006829;270.0025981;-17067.178907999998;;0.0;0.0;39932822.45;8.0;XS2928520027;Bond;39932822.45;39915755.271092005;0.0025;0.06484835821094583;0.004;0.06475327573751333
1462;300208;XS2929908049;29604259.55;0.561873035;0.561873035;2560.01963;-109130.2225;;0.0;0.0;29604259.55;8.0;XS2929908049;Bond;29604259.55;29495129.3275;0.0025;0.5605004206278836;0.004;0.5596768520046139
1463;300208;XS2942506978;30371732.47;0.027033793;0.616680088;-1063.086419;-77607.5429675;;0.0;0.0;30371732.47;8.0;XS2942506978;Bond;30371732.47;30294124.9270325;0.0025;0.02791068244408937;0.004;0.6196013651304298
1464;300208;XS2963900035;24879886.2;0.200795407;0.200795407;588.3204479;-32786.9185215;;0.0;0.0;24879886.2;8.0;XS2963900035;Bond;24879886.2;24847099.281478498;0.0025;0.2003050432784079;0.004;0.20001082504545262
1465;300208;XS2974086667;29811973.12;0.266006986;0.266006986;985.8622252;-52028.018834999995;;0.0;0.0;29811973.12;8.0;XS2974086667;Bond;29811973.12;29759945.101165;0.0025;0.26535715183341146;0.004;0.26496725133345833
1466;300208;XS2978738495;29969827.45;0.037895538;0.037895538;114.9751627;-6897.165768000001;;0.0;0.0;29969827.45;8.0;XS2978738495;Bond;29969827.45;29962930.284231998;0.0025;0.03780321908318397;0.0035;0.03776629151645756
1467;300208;XS2989318428;24523096.24;0.808739677;0.808739677;3541.623855;-130140.37647000002;;0.0;0.0;24523096.24;8.0;XS2989318428;Bond;24523096.24;24392955.86353;0.0025;0.8067643284000036;0.004;0.8055791192400056
1468;300208;XS2989343293;24582486.94;0.725014897;0.725014897;3034.421852;-116884.67420499999;;0.0;0.0;24582486.94;8.0;XS2989343293;Bond;24582486.94;24465602.265795;0.0025;0.7232430545231247;0.004;0.7221799490369993
1469;300208;XS2989577445;29948479.78;0.064969818;0.064969818;202.2637391;-11815.290654;;0.0;0.0;29948479.78;8.0;XS2989577445;Bond;29948479.78;29936664.489346;0.0025;0.0648115276161283;0.0035;0.06474821146257961
1470;300208;XS2993406359;23948973.21;0.081231904;0.081231904;205.4392922;-11810.452541999999;;0.0;0.0;23948973.21;8.0;XS2993406359;Bond;23948973.21;23937162.757458;0.0025;0.08103394533613338;0.0035;0.08095476187058674
1471;300208;XS2994493786;39674461.39;0.330814863;0.330814863;1715.411369;-86196.843525;;0.0;0.0;39674461.39;8.0;XS2994493786;Bond;39674461.39;39588264.546475;0.0025;0.3300075299735124;0.004;0.3295231301576198
1472;300208;XS2994519333;29758382.6;0.330898085;0.330898085;1287.315654;-64653.143568;;0.0;0.0;29758382.6;8.0;XS2994519333;Bond;29758382.6;29693729.456432;0.0025;0.33009034572073276;0.004;0.32960570215317236
1473;300208;XS2997427682;29475231.71;0.746444094;0.746444094;3792.213976;-144347.88127500002;;0.0;0.0;29475231.71;8.0;XS2997427682;Bond;29475231.71;29330883.828725003;0.0025;0.7446205997722044;0.004;0.7435265032355269
1474;300208;XS2999676203;29585960.91;0.597370517;0.597370517;2783.418862;-115912.12087;;0.0;0.0;29585960.91;8.0;XS2999676203;Bond;29585960.91;29470048.78913;0.0025;0.5959106697839697;0.004;0.5950347614543515
1475;300208;XS3003192898;29976567.33;0.029784068;0.029784068;89.68735755;-5872.12209285;;0.0;0.0;29976567.33;8.0;XS3003192898;Bond;29976567.33;29970695.207907148;0.0025;0.029711487838333692;0.004;0.02966793974133391
1476;300208;XS3003206359;19611029.88;0.858355755;0.858355755;3090.969125;-110359.05582;;0.0;0.0;19611029.88;8.0;XS3003206359;Bond;19611029.88;19500670.82418;0.0025;0.8562573462711751;0.004;0.8549983010338801
1477;300208;XS3006178597;29562936.88;0.618826131;0.618826131;2919.62684;-120033.62319;;0.0;0.0;29562936.88;8.0;XS3006178597;Bond;29562936.88;29442903.25681;0.0025;0.6173145028980728;0.004;0.6164075260369164
1478;300208;XS3007482790;29389263.88;0.874111178;0.874111178;4756.095417;-168525.28576;;0.0;0.0;29389263.88;8.0;XS3007482790;Bond;29389263.88;29220738.59424;0.0025;0.8719755776418848;0.004;0.8706942174270157
1479;300208;XS3007483178;34957765.34;0.046030095;0.046030095;164.2554426;-10583.104304499999;;0.0;0.0;34957765.34;8.0;XS3007483178;Bond;34957765.34;34947182.2356955;0.0025;0.04591792485992807;0.004;0.04585062277588491
1480;300208;XS3016270335;14976936.78;0.05959159;0.05959159;92.34931153;-5416.3168632;;0.0;0.0;14976936.78;8.0;XS3016270335;Bond;14976936.78;14971520.4631368;0.0025;0.059446315357856515;0.0035;0.059388205500999124
1481;300208;XS3017362073;19995794.04;0.008125645;0.008125645;15.9749769;-986.0939526;;0.0;0.0;19995794.04;8.0;XS3017362073;Bond;19995794.04;19994807.9460474;0.0025;0.008105837143876244;0.0035;0.00809791400142674
1482;300208;XS3017920425;29491363.11;0.727539407;0.727539407;3657.90771;-140750.56034;;0.0;0.0;29491363.11;8.0;XS3017920425;Bond;29491363.11;29350612.54966;0.0025;0.7257618613354218;0.004;0.7246953339366748
1483;300208;XS3020829951;29591983.1;0.575352982;0.575352982;2643.03539;-111719.87047;;0.0;0.0;29591983.1;8.0;XS3020829951;Bond;29591983.1;29480263.229530003;0.0025;0.5739476614701698;0.004;0.5731044691522719
1484;300208;XS3020856848;24694349.6;0.512841631;0.512841631;1886.577616;-83115.09173500001;;0.0;0.0;24694349.6;8.0;XS3020856848;Bond;24694349.6;24611234.508265;0.0025;0.5115892189146537;0.004;0.5108377716634459
1485;300208;XS3022151461;34910085.2;0.100237401;0.100237401;376.3564238;-23002.398601;;0.0;0.0;34910085.2;8.0;XS3022151461;Bond;34910085.2;34887082.801399;0.0025;0.0999930014331474;0.004;0.09984636169303583
1486;300208;XS3022659927;49753138.39;0.192334351;0.192334351;1117.257009;-62907.050323;;0.0;0.0;49753138.39;8.0;XS3022659927;Bond;49753138.39;49690231.339677;0.0025;0.1918654319884563;0.004;0.1915840805815301
1487;300208;XS3025191613;21891065.03;0.195097205;0.195097205;499.9427627;-25909.424915999996;;0.0;0.0;21891065.03;8.0;XS3025191613;Bond;21891065.03;21865155.605084002;0.0025;0.19462141844307604;0.0035;0.19443110382030643
1488;300208;XS3028074857;29441228.46;0.781417852;0.781417852;4044.874968;-150997.204605;;0.0;0.0;29441228.46;8.0;XS3028074857;Bond;29441228.46;29290231.255395003;0.0025;0.7795096837000276;0.004;0.7783647827200442
1489;300208;XS3030265170;34810421.69;0.211302929;0.211302929;872.7700229;-48353.106301499996;;0.0;0.0;34810421.69;8.0;XS3030265170;Bond;34810421.69;34762068.583698496;0.0025;0.21078774907141284;0.004;0.21047864111426057
1490;300208;XS3030330925;24969483.34;0.046016471;0.046016471;117.2542341;-6977.773428;;0.0;0.0;24969483.34;8.0;XS3030330925;Bond;24969483.34;24962505.566572;0.0025;0.04590436725167898;0.0035;0.04585952575235057
1491;300208;XS3030333788;29937975.04;0.078512277;0.078512277;247.5421534;-14271.801798;;0.0;0.0;29937975.04;8.0;XS3030333788;Bond;29937975.04;29923703.238202;0.0025;0.07832097493843614;0.0035;0.07824445411381059
1492;300208;XS3036613100;29544904.31;0.646000384;0.646000384;3097.935375;-125221.827315;;0.0;0.0;29544904.31;8.0;XS3036613100;Bond;29544904.31;29419682.482685;0.0025;0.644422296488764;0.004;0.6434754439820225
1493;300208;XS3038488436;29324900.07;0.971942541;0.971942541;5555.960392;-186956.280745;;0.0;0.0;29324900.07;8.0;XS3038488436;Bond;29324900.07;29137943.789255;0.0025;0.9695676664932694;0.004;0.9681427417892311
1494;300208;XS3041247092;49794624.84;0.15704728;0.15704728;885.0984945;-51431.708393;;0.0;0.0;49794624.84;8.0;XS3041247092;Bond;49794624.84;49743193.131607;0.0025;0.15666456510338794;0.004;0.15643493616542067
1495;300208;XS3042750060;34854276.77;0.162546243;0.162546243;644.6262468;-37241.5559945;;0.0;0.0;34854276.77;8.0;XS3042750060;Bond;34854276.77;34817035.2140055;0.0025;0.16214992378644147;0.004;0.16191213225830636
1496;300406;B52SF78;15205563.26;0.0;0.0;0.0;-1976723.2238;;152055.6326;152055.6326;15205563.26;;IE00B52SF786;Equity;15205563.26;13228840.0362;0.0;0.0;0.0;0.0
1497;300406;BKSH1N2;7541128.0;0.0;0.0;0.0;-980346.6399999999;;75411.28;0.0;7541128.0;;IE00BMWXKN31;Equity;7541128.0;6560781.36;0.0;0.0;0.0;0.0
1498;300406;CAM25 Index;0.0;0.0;0.0;0.0;327420.925;;-25186.225;0.0;-2518622.5;;;Equity Index Future;0.0;327420.925;0.0;0.0;0.0;0.0
1499;300406;CSH_CAD_DB;2305831.276;0.0;0.0;0.0;0.0;;0.0;23058.31276;2305831.276;;;Cash;2305831.276;2305831.276;0.0;0.0;0.0;0.0
1500;300406;CSH_EUR_DB;-1929548.24;0.0;0.0;0.0;0.0;;0.0;0.0;-1929548.24;;;Cash;-1929548.24;-1929548.24;0.0;0.0;0.0;0.0
1501;300406;CSH_GBP_DB;2621.541689;0.0;0.0;0.0;-65.538542225;;0.0;26.21541689;2621.541689;;;Cash;2621.541689;2556.003146775;0.0;0.0;0.0;0.0
1502;300406;CSH_JPY_DB;1546936.099;0.0;0.0;0.0;-38673.402475;;0.0;15469.36099;1546936.099;;;Cash;1546936.099;1508262.696525;0.0;0.0;0.0;0.0
1503;300406;CSH_USD_DB;18699687.93;0.0;0.0;0.0;-467492.19825;;0.0;186996.8793;18699687.93;;;Cash;18699687.93;18232195.73175;0.0;0.0;0.0;0.0
1504;300406;DMM25 Index;0.0;0.0;0.0;0.0;-938915.0157;;93891.50157;0.0;9389150.157;;;Equity Index Future;0.0;-938915.0157;0.0;0.0;0.0;0.0
1505;300406;ECM25 Curncy;0.0;0.0;0.0;0.0;-772067.24525;;0.0;308826.8981;-30920801.7;;;FX Future;0.0;-772067.24525;0.0;0.0;0.0;0.0
1506;300406;ESM25 Index;0.0;0.0;0.0;0.0;-7693276.708000001;;769327.6708;0.0;76932767.08;;;Equity Index Future;0.0;-7693276.708000001;0.0;0.0;0.0;0.0
1507;300406;FR0000989626;2589804.6;0.033170906;0.425272033;-9.955885956;-4113.4937946;;0.0;5.1e-08;2590390.143;;FR0000989626;Fund Unit;2589804.6;2585691.1062054;0.0025;0.03326976330846471;0.0035;0.4260395792075154
1508;300406;FR0012599645;51705545.42;0.230690404;0.508247245;3949.713389;-128538.338575;;0.0;2.12e-08;40938418.33;;FR0012599645;Fund Unit;51705545.42;51577007.081425;0.0025;0.2289137345613604;0.0035;0.506477747984338
1509;300406;FR0013259199;23132550.7;3.282306222;4.689988881;35696.20884;-1754580.025112113;;8.940241451;-465.7886007;23132748.93;;FR0013259199;Fund Unit;23132550.7;21377970.674887888;0.0025;3.270662157624903;0.014;4.781896582464389
1510;300406;FR001400IR05;19563330.4;0.000220759;0.001972064;1.63480157;-2365068.0190000003;;193046.8107;173839.9648;19563797.29;;FR001400IR05;Fund Unit;19563330.4;17198262.380999997;0.0;0.000220759;0.0;0.001972064
1511;300406;FR001400ITZ9;34132966.56;0.0;0.0;0.0;-4773637.234550001;;341108.5946;135690.2019;34171939.03;;FR001400ITZ9;Fund Unit;34132966.56;29359329.325450003;0.0;0.0;0.0;0.0
1512;300406;FR001400JWC0;157049268.1;4.313248284;4.21234152;475622.4614;-4109016.726317325;;0.0;24.86956693;157588911.9;;FR001400JWC0;Fund Unit;157049268.1;152940251.37368268;0.0025;4.284046259409662;0.0035;4.16844767169943
1513;300406;FR001400K2R1;58377318.42;0.0;0.0;0.0;-7288533.179750001;;582910.1119;583772.8243;58377318.42;;FR001400K2R1;Fund Unit;58377318.42;51088785.24025;0.0;0.0;0.0;0.0
1514;300406;FR001400K2W1;87316174.6;0.0;0.0;0.0;-10882667.333750002;;869941.5941;873300.5571;87316174.6;;FR001400K2W1;Fund Unit;87316174.6;76433507.26624998;0.0;0.0;0.0;0.0
1515;300406;FR001400K3P3;141260718.6;6.952436748;6.951644832;1229339.373;-4518452.526278;;0.0;1097.768024;139069358.6;;FR001400K3P3;Fund Unit;141260718.6;136742266.073722;0.0025;6.855712009656818;0.002;6.8742430195961175
1516;300406;FR001400LLB1;134425732.8;4.67189034;4.629945198;683970.7452;-2889452.9233899997;;-467.4860519;29034.12594;164355330.6;;FR001400LLB1;Fund Unit;134425732.8;131536279.87661001;0.0025;4.599254391962789;0.002;4.571056105945226
1517;300406;FXW1023958;124866.41000000015;0.131506846;0.0;0.05380105299999993;-386543.94025;BNP PARIBAS;0.0;154617.5761;124866.41000000015;;;Currency Forward;124866.41000000015;-261677.53024999984;0.0;0.131506846;0.0;0.0
1518;300406;LU1501412909;4269635.6;3.012808375;3.308240559;-12752.38494;-235457.09276140152;;0.921497013;4.378884093;4356768.836;;LU1501412909;Fund Unit;4269635.6;4034178.507238598;0.0025;3.1101699582789544;0.014;3.8796096034465384
1519;300406;LU1717594557;26950682.33;0.000307037;0.002742805;3.132318127;-3414256.9110000003;;262635.147;112063.4696;26950722.91;;LU1717594557;Fund Unit;26950682.33;23536425.419;0.0;0.000307037;0.0;0.002742805
1520;300406;LU1891751163;5432360.4;0.536002618;0.741697933;125.0949123;-7483.303060375002;;-1184.708794;61.78275667;4190821.831;;LU1891751163;Fund Unit;5432360.4;5424877.096939625;0.0025;0.5361451718410584;0.0035;0.7428173679380794
1521;300406;LU2527589415;2842180.2;0.106197074;1.934165179;-5720.900113;-78640.97639075002;;15.41400592;6.15e-08;2916569.832;;LU2527589415;Fund Unit;2842180.2;2763539.22360925;0.0025;0.15654667421404891;0.014;2.268338979894493
1522;300406;MESM25 Index;0.0;0.0;0.0;0.0;-514164.0437;;51416.40437;0.0;5141640.437;;;Equity Index Future;0.0;-514164.0437;0.0;0.0;0.0;0.0
1523;300406;NKM25 Index;0.0;0.0;0.0;0.0;-587220.79437;;83888.68491;0.0;8388868.491;;;Equity Index Future;0.0;-587220.79437;0.0;0.0;0.0;0.0
1524;300406;OEM25 Cmdty;0.0;0.0;0.0;186091.4036;-1310285.186;;0.0;0.0;67847040.0;;;Bond Future;0.0;-1310285.186;0.0025;0.0;0.0015;0.0
1525;300406;RTYM25 Index;0.0;0.0;0.0;0.0;-769404.7399;;76940.47399;0.0;7694047.399;;;Equity Index Future;0.0;-769404.7399;0.0;0.0;0.0;0.0
1526;300406;RXM25 Cmdty;0.0;0.0;0.0;208180.0399;-914623.5444;;0.0;0.0;28084940.0;;;Bond Future;0.0;-914623.5444;0.0025;0.0;0.0015;0.0
1527;300406;RYM25 Curncy;0.0;0.0;0.0;0.0;261508.60575000002;;0.0;-104603.4423;10508248.25;;;FX Future;0.0;261508.60575000002;0.0;0.0;0.0;0.0
1528;300406;SXOM25 Index;0.0;0.0;0.0;0.0;-2406950.0;;185150.0;0.0;18515000.0;;;Equity Index Future;0.0;-2406950.0;0.0;0.0;0.0;0.0
1529;300406;TPM25 Index;0.0;0.0;0.0;0.0;-173035.73455000002;;24719.39065;0.0;2471939.065;;;Equity Index Future;0.0;-173035.73455000002;0.0;0.0;0.0;0.0
1530;300406;T_FR0010853556;2502457.5;2.855370798;2.859091385;-3127.088206;-120188.0065965;;0.0;0.0;2502457.5;;T_FR0010853556;Fund Unit;2502457.5;2382269.4934035;0.0025;2.9069938269551483;0.014;3.148478003300772
1531;300406;T_FR0011026707;6754068.1;6.091999917;6.092017545;50056.27743;-252902.95032;;0.0;1.735316091;6754068.1;;T_FR0011026707;Fund Unit;6754068.1;6501165.14968;0.0025;5.999499120363303;0.0035;5.962517181438133
1532;300406;T_IE000KXCEXR3;58616893.83;0.0;0.0;0.0;-7327111.728750001;;586168.9383;586168.9383;58616893.83;;T_IE000KXCEXR3;Fund Unit;58616893.83;51289782.10125;0.0;0.0;0.0;0.0
1533;300406;T_IE00BFNM3G45;85695403.59;0.0;0.0;0.0;-10711925.44875;;856954.0359;856954.0359;85695403.59;;T_IE00BFNM3G45;Fund Unit;85695403.59;74983478.14125;0.0;0.0;0.0;0.0
1534;300406;T_LU0456627131;7758720.0;2.811253143;2.814728418;-9860.384083;-366821.35489499994;;0.0;0.0;7758720.0;;T_LU0456627131;Fund Unit;7758720.0;7391898.645105;0.0025;2.8627829456160994;0.014;3.103569038313128
1535;300406;T_LU1291102447;20449705.83;0.0;0.0;0.0;-1942722.0538500003;;204497.0583;204497.0583;20449705.83;;T_LU1291102447;Fund Unit;20449705.83;18506983.77615;0.0;0.0;0.0;0.0
1536;300406;T_LU1602144906;13638800.15;0.0;0.0;0.0;-954716.0105000003;;136388.0015;136388.0015;13638800.15;;T_LU1602144906;Fund Unit;13638800.15;12684084.1395;0.0;0.0;0.0;0.0
1537;300406;T_LU2182388236;36517545.24;6.091999917;6.092017545;270641.6857;-1367382.56005;;0.0;9.382417077;36517545.24;;T_LU2182388236;Fund Unit;36517545.24;35150162.67995;0.0025;5.999499120330809;0.0035;5.962517181392641
1538;300406;T_LU2244386053;1176142.0;2.249580876;2.420887114;-2363.705022;-46803.661077000004;;0.0;0.0;1176142.0;;T_LU2244386053;Fund Unit;1176142.0;1129338.338923;0.0025;2.312475175815793;0.014;2.7842963171833706
1539;300406;UBM25 Cmdty;0.0;0.0;0.0;540907.941;-857182.4512;;0.0;0.0;10494880.0;;;Bond Future;0.0;-857182.4512;0.0025;0.0;0.0015;0.0
1540;300406;VGM25 Index;0.0;0.0;0.0;0.0;-1713407.8;;131800.6;0.0;13180060.0;;;Equity Index Future;0.0;-1713407.8;0.0;0.0;0.0;0.0
1541;300636;BE6356749489;13984358.62;0.043340519;0.043340519;61.73033418;-3984.5843726;;0.0;0.0;13984358.62;8.0;BE6356749489;Bond;13984358.62;13980374.035627399;0.0025;0.04323485896752782;0.004;0.04317146294804451
1542;300636;CSH_EUR_DB;339708461.9;0.0;0.0;0.0;0.0;;0.0;0.0;339708461.9;;;Cash;339708461.9;339708461.9;0.0;0.0;0.0;0.0
1543;300636;DE000A4BF827;9976986.067;0.075507525;0.075507525;78.8231036;-4592.1470112;;0.0;0.0;9976986.067;8.0;DE000A4BF827;Bond;9976986.067;9972393.9199888;0.0025;0.07532426615331639;0.0035;0.07525096261464294
1544;300636;DE000A4BF8Z3;14971730.43;0.06203005;0.06203005;95.92839855;-5660.5446552;;0.0;0.0;14971730.43;8.0;DE000A4BF8Z3;Bond;14971730.43;14966069.8853448;0.0025;0.061879486767386145;0.0035;0.0618192614743406
1545;300636;DE000CZ451R7;24605360.07;0.656497543;0.656497543;2638.013752;-106038.99007;;0.0;0.0;24605360.07;8.0;DE000CZ451R7;Bond;24605360.07;24499321.07993;0.0025;0.6548946912886002;0.004;0.6539329802617604
1546;300636;DE000CZ451V9;24450581.56;0.914150971;0.914150971;4225.984645;-146736.98331500002;;0.0;0.0;24450581.56;8.0;DE000CZ451V9;Bond;24450581.56;24303844.576685;0.0025;0.9119192060768115;0.004;0.9105801471228986
1547;300636;DE000CZ451X5;29506570.7;0.68361051;0.68361051;3348.783617;-132415.788505;;0.0;0.0;29506570.7;8.0;DE000CZ451X5;Bond;29506570.7;29374154.911495;0.0025;0.6819414980778675;0.004;0.6809400909245881
1548;300636;DE000CZ452U9;19820553.31;0.368871612;0.368871612;983.5784853;-48003.7510225;;0.0;0.0;19820553.31;8.0;DE000CZ452U9;Bond;19820553.31;19772549.5589775;0.0025;0.3679711734426556;0.004;0.3674309103082489
1549;300636;FR0010213355;20995441.62;0.032639138;0.32465379;50.87271871;-25857.438019;;0.0;1.27e-05;20998426.66;;FR0010213355;Fund Unit;20995441.62;20969584.181981;0.0025;0.032581225374001384;0.0035;0.3249378840187139
1550;300636;FR0013327491;0.0;0.0;0.0;0.0;0.0;;0.0;0.0;0.0;;;Bond;0.0;0.0;0.0;;0.0;
1551;300636;FR001400F6V1;10157376.71;0.702804694;0.702804694;1199.117182;-47572.6999735;;0.0;0.0;10157376.71;5.0;FR001400F6V1;Bond;10157376.71;10109804.010026501;0.0025;0.7010881844465895;0.004;0.7000582787145432
1552;300636;FR0128634468;25772396.36;0.009079247;0.138402584;-41.78390967;-14989.2831505;;0.0;0.0;25772396.36;8.0;FR0128634468;Bond;25772396.36;25757407.076849498;0.0025;0.009119984731536827;0.004;0.1385440557405861
1553;300636;FR0128637669;30890681.84;0.010127865;0.162843281;-70.46390138;-21093.822860250002;;0.0;0.0;30890681.84;8.0;FR0128637669;Bond;30890681.84;30869588.01713975;0.0025;0.010185148260000273;0.004;0.16304059565807
1554;300636;FR0128656842;30605310.47;0.019669473;0.401919881;-448.0096294;-51144.27391275;;0.0;0.0;30605310.47;8.0;FR0128656842;Bond;30605310.47;30554166.19608725;0.0025;0.020036397649474222;0.004;0.40315157124945855
1555;300636;FR0128667708;19979953.45;0.037898878;0.037898878;76.66387526;-4598.1262734;;0.0;0.0;19979953.45;8.0;FR0128667708;Bond;19979953.45;19975355.3237266;0.0025;0.03780654281904806;0.0035;0.03776960874666729
1556;300636;FR0128693399;20501376.77;0.014895553;0.276912096;-140.0760397;-23680.0558455;;0.0;0.0;20501376.77;8.0;FR0128693399;Bond;20501376.77;20477696.7141545;0.0025;0.01506692066069094;0.004;0.27749211798275325
1557;300636;FR0128735091;30701635.93;0.013548781;0.257867172;-182.1745421;-33003.27132475;;0.0;0.0;30701635.93;8.0;FR0128735091;Bond;30701635.93;30668632.65867525;0.0025;0.013697582623152706;0.004;0.2583705022327591
1558;300636;FR0128735398;20457929.34;0.017023695;0.328098017;-198.2380482;-27998.448648749996;;0.0;0.0;20457929.34;8.0;FR0128735398;Bond;20457929.34;20429930.89135125;0.0025;0.01726667038665111;0.004;0.3289162116289133
1559;300636;FR0128767771;29925458.64;0.100319842;0.100319842;323.1493739;-13650.928393499998;;0.0;0.0;29925458.64;8.0;FR0128767771;Bond;29925458.64;29911807.7116065;0.0025;0.10007504025420211;0.002;0.10012400060336168
1560;300636;FR0128771468;40868240.51;0.018443204;0.366527386;-495.5584387;-62346.9556185;;0.0;0.0;40868240.51;8.0;FR0128771468;Bond;40868240.51;40805893.5543815;0.0025;0.01874719835658877;0.004;0.36754978566219887
1561;300636;FR0128771732;19826352.81;0.366380339;0.366380339;975.8398978;-47664.7249;;0.0;0.0;19826352.81;8.0;FR0128771732;Bond;19826352.81;19778688.0851;0.0025;0.36548544201077654;0.004;0.3649485038172424
1562;300636;FR0128789635;20397526.13;0.019902893;0.407179002;-306.8501897;-34545.104390750006;;0.0;0.0;20397526.13;8.0;FR0128789635;Bond;20397526.13;20362981.025609247;0.0025;0.02027997081944795;0.004;0.4084439209691965
1563;300636;FR0128790138;29711375.65;0.407110564;0.407110564;1674.273553;-79366.00347;;0.0;0.0;29711375.65;8.0;FR0128790138;Bond;29711375.65;29632009.64653;0.0025;0.406116129945177;0.004;0.4055194695122831
1564;300636;FR0128806710;25487271.57;0.020564555;0.423543026;-415.2129751;-44883.096128;;0.0;0.0;25487271.57;8.0;FR0128806710;Bond;25487271.57;25442388.473872;0.0025;0.020972887089433526;0.004;0.42491222051889715
1565;300636;FR0128806850;56061089.46;0.020758026;0.428994415;-937.4327981;-99979.45421750001;;0.0;0.0;56061089.46;8.0;FR0128806850;Bond;56061089.46;55961110.0057825;0.0025;0.02117714399033621;0.004;0.43039942503436907
1566;300636;FR0128807544;30571766.15;0.020674638;0.428968073;-511.4292989;-54515.3730135;;0.0;0.0;30571766.15;8.0;FR0128807544;Bond;30571766.15;30517250.7769865;0.0025;0.021093926877491904;0.004;0.43037327987197466
1567;300636;FR0128807593;20389035.17;0.020794411;0.429060794;-340.8739957;-36363.69897775;;0.0;0.0;20389035.17;8.0;FR0128807593;Bond;20389035.17;20352671.471022252;0.0025;0.021213454409952735;0.004;0.4304659064856007
1568;300636;FR0128809730;29682911.18;0.447829679;0.447829679;1894.120427;-87218.96508;;0.0;0.0;29682911.18;8.0;FR0128809730;Bond;29682911.18;29595692.21492;0.0025;0.44673576218680405;0.004;0.44607941209888646
1569;300636;FR0128810035;25456850.89;0.021338821;0.447962573;-465.2793706;-47389.613942250005;;0.0;0.0;25456850.89;8.0;FR0128810035;Bond;25456850.89;25409461.27605775;0.0025;0.021796888789206718;0.004;0.44949634194883914
1570;300636;FR0128814490;22976302.92;0.037871592;0.037871592;88.03409558;-14541.167054700001;;0.0;0.0;22976302.92;8.0;FR0128814490;Bond;22976302.92;22961761.7529453;0.0025;0.03777938971832629;0.014;0.03735525922262723
1571;300636;FR0128840321;24693382.36;0.521134472;0.521134472;1928.048832;-84431.07172499999;;0.0;0.0;24693382.36;8.0;FR0128840321;Bond;24693382.36;24608951.288275;0.0025;0.5198614354373505;0.004;0.5190976134997608
1572;300636;FR0128840974;30459097.43;0.02394201;0.523975648;-766.3762958;-66246.20734575001;;0.0;0.0;30459097.43;8.0;FR0128840974;Bond;30459097.43;30392851.22265425;0.0025;0.02457246390089895;0.004;0.526080283280855
1573;300636;FR0128862788;6980493.111;0.097247989;0.097247989;72.61728885;-11360.0353647;;0.0;0.0;6980493.111;8.0;FR0128862788;Bond;6980493.111;6969133.0756353;0.0025;0.09701155972543345;0.014;0.09592398506242725
1574;300636;FR0128865260;5492892.808;0.045946713;0.045946713;25.71594604;-1535.0001816;;0.0;0.0;5492892.808;8.0;FR0128865260;Bond;5492892.808;5491357.8078184;0.0025;0.04583494884376014;0.0035;0.04579024318126419
1575;300636;FR0128867167;20133836.22;0.009871681;0.268492376;-134.422784;-22340.720274750005;;0.0;0.0;20133836.22;8.0;FR0128867167;Bond;20133836.22;20111495.49972525;0.0025;0.010038836164738203;0.004;0.2690477870871185
1576;300636;FR0128867316;30180061.3;0.01040392;0.290213502;-236.272335;-36174.199916749996;;0.0;0.0;30180061.3;8.0;FR0128867316;Bond;30180061.3;30143887.10008325;0.0025;0.01059990950306435;0.004;0.2908635477456699
1577;300636;FR0128867431;25137096.41;0.010796785;0.306506779;-220.0055693;-31807.17786525;;0.0;0.0;25137096.41;8.0;FR0128867431;Bond;25137096.41;25105289.232134752;0.0025;0.01101588209683973;0.004;0.30723265369497005
1578;300636;FR0128902089;10134809.99;0.026450796;0.592079146;-326.4450932;-24882.6620525;;0.0;0.0;10134809.99;8.0;FR0128902089;Bond;10134809.99;10109927.327947501;0.0025;0.02725780217485703;0.004;0.5947697881618474
1579;300636;FR0128902923;15354209.03;0.031055147;0.665441053;-606.6343428;-41912.2717195;;0.0;0.0;15354209.03;;FR0128902923;Bond;15354209.03;15312296.758280499;0.0025;0.032045291030780465;0.004;0.668792672940699
1580;300636;FR0128913979;30184847.4;0.03251917;0.790164136;-1749.713174;-86682.094429;;0.0;0.0;30184847.4;8.0;FR0128913979;Bond;30184847.4;30098165.305570997;0.0025;0.033970978905615665;0.0035;0.7943782249967729
1581;300636;FR0128957760;34974934.63;0.027070527;0.027070527;94.83142605;-5749.3043232;;0.0;0.0;34974934.63;8.0;FR0128957760;Bond;34974934.63;34969185.325676806;0.0025;0.027004573756028362;0.0035;0.026978192458439708
1582;300636;FR0128957893;9989282.111;0.037831176;0.037831176;38.1924492;-6321.98402055;;0.0;0.0;9989282.111;8.0;FR0128957893;Bond;9989282.111;9982960.12697945;0.0025;0.03773917042628622;0.014;0.03731594478720281
1583;300636;FR0128959089;5998265.305;0.010825684;0.010825684;6.397022911;-394.40648586;;0.0;0.0;5998265.305;8.0;FR0128959089;Bond;5998265.305;5997870.8985141395;0.0025;0.010799315018058177;0.0035;0.010788767425281447
1584;300636;FR0128959097;24934928.17;0.094650579;0.094650579;252.1063358;-39451.838415;;0.0;0.0;24934928.17;8.0;FR0128959097;Bond;24934928.17;24895476.331585;0.0025;0.09442021158117271;0.014;0.09336052145456719
1585;300636;FR0128961564;9071850.309;0.00476808;0.08634765;-5.74220671;-11242.902487225001;;0.0;0.0;9071850.309;8.0;FR0128961564;Bond;9071850.309;9060607.406512775;0.0025;0.004783961079908224;0.014;0.08654064859651696
1586;300636;FR0128963453;9993873.724;0.021617779;0.021617779;21.48392575;-3614.2228253999997;;0.0;0.0;9993873.724;8.0;FR0128963453;Bond;9993873.724;9990259.501174599;0.0025;0.02156520458226223;0.014;0.021323362260668485
1587;300636;FR0128963735;11992962.78;0.02164329;0.02164329;25.84228831;-1577.1567498;;0.0;0.0;11992962.78;8.0;FR0128963735;Bond;11992962.78;11991385.6232502;0.0025;0.021590591388286562;0.0035;0.02156951194360119
1588;300636;FR0128984541;20132425.25;0.012061202;0.333746862;-208.7302775;-27744.459201;;0.0;0.0;20132425.25;8.0;FR0128984541;Bond;20132425.25;20104680.790799;0.0025;0.012320762319380583;0.004;0.3346071244922136
1589;300636;FR0128985662;23983303.53;0.027090495;0.027090495;65.12449247;-3942.460854;;0.0;0.0;23983303.53;8.0;FR0128985662;Bond;23983303.53;23979361.069146;0.0025;0.02702444449748086;0.0035;0.026998024296473203
1590;300636;FR0128985969;20136757.93;0.003405213;0.037778861;-2.065014826;-10984.5880191;;0.0;0.0;20136757.93;8.0;FR0128985969;Bond;20136757.93;20125773.3419809;0.0025;0.0034078057266466303;0.014;0.03781319932530148
1591;300636;FR0129012003;10060481.03;0.003959668;0.059359365;-2.782751807;-8588.982616475;;0.0;0.0;10060481.03;8.0;FR0129012003;Bond;10060481.03;10051892.047383524;0.0025;0.003966622253969951;0.014;0.059447418795627184
1592;300636;FR0129012383;25144313.3;0.033039099;0.80656915;-1519.081083;-83916.43681;;0.0;0.0;25144313.3;8.0;FR0129012383;Bond;25144313.3;25060396.86319;0.0025;0.034552190422482594;0.004;0.8115879451226481
1593;300636;FR0129014009;5027571.482;0.004107729;0.075533703;-2.400923904;-5451.103778425;;0.0;0.0;5027571.482;8.0;FR0129014009;Bond;5027571.482;5022120.378221575;0.0025;0.004119709969111841;0.014;0.07568043496294527
1594;300636;FR0129025716;4976816.331;0.175967343;0.175967343;100.7607386;-5317.6941612;;0.0;0.0;4976816.331;8.0;FR0129025716;Bond;4976816.331;4971498.6368388;0.0025;0.17553860368601099;0.0035;0.1753671079604154
1595;300636;FR0129025955;19985959.59;0.027084314;0.027084314;54.24534155;-3285.3632202;;0.0;0.0;19985959.59;8.0;FR0129025955;Bond;19985959.59;19982674.2267798;0.0025;0.027018293588106552;0.0035;0.026991885423349172
1596;300636;FR0129052819;8975478.991;0.097308606;0.097308606;93.48735786;-5311.516334400001;;0.0;0.0;8975478.991;8.0;FR0129052819;Bond;8975478.991;8970167.4746656;0.0025;0.0970718818416547;0.0035;0.09697719217831659
1597;300636;FR0129053213;29923873.67;0.097491236;0.097491236;312.8539094;-17708.374554;;0.0;0.0;29923873.67;8.0;FR0129053213;Bond;29923873.67;29906165.295446;0.0025;0.09725362251132764;0.0035;0.0971585771158587
1598;300636;FR0129053411;19947250.05;0.100170439;0.100170439;214.7588107;-12132.300030000002;;0.0;0.0;19947250.05;8.0;FR0129053411;Bond;19947250.05;19935117.74997;0.0025;0.09992636587409398;0.0035;0.09982873662373157
1599;300636;FR0129054377;4983509.545;0.113409458;0.113409458;61.34944219;-9461.84140935;;0.0;0.0;4983509.545;8.0;FR0129054377;Bond;4983509.545;4974047.70359065;0.0025;0.11313385002408964;0.014;0.111866053334902
1600;300636;FR0129065183;19979493.02;0.037876427;0.037876427;76.57132706;-4598.0203122;;0.0;0.0;19979493.02;8.0;FR0129065183;Bond;19979493.02;19974894.9996878;0.0025;0.03778420115933221;0.0035;0.0377473108230651
1601;300636;FR0129080679;2994768.702;0.064944026;0.064944026;20.20978385;-1279.9559383;;0.0;0.0;2994768.702;8.0;FR0129080679;Bond;2994768.702;2993488.7460617;0.0025;0.06478586126175287;0.004;0.0646909624188046
1602;300636;FR0129083459;24760149.15;0.401582911;0.401582911;1370.584118;-65258.256115;;0.0;0.0;24760149.15;8.0;FR0129083459;Bond;24760149.15;24694890.893884998;0.0025;0.40060222215923524;0.004;0.4000138088547764
1603;300636;FR0129084309;9976222.575;0.080986441;0.080986441;85.06172434;-13529.397740100001;;0.0;0.0;9976222.575;8.0;FR0129084309;Bond;9976222.575;9962693.1772599;0.0025;0.08078967685588134;0.014;0.07988456179293553
1604;300636;FR0129100840;9911973.018;0.346822913;0.346822913;454.55405;-20855.877474;;0.0;0.0;9911973.018;8.0;FR0129100840;Bond;9911973.018;9891117.140525999;0.0025;0.34597715111451177;0.0035;0.3456388463603165
1605;300636;FR0129102184;0.0;0.04;0.04;0.0;-2520.0;;0.0;0.0;0.0;8.0;FR0129102184;Bond;0.0;-2520.0;0.0025;;0.0035;
1606;300636;FR0129102382;29767230.39;0.306195496;0.306195496;1168.2041;-55293.64987200001;;0.0;0.0;29767230.39;8.0;FR0129102382;Bond;29767230.39;29711936.740128;0.0025;0.3054487693223858;0.0035;0.30515007865134014
1607;300636;FR0129104669;8453339.196;0.197347192;0.197347192;195.278872;-10144.007033999998;;0.0;0.0;8453339.196;8.0;FR0129104669;Bond;8453339.196;8443195.188966;0.0025;0.19686703686266108;0.0035;0.1966749748077255
1608;300636;FR0129104677;9949051.024;0.197733654;0.197733654;230.7320224;-11938.86123;;0.0;0.0;9949051.024;8.0;FR0129104677;Bond;9949051.024;9937112.16277;0.0025;0.19725161649872028;0.0035;0.1970588014982084
1609;300636;IRSB100008004;-26015.79000000283;0.043837135;0.0;-5.2105535839999995;2862.698822875;BNP PARIBAS;0.0;0.0;0.0;;;Swap;-26015.79000000283;-23153.09117712783;0.0025;0.03883483241357946;0.0;0.0
1610;300636;IRSB100008376;-78196.25;0.183569577;0.0;-81.977899284;11044.528979249999;NOMURA FINANCIAL PRODUCTS EUROPE GMBH;0.0;0.0;0.0;;;Swap;-78196.25;-67151.72102075;0.0025;0.15744479633404754;0.0;0.0
1611;300636;IRSB100008438;-75761.19000000134;0.26302397;0.0;-135.19942109500002;12761.037038425;BNP PARIBAS;0.0;0.0;0.0;;;Swap;-75761.19000000134;-63000.15296157634;0.0025;0.218583243490108;0.0;0.0
1612;300636;IRSB100008533;-67111.9600000009;0.254805155;0.0;-190.417459747;18538.074571024998;NOMURA FINANCIAL PRODUCTS EUROPE GMBH;0.0;0.0;0.0;;;Swap;-67111.9600000009;-48573.8854289759;0.0025;0.18403471003377048;0.0;0.0
1613;300636;IRSB100008539;-25085.769999999553;0.046576115;0.0;-3.888068519;2048.670901175;CITIBANK EUROPE PUBLIC LIMITED COMPANY;0.0;0.0;0.0;;;Swap;-25085.769999999553;-23037.099098824554;0.0025;0.0427067633950892;0.0;0.0
1614;300636;IRSB100008584;-27193.41000000015;0.372616593;0.0;-271.830255685;18150.152543275;NOMURA FINANCIAL PRODUCTS EUROPE GMBH;0.0;0.0;0.0;;;Swap;-27193.41000000015;-9043.25745672515;0.0025;0.1230591690859088;0.0;0.0
1615;300636;IRSB100008658;-47644.890000000596;0.413713184;0.0;-502.612602966;30245.702020975;NATIXIS;0.0;0.0;0.0;;;Swap;-47644.890000000596;-17399.187979025595;0.0025;0.1504125867556601;0.0;0.0
1616;300636;IRSB100008762;-11524.349999997765;0.45481013;0.0;-607.433853839;33264.152193675;NATIXIS;0.0;0.0;0.0;;;Swap;-11524.349999997765;21739.802193677235;0.0025;-0.8623909921053146;0.0;0.0
1617;300636;IRSB100008770;-8755.120000001043;0.45481013;0.0;-506.278067112;27724.606665925;NATIXIS;0.0;0.0;0.0;;;Swap;-8755.120000001043;18969.486665923956;0.0025;-0.9903355832541549;0.0;0.0
1618;300636;IRSB100008791;-12745.879999998957;0.473988736;0.0;-329.795903167;17332.134210475;NATIXIS;0.0;0.0;0.0;;;Swap;-12745.879999998957;4586.254210476043;0.0025;-0.17231726139636383;0.0;0.0
1619;300636;IRSB100008849;-9724.969999998808;0.5287847729999999;0.0;-684.097241877;32238.697530225;NATIXIS;0.0;0.0;0.0;;;Swap;-9724.969999998808;22513.72753022619;0.0025;-1.229126353580626;0.0;0.0
1620;300636;IRSB100008858;-7353.529999997467;0.53152449;0.0;-691.202999053;32406.063470775;NATIXIS;0.0;0.0;0.0;;;Swap;-7353.529999997467;25052.533470777533;0.0025;-1.8176712309188432;0.0;0.0
1621;300636;IRSB100008873;-2654.75;0.046576115;0.0;-2.721342868;1434.9571839750001;BNP PARIBAS;0.0;0.0;0.0;;;Swap;-2654.75;-1219.7928160249999;0.0025;0.020954427798505825;0.0;0.0
1622;300636;IRSB100008964;7702.459999999031;0.090415755;0.0;-11.788574054000001;3174.4317121749996;NOMURA FINANCIAL PRODUCTS EUROPE GMBH;0.0;0.0;0.0;;;Swap;7702.459999999031;10876.89171217403;0.0025;0.12869855952541412;0.0;0.0
1623;300636;IRSB100009008;5312.14999999851;0.041097405;0.0;-3.507958373;2043.352436775;CREDIT AGRICOLE CORPORATE AND INVESTMENT BANK;0.0;0.0;0.0;;;Swap;5312.14999999851;7355.5024367735095;0.0025;0.05761075455423778;0.0;0.0
1624;300636;IRSB100009055;9462.470000002533;0.271244089;0.0;-216.221076764;19786.806203075;BNP PARIBAS;0.0;0.0;0.0;;;Swap;9462.470000002533;29249.276203077534;0.0025;0.8426876321001746;0.0;0.0
1625;300636;IRSB100009061;3671.780000001192;0.10411538000000001;0.0;-31.455213755000003;7374.006995524999;CREDIT AGRICOLE CORPORATE AND INVESTMENT BANK;0.0;0.0;0.0;;;Swap;3671.780000001192;11045.786995526192;0.0025;0.3183111785571397;0.0;0.0
1626;300636;IRSB100009067;-37.12000000104308;0.024658228;0.0;-0.601765895;574.6323362;CREDIT AGRICOLE CORPORATE AND INVESTMENT BANK;0.0;0.0;0.0;;;Swap;-37.12000000104308;537.512336198957;0.0025;-0.38062439456356534;0.0;0.0
1627;300636;IRSB100009088;609.5960000008345;0.276723523;0.0;-74.998855336;6729.747613924999;CREDIT AGRICOLE CORPORATE AND INVESTMENT BANK;0.0;0.0;0.0;;;Swap;609.5960000008345;7339.343613925834;0.0025;3.35267560325601;0.0;0.0
1628;300636;IRSB100009104;-593.0599999986589;0.030137338;0.0;-1.815073921;1477.8725290000002;CREDIT AGRICOLE CORPORATE AND INVESTMENT BANK;0.0;0.0;0.0;;;Swap;-593.0599999986589;884.8125290013413;0.0025;-0.046373472701591964;0.0;0.0
1629;300636;IRSB100009116;-5924.760000001639;0.789067407;0.0;-1214.984854163;38405.857812350005;CREDIT AGRICOLE CORPORATE AND INVESTMENT BANK;0.0;0.0;0.0;;;Swap;-5924.760000001639;32481.097812348366;0.0025;-4.336102061414513;0.0;0.0
1630;300636;IRSB100009128;-24127.599999997765;0.800025997;0.0;-1561.045643841;48672.3457416;NATIXIS;0.0;0.0;0.0;;;Swap;-24127.599999997765;24544.745741602237;0.0025;-0.8158634585201087;0.0;0.0
1631;300636;IRSB100009138;-1328.7299999985844;0.293162449;0.0;-126.30162444599999;10702.739513325;CREDIT AGRICOLE CORPORATE AND INVESTMENT BANK;0.0;0.0;0.0;;;Swap;-1328.7299999985844;9374.009513326415;0.0025;-2.0829825311613326;0.0;0.0
1632;300636;IRSB100009153;-12926.39999999851;0.819204533;0.0;-1636.398155553;49830.345555424996;CREDIT AGRICOLE CORPORATE AND INVESTMENT BANK;0.0;0.0;0.0;;;Swap;-12926.39999999851;36903.945555426486;0.0025;-2.3439551052853833;0.0;0.0
1633;300636;IRSB100009177;-548.7839999999851;0.079457077;0.0;-6.0641413029999995;1842.961228875;NATIXIS;0.0;0.0;0.0;;;Swap;-548.7839999999851;1294.1772288750149;0.0025;-0.19678069743507837;0.0;0.0
1634;300636;IRSB100009211;-12255.170000001788;0.33699877100000003;0.0;-445.310134872;32861.100431750005;CREDIT AGRICOLE CORPORATE AND INVESTMENT BANK;0.0;0.0;0.0;;;Swap;-12255.170000001788;20605.930431748217;0.0025;-0.5711301149047086;0.0;0.0
1635;300636;IRSB100009232;12945.559999998659;0.852082351;0.0;-2123.3435069370003;62168.065570775005;CREDIT AGRICOLE CORPORATE AND INVESTMENT BANK;0.0;0.0;0.0;;;Swap;12945.559999998659;75113.62557077367;0.0025;4.954422095253288;0.0;0.0
1636;300636;IRSB100009239;2162.540000002831;0.282202622;0.0;-156.02506189800002;13733.154189525001;NATIXIS;0.0;0.0;0.0;;;Swap;2162.540000002831;15895.694189527832;0.0025;2.0861262951230355;0.0;0.0
1637;300636;IRSB100009245;4518.580000001937;0.6054990330000001;0.0;-717.838246341;29555.75466875;CREDIT AGRICOLE CORPORATE AND INVESTMENT BANK;0.0;0.0;0.0;;;Swap;4518.580000001937;34074.33466875194;0.0025;4.578007601084746;0.0;0.0
1638;300636;IRSB100009319;-641.3500000014901;0.627417398;0.0;-962.97847664;38268.5990104;CREDIT AGRICOLE CORPORATE AND INVESTMENT BANK;0.0;0.0;0.0;;;Swap;-641.3500000014901;37627.24901039851;0.0025;-36.90876525300253;0.0;0.0
1639;300636;IRSB100009332;-11219.449999999255;0.884960134;0.0;-2289.571924708;64549.558928975;CREDIT AGRICOLE CORPORATE AND INVESTMENT BANK;0.0;0.0;0.0;;;Swap;-11219.449999999255;53330.108928975744;0.0025;-4.21487378945736;0.0;0.0
1640;300636;IRSB100009363;-3266.4500000011176;0.47398874;0.0;-330.27557277;17356.8681804;CREDIT AGRICOLE CORPORATE AND INVESTMENT BANK;0.0;0.0;0.0;;;Swap;-3266.4500000011176;14090.418180398883;0.0025;-2.053236435378401;0.0;0.0
1641;300636;IRSB100009375;-629.609999999404;0.408234076;0.0;-245.17634353600002;14949.309516099998;NATIXIS;0.0;0.0;0.0;;;Swap;-629.609999999404;14319.699516100594;0.0025;-9.326595849150038;0.0;0.0
1642;300636;IRSB100009384;-1603.089999999851;0.408234076;0.0;-408.665899591;24917.932925049998;NATIXIS;0.0;0.0;0.0;;;Swap;-1603.089999999851;23314.842925050147;0.0025;-5.964445924575374;0.0;0.0
1643;300636;IRSB100009394;956.7599999979138;0.665774503;0.0;-1083.878760597;40598.705963875;CREDIT AGRICOLE CORPORATE AND INVESTMENT BANK;0.0;0.0;0.0;;;Swap;956.7599999979138;41555.46596387291;0.0025;28.988477415189294;0.0;0.0
1644;300636;IRSB100009407;6995.530000001192;0.9260567710000001;0.0;-2088.196414657;56265.99858014999;NATIXIS;0.0;0.0;0.0;;;Swap;6995.530000001192;63261.528580151185;0.0025;8.390810471284517;0.0;0.0
1645;300636;IRSB100009409;908.8699999973178;0.854821788;0.0;-2138.548810147;62414.494422974996;CREDIT AGRICOLE CORPORATE AND INVESTMENT BANK;0.0;0.0;0.0;;;Swap;908.8699999973178;63323.364422972314;0.0025;59.68103519388422;0.0;0.0
1646;300636;IRSB100009418;557.390000000596;0.583581067;0.0;-500.258493852;21366.0934103;SOCIETE GENERALE;0.0;0.0;0.0;;;Swap;557.390000000596;21923.483410300596;0.0025;23.02197593898249;0.0;0.0
1647;300636;IRSB100009420;68.68099999986589;0.35343797;0.0;-122.47323997000001;8618.748632625;BNP PARIBAS;0.0;0.0;0.0;;;Swap;68.68099999986589;8687.429632624866;0.0025;44.93421646852683;0.0;0.0
1648;300636;IRSB100009432;-13044.339999999851;0.695912734;0.0;-1420.951572256;50922.2498053;NATIXIS;0.0;0.0;0.0;;;Swap;-13044.339999999851;37877.90980530015;0.0025;-2.0261871231041333;0.0;0.0
1649;300636;IRSB100009439;-4544.410000000149;0.312341073;0.0;-286.97263002100004;22833.275874524996;NATIXIS;0.0;0.0;0.0;;;Swap;-4544.410000000149;18288.865874524847;0.0025;-1.2661272878265246;0.0;0.0
1650;300636;IRSB100009450;-4177.310000002384;0.37535598400000003;0.0;-276.310156668;18318.674270825;BNP PARIBAS;0.0;0.0;0.0;;;Swap;-4177.310000002384;14141.364270822614;0.0025;-1.2779286756485913;0.0;0.0
1651;300636;SECL100006675;0.0;0.002739726;0.002739726;0.0;13.53424656;;0.0;0.0;0.0;;SECL100006675;Bond;0.0;13.53424656;0.002;;0.002;
1652;300636;XS2264074647;7042619.452;0.557857549;0.557857549;608.8133243;-23501.124636;;0.0;0.0;7042619.452;6.0;XS2264074647;Bond;7042619.452;7019118.327364;0.0025;0.5564743866105488;0.0035;0.5559211216547683
1653;300636;XS2817908978;14965901.33;0.086641944;0.086641944;137.6243619;-7872.474126000001;;0.0;0.0;14965901.33;8.0;XS2817908978;Bond;14965901.33;14958028.855874;0.0025;0.08643081451854953;0.0035;0.08634636272596934
1654;300636;XS2838891062;24891625.08;0.179039984;0.179039984;515.0139204;-29256.183996;;0.0;0.0;24891625.08;8.0;XS2838891062;Bond;24891625.08;24862368.896004;0.0025;0.17860286606519893;0.004;0.17834059530431826
1655;300636;XS2857881614;19874392.72;0.257663332;0.257663332;631.9560875;-31036.722875999996;;0.0;0.0;19874392.72;8.0;XS2857881614;Bond;19874392.72;19843355.997123998;0.0025;0.25703437037473975;0.0035;0.25678278572463564
1656;300636;XS2861705445;29812180.11;0.249351755;0.249351755;910.687159;-48842.9690645;;0.0;0.0;29812180.11;8.0;XS2861705445;Bond;29812180.11;29763337.1409355;0.0025;0.24874350859056363;0.004;0.2483785607449018
1657;300636;XS2861748171;20503583.06;0.014946686;0.276828366;-140.0332295;-23685.22522475;;0.0;0.0;20503583.06;8.0;XS2861748171;Bond;20503583.06;20479897.83477525;0.0025;0.015117986896715892;0.004;0.27740808959794483
1658;300636;XS2880859272;30659277.63;0.017313313;0.361074133;-362.6056788;-46013.981308250004;;0.0;0.0;30659277.63;8.0;XS2880859272;Bond;30659277.63;30613263.648691747;0.0025;0.017609736074206392;0.004;0.3620687090335889
1659;300636;XS2898793406;20377937.97;0.020674638;0.428812738;-340.8985094;-36337.80542425;;0.0;0.0;20377937.97;8.0;XS2898793406;Bond;20377937.97;20341600.16457575;0.0025;0.021093926676093486;0.004;0.43021741157620813
1660;300636;XS2903381072;24744358.58;0.448169426;0.448169426;1581.379166;-72707.738545;;0.0;0.0;24744358.58;8.0;XS2903381072;Bond;24744358.58;24671650.841454998;0.0025;0.44707384871562283;0.004;0.4464165023449965
1661;300636;XS2908566982;29659066.59;0.466483889;0.466483889;1996.245569;-83857.96362;;0.0;0.0;29659066.59;8.0;XS2908566982;Bond;29659066.59;29575208.62638;0.0025;0.46534524656673065;0.0035;0.4648897895934229
1662;300636;XS2908892438;15267975.97;0.026961676;0.559664749;-435.5297456;-35497.104181;;0.0;0.0;15267975.97;8.0;XS2908892438;Bond;15267975.97;15232478.865819002;0.0025;0.027676635901114428;0.004;0.562058675638985
1663;300636;XS2918558227;25408200.11;0.028389724;0.600428106;-836.4187121;-63339.90181899999;;0.0;0.0;25408200.11;8.0;XS2918558227;Bond;25408200.11;25344860.208181;0.0025;0.029214720014582595;0.004;0.603186931359516
1664;300636;XS2920487852;24700378.23;0.524188418;0.524188418;1944.671618;-84894.86161;;0.0;0.0;24700378.23;8.0;XS2920487852;Bond;24700378.23;24615483.36839;0.0025;0.52290709077247;0.004;0.5221382944359519
1665;300636;XS2922134684;20297954.6;0.024400632;0.534661051;-532.2654317;-45059.5449265;;0.0;0.0;20297954.6;8.0;XS2922134684;Bond;20297954.6;20252895.0550735;0.0025;0.02505768583108899;0.004;0.5368534053242001
1666;300636;XS2932960730;20276643.53;0.02583485;0.578654662;-623.4044392;-48640.295850250004;;0.0;0.0;20276643.53;8.0;XS2932960730;Bond;20276643.53;20228003.23414975;0.0025;0.026605142407500684;0.004;0.5812238249655204
1667;300636;XS2942506978;17210648.4;0.027033793;0.616680088;-602.4156374;-43977.6076775;;0.0;0.0;17210648.4;8.0;XS2942506978;Bond;17210648.4;17166670.792322498;0.0025;0.027910682444024;0.004;0.6196013651303253
1668;300636;XS2974086667;29811973.12;0.266006986;0.266006986;985.8622252;-52028.018834999995;;0.0;0.0;29811973.12;8.0;XS2974086667;Bond;29811973.12;29759945.101165;0.0025;0.26535715183341146;0.004;0.26496725133345833
1669;300636;XS2976509716;9934495.224;0.271282887;0.271282887;336.3167078;-16330.677078;;0.0;0.0;9934495.224;8.0;XS2976509716;Bond;9934495.224;9918164.546922;0.0025;0.2706205373395837;0.0035;0.2703555974754172
1670;300636;XS2978738495;29969827.45;0.037895538;0.037895538;114.9751627;-6897.165768000001;;0.0;0.0;29969827.45;8.0;XS2978738495;Bond;29969827.45;29962930.284231998;0.0025;0.03780321908318397;0.0035;0.03776629151645756
1671;300636;XS2978804388;19633111.38;0.778920787;0.778920787;2685.332734;-100344.02540500001;;0.0;0.0;19633111.38;8.0;XS2978804388;Bond;19633111.38;19532767.354594998;0.0025;0.7770181882495264;0.004;0.7758766289992423
1672;300636;XS2980876770;14893178.42;0.287383567;0.287383567;540.7434833;-71364.8467125;;0.0;0.0;14893178.42;8.0;XS2980876770;Bond;14893178.42;14821813.5732875;0.0025;0.2866823369942982;0.014;0.2834566789680697
1673;300636;XS2983844429;24534743.05;0.789764314;0.789764314;3423.454214;-127143.74380499999;;0.0;0.0;24534743.05;8.0;XS2983844429;Bond;24534743.05;24407599.306195002;0.0025;0.787835259358601;0.004;0.7866778265737616
1674;300636;XS2985295562;29952768.57;0.059555628;0.059555628;184.4689734;-11734.920288;;0.0;0.0;29952768.57;8.0;XS2985295562;Bond;29952768.57;29941033.649712;0.0025;0.05941052863556073;0.004;0.05932346901689717
1675;300636;XS2986272214;29950641.94;0.065040212;0.065040212;202.7169099;-12800.822306999999;;0.0;0.0;29950641.94;8.0;XS2986272214;Bond;29950641.94;29937841.117693;0.0025;0.06488157842017535;0.004;0.06478639827228057
1676;300636;XS2989318428;24523096.24;0.808739677;0.808739677;3541.623855;-130140.37647000002;;0.0;0.0;24523096.24;8.0;XS2989318428;Bond;24523096.24;24392955.86353;0.0025;0.8067643284000036;0.004;0.8055791192400056
1677;300636;XS2989577445;19965653.19;0.064969818;0.064969818;134.8424927;-7876.8604319999995;;0.0;0.0;19965653.19;8.0;XS2989577445;Bond;19965653.19;19957776.329568002;0.0025;0.06481152761619823;0.0035;0.06474821146267752
1678;300636;XS2993406359;23948973.21;0.081231904;0.081231904;205.4392922;-11810.452541999999;;0.0;0.0;23948973.21;8.0;XS2993406359;Bond;23948973.21;23937162.757458;0.0025;0.08103394533613338;0.0035;0.08095476187058674
1679;300636;XS2994493786;39674461.39;0.330814863;0.330814863;1715.411369;-86196.843525;;0.0;0.0;39674461.39;8.0;XS2994493786;Bond;39674461.39;39588264.546475;0.0025;0.3300075299735124;0.004;0.3295231301576198
1680;300636;XS2996750928;19951925.38;0.09484514;0.09484514;202.5555057;-31567.772345999998;;0.0;0.0;19951925.38;8.0;XS2996750928;Bond;19951925.38;19920357.607653998;0.0025;0.09461382454168114;0.014;0.09354977343341446
1681;300636;XS2998723279;29403699.67;0.841266475;0.841266475;4497.614747;-162324.53379999998;;0.0;0.0;29403699.67;8.0;XS2998723279;Bond;29403699.67;29241375.136200003;0.0025;0.8392117770804495;0.004;0.8379789583287192
1682;300636;XS2999516425;7979494.906;0.103020077;0.103020077;88.69897705;-5399.8225801;;0.0;0.0;7979494.906;8.0;XS2999516425;Bond;7979494.906;7974095.0834199;0.0025;0.10276871325041831;0.004;0.1026178950006693
1683;300636;XS2999676203;19723973.94;0.597370517;0.597370517;1855.612575;-77274.747225;;0.0;0.0;19723973.94;8.0;XS2999676203;Bond;19723973.94;19646699.192775;0.0025;0.5959106697835472;0.004;0.5950347614536755
1684;300636;XS3003192898;29976567.33;0.029784068;0.029784068;89.68735755;-5872.12209285;;0.0;0.0;29976567.33;8.0;XS3003192898;Bond;29976567.33;29970695.207907148;0.0025;0.029711487838333692;0.004;0.02966793974133391
1685;300636;XS3006178597;24635780.74;0.618826131;0.618826131;2433.022367;-100028.019325;;0.0;0.0;24635780.74;8.0;XS3006178597;Bond;24635780.74;24535752.720675;0.0025;0.6173145028984026;0.004;0.6164075260374442
1686;300636;XS3007482790;29389263.88;0.874111178;0.874111178;4756.095417;-168525.28576;;0.0;0.0;29389263.88;8.0;XS3007482790;Bond;29389263.88;29220738.59424;0.0025;0.8719755776418848;0.004;0.8706942174270157
1687;300636;XS3007483178;29963798.87;0.046030095;0.046030095;140.7903794;-9071.232261;;0.0;0.0;29963798.87;8.0;XS3007483178;Bond;29963798.87;29954727.637739003;0.0025;0.045917924859932235;0.004;0.045850622775891574
1688;300636;XS3013976660;23905367.16;0.154431389;0.154431389;417.0880707;-22399.001561999998;;0.0;0.0;23905367.16;8.0;XS3013976660;Bond;23905367.16;23882968.158438;0.0025;0.1540548249952726;0.0035;0.15390419939338165
1689;300636;XS3015128211;14852864.37;0.401370884;0.401370884;821.3039915;-36135.187836;;0.0;0.0;14852864.37;8.0;XS3015128211;Bond;14852864.37;14816729.182163998;0.0025;0.40039123046075875;0.0035;0.3999993690450623
1690;300636;XS3019732414;29410173.66;0.844258634;0.844258634;4522.835006;-162884.016555;;0.0;0.0;29410173.66;8.0;XS3019732414;Bond;29410173.66;29247289.643445;0.0025;0.8421959478708597;0.004;0.8409583361933755
1691;300636;XS3020829951;14795991.55;0.575352982;0.575352982;1321.517695;-55859.935222;;0.0;0.0;14795991.55;8.0;XS3020829951;Bond;14795991.55;14740131.614778;0.0025;0.5739476614701698;0.004;0.5731044691522719
1692;300636;XS3022151461;29922930.17;0.100237401;0.100237401;322.5912204;-19716.341657999998;;0.0;0.0;29922930.17;8.0;XS3022151461;Bond;29922930.17;29903213.828342002;0.0025;0.09999300143313453;0.004;0.09984636169301525
1693;300636;XS3022659927;24876569.2;0.192334351;0.192334351;558.6285046;-31453.5251615;;0.0;0.0;24876569.2;8.0;XS3022659927;Bond;24876569.2;24845115.6748385;0.0025;0.19186543198846864;0.004;0.19158408058154985
1694;300636;XS3025191613;15920774.57;0.195097205;0.195097205;363.5947365;-18843.218118;;0.0;0.0;15920774.57;8.0;XS3025191613;Bond;15920774.57;15901931.351882;0.0025;0.19462141844318812;0.0035;0.19443110382046336
1695;300636;XS3030265170;49729173.85;0.211302929;0.211302929;1246.814318;-69075.866145;;0.0;0.0;49729173.85;8.0;XS3030265170;Bond;49729173.85;49660097.983855;0.0025;0.21078774907171832;0.004;0.21047864111474934
1696;300636;XS3030333788;19958650.03;0.078512277;0.078512277;165.0281023;-9514.534536;;0.0;0.0;19958650.03;8.0;XS3030333788;Bond;19958650.03;19949135.495464;0.0025;0.0783209749384289;0.0035;0.07824445411380047
1697;300636;XS3036613100;19696602.87;0.646000384;0.646000384;2065.29025;-83481.21821;;0.0;0.0;19696602.87;8.0;XS3036613100;Bond;19696602.87;19613121.65179;0.0025;0.6444222964883204;0.004;0.6434754439813126
1698;300644;BE6359531173;13473849.92;0.075862824;0.075862824;107.4542055;-6718.4676325;;0.0;0.0;13473849.92;8.0;BE6359531173;Bond;13473849.92;13467131.4523675;0.0025;0.07567783645187084;0.004;0.07556684392299336
1699;300644;BE6360390031;7979701.959;0.100268439;0.100268439;86.08034285;-5257.85841425;;0.0;0.0;7979701.959;8.0;BE6360390031;Bond;7979701.959;7974444.100585749;0.0025;0.100023888067752;0.004;0.0998771575084032
1700;300644;CSH_EUR_DB;103065831.9;0.0;0.0;0.0;0.0;;0.0;0.0;103065831.9;;;Cash;103065831.9;103065831.9;0.0;0.0;0.0;0.0
1701;300644;DE000CZ450R9;24468332.36;0.884312588;0.884312588;4026.451727;-142050.400765;;0.0;0.0;24468332.36;8.0;DE000CZ450R9;Bond;24468332.36;24326281.959234998;0.0025;0.8821536681689447;0.004;0.8808583162703115
1702;300644;DE000CZ451J4;9842805.669;0.653786181;0.653786181;1049.174714;-42243.164600000004;;0.0;0.0;9842805.669;8.0;DE000CZ451J4;Bond;9842805.669;9800562.5044;0.0025;0.6521899455817217;0.004;0.6512322043307548
1703;300644;DE000CZ452E3;19551433.63;0.933139022;0.933139022;3484.059174;-119772.618095;;0.0;0.0;19551433.63;8.0;DE000CZ452E3;Bond;19551433.63;19431661.011905;0.0025;0.9308609011401731;0.004;0.9294940286242768
1704;300644;FR0014003N51;0.0;0.0;0.0;0.0;0.0;;0.0;0.0;0.0;;FR0014003N51;Bond;0.0;0.0;0.0025;;0.002;
1705;300644;FR0128580331;15506325.57;0.005852417;0.067803606;-5.410338844;-4475.182095;;0.0;0.0;15506325.57;8.0;FR0128580331;Bond;15506325.57;15501850.387905;0.0025;0.005861225420152892;0.004;0.06783595178505207
1706;300644;FR0128584150;20673843.63;0.005845441;0.067852994;-7.214850939;-5966.18605675;;0.0;0.0;20673843.63;8.0;FR0128584150;Bond;20673843.63;20667877.443943247;0.0025;0.005854251035398858;0.004;0.06788536949509529
1707;300644;FR0128585413;25830121.92;0.006484781;0.081379407;-13.45767942;-8910.851564749999;;0.0;0.0;25830121.92;8.0;FR0128585413;Bond;25830121.92;25821211.06843525;0.0025;0.006497911310886828;0.004;0.08142673771941514
1708;300644;FR0128607365;25815729.47;0.006865703;0.094948132;-18.85580581;-10345.0314785;;0.0;0.0;25815729.47;8.0;FR0128607365;Bond;25815729.47;25805384.438521497;0.0025;0.006884080841793956;0.004;0.09501340858644075
1709;300644;FR0128614064;11459359.15;0.140947231;0.140947231;180.3712563;-9795.39741;;0.0;0.0;11459359.15;8.0;FR0128614064;Bond;11459359.15;11449563.75259;0.0025;0.14060339424693738;0.0035;0.14046585954571233
1710;300644;FR0128614254;9961402.235;0.154512935;0.154512935;173.9848154;-9333.69744;;0.0;0.0;9961402.235;8.0;FR0128614254;Bond;9961402.235;9952068.53756;0.0025;0.15413597321783296;0.0035;0.15398518850496615
1711;300644;FR0128614551;15438059.47;0.010868672;0.179106461;-42.91527134;-10189.86634775;;0.0;0.0;15438059.47;8.0;FR0128614551;Bond;15438059.47;15427869.60365225;0.0025;0.010938463216604298;0.0035;0.17931603219043918
1712;300644;FR0128615376;15418863.07;0.012545517;0.217123169;-63.81148943;-12311.762965749998;;0.0;0.0;15418863.07;8.0;FR0128615376;Bond;15418863.07;15406551.30703425;0.0025;0.01264937382559752;0.0035;0.21743301633765585
1713;300644;FR0128633858;25770696.49;0.008931229;0.135721537;-40.07771892;-14696.339558500002;;0.0;0.0;25770696.49;8.0;FR0128633858;Bond;25770696.49;25756000.150441498;0.0025;0.008970307574833533;0.004;0.13585742499475043
1714;300644;FR0128635192;20611507.99;0.009308167;0.143833137;-36.26272616;-12451.25400525;;0.0;0.0;20611507.99;8.0;FR0128635192;Bond;20611507.99;20599056.73599475;0.0025;0.009352367196741243;0.004;0.14398626263209144
1715;300644;FR0128635606;10304602.76;0.009293037;0.143832763;-18.13384998;-6224.54176825;;0.0;0.0;10304602.76;8.0;FR0128635606;Bond;10304602.76;10298378.21823175;0.0025;0.009337247440486855;0.004;0.1439859057174811
1716;300644;FR0128656842;30605310.47;0.019669473;0.401919881;-448.0096294;-51144.27391275;;0.0;0.0;30605310.47;8.0;FR0128656842;Bond;30605310.47;30554166.19608725;0.0025;0.020036397649474222;0.004;0.40315157124945855
1717;300644;FR0128662154;7959762.8;0.200574557;0.200574557;187.8061529;-10489.4408385;;0.0;0.0;7959762.8;8.0;FR0128662154;Bond;7959762.8;7949273.3591615;0.0025;0.20008527135998602;0.004;0.19979169997597765
1718;300644;FR0128666064;15406521.91;0.01345348;0.23892457;-77.62577248;-15375.974794750002;;0.0;0.0;15406521.91;8.0;FR0128666064;Bond;15406521.91;15391145.935205251;0.0025;0.013579895009517182;0.004;0.23935444983132978
1719;300644;FR0128692607;66671040.55;0.014914813;0.274222833;-445.898074;-76280.76088875;;0.0;0.0;66671040.55;8.0;FR0128692607;Bond;66671040.55;66594759.78911125;0.0025;0.015082569937114652;0.004;0.2747911469413503
1720;300644;FR0128768654;51109289.69;0.017928463;0.352895291;-573.7712527;-75104.0121145;;0.0;0.0;51109289.69;8.0;FR0128768654;Bond;51109289.69;51034185.677885495;0.0025;0.01820992555846665;0.004;0.3538424857200444
1721;300644;FR0128787282;7427322.002;0.404264889;0.404264889;414.6635035;-18191.851698;;0.0;0.0;7427322.002;8.0;FR0128787282;Bond;7427322.002;7409130.150302;0.0025;0.40327772732411615;0.0035;0.4028828626537626
1722;300644;FR0128789924;25506809.57;0.016346508;0.333936278;-257.1436397;-35424.149848249996;;0.0;0.0;25506809.57;8.0;FR0128789924;Bond;25506809.57;25471385.42015175;0.0025;0.016599210324623827;0.004;0.3347855866371609
1723;300644;FR0128806710;12743635.78;0.020564555;0.423543026;-207.6064876;-22441.548064;;0.0;0.0;12743635.78;8.0;FR0128806710;Bond;12743635.78;12721194.231935998;0.0025;0.02097288708969141;0.004;0.42491222051930977
1724;300644;FR0128813492;15254352.07;0.022747472;0.485951866;-329.0581141;-27050.6498495;;0.0;0.0;15254352.07;8.0;FR0128813492;Bond;15254352.07;15227301.4201505;0.0025;0.023288051247800548;0.0035;0.4875333881369735
1725;300644;FR0128816198;10165372.54;0.023121006;0.496811907;-229.3688794;-18425.724135499997;;0.0;0.0;10165372.54;8.0;FR0128816198;Bond;10165372.54;10146946.8158645;0.0025;0.023686436091012886;0.0035;0.4984655153424829
1726;300644;FR0128816420;4492675.468;0.059503631;0.059503631;27.62057583;-1624.7483886;;0.0;0.0;4492675.468;8.0;FR0128816420;Bond;4492675.468;4491050.719611401;0.0025;0.059358784891854886;0.0035;0.059300846448596845
1727;300644;FR0128867167;20133836.22;0.009871681;0.268492376;-134.422784;-22340.720274750005;;0.0;0.0;20133836.22;8.0;FR0128867167;Bond;20133836.22;20111495.49972525;0.0025;0.010038836164738203;0.004;0.2690477870871185
1728;300644;FR0128867399;30170983.15;0.011163653;0.341802487;-330.7807361;-42502.800741;;0.0;0.0;30170983.15;8.0;FR0128867399;Bond;30170983.15;30128480.349259;0.0025;0.01143805303099398;0.004;0.3427083443014747
1729;300644;FR0128867449;10053109.67;0.010926857;0.311938338;-91.2119269;-12944.29469325;;0.0;0.0;10053109.67;8.0;FR0128867449;Bond;10053109.67;10040165.37530675;0.0025;0.011153980646839708;0.004;0.3126904803569847
1730;300644;FR0128902766;10132810.11;0.026339656;0.592076545;-326.5146375;-24874.93659525;;0.0;0.0;10132810.11;8.0;FR0128902766;Bond;10132810.11;10107935.17340475;0.0025;0.027146978019983354;0.004;0.5947677036626171
1731;300644;FR0128902923;15354209.03;0.031055147;0.665441053;-606.6343428;-41912.2717195;;0.0;0.0;15354209.03;;FR0128902923;Bond;15354209.03;15312296.758280499;0.0025;0.032045291030780465;0.004;0.668792672940699
1732;300644;FR0128910587;9983881.824;0.062295965;0.062295965;64.51938983;-3774.7279224000004;;0.0;0.0;9983881.824;8.0;FR0128910587;Bond;9983881.824;9980107.096077599;0.0025;0.06214410809012018;0.0035;0.06208336532616825
1733;300644;FR0128913656;9808235.15;0.819747902;0.819747902;1444.782716;-48691.841346;;0.0;0.0;9808235.15;8.0;FR0128913656;Bond;9808235.15;9759543.308654001;0.0025;0.8177452929104342;0.0035;0.8169442492746078
1734;300644;FR0128913979;30184847.4;0.03251917;0.790164136;-1749.713174;-86682.094429;;0.0;0.0;30184847.4;8.0;FR0128913979;Bond;30184847.4;30098165.305570997;0.0025;0.033970978905615665;0.0035;0.7943782249967729
1735;300644;FR0128958545;4980481.425;0.151692966;0.151692966;85.13488248;-4584.7719414;;0.0;0.0;4980481.425;8.0;FR0128958545;Bond;4980481.425;4975896.6530586;0.0025;0.1513231502535754;0.0035;0.15117522395500554
1736;300644;FR0128963560;29911684.37;0.1193093;0.1193093;390.9472079;-16226.064396;;0.0;0.0;29911684.37;8.0;FR0128963560;Bond;29911684.37;29895458.305604;0.0025;0.11901813552467222;0.002;0.11907636841973777
1737;300644;FR0128984541;20132425.25;0.012061202;0.333746862;-208.7302775;-27744.459201;;0.0;0.0;20132425.25;8.0;FR0128984541;Bond;20132425.25;20104680.790799;0.0025;0.012320762319380583;0.004;0.3346071244922136
1738;300644;FR0128985662;15988869.02;0.027090495;0.027090495;43.41632831;-2628.307236;;0.0;0.0;15988869.02;8.0;FR0128985662;Bond;15988869.02;15986240.712763999;0.0025;0.02702444449748607;0.0035;0.0269980242964805
1739;300644;FR0129012466;30169571.46;0.0107529;0.306813995;-264.1321828;-19491.363335;;0.0;0.0;30169571.46;8.0;FR0129012466;Bond;30169571.46;30150080.096665002;0.0025;0.010972062060682146;0.002;0.3071773630538846
1740;300644;FR0129014306;25119791.99;0.011312553;0.328234157;-252.8453003;-34019.95480575;;0.0;0.0;25119791.99;8.0;FR0129014306;Bond;25119791.99;25085772.035194248;0.0025;0.011564512458963184;0.004;0.3290677308862056
1741;300644;FR0129014868;25000304.35;0.038349812;0.979966268;-2243.254249;-101302.20608575;;0.0;0.0;25000304.35;8.0;FR0129014868;Bond;25000304.35;24899002.143914253;0.0025;0.04059671571015632;0.004;0.9873967666495997
1742;300644;FR0129025500;9960293.923;0.154404391;0.154404391;173.7211375;-9332.658965999999;;0.0;0.0;9960293.923;8.0;FR0129025500;Bond;9960293.923;9950961.264034001;0.0025;0.15402795862553972;0.0035;0.15387738567575562
1743;300644;FR0129026011;4996145.996;0.029794106;0.029794106;14.95812363;-903.4127004;;0.0;0.0;4996145.996;8.0;FR0129026011;Bond;4996145.996;4995242.5832996005;0.0025;0.02972147691059263;0.0035;0.02969242527482968
1744;300644;FR0129026433;2197356.005;0.046034866;0.046034866;10.32682118;-614.0556503999999;;0.0;0.0;2197356.005;8.0;FR0129026433;Bond;2197356.005;2196741.9493496;0.0025;0.04592267257845097;0.0035;0.04587779520983137
1745;300644;FR0129026458;7458308.058;0.211163332;0.211163332;186.7483834;-9562.981290000002;;0.0;0.0;7458308.058;8.0;FR0129026458;Bond;7458308.058;7448745.076710001;0.0025;0.21064883252574637;0.0035;0.21044303273604492
1746;300644;FR0129026656;9979594.04;0.08;0.08;0.0;-4800.0;;0.0;0.0;0.0;8.0;FR0129026656;Bond;9979594.04;9974794.04;0.0025;0.080016;0.0035;0.08002240000000001
1747;300644;FR0129030120;29936735.46;0.081248803;0.081248803;256.9104263;-15993.5984;;0.0;0.0;29936735.46;8.0;FR0129030120;Bond;29936735.46;29920741.8616;0.0025;0.08105076196284267;0.004;0.08093193734054827
1748;300644;FR0129030807;11970064.31;0.094756277;0.094756277;121.294601;-6886.886316;;0.0;0.0;11970064.31;8.0;FR0129030807;Bond;11970064.31;11963177.423684001;0.0025;0.09452539482966717;0.0035;0.09443304196153403
1749;300644;FR0129052264;20089188.13;0.034140738;0.844567974;-1332.786681;-70183.0055345;;0.0;0.0;20089188.13;8.0;FR0129052264;Bond;20089188.13;20019005.1244655;0.0025;0.03580223901241241;0.004;0.8500748935107211
1750;300644;FR0129053411;19947250.05;0.100170439;0.100170439;214.7588107;-12132.300030000002;;0.0;0.0;19947250.05;8.0;FR0129053411;Bond;19947250.05;19935117.74997;0.0025;0.09992636587409398;0.0035;0.09982873662373157
1751;300644;FR0129053510;9978849.808;0.081242745;0.081242745;85.62350828;-4921.0766178;;0.0;0.0;9978849.808;8.0;FR0129053510;Bond;9978849.808;9973928.7313822;0.0025;0.08104473349034792;0.0035;0.08096552888648709
1752;300644;FR0129059954;14992619.2;0.018958447;0.018958447;28.25211731;-1725.1781004;;0.0;0.0;14992619.2;8.0;FR0129059954;Bond;14992619.2;14990894.0218996;0.0025;0.018912235513944685;0.0035;0.01889375091952256
1753;300644;FR0129061463;14982100.81;0.046043199;0.046043199;70.43624017;-4186.7788566;;0.0;0.0;14982100.81;8.0;FR0129061463;Bond;14982100.81;14977914.0311434;0.0025;0.04593096495594406;0.0035;0.045886071338321684
1754;300644;FR0129061638;9984451.006;0.059574647;0.059574647;61.53013654;-3610.8151583999997;;0.0;0.0;9984451.006;8.0;FR0129061638;Bond;9984451.006;9980840.190841598;0.0025;0.059429454949647395;0.0035;0.05937137812950635
1755;300644;FR0129065985;24923747.7;0.119205328;0.119205328;325.187155;-19529.292718;;0.0;0.0;24923747.7;8.0;FR0129065985;Bond;24923747.7;24904218.407282;0.0025;0.11891467073532752;0.004;0.11874027637652403
1756;300644;FR0129066371;0.0;0.13;0.13;0.0;-12180.0;;0.0;0.0;0.0;8.0;FR0129066371;Bond;0.0;-12180.0;0.0025;;0.0035;
1757;300644;FR0129083459;19808119.32;0.401582911;0.401582911;1096.467295;-52206.6048855;;0.0;0.0;19808119.32;8.0;FR0129083459;Bond;19808119.32;19755912.7151145;0.0025;0.40060222215847796;0.004;0.4000138088535648
1758;300644;FR0129101939;4975004.985;0.19227382;0.19227382;111.6484571;-6290.3145227;;0.0;0.0;4975004.985;8.0;FR0129101939;Bond;4975004.985;4968714.6704773;0.0025;0.1918051960937026;0.004;0.19152402174992417
1759;300644;FR0129104735;25030432.15;0.036890496;0.939460622;-2062.014337;-97218.37517525;;0.0;0.0;25030432.15;8.0;FR0129104735;Bond;25030432.15;24933213.77482475;0.0025;0.03895340559930108;0.004;0.9462861787652558
1760;300644;FR0129105732;5494611.7;0.037920967;0.037920967;21.10762565;-1264.5133776000002;;0.0;0.0;5494611.7;8.0;FR0129105732;Bond;5494611.7;5493347.1866224;0.0025;0.03782852415899187;0.0035;0.03779154702258861
1761;300644;FR0129106086;7490861.587;0.046018628;0.046018628;35.17965919;-2267.7813846999998;;0.0;0.0;7490861.587;8.0;FR0129106086;Bond;7490861.587;7488593.8056153;0.0025;0.04590651369758559;0.004;0.04583924511613695
1762;300644;FR0129106409;13977918.69;0.059552841;0.059552841;86.07720536;-5476.28047135;;0.0;0.0;13977918.69;8.0;FR0129106409;Bond;13977918.69;13972442.40952865;0.0025;0.059407755238009494;0.004;0.05932070378081519
1763;300644;FR0129107100;0.0;0.06;0.06;0.0;-4560.0;;0.0;0.0;0.0;8.0;FR0129107100;Bond;0.0;-4560.0;0.0025;;0.0035;
1764;300644;FR0129107423;15844247.93;0.390336451;0.390336451;844.9244859;-37505.28825;;0.0;0.0;15844247.93;8.0;FR0129107423;Bond;15844247.93;15806742.64175;0.0025;0.3893841850818311;0.0035;0.3890032787145636
1765;300644;FR0129108546;15001099.21;0.038087711;0.974537997;-1331.245381;-60446.4170215;;0.0;0.0;15001099.21;8.0;FR0129108546;Bond;15001099.21;14940652.792978501;0.0025;0.04030991740698859;0.004;0.981886621786652
1766;300644;FR0129108900;8925597.124;0.322357579;0.322357579;373.3374909;-17459.935193999998;;0.0;0.0;8925597.124;8.0;FR0129108900;Bond;8925597.124;8908137.188806;0.0025;0.3215716717037602;0.0035;0.3212573087852643
1767;300644;FR0129108918;15899725.73;0.238237739;0.238237739;459.4159542;-23000.151191999998;;0.0;0.0;15899725.73;8.0;FR0129108918;Bond;15899725.73;15876725.578808;0.0025;0.2376572674609023;0.0035;0.2374250788452632
1768;300644;FR0129109825;4000996.567;0.038593326;0.991460683;-367.1664928;-16390.015680250002;;0.0;0.0;4000996.567;8.0;FR0129109825;Bond;4000996.567;3984606.55131975;0.0025;0.04089126860629424;0.004;0.9990634105345632
1769;300644;FR0129110146;29575294.56;0.577648235;0.577648235;2654.795097;-104040.21426000001;;0.0;0.0;29575294.56;8.0;FR0129110146;Bond;29575294.56;29471254.345739998;0.0025;0.5762383300980717;0.0035;0.5756743681373004
1770;300644;IRSB100008195;-44215.009999997914;0.123294097;0.0;-29.432939937;5857.317476499999;SOCIETE GENERALE;0.0;0.0;0.0;;;Swap;-44215.009999997914;-38357.69252349791;0.0025;0.10669016160577578;0.0;0.0
1771;300644;IRSB100008252;-28795.200000001118;0.145212169;0.0;-23.510456889;3989.9548787;NOMURA FINANCIAL PRODUCTS EUROPE GMBH;0.0;0.0;0.0;;;Swap;-28795.200000001118;-24805.24512130112;0.0025;0.1248531007548058;0.0;0.0
1772;300644;IRSB100008289;-30505.05199999921;0.158911789;0.0;-24.540814177;3807.5217727000004;NOMURA FINANCIAL PRODUCTS EUROPE GMBH;0.0;0.0;0.0;;;Swap;-30505.05199999921;-26697.53022729921;0.0025;0.13886283128856647;0.0;0.0
1773;300644;IRSB100008398;-56110.789999999106;0.20548798699999998;0.0;-61.753489490999996;7443.842130724999;SOCIETE GENERALE;0.0;0.0;0.0;;;Swap;-56110.789999999106;-48666.94786927411;0.0025;0.17807946186380375;0.0;0.0
1774;300644;IRSB100008403;-26794.402999999933;0.20548798799999998;0.0;-32.935190413;3970.00364445;BNP PARIBAS;0.0;0.0;0.0;;;Swap;-26794.402999999933;-22824.399355549933;0.0025;0.17486400823909715;0.0;0.0
1775;300644;IRSB100008630;-11902.813000000082;0.41097379;0.0;-124.029418392;7512.2755695999995;SOCIETE GENERALE;0.0;0.0;0.0;;;Swap;-11902.813000000082;-4390.5374304000825;0.0025;0.1508916133585152;0.0;0.0
1776;300644;IRSB100008770;-8755.120000001043;0.45481013;0.0;-506.278067112;27724.606665925;NATIXIS;0.0;0.0;0.0;;;Swap;-8755.120000001043;18969.486665923956;0.0025;-0.9903355832541549;0.0;0.0
1777;300644;IRSB100008780;-17651.119999997318;0.46850961300000005;0.0;-537.186009715;28557.245028474994;NATIXIS;0.0;0.0;0.0;;;Swap;-17651.119999997318;10906.125028477676;0.0025;-0.29178005333774537;0.0;0.0
1778;300644;IRSB100008821;-478.7939999997616;0.063018093;0.0;-1.707579499;644.9189675250001;BNP PARIBAS;0.0;0.0;0.0;;;Swap;-478.7939999997616;166.1249675252385;0.0025;-0.026132426664774763;0.0;0.0
1779;300644;IRSB100008858;-7353.529999997467;0.53152449;0.0;-691.202999053;32406.063470775;NATIXIS;0.0;0.0;0.0;;;Swap;-7353.529999997467;25052.533470777533;0.0025;-1.8176712309188432;0.0;0.0
1780;300644;IRSB100009066;1310.300000000745;0.123294099;0.0;-44.225275571;8804.201220449999;CREDIT AGRICOLE CORPORATE AND INVESTMENT BANK;0.0;0.0;0.0;;;Swap;1310.300000000745;10114.501220450744;0.0025;0.967132674421335;0.0;0.0
1781;300644;IRSB100009071;2502.640000000596;0.27398381;0.0;-220.626049565;19992.414519525002;CREDIT AGRICOLE CORPORATE AND INVESTMENT BANK;0.0;0.0;0.0;;;Swap;2502.640000000596;22495.054519525598;0.0025;2.4781046200716124;0.0;0.0
1782;300644;IRSB100009075;-511.5300000011921;0.024658228;0.0;-1.2539434980000002;1197.42711485;CREDIT AGRICOLE CORPORATE AND INVESTMENT BANK;0.0;0.0;0.0;;;Swap;-511.5300000011921;685.8971148488079;0.0025;-0.03662421855886014;0.0;0.0
1783;300644;IRSB100009088;609.5960000008345;0.276723523;0.0;-74.998855336;6729.747613924999;CREDIT AGRICOLE CORPORATE AND INVESTMENT BANK;0.0;0.0;0.0;;;Swap;609.5960000008345;7339.343613925834;0.0025;3.35267560325601;0.0;0.0
1784;300644;IRSB100009103;1018.730000000447;0.27946290900000004;0.0;-191.20764853400001;16993.310744424998;BNP PARIBAS;0.0;0.0;0.0;;;Swap;1018.730000000447;18012.040744425445;0.0025;4.971962510613358;0.0;0.0
1785;300644;IRSB100009104;-395.3700000010431;0.030137338;0.0;-1.2100492809999999;985.2483524999999;CREDIT AGRICOLE CORPORATE AND INVESTMENT BANK;0.0;0.0;0.0;;;Swap;-395.3700000010431;589.8783524989568;0.0025;-0.046374117798057585;0.0;0.0
1786;300644;IRSB100009109;-260.6800000015646;0.030137338;0.0;-0.937895977;764.7668927999999;CREDIT AGRICOLE CORPORATE AND INVESTMENT BANK;0.0;0.0;0.0;;;Swap;-260.6800000015646;504.0868927984353;0.0025;-0.05980745067721577;0.0;0.0
1787;300644;IRSB100009143;-611.6899999994785;0.06849716900000001;0.0;-5.8156003720000005;2043.9833104000002;BNP PARIBAS;0.0;0.0;0.0;;;Swap;-611.6899999994785;1432.2933104005217;0.0025;-0.16917687240530466;0.0;0.0
1788;300644;IRSB100009162;-308.06300000008196;0.156172069;0.0;-11.883696786000002;1875.1377109250002;BNP PARIBAS;0.0;0.0;0.0;;;Swap;-308.06300000008196;1567.0747109249182;0.0025;-0.8081554735087931;0.0;0.0
1789;300644;IRSB100009163;-9106.859999999404;0.7342692200000001;0.0;-1053.507526942;35788.05118595;CREDIT AGRICOLE CORPORATE AND INVESTMENT BANK;0.0;0.0;0.0;;;Swap;-9106.859999999404;26681.191185950593;0.0025;-2.1564541726202773;0.0;0.0
1790;300644;IRSB100009168;-7653.298000000417;0.830164168;0.0;-672.396651589;20205.367774799997;CREDIT AGRICOLE CORPORATE AND INVESTMENT BANK;0.0;0.0;0.0;;;Swap;-7653.298000000417;12552.06977479958;0.0025;-1.3645406746126123;0.0;0.0
1791;300644;IRSB100009187;-614.7459999993443;0.082196615;0.0;-6.496848282;1913.1637094000002;JP MORGAN SE;0.0;0.0;0.0;;;Swap;-614.7459999993443;1298.417709400656;0.0025;-0.1819951382680248;0.0;0.0
1792;300644;IRSB100009195;-2793.339999999851;0.084935974;0.0;-20.768193406;5944.4485091;SOCIETE GENERALE;0.0;0.0;0.0;;;Swap;-2793.339999999851;3151.1085091001487;0.0025;-0.10091839977024103;0.0;0.0
1793;300644;IRSB100009204;-24090.320000000298;0.6657745049999999;0.0;-1300.488568733;48710.79432565;NATIXIS;0.0;0.0;0.0;;;Swap;-24090.320000000298;24620.474325649702;0.0025;-0.6827139662905011;0.0;0.0
1794;300644;IRSB100009211;-4595.680000001565;0.33699877100000003;0.0;-166.991300577;12322.912665675001;CREDIT AGRICOLE CORPORATE AND INVESTMENT BANK;0.0;0.0;0.0;;;Swap;-4595.680000001565;7727.232665673437;0.0025;-0.5711318444879787;0.0;0.0
1795;300644;IRSB100009221;-2752.429999999702;0.34795853499999996;0.0;-237.38260644300001;16964.952345399997;NATIXIS;0.0;0.0;0.0;;;Swap;-2752.429999999702;14212.522345400295;0.0025;-1.8078572473967762;0.0;0.0
1796;300644;IRSB100009226;-3795.210000000894;0.7561890689999999;0.0;-1954.9128150899999;64480.472705500004;CREDIT AGRICOLE CORPORATE AND INVESTMENT BANK;0.0;0.0;0.0;;;Swap;-3795.210000000894;60685.26270549911;0.0025;-12.11988232538374;0.0;0.0
1797;300644;IRSB100009231;9436.910000000149;0.753449671;0.0;-1386.505958228;45895.4973107;NATIXIS;0.0;0.0;0.0;;;Swap;9436.910000000149;55332.407310700146;0.0025;4.427961981652618;0.0;0.0
1798;300644;IRSB100009239;3243.810000002384;0.282202622;0.0;-234.03759284699998;20599.731285525002;NATIXIS;0.0;0.0;0.0;;;Swap;3243.810000002384;23843.541285527386;0.0025;2.0861262951240707;0.0;0.0
1799;300644;IRSB100009245;4518.580000001937;0.6054990330000001;0.0;-717.838246341;29555.75466875;CREDIT AGRICOLE CORPORATE AND INVESTMENT BANK;0.0;0.0;0.0;;;Swap;4518.580000001937;34074.33466875194;0.0025;4.578007601084746;0.0;0.0
1800;300644;IRSB100009252;3262.210000000894;0.698652458;0.0;-1192.967461412;42584.120150275;SOCIETE GENERALE;0.0;0.0;0.0;;;Swap;3262.210000000894;45846.33015027589;0.0025;9.842198511587517;0.0;0.0
1801;300644;IRSB100009258;7784.60000000149;0.868521273;0.0;-2206.499413653;63383.215970050005;CREDIT AGRICOLE CORPORATE AND INVESTMENT BANK;0.0;0.0;0.0;;;Swap;7784.60000000149;71167.8159700515;0.0025;7.956511114362744;0.0;0.0
1802;300644;IRSB100009288;-17.871999999973923;0.12055437999999999;0.0;-5.642350797;1146.8347801999998;CREDIT AGRICOLE CORPORATE AND INVESTMENT BANK;0.0;0.0;0.0;;;Swap;-17.871999999973923;1128.962780200026;0.0025;-7.7721336557400615;0.0;0.0
1803;300644;IRSB100009319;-384.81000000052154;0.627417398;0.0;-577.787054581;22961.158151775;CREDIT AGRICOLE CORPORATE AND INVESTMENT BANK;0.0;0.0;0.0;;;Swap;-384.81000000052154;22576.348151774477;0.0025;-36.90876321287619;0.0;0.0
1804;300644;IRSB100009346;-11320.35000000149;0.895918679;0.0;-1955.495360156;54460.635550525;CREDIT AGRICOLE CORPORATE AND INVESTMENT BANK;0.0;0.0;0.0;;;Swap;-11320.35000000149;43140.28555052351;0.0025;-3.420614620116245;0.0;0.0
1805;300644;IRSB100009375;-419.7400000002235;0.408234076;0.0;-163.45089568999998;9966.206344899998;NATIXIS;0.0;0.0;0.0;;;Swap;-419.7400000002235;9546.466344899774;0.0025;-9.326595849095929;0.0;0.0
1806;300644;IRSB100009384;-1282.469999998808;0.408234076;0.0;-326.93271633800003;19934.346143925002;NATIXIS;0.0;0.0;0.0;;;Swap;-1282.469999998808;18651.876143926194;0.0025;-5.9644557983580855;0.0;0.0
1807;300644;IRSB100009392;286.35500000044703;0.663034805;0.0;-430.048938701;16174.109561075;NATIXIS;0.0;0.0;0.0;;;Swap;286.35500000044703;16460.464561075445;0.0025;38.20922112093932;0.0;0.0
1808;300644;IRSB100009413;731.9000000003725;0.6054990370000001;0.0;-538.475428242;22170.84105615;NATIXIS;0.0;0.0;0.0;;;Swap;731.9000000003725;22902.74105615037;0.0025;18.99948256700307;0.0;0.0
1809;300644;IRSB100009427;998.0500000007451;0.5205659109999999;0.0;-332.02855171;15890.550964524999;NATIXIS;0.0;0.0;0.0;;;Swap;998.0500000007451;16888.600964525744;0.0025;8.838175192942098;0.0;0.0
1810;300644;IRSB100009437;-20067.159999996424;0.945235455;0.0;-1739.547136671;45923.80179525;NOMURA FINANCIAL PRODUCTS EUROPE GMBH;0.0;0.0;0.0;;;Swap;-20067.159999996424;25856.641795253578;0.0025;-1.2196874787828238;0.0;0.0
1811;300644;IRSB100009458;-311.5920000001788;0.328779958;0.0;-95.416996266;7214.039047200001;BNP PARIBAS;0.0;0.0;0.0;;;Swap;-311.5920000001788;6902.447047199822;0.0025;-7.326553625093939;0.0;0.0
1812;300644;IRSB100009466;107.25900000007823;0.504127031;0.0;-99.67568785200001;4925.693223474999;NATIXIS;0.0;0.0;0.0;;;Swap;107.25900000007823;5032.9522234750775;0.0025;23.737238885421718;0.0;0.0
1813;300644;IRSB100009470;2666.6949795;-3331.664796106;0.0;-679.651765952;28763.29157905;BNP PARIBAS;0.0;0.0;0.0;;;Swap;2666.6949795;31429.98655855;0.0025;24424.682655579894;0.0;0.0
1814;300644;SECL100006671;0.0;0.002739726;0.244368219;0.0;9.77472876;;0.0;0.0;0.0;;SECL100006671;Bond;0.0;9.77472876;0.002;;0.002;
1815;300644;XS2812505829;25842325.28;0.005851474;0.067759734;-9.016565272;-7458.128365250001;;0.0;0.0;25842325.28;8.0;XS2812505829;Bond;25842325.28;25834867.151634753;0.0025;0.005860282271550459;0.004;0.06779205580169585
1816;300644;XS2823899161;19941415.81;0.119323639;0.119323639;260.6979743;-15625.328556499999;;0.0;0.0;19941415.81;8.0;XS2823899161;Bond;19941415.81;19925790.4814435;0.0025;0.11903240450616927;0.004;0.11885766380987083
1817;300644;XS2840087667;20571740.57;0.01093343;0.181640205;-59.05302913;-15667.02929375;;0.0;0.0;20571740.57;8.0;XS2840087667;Bond;20571740.57;20556073.54070625;0.0025;0.011005493595314074;0.004;0.18188700124922602
1818;300644;XS2841263358;25710917.71;0.01080062;0.189877338;-81.23302031;-20417.67836525;;0.0;0.0;25710917.71;8.0;XS2841263358;Bond;25710917.71;25690500.03163475;0.0025;0.010879898526545464;0.004;0.19014793064284707
1819;300644;XS2843279691;10281353.38;0.011511337;0.195321437;-34.2533113;-8408.29065775;;0.0;0.0;10281353.38;8.0;XS2843279691;Bond;10281353.38;10272945.089342251;0.0025;0.011594958166267879;0.004;0.19560730267751747
1820;300644;XS2845159602;14930051.58;0.200934163;0.200934163;353.5305049;-19674.944692;;0.0;0.0;14930051.58;8.0;XS2845159602;Bond;14930051.58;14910376.635308;0.0025;0.20044312130792838;0.004;0.2001484962926854
1821;300644;XS2865535673;25616331.09;0.01549297;0.290416272;-192.9718607;-31029.962616;;0.0;0.0;25616331.09;8.0;XS2865535673;Bond;25616331.09;25585301.127384;0.0025;0.01568189902172855;0.004;0.2910549647504575
1822;300644;XS2895045164;20402546.53;0.019937579;0.407332841;-306.8679533;-34555.3761245;;0.0;0.0;20402546.53;8.0;XS2895045164;Bond;20402546.53;20367991.1538755;0.0025;0.0203145894977692;0.004;0.40859814794163374
1823;300644;XS2903381072;24744358.58;0.448169426;0.448169426;1581.379166;-72707.738545;;0.0;0.0;24744358.58;8.0;XS2903381072;Bond;24744358.58;24671650.841454998;0.0025;0.44707384871562283;0.004;0.4464165023449965
1824;300644;XS2906220855;24719620.04;0.461077283;0.461077283;1638.385816;-74836.109985;;0.0;0.0;24719620.04;8.0;XS2906220855;Bond;24719620.04;24644783.930014998;0.0025;0.4599517945995783;0.004;0.4592765015593253
1825;300644;XS2908892438;12723313.31;0.026961676;0.559664749;-362.9414547;-29580.9201495;;0.0;0.0;12723313.31;8.0;XS2908892438;Bond;12723313.31;12693732.389850501;0.0025;0.027676635901086506;0.004;0.5620586756389404
1826;300644;XS2914666057;20330684.1;0.023259272;0.502537065;-469.13744;-42400.565517;;0.0;0.0;20330684.1;8.0;XS2914666057;Bond;20330684.1;20288283.534483;0.0025;0.023837507974448276;0.004;0.5044702525909766
1827;300644;XS2920487852;24700378.23;0.524188418;0.524188418;1944.671618;-84894.86161;;0.0;0.0;24700378.23;8.0;XS2920487852;Bond;24700378.23;24615483.36839;0.0025;0.52290709077247;0.004;0.5221382944359519
1828;300644;XS2924143154;20293346.23;0.024579909;0.540072255;-543.2399419;-45503.195736;;0.0;0.0;20293346.23;8.0;XS2924143154;Bond;20293346.23;20247843.034264002;0.0025;0.02525065349272404;0.004;0.5423097416631358
1829;300644;XS2932960730;15207482.65;0.02583485;0.578654662;-467.5533294;-36480.22188575;;0.0;0.0;15207482.65;8.0;XS2932960730;Bond;15207482.65;15171002.42811425;0.0025;0.026605142407374327;0.004;0.5812238249653182
1830;300644;XS2942506978;15185866.24;0.027033793;0.616680088;-531.5432094;-38803.771487750004;;0.0;0.0;15185866.24;8.0;XS2942506978;Bond;15185866.24;15147062.46851225;0.0025;0.027910682443636627;0.004;0.6196013651297054
1831;300644;XS2974163672;29810102.88;0.268722731;0.268722731;998.0441806;-52555.61974;;0.0;0.0;29810102.88;8.0;XS2974163672;Bond;29810102.88;29757547.260259997;0.0025;0.2680662591416307;0.004;0.26767237602660904
1832;300644;XS2976487483;24985596.53;0.021653326;0.021653326;53.88856028;-3559.5918345;;0.0;0.0;24985596.53;8.0;XS2976487483;Bond;24985596.53;24982036.9381655;0.0025;0.021600578540848844;0.004;0.021568930065358146
1833;300644;XS2976509716;9934495.224;0.271282887;0.271282887;336.3167078;-16330.677078;;0.0;0.0;9934495.224;8.0;XS2976509716;Bond;9934495.224;9918164.546922;0.0025;0.2706205373395837;0.0035;0.2703555974754172
1834;300644;XS2977963219;37252086.68;0.274000379;0.274000379;1276.534337;-61848.66996;;0.0;0.0;37252086.68;8.0;XS2977963219;Bond;37252086.68;37190238.01004;0.0025;0.2733313830549488;0.0035;0.2730637846769283
1835;300644;XS2985295562;12979533.05;0.059555628;0.059555628;79.93655515;-5085.13212545;;0.0;0.0;12979533.05;8.0;XS2985295562;Bond;12979533.05;12974447.91787455;0.0025;0.05941052863557706;0.004;0.05932346901692329
1836;300644;XS2989343293;19665989.56;0.725014897;0.725014897;2427.537482;-93507.73939;;0.0;0.0;19665989.56;8.0;XS2989343293;Bond;19665989.56;19572481.820609998;0.0025;0.7232430545238715;0.004;0.7221799490381944
1837;300644;XS2993382667;29537717.32;0.656870845;0.656870845;3170.429019;-127295.422865;;0.0;0.0;29537717.32;8.0;XS2993382667;Bond;29537717.32;29410421.897135;0.0025;0.6552661698498623;0.004;0.6543033647597796
1838;300644;XS2994493786;14877923.02;0.330814863;0.330814863;643.2792632;-32323.816316999997;;0.0;0.0;14877923.02;8.0;XS2994493786;Bond;14877923.02;14845599.203683;0.0025;0.33000752997371563;0.004;0.329523130157945
1839;300644;XS2996733593;7482989.982;0.086647065;0.086647065;68.82067416;-4264.2792231;;0.0;0.0;7482989.982;8.0;XS2996733593;Bond;7482989.982;7478725.7027769;0.0025;0.08643591056994594;0.004;0.08630921791191351
1840;300644;XS2996858960;19831140.79;0.341623072;0.341623072;892.7046657;-112956.004689;;0.0;0.0;19831140.79;8.0;XS2996858960;Bond;19831140.79;19718184.785311;0.0025;0.34078945541710554;0.014;0.33695481913579073
1841;300644;XS2997427682;34387770.32;0.746444094;0.746444094;4424.249638;-168405.86151999998;;0.0;0.0;34387770.32;8.0;XS2997427682;Bond;34387770.32;34219364.45848;0.0025;0.7446205997719095;0.004;0.7435265032350553
1842;300644;XS2998732262;24564296.4;0.743730827;0.743730827;3143.942495;-119860.30653999999;;0.0;0.0;24564296.4;8.0;XS2998732262;Bond;24564296.4;24444436.093459997;0.0025;0.7419139584002512;0.004;0.7408238372404019
1843;300644;XS2999542348;29793045.78;0.276494834;0.276494834;1031.646168;-54117.2310965;;0.0;0.0;29793045.78;8.0;XS2999542348;Bond;29793045.78;29738928.548903503;0.0025;0.2758202804928624;0.004;0.2754155483885798
1844;300644;XS2999676203;19723973.94;0.597370517;0.597370517;1855.612575;-77274.747225;;0.0;0.0;19723973.94;8.0;XS2999676203;Bond;19723973.94;19646699.192775;0.0025;0.5959106697835472;0.004;0.5950347614536755
1845;300644;XS3002279886;24596871.17;0.689484831;0.689484831;2826.597373;-111258.724135;;0.0;0.0;24596871.17;8.0;XS3002279886;Bond;24596871.17;24485612.445865;0.0025;0.6878003806225256;0.004;0.686789710396041
1846;300644;XS3002353103;14955820.73;0.113754011;0.113754011;185.2338782;-11186.134414;;0.0;0.0;14955820.73;8.0;XS3002353103;Bond;14955820.73;14944634.595586;0.0025;0.11347672584371903;0.004;0.11331035474995044
1847;300644;XS3003206359;29416544.82;0.858355755;0.858355755;4636.453687;-165538.58372999998;;0.0;0.0;29416544.82;8.0;XS3003206359;Bond;29416544.82;29251006.23627;0.0025;0.8562573462716;0.004;0.85499830103456
1848;300644;XS3005193340;3987950.084;0.116465203;0.116465203;50.69658471;-2818.8797856;;0.0;0.0;3987950.084;8.0;XS3005193340;Bond;3987950.084;3985131.2042143997;0.0025;0.11618130230521226;0.0035;0.11606774202729715
1849;300644;XS3006178597;14781468.44;0.618826131;0.618826131;1459.81342;-60016.811595;;0.0;0.0;14781468.44;8.0;XS3006178597;Bond;14781468.44;14721451.628405;0.0025;0.6173145028980728;0.004;0.6164075260369164
1850;300644;XS3010368689;9985063.381;0.059634466;0.059634466;61.65752353;-3911.9563379;;0.0;0.0;9985063.381;8.0;XS3010368689;Bond;9985063.381;9981151.424662098;0.0025;0.05948898228186514;0.004;0.059401692050984216
1851;300644;XS3015128211;9901909.58;0.401370884;0.401370884;547.5359943;-24090.125225999996;;0.0;0.0;9901909.58;8.0;XS3015128211;Bond;9901909.58;9877819.454774;0.0025;0.40039123046084296;0.0035;0.39999936904518013
1852;300644;XS3020856848;12347174.8;0.512841631;0.512841631;943.2888082;-41557.545861;;0.0;0.0;12347174.8;8.0;XS3020856848;Bond;12347174.8;12305617.254139;0.0025;0.5115892189142488;0.004;0.510837771662798
1853;300644;XS3020942176;14789258.41;0.597124585;0.597124585;1390.213861;-57941.4781335;;0.0;0.0;14789258.41;8.0;XS3020942176;Bond;14789258.41;14731316.9318665;0.0025;0.5956659395811443;0.004;0.5947907523298309
1854;300644;XS3033735351;24961254.59;0.05957961;0.05957961;153.8517092;-9027.08385;;0.0;0.0;24961254.59;8.0;XS3033735351;Bond;24961254.59;24952227.50615;0.0025;0.05943439380360251;0.0035;0.059376307325043516
1855;300644;XS3038488436;9774966.69;0.971942541;0.971942541;1851.986797;-62318.76024399999;;0.0;0.0;9774966.69;8.0;XS3038488436;Bond;9774966.69;9712647.929755999;0.0025;0.969567666494122;0.004;0.9681427417905951
1856;300644;XS3041239669;12480474.99;0.059567713;0.059567713;76.8942271;-4513.4868456;;0.0;0.0;12480474.99;8.0;XS3041239669;Bond;12480474.99;12475961.5031544;0.0025;0.059422554733384404;0.0035;0.059364491426738164
1857;300644;XS3041246524;9989344.699;0.040614092;0.040614092;41.19365959;-2463.1260899999997;;0.0;0.0;9989344.699;8.0;XS3041246524;Bond;9989344.699;9986881.57291;0.0025;0.040515121762438676;0.0035;0.04047553366741415
1858;300644;XS3041382113;9969173.101;0.119173441;0.119173441;130.0010322;-7210.579997999999;;0.0;0.0;9969173.101;8.0;XS3041382113;Bond;9969173.101;9961962.521002;0.0025;0.11888293921188471;0.0035;0.1187667384966386
1859;300645;BE6356749489;5993296.55;0.043340519;0.043340519;26.4558575;-1707.6790172;;0.0;0.0;5993296.55;8.0;BE6356749489;Bond;5993296.55;5991588.8709828;0.0025;0.04323485896752535;0.004;0.04317146294804056
1860;300645;CSH_EUR_DB;88199996.88;0.0;0.0;0.0;0.0;;0.0;0.0;88199996.88;;;Cash;88199996.88;88199996.88;0.0;0.0;0.0;0.0
1861;300645;DE000A2AAL31;3965976.438;0.916584842;0.916584842;687.7563585;-22361.587698000003;;0.0;0.0;3965976.438;7.0;DE000A2AAL31;Bond;3965976.438;3943614.850302;0.0025;0.9143498081505492;0.0035;0.9134557946107689
1862;300645;DE000CZ450R9;9787332.945;0.884312588;0.884312588;1610.580691;-56820.1602995;;0.0;0.0;9787332.945;8.0;DE000CZ450R9;Bond;9787332.945;9730512.7847005;0.0025;0.8821536681688542;0.004;0.8808583162701666
1863;300645;DE000CZ451J4;9842805.669;0.653786181;0.653786181;1049.174714;-42243.164600000004;;0.0;0.0;9842805.669;8.0;DE000CZ451J4;Bond;9842805.669;9800562.5044;0.0025;0.6521899455817217;0.004;0.6512322043307548
1864;300645;DE000CZ452E3;9775716.815;0.933139022;0.933139022;1742.029587;-59886.309034499995;;0.0;0.0;9775716.815;8.0;DE000CZ452E3;Bond;9775716.815;9715830.5059655;0.0025;0.9308609011401731;0.004;0.9294940286242768
1865;300645;ES0000012C12;0.0;0.0;0.0;0.0;0.0;;0.0;0.0;0.0;;;Bond;0.0;0.0;0.0;;0.0;
1866;300645;FR0012949923;6636530.548;0.434901664;0.434901664;406.6019238;-17236.79715;;0.0;0.0;6636530.548;6.0;FR0012949923;Bond;6636530.548;6619293.75085;0.0025;0.4338428315908311;0.0035;0.43341929862716355
1867;300645;FR0013015559;1504461.123;0.521928534;0.521928534;117.3031972;-4847.2500846;;0.0;0.0;1504461.123;5.0;FR0013015559;Bond;1504461.123;1499613.8729154;0.0025;0.5206603014471419;0.0035;0.5201530084259987
1868;300645;FR0013218393;3376098.466;0.614895225;0.614895225;329.3452913;-13467.395526;;0.0;0.0;3376098.466;4.0;FR0013218393;Bond;3376098.466;3362631.070474;0.0025;0.61340166435394;0.004;0.6125055279663039
1869;300645;FR0013518081;2517973.288;0.20456507;0.20456507;60.48470314;-3062.9592869999997;;0.0;0.0;2517973.288;6.0;FR0013518081;Bond;2517973.288;2514910.3287130003;0.0025;0.2040691575350901;0.0035;0.20387079254912616
1870;300645;FR001400KI02;1537060.685;0.338855988;0.338855988;68.70733294;-3208.8773754000003;;0.0;0.0;1537060.685;6.0;FR001400KI02;Bond;1537060.685;1533851.8076246001;0.0025;0.33802553473563257;0.0035;0.3376933534298856
1871;300645;FR0128539220;5177906.666;0.003926711;0.027094661;-0.221600516;-618.2721787749999;;0.0;0.0;5177906.666;8.0;FR0128539220;Bond;5177906.666;5177288.3938212255;0.0025;0.003927819480587769;0.004;0.02709930937532214
1872;300645;FR0128540327;7246266.782;0.00404975;0.029829673;-0.398152622;-946.886491875;;0.0;0.0;7246266.782;8.0;FR0128540327;Bond;7246266.782;7245319.8955081245;0.0025;0.004051164648591134;0.004;0.02983543007341071
1873;300645;FR0128580331;15506325.57;0.005852417;0.067803606;-5.410338844;-4475.182095;;0.0;0.0;15506325.57;8.0;FR0128580331;Bond;15506325.57;15501850.387905;0.0025;0.005861225420152892;0.004;0.06783595178505207
1874;300645;FR0128585413;8265639.013;0.006484781;0.081379407;-4.306457413;-2851.4725008;;0.0;0.0;8265639.013;8.0;FR0128585413;Bond;8265639.013;8262787.5404992;0.0025;0.0064979113108848;0.004;0.08142673771941189
1875;300645;FR0128607365;4130516.715;0.006865703;0.094948132;-3.016928929;-1655.205036625;;0.0;0.0;4130516.715;8.0;FR0128607365;Bond;4130516.715;4128861.509963375;0.0025;0.006884080841791208;0.004;0.09501340858643635
1876;300645;FR0128614551;6175223.787;0.010868672;0.179106461;-17.16610853;-4075.9465390749997;;0.0;0.0;6175223.787;8.0;FR0128614551;Bond;6175223.787;6171147.840460924;0.0025;0.010938463216591261;0.0035;0.17931603219042092
1877;300645;FR0128615376;5139621.025;0.012545517;0.217123169;-21.27049648;-4103.920987425;;0.0;0.0;5139621.025;8.0;FR0128615376;Bond;5139621.025;5135517.104012575;0.0025;0.012649373825580183;0.0035;0.21743301633763157
1878;300645;FR0128637131;10295677.0;0.006592305;0.095043094;-7.572076299;-4118.70740055;;0.0;0.0;10295677.0;8.0;FR0128637131;Bond;10295677.0;10291558.29259945;0.0025;0.006610800189174219;0.004;0.09510864522760626
1879;300645;FR0128637602;12354721.24;0.010066195;0.171001381;-31.34175586;-8840.74752075;;0.0;0.0;12354721.24;8.0;FR0128637602;Bond;12354721.24;12345880.49247925;0.0025;0.010129868925773475;0.004;0.1712198198573261
1880;300645;FR0128656842;7141239.111;0.019669473;0.401919881;-104.5355802;-11933.66391575;;0.0;0.0;7141239.111;8.0;FR0128656842;Bond;7141239.111;7129305.44708425;0.0025;0.020036397649429234;0.004;0.40315157124938655
1881;300645;FR0128662154;3979881.4;0.200574557;0.200574557;93.90307643;-5244.7204199;;0.0;0.0;3979881.4;8.0;FR0128662154;Bond;3979881.4;3974636.6795801;0.0025;0.20008527136011164;0.004;0.19979169997617865
1882;300645;FR0128693506;5125030.222;0.014921122;0.276757805;-35.00955081;-5919.9789112;;0.0;0.0;5125030.222;8.0;FR0128693506;Bond;5125030.222;5119110.2430888;0.0025;0.015092455889268983;0.004;0.2773374281938171
1883;300645;FR0128714401;4964808.153;0.287465234;0.287465234;180.3653837;-9371.925523999998;;0.0;0.0;4964808.153;8.0;FR0128714401;Bond;4964808.153;4955436.227476;0.0025;0.286763605350457;0.004;0.28634262816073114
1884;300645;FR0128716844;7172822.779;0.013592656;0.252444382;-40.63886117;-7554.128041474999;;0.0;0.0;7172822.779;8.0;FR0128716844;Bond;7172822.779;7165268.650958525;0.0025;0.013734759700708182;0.004;0.25292592154395804
1885;300645;FR0128719442;10243012.38;0.016336401;0.309516876;-87.812424;-13215.0845935;;0.0;0.0;10243012.38;8.0;FR0128719442;Bond;10243012.38;10229797.295406502;0.0025;0.01655139094679378;0.004;0.31024299518899473
1886;300645;FR0128730498;3071460.768;0.013389212;0.252439458;-17.43338807;-3233.17659695;;0.0;0.0;3071460.768;8.0;FR0128730498;Bond;3071460.768;3068227.5914030503;0.0025;0.01353155836036961;0.004;0.2529213978124208
1887;300645;FR0128767771;9975152.88;0.100319842;0.100319842;107.716458;-4550.3094645;;0.0;0.0;9975152.88;8.0;FR0128767771;Bond;9975152.88;9970602.570535501;0.0025;0.10007504025411856;0.002;0.10012400060329486
1888;300645;FR0128768654;10221857.94;0.017928463;0.352895291;-114.7542505;-15020.802419000001;;0.0;0.0;10221857.94;8.0;FR0128768654;Bond;10221857.94;10206837.137581;0.0025;0.018209925558313907;0.004;0.3538424857198
1889;300645;FR0128789924;7141906.68;0.016346508;0.333936278;-72.00021912;-9918.7619585;;0.0;0.0;7141906.68;8.0;FR0128789924;Bond;7141906.68;7131987.918041499;0.0025;0.016599210324623713;0.004;0.33478558663716074
1890;300645;FR0128805639;8158329.659;0.015710955;0.342005843;-86.90314246;-11585.63827675;;0.0;0.0;8158329.659;8.0;FR0128805639;Bond;8158329.659;8146744.02072325;0.0025;0.015977873969637117;0.004;0.3428997980015759
1891;300645;FR0128807213;3958933.576;0.428689597;0.428689597;238.5265718;-10282.380906;;0.0;0.0;3958933.576;8.0;FR0128807213;Bond;3958933.576;3948651.195094;0.0025;0.42764277872399103;0.0035;0.4272240514135875
1892;300645;FR0128816420;7986978.61;0.059503631;0.059503631;49.10324591;-2888.4415793999997;;0.0;0.0;7986978.61;8.0;FR0128816420;Bond;7986978.61;7984090.168420601;0.0025;0.05935878489189046;0.0035;0.05930084644864665
1893;300645;FR0128931484;10119202.83;0.027122063;0.619034103;-357.3844332;-22809.76116475;;0.0;0.0;10119202.83;8.0;FR0128931484;Bond;10119202.83;10096393.06883525;0.0025;0.028006838248982396;0.0035;0.62161142499889
1894;300645;FR0128958198;1398317.458;0.046034866;0.046034866;6.571613476;-390.76268682;;0.0;0.0;1398317.458;8.0;FR0128958198;Bond;1398317.458;1397926.69531318;0.0025;0.045922672578512895;0.0035;0.045877795209918054
1895;300645;FR0128958727;4890454.305;0.075852018;0.075852018;38.99034751;-2250.948831;;0.0;0.0;4890454.305;8.0;FR0128958727;Bond;4890454.305;4888203.356168999;0.0025;0.07566708318430723;0.0035;0.07559310925803012
1896;300645;FR0128961622;11084892.38;0.009191924;0.238430963;-58.10284698;-10944.81670775;;0.0;0.0;11084892.38;8.0;FR0128961622;Bond;11084892.38;11073947.56329225;0.0025;0.009323175849063227;0.004;0.2388680252891023
1897;300645;FR0129024883;2797144.582;0.037881845;0.037881845;10.72310685;-643.7264244;;0.0;0.0;2797144.582;8.0;FR0129024883;Bond;2797144.582;2796500.8555755997;0.0025;0.03778959282336873;0.0035;0.03775269195271623
1898;300645;FR0129025716;4976816.331;0.175967343;0.175967343;100.7607386;-5317.6941612;;0.0;0.0;4976816.331;8.0;FR0129025716;Bond;4976816.331;4971498.6368388;0.0025;0.17553860368601099;0.0035;0.1753671079604154
1899;300645;FR0129025963;3097982.439;0.024357366;0.024357366;7.535700286;-458.33164853999995;;0.0;0.0;3097982.439;8.0;FR0129025963;Bond;3097982.439;3097524.1073514596;0.0025;0.02429803784907794;0.0035;0.02427430658870912
1900;300645;FR0129026458;4972205.372;0.211163332;0.211163332;124.4989223;-6375.3208620000005;;0.0;0.0;4972205.372;8.0;FR0129026458;Bond;4972205.372;4965830.051138001;0.0025;0.21064883252557878;0.0035;0.21044303273581028
1901;300645;FR0129052918;2999157.042;0.01083361;0.01083361;3.203221022;-197.20484657999998;;0.0;0.0;2999157.042;8.0;FR0129052918;Bond;2999157.042;2998959.83715342;0.0025;0.0108072024066371;0.0035;0.010796639369291943
1902;300645;FR0129066082;5981162.998;0.124671714;0.124671714;82.05209845;-4522.7424312;;0.0;0.0;5981162.998;8.0;FR0129066082;Bond;5981162.998;5976640.2555688;0.0025;0.12436761112263384;0.0035;0.12424596997168737
1903;300645;FR0129080679;3493896.819;0.064944026;0.064944026;23.57808115;-1493.2819278;;0.0;0.0;3493896.819;8.0;FR0129080679;Bond;3493896.819;3492403.5370722003;0.0025;0.0647858612618125;0.004;0.0646909624189
1904;300645;FR0129083459;4952029.829;0.401582911;0.401582911;274.1168237;-13051.651223;;0.0;0.0;4952029.829;8.0;FR0129083459;Bond;4952029.829;4938978.177777;0.0025;0.4006022221584509;0.004;0.4000138088535215
1905;300645;FR0129084226;10024274.79;0.013258864;0.409728569;-158.4229636;-16920.391251250003;;0.0;0.0;10024274.79;8.0;FR0129084226;Bond;10024274.79;10007354.39874875;0.0025;0.013654401809821075;0.004;0.41103223630683455
1906;300645;FR0129101509;5008072.335;0.028047159;0.765411127;-275.2238437;-15828.15713625;;0.0;0.0;5008072.335;8.0;FR0129101509;Bond;5008072.335;4992244.17786375;0.0025;0.029423026708331888;0.004;0.7699527855341608
1907;300645;FR0129102085;5008321.99;0.03690773;0.934110306;-407.5932036;-19342.80231175;;0.0;0.0;5008321.99;8.0;FR0129102085;Bond;5008321.99;4988979.18768825;0.0025;0.03894571511900467;0.004;0.9408558817233741
1908;300645;FR0129102465;1998455.718;0.029792798;0.029792798;5.982712104;-361.36459560000003;;0.0;0.0;1998455.718;8.0;FR0129102465;Bond;1998455.718;1998094.3534044002;0.0025;0.029720175337394593;0.0035;0.02969112627235243
1909;300645;FR0129106086;2496953.862;0.046018628;0.046018628;11.72655306;-755.92712845;;0.0;0.0;2496953.862;8.0;FR0129106086;Bond;2496953.862;2496197.93487155;0.0025;0.04590651369760329;0.004;0.045839245116165266
1910;300645;FR0129106409;9984227.633;0.059552841;0.059552841;61.48371812;-3911.6289082000003;;0.0;0.0;9984227.633;8.0;FR0129106409;Bond;9984227.633;9980316.0040918;0.0025;0.05940775523795333;0.004;0.059320703780725334
1911;300645;FR0129107423;5941592.973;0.390336451;0.390336451;316.8466822;-14064.48309;;0.0;0.0;5941592.973;8.0;FR0129107423;Bond;5941592.973;5927528.48991;0.0025;0.3893841850817154;0.0035;0.3890032787144016
1912;300645;FR0129108918;4968664.291;0.238237739;0.238237739;143.5674857;-7187.547246;;0.0;0.0;4968664.291;8.0;FR0129108918;Bond;4968664.291;4961476.743754;0.0025;0.2376572674608939;0.0035;0.23742507884525146
1913;300645;FR0129109825;7001743.993;0.038593326;0.991460683;-642.5413623;-28682.52744325;;0.0;0.0;7001743.993;8.0;FR0129109825;Bond;7001743.993;6973061.46555675;0.0025;0.040891268605691436;0.004;0.9990634105335986
1914;300645;FR0129110146;6900902.064;0.577648235;0.577648235;619.4521894;-24276.049998;;0.0;0.0;6900902.064;8.0;FR0129110146;Bond;6900902.064;6876626.014002;0.0025;0.5762383300977094;0.0035;0.5756743681367932
1915;300645;IRSB100008097;-14389.295999998227;0.005479452;0.0;-0.0009746870000000001;0.09856272500000651;NATIXIS;0.0;0.0;0.0;;;Swap;-14389.295999998227;-14389.197437273227;0.0025;0.005477833637276705;0.0;0.0
1916;300645;IRSB100008106;-20545.047999998555;0.082196615;0.0;-6.468752135;1906.613051475;SOCIETE GENERALE;0.0;0.0;0.0;;;Swap;-20545.047999998555;-18638.434948523554;0.0025;0.07434208076128263;0.0;0.0
1917;300645;IRSB100008394;-17168.56499999948;0.161651507;0.0;-12.874159628;1965.0367157;BNP PARIBAS;0.0;0.0;0.0;;;Swap;-17168.56499999948;-15203.528284299478;0.0025;0.14297013192475683;0.0;0.0
1918;300645;IRSB100008417;-17216.544999999925;0.161651506;0.0;-15.446285106;2357.29086675;BNP PARIBAS;0.0;0.0;0.0;;;Swap;-17216.544999999925;-14859.254133249926;0.0025;0.139287413506762;0.0;0.0
1919;300645;IRSB100008419;-6077.288000000175;0.046576115;0.0;-0.5908605069999999;311.11894952499995;SOCIETE GENERALE;0.0;0.0;0.0;;;Swap;-6077.288000000175;-5766.169050475175;0.0025;0.04415092904553111;0.0;0.0
1920;300645;IRSB100008433;-29238.368999999017;0.17535076000000002;0.0;-29.827206014;4200.17491935;NATIXIS;0.0;0.0;0.0;;;Swap;-29238.368999999017;-25038.194080649017;0.0025;0.1499241500192497;0.0;0.0
1921;300645;IRSB100008438;-26516.417000000365;0.26302397;0.0;-47.319799845;4466.363196225;BNP PARIBAS;0.0;0.0;0.0;;;Swap;-26516.417000000365;-22050.053803775365;0.0025;0.21858324201038642;0.0;0.0
1922;300645;IRSB100008450;-16214.158999999985;0.293162449;0.0;-42.017803395;3560.0578617250003;SOCIETE GENERALE;0.0;0.0;0.0;;;Swap;-16214.158999999985;-12654.101138274986;0.0025;0.22859164383560499;0.0;0.0
1923;300645;IRSB100008609;-1158.849000000162;0.109594464;0.0;-1.85218175;414.02654455;NATIXIS;0.0;0.0;0.0;;;Swap;-1158.849000000162;-744.8224554501621;0.0025;0.06966713389355145;0.0;0.0
1924;300645;IRSB100008714;-3484.6569999996573;0.161651507;0.0;-11.539484142000001;1760.87699845;CITIBANK EUROPE PUBLIC LIMITED COMPANY;0.0;0.0;0.0;;;Swap;-3484.6569999996573;-1723.7800015496573;0.0025;0.07892903021307505;0.0;0.0
1925;300645;IRSB100008729;-7236.084999999963;0.44933101000000003;0.0;-72.299763192;4006.774594575;BNP PARIBAS;0.0;0.0;0.0;;;Swap;-7236.084999999963;-3229.310405424963;0.0025;0.20004680512586406;0.0;0.0
1926;300645;IRSB100008738;-6616.5759999998845;0.435631503;0.0;-74.29096309900001;4246.60129695;BNP PARIBAS;0.0;0.0;0.0;;;Swap;-6616.5759999998845;-2369.9747030498847;0.0025;0.1554057595185746;0.0;0.0
1927;300645;IRSB100008770;-1751.0240000002086;0.45481013;0.0;-101.255613402;5544.921333175;NATIXIS;0.0;0.0;0.0;;;Swap;-1751.0240000002086;3793.897333174791;0.0025;-0.9903355829628968;0.0;0.0
1928;300645;IRSB100008782;-2782.1389999999665;0.523305638;0.0;-81.086334964;3860.7847873500004;BNP PARIBAS;0.0;0.0;0.0;;;Swap;-2782.1389999999665;1078.645787350034;0.0025;-0.20464277169405776;0.0;0.0
1929;300645;IRSB100008795;-2349.282000000123;0.44933100000000004;0.0;-60.213118343;3336.856705225;BNP PARIBAS;0.0;0.0;0.0;;;Swap;-2349.282000000123;987.5747052248771;0.0025;-0.1909251157794314;0.0;0.0
1930;300645;IRSB100008821;-851.1659999992698;0.063018093;0.0;-3.035612483;1146.4907316749998;BNP PARIBAS;0.0;0.0;0.0;;;Swap;-851.1659999992698;295.32473167572994;0.0025;-0.026132391780509773;0.0;0.0
1931;300645;IRSB100008858;-2941.411000000313;0.53152449;0.0;-276.481188205;12962.4248586;NATIXIS;0.0;0.0;0.0;;;Swap;-2941.411000000313;10021.013858599687;0.0025;-1.8176719327908024;0.0;0.0
1932;300645;IRSB100008873;-1137.75;0.046576115;0.0;-1.166289688;614.9815906000001;BNP PARIBAS;0.0;0.0;0.0;;;Swap;-1137.75;-522.7684093999999;0.0025;0.020954430272059513;0.0;0.0
1933;300645;IRSB100009061;1223.9240000005811;0.10411538000000001;0.0;-10.485071609999999;2458.0024145499997;CREDIT AGRICOLE CORPORATE AND INVESTMENT BANK;0.0;0.0;0.0;;;Swap;1223.9240000005811;3681.926414550581;0.0025;0.3183116525039071;0.0;0.0
1934;300645;IRSB100009088;609.5959999989718;0.276723523;0.0;-74.99886293700001;6729.748296999999;CREDIT AGRICOLE CORPORATE AND INVESTMENT BANK;0.0;0.0;0.0;;;Swap;609.5959999989718;7339.344296998971;0.0025;3.3526759149882546;0.0;0.0
1935;300645;IRSB100009114;-1266.155999999959;0.789067408;0.0;-182.18134681;5758.78484215;CREDIT AGRICOLE CORPORATE AND INVESTMENT BANK;0.0;0.0;0.0;;;Swap;-1266.155999999959;4492.628842150041;0.0025;-2.806510713325964;0.0;0.0
1936;300645;IRSB100009124;-503.08199999993667;0.161651507;0.0;-9.973906259;1522.084618075;CREDIT AGRICOLE CORPORATE AND INVESTMENT BANK;0.0;0.0;0.0;;;Swap;-503.08199999993667;1019.0026180750633;0.0025;-0.3339233518141025;0.0;0.0
1937;300645;IRSB100009191;-259.76799999992363;0.17809048000000002;0.0;-5.53033874;767.3237797;CREDIT AGRICOLE CORPORATE AND INVESTMENT BANK;0.0;0.0;0.0;;;Swap;-259.76799999992363;507.5557797000764;0.0025;-0.3540684901312494;0.0;0.0
1938;300645;IRSB100009204;-4818.06500000041;0.6657745049999999;0.0;-260.097722669;9742.159198750001;NATIXIS;0.0;0.0;0.0;;;Swap;-4818.06500000041;4924.094198749592;0.0025;-0.6827137324752488;0.0;0.0
1939;300645;IRSB100009217;-5222.895999999717;0.737008907;0.0;-318.299193362;10772.969933224998;CREDIT AGRICOLE CORPORATE AND INVESTMENT BANK;0.0;0.0;0.0;;;Swap;-5222.895999999717;5550.0739332252815;0.0025;-0.7852092981161657;0.0;0.0
1940;300645;IRSB100009252;652.4410000005737;0.698652458;0.0;-238.593492182;8516.82403005;SOCIETE GENERALE;0.0;0.0;0.0;;;Swap;652.4410000005737;9169.265030050574;0.0025;9.84221252022915;0.0;0.0
1941;300645;IRSB100009272;359.34999999962747;0.663034792;0.0;-218.650765319;8223.5384236;CREDIT AGRICOLE CORPORATE AND INVESTMENT BANK;0.0;0.0;0.0;;;Swap;359.34999999962747;8582.888423599628;0.0025;15.875680046565002;0.0;0.0
1942;300645;IRSB100009274;2394.747999999672;0.871260997;0.0;-370.089366794;10597.9010199;JP MORGAN SE;0.0;0.0;0.0;;;Swap;2394.747999999672;12992.649019899673;0.0025;4.7367110473910055;0.0;0.0
1943;300645;IRSB100009278;-824.0440000002272;0.9424957469999999;0.0;-350.50997696800005;9279.674883025002;SOCIETE GENERALE;0.0;0.0;0.0;;;Swap;-824.0440000002272;8455.630883024774;0.0025;-9.68912032219602;0.0;0.0
1944;300645;IRSB100009288;-22.3410000000149;0.12055437999999999;0.0;-7.052940271;1433.543836075;CREDIT AGRICOLE CORPORATE AND INVESTMENT BANK;0.0;0.0;0.0;;;Swap;-22.3410000000149;1411.202836074985;0.0025;-7.771782357409904;0.0;0.0
1945;300645;IRSB100009297;449.5219999998808;0.63563743;0.0;-135.302440786;5307.0684302;CREDIT AGRICOLE CORPORATE AND INVESTMENT BANK;0.0;0.0;0.0;;;Swap;449.5219999998808;5756.590430199881;0.0025;8.161442788001077;0.0;0.0
1946;300645;IRSB100009319;-256.538999998942;0.627417398;0.0;-385.19138285500003;15307.43928805;CREDIT AGRICOLE CORPORATE AND INVESTMENT BANK;0.0;0.0;0.0;;;Swap;-256.538999998942;15050.900288051058;0.0025;-36.90891081451119;0.0;0.0
1947;300645;IRSB100009346;-4528.140000000596;0.895918679;0.0;-782.198160094;21784.254661325;CREDIT AGRICOLE CORPORATE AND INVESTMENT BANK;0.0;0.0;0.0;;;Swap;-4528.140000000596;17256.114661324405;0.0025;-3.420614708627201;0.0;0.0
1948;300645;IRSB100009369;-1787.1049999999814;0.895918678;0.0;-234.597223408;6533.539146874999;CREDIT AGRICOLE CORPORATE AND INVESTMENT BANK;0.0;0.0;0.0;;;Swap;-1787.1049999999814;4746.434146875017;0.0025;-2.383879904083304;0.0;0.0
1949;300645;IRSB100009384;-320.61799999978393;0.408234076;0.0;-81.73318322200001;4983.586788625;NATIXIS;0.0;0.0;0.0;;;Swap;-320.61799999978393;4662.968788625216;0.0025;-5.9644461821909385;0.0;0.0
1950;300645;IRSB100009392;286.35500000044703;0.663034805;0.0;-430.048938701;16174.109561075;NATIXIS;0.0;0.0;0.0;;;Swap;286.35500000044703;16460.464561075445;0.0025;38.20922112093932;0.0;0.0
1951;300645;IRSB100009422;61.98199999984354;0.539744518;0.0;-43.280686052;1998.20383725;NATIXIS;0.0;0.0;0.0;;;Swap;61.98199999984354;2060.1858372498436;0.0025;17.997430514508263;0.0;0.0
1952;300645;IRSB100009437;-10033.577999999747;0.945235455;0.0;-869.773568435;22961.900897625;NOMURA FINANCIAL PRODUCTS EUROPE GMBH;0.0;0.0;0.0;;;Swap;-10033.577999999747;12928.322897625254;0.0025;-1.2196879110112262;0.0;0.0
1953;300645;IRSB100009444;-1504.8929999996908;0.791807133;0.0;-153.089698718;4822.4811226500005;CREDIT AGRICOLE CORPORATE AND INVESTMENT BANK;0.0;0.0;0.0;;;Swap;-1504.8929999996908;3317.5881226503097;0.0025;-1.7498245339497334;0.0;0.0
1954;300645;IRSB100009466;187.7039999999106;0.504127031;0.0;-174.43245370800003;8619.9631411;NATIXIS;0.0;0.0;0.0;;;Swap;187.7039999999106;8807.66714109991;0.0025;23.737146052146386;0.0;0.0
1955;300645;IRSB100009474;993.8121171;-3172.873811106;0.0;-237.868876546;10066.769577275;JP MORGAN SE;0.0;0.0;0.0;;;Swap;993.8121171;11060.581694375;0.0025;22000.93049054938;0.0;0.0
1956;300645;SECL100006676;0.0;0.002739726;0.002739726;0.0;3.08753423;;0.0;0.0;0.0;;SECL100006676;Bond;0.0;3.08753423;0.002;;0.0035;
1957;300645;XS1179916017;1792990.83;0.170266581;0.170266581;34.8428827;-1856.8507776000001;;0.0;0.0;1792990.83;4.0;XS1179916017;Bond;1792990.83;1791133.9792224;0.0025;0.16985323706739988;0.0035;0.16968789949435983
1958;300645;XS1240964483;9912065.014;0.167918414;0.167918414;189.8733402;-11120.522257;;0.0;0.0;9912065.014;7.0;XS1240964483;Bond;9912065.014;9900944.491743;0.0025;0.16751001097570895;0.004;0.1672649691611343
1959;300645;XS2152899584;2194135.945;0.508080309;0.508080309;165.4502731;-6672.577805999999;;0.0;0.0;2194135.945;6.0;XS2152899584;Bond;2194135.945;2187463.3671939997;0.0025;0.50684053145498;0.0035;0.5063446204369719
1960;300645;XS2156787090;3034026.164;0.042706119;0.042706119;13.17662672;-797.9904432000001;;0.0;0.0;3034026.164;6.0;XS2156787090;Bond;3034026.164;3033228.1735568;0.0025;0.04260210475850215;0.0035;0.042560499061903005
1961;300645;XS2180510732;19559539.75;0.154727527;0.154727527;341.5121386;-20202.593112000002;;0.0;0.0;19559539.75;8.0;XS2180510732;Bond;19559539.75;19539337.156888;0.0025;0.15435087522835197;0.004;0.15412488416536316
1962;300645;XS2264074647;5030442.466;0.557857549;0.557857549;434.8666602;-16786.517598;;0.0;0.0;5030442.466;6.0;XS2264074647;Bond;5030442.466;5013655.948402;0.0025;0.5564743866107426;0.0035;0.5559211216550396
1963;300645;XS2635167880;4912600.35;0.202739726;0.204227263;20.19240597;-6473.8651185;;0.0;0.0;4912600.35;7.0;XS2635167880;Bond;4912600.35;4906126.4848815;0.0025;0.20273972625461312;0.004;0.20422968492119664
1964;300645;XS2812505829;10336930.11;0.005851474;0.067759734;-3.606626109;-2983.251346475;;0.0;0.0;10336930.11;8.0;XS2812505829;Bond;10336930.11;10333946.858653525;0.0025;0.005860282271552631;0.004;0.06779205580169932
1965;300645;XS2813883043;9979349.449;0.078514664;0.078514664;82.5192803;-5153.718824799999;;0.0;0.0;9979349.449;8.0;XS2813883043;Bond;9979349.449;9974195.730175199;0.0025;0.07832335028168662;0.004;0.0782085620506986
1966;300645;XS2840087667;4114348.115;0.01093343;0.181640205;-11.81060583;-3133.4058591499997;;0.0;0.0;4114348.115;8.0;XS2840087667;Bond;4114348.115;4111214.70914085;0.0025;0.011005493595320937;0.004;0.181887001249237
1967;300645;XS2843279691;8225082.704;0.011511337;0.195321437;-27.40264904;-6726.6325261249995;;0.0;0.0;8225082.704;8.0;XS2843279691;Bond;8225082.704;8218356.071473875;0.0025;0.011594958166267879;0.004;0.19560730267751747
1968;300645;XS2857881614;6956037.451;0.257663332;0.257663332;221.1846306;-10862.853006000001;;0.0;0.0;6956037.451;8.0;XS2857881614;Bond;6956037.451;6945174.597994001;0.0025;0.2570343703747153;0.0035;0.2567827857246014
1969;300645;XS2865535673;4098612.974;0.01549297;0.290416272;-30.87549771;-4964.79401665;;0.0;0.0;4098612.974;8.0;XS2865535673;Bond;4098612.974;4093648.17998335;0.0025;0.015681899021734728;0.004;0.2910549647504674
1970;300645;XS2889872540;3062277.255;0.019345957;0.391012364;-42.37418416;-4980.631913374999;;0.0;0.0;3062277.255;8.0;XS2889872540;Bond;3062277.255;3057296.623086625;0.0025;0.019692829533606623;0.004;0.3921774256647651
1971;300645;XS2895045164;7140891.286;0.019937579;0.407332841;-107.4037836;-12094.381642;;0.0;0.0;7140891.286;8.0;XS2895045164;Bond;7140891.286;7128796.9043580005;0.0025;0.020314589497550318;0.004;0.4085981479412835
1972;300645;XS2903381072;4948871.715;0.448169426;0.448169426;316.2758333;-14541.547708999999;;0.0;0.0;4948871.715;8.0;XS2903381072;Bond;4948871.715;4934330.167291;0.0025;0.44707384871479483;0.004;0.4464165023436717
1973;300645;XS2908585263;5087163.79;0.02686668;0.488775424;-107.6928768;-10320.89149675;;0.0;0.0;5087163.79;;XS2908585263;Bond;5087163.79;5076842.89850325;0.0025;0.027397722847013757;0.004;0.49057781094167063
1974;300645;XS2908892438;4071460.26;0.026961676;0.559664749;-116.1412655;-9465.894449750002;;0.0;0.0;4071460.26;8.0;XS2908892438;Bond;4071460.26;4061994.36555025;0.0025;0.027676635900921818;0.004;0.5620586756386768
1975;300645;XS2914666057;8132273.639;0.023259272;0.502537065;-187.654976;-16960.22620675;;0.0;0.0;8132273.639;8.0;XS2914666057;Bond;8132273.639;8115313.412793251;0.0025;0.023837507974519213;0.004;0.50447025259109
1976;300645;XS2914760405;2964134.493;0.502001335;0.502001335;220.0555971;-9765.401990499999;;0.0;0.0;2964134.493;8.0;XS2914760405;Bond;2964134.493;2954369.0910095;0.0025;0.5007753630909103;0.004;0.5000397799454565
1977;300645;XS2920487852;9880151.292;0.524188418;0.524188418;777.8686473;-33957.944643999996;;0.0;0.0;9880151.292;8.0;XS2920487852;Bond;9880151.292;9846193.347355999;0.0025;0.522907090772217;0.004;0.522138294435547
1978;300645;XS2942506978;4049564.33;0.027033793;0.616680088;-141.7448559;-10347.67239575;;0.0;0.0;4049564.33;8.0;XS2942506978;Bond;4049564.33;4039216.65760425;0.0025;0.027910682444151094;0.004;0.6196013651305285
1979;300645;XS2975114831;9994238.612;0.021653326;0.021653326;21.55542411;-1423.8367337999998;;0.0;0.0;9994238.612;8.0;XS2975114831;Bond;9994238.612;9992814.7752662;0.0025;0.021600578540853847;0.004;0.021568930065366154
1980;300645;XS2976509716;9934495.224;0.271282887;0.271282887;336.3167078;-16330.677078;;0.0;0.0;9934495.224;8.0;XS2976509716;Bond;9934495.224;9918164.546922;0.0025;0.2706205373395837;0.0035;0.2703555974754172
1981;300645;XS2978742414;2945428.157;0.779073884;0.779073884;403.0214062;-38213.9042175;;0.0;0.0;2945428.157;8.0;XS2978742414;Bond;2945428.157;2907214.2527825003;0.0025;0.7771705372655123;0.014;0.768415142286869
1982;300645;XS2993382667;5907543.464;0.656870845;0.656870845;634.0858038;-25459.084573;;0.0;0.0;5907543.464;8.0;XS2993382667;Bond;5907543.464;5882084.379427;0.0025;0.6552661698498623;0.004;0.6543033647597796
1983;300645;XS2993406359;5987243.303;0.081231904;0.081231904;51.35982306;-2952.6131358000002;;0.0;0.0;5987243.303;8.0;XS2993406359;Bond;5987243.303;5984290.689864201;0.0025;0.08103394533610954;0.0035;0.08095476187055335
1984;300645;XS2994523103;5898272.622;0.727539407;0.727539407;731.5815419;-28150.1120745;;0.0;0.0;5898272.622;8.0;XS2994523103;Bond;5898272.622;5870122.5099255005;0.0025;0.7257618613358456;0.004;0.724695333937353
1985;300645;XS3002279886;4919374.234;0.689484831;0.689484831;565.3194745;-22251.744827000002;;0.0;0.0;4919374.234;8.0;XS3002279886;Bond;4919374.234;4897122.489173;0.0025;0.6878003806230338;0.004;0.6867897103968541
1986;300645;XS3004565456;4902443.513;0.861070226;0.861070226;776.2813614;-27675.3009845;;0.0;0.0;4902443.513;8.0;XS3004565456;Bond;4902443.513;4874768.2120155;0.0025;0.858965185726236;0.004;0.8577021615619776
1987;300645;XS3005193340;4984937.606;0.116465203;0.116465203;63.37073089;-3523.5997319999997;;0.0;0.0;4984937.606;8.0;XS3005193340;Bond;4984937.606;4981414.006267999;0.0025;0.11618130230526347;0.0035;0.11606774202736886
1988;300645;XS3006178597;9854312.295;0.618826131;0.618826131;973.2089467;-40011.20773;;0.0;0.0;9854312.295;8.0;XS3006178597;Bond;9854312.295;9814301.08727;0.0025;0.6173145028984057;0.004;0.6164075260374492
1989;300645;XS3013234177;2938165.97;0.884966506;0.884966506;484.2130763;-17057.462168500002;;0.0;0.0;2938165.97;8.0;XS3013234177;Bond;2938165.97;2921108.5078315004;0.0025;0.8828043920051272;0.004;0.8815071236082035
1990;300645;XS3028074857;2453435.705;0.781417852;0.781417852;337.072914;-12583.1003805;;0.0;0.0;2453435.705;8.0;XS3028074857;Bond;2453435.705;2440852.6046195;0.0025;0.7795096837000276;0.004;0.7783647827200442
1991;300645;XS3038488436;5864980.014;0.971942541;0.971942541;1111.192078;-37391.2561425;;0.0;0.0;5864980.014;8.0;XS3038488436;Bond;5864980.014;5827588.757857501;0.0025;0.9695676664949745;0.004;0.9681427417919591
1992;300647;BE0002819002;2408005.137;1.632135322;1.632135322;1024.416996;-48584.543736;;0.0;0.0;2408005.137;6.0;BE0002819002;Bond;2408005.137;2359420.593264;0.0025;1.62815945044886;0.0095;1.617027010105667
1993;300647;BE0002990712;2371132.877;4.248782158;4.248782158;5674.683919;-125576.23068000001;;0.0;0.0;2371132.877;7.0;BE0002990712;Bond;2371132.877;2245556.64632;0.0025;4.234081597171085;0.0095;4.192920026850122
1994;300647;BE0390161272;2990574.411;7.697664052;7.697664052;11893.46199;-141739.22639999999;;0.0;0.0;2990574.411;6.0;BE0390161272;Bond;2990574.411;2848835.1846;0.0025;7.746374570042247;0.0035;7.765858777259145
1995;300647;BE6340794013;2293760.959;2.670960095;2.670960095;2350.990291;-76333.69130399999;;0.0;0.0;2293760.959;6.0;BE6340794013;Bond;2293760.959;2217427.2676959997;0.0025;2.6631714146155074;0.0095;2.6413631095389283
1996;300647;BE6342251038;2926311.781;2.568841256;2.568841256;2788.304487;-129648.289089;;0.0;0.0;2926311.781;5.0;BE6342251038;Bond;2926311.781;2796663.491911;0.0025;2.5615176402597255;0.014;2.5278290078544634
1997;300647;BE6343825251;4369746.479;6.589266279;6.589266279;23922.76801;-191649.74686;;0.0;0.0;4369746.479;6.0;BE6343825251;Bond;4369746.479;4178096.7321400004;0.0025;6.560946473546711;0.004;6.543954590274737
1998;300647;BE6350704175;1969525.144;12.85344396;12.85344396;42181.88048;-155021.3532;;0.0;0.0;1969525.144;8.0;BE6350704175;Bond;1969525.144;1814503.7908;0.0025;12.731039399791763;0.0035;12.682077575708469
1999;300647;BE6355215664;500362.6027;7.639307928;7.639307928;3610.723744;-25455.728831;;0.0;0.0;500362.6027;6.0;BE6355215664;Bond;500362.6027;474906.873869;0.0025;7.604800135785559;0.004;7.584095460456894
2000;300647;CDSB100003597;0.0;2.500703107;0.0;0.0;545890.1658424999;JP MORGAN SE;0.0;0.0;0.0;;CDSB100003597;CDS Index;0.0;545890.1658424999;0.0025;;0.014;
2001;300647;CDSO100000060;517079.6106;1.764982979;-219.4514615;0.0;1586352.675021;BNP PARIBAS;0.0;0.0;517079.6106;;;CDS Index Option;517079.6106;2103432.285621;0.0025;1.7727708912903992;0.014;454.77375386280374
2002;300647;CDSO100000064;-271401.1968;1.661825405;-237.0264574;0.0;-899482.14529075;;0.0;0.0;-271401.1968;;;CDS Index Option;-271401.1968;-1170883.3420907499;0.0025;1.6687295641917586;0.014;549.5151237063161
2003;300647;CH1414003462;2689217.808;6.756722691;6.756722691;14928.95935;-122649.207915;;0.0;0.0;2689217.808;8.0;CH1414003462;Bond;2689217.808;2566568.600085;0.0025;6.732070613757253;0.004;6.717279367411605
2004;300647;CSH_EUR_DB;7006490.2;0.0;0.0;0.0;0.0;;0.0;0.0;7006490.2;;;Cash;7006490.2;7006490.2;0.0;0.0;0.0;0.0
2005;300647;CSH_GBP_DB;1699.136991;0.0;0.0;0.0;-42.478424775;;0.0;16.99136991;1699.136991;;;Cash;1699.136991;1656.6585662250002;0.0;0.0;0.0;0.0
2006;300647;CSH_USD_DB;90914.44177;0.0;0.0;0.0;-2272.86104425;;0.0;909.1444177;90914.44177;;;Cash;90914.44177;88641.58072575;0.0;0.0;0.0;0.0
2007;300647;DE000A289N78;865001.7123;1.855040497;1.855040497;455.7616434;-20002.762584000004;;0.0;0.0;865001.7123;4.0;DE000A289N78;Bond;865001.7123;844998.949716;0.0025;1.8504711593564198;0.0095;1.8376770139543954
2008;300647;DE000A2YPFA1;815998.8575;4.193946805;4.193946805;1794.969211;-42629.913684;;0.0;0.0;815998.8575;7.0;DE000A2YPFA1;Bond;815998.8575;773368.943816;0.0025;4.182926773252398;0.0095;4.152070684359112
2009;300647;DE000A30VQB2;978510.8219;4.683446442;4.683446442;2752.877323;-30547.664446;;0.0;0.0;978510.8219;6.0;DE000A30VQB2;Bond;978510.8219;947963.157454;0.0025;4.667949779720648;0.004;4.6586517823530365
2010;300647;DE000A3823H4;942194.0959;7.631761654;7.631761654;6918.0233;-86344.44971999999;;0.0;0.0;942194.0959;7.0;DE000A3823H4;Bond;942194.0959;855849.6461799999;0.0025;7.593809596606929;0.0095;7.487543835906328
2011;300647;DE000A3823S1;1027021.37;3.660190466;3.660190466;-4276.838276;-63160.29614400001;;0.0;0.0;1027021.37;5.0;DE000A3823S1;Bond;1027021.37;963861.073856;0.0025;3.7977907725687037;0.014;4.430752182784742
2012;300647;DE000A3829J7;1154258.178;6.999590774;6.999590774;7251.429105;-53970.8507065;;0.0;0.0;1154258.178;6.0;DE000A3829J7;Bond;1154258.178;1100287.3272935;0.0025;6.9650182377742675;0.004;6.944274716038827
2013;300647;DE000A383HC1;977149.863;4.286878356;4.286878356;-10886.30082;-70331.34636;;0.0;0.0;977149.863;6.0;DE000A383HC1;Bond;977149.863;906818.51664;0.0025;4.611343452459449;0.014;6.103882896172919
2014;300647;DE000A383QR0;3601075.178;10.44323378;10.44323378;50313.57824;-229147.89372;;0.0;0.0;3601075.178;6.0;DE000A383QR0;Bond;3601075.178;3371927.28428;0.0025;10.366591081366916;0.0035;10.335934001913683
2015;300647;DE000A383QV2;910533.4521;4.285873598;4.285873598;2129.890435;-26045.518745999998;;0.0;0.0;910533.4521;6.0;DE000A383QV2;Bond;910533.4521;884487.933354;0.0025;4.2733161869076755;0.004;4.265781740252281
2016;300647;DE000A3E5FR9;1677019.726;5.668987154;5.668987154;6364.530063;-61667.186216999995;;0.0;0.0;1677019.726;6.0;DE000A3E5FR9;Bond;1677019.726;1615352.539783;0.0025;5.654452111581428;0.004;5.645731086130285
2017;300647;DE000A3E5MH6;1948236.822;4.490347655;4.490347655;4810.999241;-56762.74527299999;;0.0;0.0;1948236.822;6.0;DE000A3E5MH6;Bond;1948236.822;1891474.0767269998;0.0025;4.479020412031536;0.004;4.472224066250458
2018;300647;DE000A3E5MJ2;2869381.479;7.496414807;7.496414807;18778.20117;-141199.04408999998;;0.0;0.0;2869381.479;6.0;DE000A3E5MJ2;Bond;2869381.479;2728182.43491;0.0025;7.473296953801998;0.004;7.459426241883196
2019;300647;DE000A3KNP96;724587.0685;3.807292296;3.807292296;1324.693531;-17909.328892;;0.0;0.0;724587.0685;7.0;DE000A3KNP96;Bond;724587.0685;706677.739608;0.0025;3.7978258634529265;0.004;3.792146003924682
2020;300647;DE000A3LQ9S2;3125582.466;1.486966081;1.486966081;1153.719436;-30996.564664000005;;0.0;0.0;3125582.466;6.0;DE000A3LQ9S2;Bond;3125582.466;3094585.901336;0.0025;1.4832657158325242;0.004;1.4810454967320388
2021;300647;DE000A3LT423;1056316.192;7.456606516;7.456606516;7143.537625;-48913.93137599999;;0.0;0.0;1056316.192;7.0;DE000A3LT423;Bond;1056316.192;1007402.2606240001;0.0025;7.426541749159059;0.0035;7.414515842422682
2022;300647;DE000A3MQNN9;2944920.0;0.778033584;0.778033584;401.0997117;-14894.033752;;0.0;0.0;2944920.0;4.0;DE000A3MQNN9;Bond;2944920.0;2930025.966248;0.0025;0.776141910996501;0.004;0.7750069071944016
2023;300647;DE000A4DE9Y3;2778449.589;4.395486904;4.395486904;6770.014715;-82290.72176;;0.0;0.0;2778449.589;7.0;DE000A4DE9Y3;Bond;2778449.589;2696158.86724;0.0025;4.382872266886827;0.004;4.375303484618923
2024;300647;DE000CZ439B6;2333898.63;2.755198333;2.755198333;2443.23533;-43204.3455025;;0.0;0.0;2333898.63;6.0;DE000CZ439B6;Bond;2333898.63;2290694.2844975;0.0025;2.7480049467345546;0.004;2.7436889149752877
2025;300647;DE000CZ439T8;210560.0;4.234479573;4.234479573;484.8096014;-6004.035751349999;;0.0;0.0;210560.0;7.0;DE000CZ439T8;Bond;210560.0;204555.96424865;0.0025;4.221744685877977;0.004;4.214103753604762
2026;300647;DE000CZ43ZB3;3523308.219;1.877032956;1.877032956;1898.688295;-44245.162429;;0.0;0.0;3523308.219;6.0;DE000CZ43ZB3;Bond;3523308.219;3479063.0565710003;0.0025;1.872368747475803;0.004;1.869570222361285
2027;300647;DE000CZ45WB5;2058632.877;4.814081917;4.814081917;6543.440857;-126193.23180000001;;0.0;0.0;2058632.877;5.0;DE000CZ45WB5;Bond;2058632.877;1932439.6452000001;0.0025;4.7925569526898215;0.0095;4.732287052621321
2028;300647;DE000CZ45Y30;892331.5069;7.672355638;7.672355638;6542.991165;-46235.419204;;0.0;0.0;892331.5069;6.0;DE000CZ45Y30;Bond;892331.5069;846096.087696;0.0025;7.636206570139882;0.004;7.61451712942381
2029;300647;DE000CZ45Y55;394267.0137;5.656040284;5.656040284;1567.548526;-27883.732056;;0.0;0.0;394267.0137;6.0;DE000CZ45Y55;Bond;394267.0137;366383.28164400003;0.0025;5.63662088517637;0.0095;5.582246568470204
2030;300647;DE000CZ45ZA0;500038.9726;5.0965712;5.0965712;1619.684953;-17177.8994725;;0.0;0.0;500038.9726;7.0;DE000CZ45ZA0;Bond;500038.9726;482861.07312749996;0.0025;5.080530859183075;0.004;5.070906654692921
2031;300647;DE000DL19VU0;1877990.225;5.432425654;5.432425654;6654.299473;-69151.08343;;0.0;0.0;1877990.225;7.0;DE000DL19VU0;Bond;1877990.225;1808839.14157;0.0025;5.417621052786886;0.004;5.408738292059018
2032;300647;DUM25 Cmdty;0.0;0.0;0.0;-3834.712571;54428.55556000001;;0.0;0.0;-7059030.0;;;Bond Future;0.0;54428.55556000001;0.0025;0.0;0.0015;0.0
2033;300647;ES0213679OP3;3267236.301;4.656663194;4.656663194;9147.219056;-102373.698115;;0.0;0.0;3267236.301;6.0;ES0213679OP3;Bond;3267236.301;3164862.602885;0.0025;4.640882451845383;0.004;4.631414006552613
2034;300647;ES0265936072;3452773.973;4.407748379;4.407748379;8446.654978;-102547.347045;;0.0;0.0;3452773.973;5.0;ES0265936072;Bond;3452773.973;3350226.625955;0.0025;4.395160523140228;0.004;4.387607809624365
2035;300647;FI4000562202;847593.7534;3.085214777;3.085214777;1097.501814;-44196.190730999995;;0.0;0.0;847593.7534;5.0;FI4000562202;Bond;847593.7534;803397.562669;0.0025;3.0766400487759644;0.014;3.0371962989454016
2036;300647;FI4000571260;1057912.603;3.445910568;3.445910568;1705.761344;-61485.14097;;0.0;0.0;1057912.603;5.0;FI4000571260;Bond;1057912.603;996427.4620299999;0.0025;3.4352867173541877;0.014;3.3864170043834503
2037;300647;FR0010582452;43714603.95;0.033149011;0.296124349;548.5318323;-49557.04240499999;;0.0;2.03e-07;43721711.23;;FR0010582452;Fund Unit;43714603.95;43665046.907595;0.0025;0.03283805758076542;0.0035;0.295992081919063
2038;300647;FR0011949403;413746.0274;0.173155294;0.173155294;8.101002535;-897.77220192;;0.0;0.0;413746.0274;2.0;FR0011949403;Bond;413746.0274;412848.25519808003;0.0025;0.1727407596317686;0.0095;0.1715800634007207
2039;300647;FR0013067196;916270.8903;1.120125631;1.120125631;216.517424;-12753.023940000001;;0.0;0.0;916270.8903;5.0;FR0013067196;Bond;916270.8903;903517.86636;0.0025;1.1173547632889502;0.0095;1.109596333698011
2040;300647;FR0013312154;389754.7945;2.65563444;2.65563444;379.1033403;-12910.522776000002;;0.0;0.0;389754.7945;6.0;FR0013312154;Bond;389754.7945;376844.271724;0.0025;2.648948640782148;0.0095;2.6302284029721625
2041;300647;FR0013320058;1153152.164;2.779051528;2.779051528;1210.061398;-20828.994381;;0.0;0.0;1153152.164;5.0;FR0013320058;Bond;1153152.164;1132323.169619;0.0025;2.7721255710209043;0.004;2.7679699968334464
2042;300647;FR0013430741;962758.1233;4.9831988;4.9831988;2888.096299;-31116.931508;;0.0;0.0;962758.1233;6.0;FR0013430741;Bond;962758.1233;931641.191792;0.0025;4.970284099678927;0.004;4.962535279486283
2043;300647;FR0013430840;1882119.178;3.952675615;3.952675615;3656.873318;-48295.5658575;;0.0;0.0;1882119.178;5.0;FR0013430840;Bond;1882119.178;1833823.6121425;0.0025;3.9431608453094733;0.004;3.937451983495157
2044;300647;FR0013447877;484662.6712;1.647128103;1.647128103;208.9407886;-4980.748251;;0.0;0.0;484662.6712;4.0;FR0013447877;Bond;484662.6712;479681.92294899997;0.0025;1.643133040627345;0.0035;1.641535015678283
2045;300647;FR0013456621;670486.3562;6.56279897;6.56279897;3365.547195;-28671.8195595;;0.0;0.0;670486.3562;6.0;FR0013456621;Bond;670486.3562;641814.5366405001;0.0025;6.544985769668585;0.004;6.534297849469737
2046;300647;FR0013457967;805512.5753;4.353630197;4.353630197;1886.211378;-22755.5921775;;0.0;0.0;805512.5753;6.0;FR0013457967;Bond;805512.5753;782756.9831225;0.0025;4.342474718812625;0.004;4.335781431900199
2047;300647;FR0013463775;459267.1233;4.823246894;4.823246894;1325.872516;-27684.54738;;0.0;0.0;459267.1233;6.0;FR0013463775;Bond;459267.1233;431582.57592;0.0025;4.809232894387232;0.0095;4.769993695471477
2048;300647;FR0013476611;1058542.808;1.723500831;1.723500831;491.8857152;-22650.321624;;0.0;0.0;1058542.808;7.0;FR0013476611;Bond;1058542.808;1035892.486376;0.0025;1.7193099205316347;0.0095;1.7075753712202117
2049;300647;FR0013508512;2117592.247;0.058687266;0.058687266;12.82975792;-829.6320311500001;;0.0;0.0;2117592.247;6.0;FR0013508512;Bond;2117592.247;2116762.61496885;0.0025;0.05854441014762952;0.004;0.05845869663620722
2050;300647;FR0013515749;2707374.658;4.806574589;4.806574589;7686.781685;-87625.402735;;0.0;0.0;2707374.658;7.0;FR0013515749;Bond;2707374.658;2619749.255265;0.0025;4.793352454362754;0.004;4.785419173580406
2051;300647;FR0013518024;1997863.014;0.207727047;0.207727047;48.96220096;-2775.1138298000005;;0.0;0.0;1997863.014;5.0;FR0013518024;Bond;1997863.014;1995087.9001702;0.0025;0.20722224115654067;0.004;0.20691935765046507
2052;300647;FR0013523602;834841.9726;4.807083686;4.807083686;2396.295473;-49997.344595999995;;0.0;0.0;834841.9726;7.0;FR0013523602;Bond;834841.9726;784844.6280039999;0.0025;4.793094865771657;0.0095;4.7539261691322965
2053;300647;FR0013533999;2430298.913;2.560760521;2.560760521;1799.40372;-75723.539112;;0.0;0.0;2430298.913;5.0;FR0013533999;Bond;2430298.913;2354575.3738880004;0.0025;2.558644150082527;0.0095;2.5527183115136016
2054;300647;FR00140009W6;2762295.89;0.552870321;0.552870321;231.8901831;-19071.193548;;0.0;0.0;2762295.89;5.0;FR00140009W6;Bond;2762295.89;2743224.696452;0.0025;0.5515357762212556;0.0095;0.5477990508407713
2055;300647;FR0014000OZ2;1581567.123;0.630868859;0.630868859;159.4799777;-12375.221112000001;;0.0;0.0;1581567.123;7.0;FR0014000OZ2;Bond;1581567.123;1569191.9018879998;0.0025;0.6293429307959927;0.0095;0.625070331824772
2056;300647;FR0014000RR2;1955567.466;2.976890213;2.976890213;2316.187724;-36347.38830599999;;0.0;0.0;1955567.466;6.0;FR0014000RR2;Bond;1955567.466;1919220.077694;0.0025;2.9694347272672856;0.0035;2.9664525329741998
2057;300647;FR0014001IM0;999747.4521;5.484001463;5.484001463;3569.044309;-35518.11188900001;;0.0;0.0;999747.4521;6.0;FR0014001IM0;Bond;999747.4521;964229.340211;0.0025;5.469938495832016;0.004;5.461500715531226
2058;300647;FR0014003Z81;895563.1233;0.199555054;0.199555054;20.92247282;-1059.9541626;;0.0;0.0;895563.1233;5.0;FR0014003Z81;Bond;895563.1233;894503.1691374;0.0025;0.19907055041688185;0.0035;0.19887674898363458
2059;300647;FR0014006IU2;3346310.274;0.615941112;0.615941112;327.5509546;-13765.7119925;;0.0;0.0;3346310.274;7.0;FR0014006IU2;Bond;3346310.274;3332544.5620075003;0.0025;0.6144424652565147;0.004;0.6135432772104235
2060;300647;FR0014007YA9;3345867.123;3.630555433;3.630555433;5640.881035;-145717.30943999998;;0.0;0.0;3345867.123;6.0;FR0014007YA9;Bond;3345867.123;3200149.81356;0.0025;3.621359639837952;0.0095;3.595611418984217
2061;300647;FR0014008PK4;2298098.63;2.782091677;2.782091677;2415.306627;-42930.962073999995;;0.0;0.0;2298098.63;7.0;FR0014008PK4;Bond;2298098.63;2255167.667926;0.0025;2.7751667082156968;0.004;2.7710117269451144
2062;300647;FR0014009HA0;3041875.0;1.908823613;1.908823613;1676.237059;-72105.466212;;0.0;0.0;3041875.0;8.0;FR0014009HA0;Bond;3041875.0;2969769.5337880002;0.0025;1.9041562846534077;0.0095;1.8910877652829494
2063;300647;FR001400CSG4;2791508.178;1.176119569;1.176119569;711.5705211;-21753.337553999998;;0.0;0.0;2791508.178;6.0;FR001400CSG4;Bond;2791508.178;2769754.840446;0.0025;1.1732050769905573;0.004;1.1714563817848915
2064;300647;FR001400E946;3890559.63;6.406042588;6.406042588;19889.03586;-167793.600325;;0.0;0.0;3890559.63;6.0;FR001400E946;Bond;3890559.63;3722766.029675;0.0025;6.380832861119812;0.004;6.3657070249917
2065;300647;FR001400EHG3;2180619.863;4.147789175;4.147789175;4831.482043;-60944.553579;;0.0;0.0;2180619.863;8.0;FR001400EHG3;Bond;2180619.863;2119675.309421;0.0025;4.1354084084042935;0.004;4.12797994844687
2066;300647;FR001400F0H3;2777662.986;3.224765432;3.224765432;3878.632485;-54965.782128000006;;0.0;0.0;2777662.986;6.0;FR001400F0H3;Bond;2777662.986;2722697.203872;0.0025;3.2158540772421556;0.0035;3.2122895353390177
2067;300647;FR001400F0U6;2333646.058;0.97809403;0.97809403;-251.1113117;-14043.502530000002;;0.0;0.0;2333646.058;6.0;FR001400F0U6;Bond;2333646.058;2319602.55547;0.0025;0.9831758176257934;0.0035;0.9852085326761109
2068;300647;FR001400F2H9;3065403.846;4.232918069;4.232918069;6792.516123;-159994.09548;;0.0;0.0;3065403.846;6.0;FR001400F2H9;Bond;3065403.846;2905409.75052;0.0025;4.22231547298193;0.0095;4.192628204131335
2069;300647;FR001400GDJ1;1207084.247;4.174554731;4.174554731;2820.262184;-31545.996504;;0.0;0.0;1207084.247;7.0;FR001400GDJ1;Bond;1207084.247;1175538.250496;0.0025;4.159711366296565;0.0035;4.153774020415191
2070;300647;FR001400I7P8;1111482.877;2.769179012;2.769179012;1213.536351;-38280.444612;;0.0;0.0;1111482.877;6.0;FR001400I7P8;Bond;1111482.877;1073202.4323880002;0.0025;2.761054457864289;0.0095;2.7383057062842977
2071;300647;FR001400KKC3;3731262.836;3.435389537;3.435389537;5853.967187;-220706.62152000002;;0.0;0.0;3731262.836;5.0;FR001400KKC3;Bond;3731262.836;3510556.21448;0.0025;3.425671864390805;0.014;3.3809705703885102
2072;300647;FR001400KXW4;1453353.725;1.192407596;1.192407596;378.9921686;-10657.294248;;0.0;0.0;1453353.725;6.0;FR001400KXW4;Bond;1453353.725;1442696.430752;0.0025;1.189442916460729;0.0035;1.1882570446450207
2073;300647;FR001400L5X1;2920387.671;3.110030514;3.110030514;4027.246631;-156378.6034635;;0.0;0.0;2920387.671;5.0;FR001400L5X1;Bond;2920387.671;2764009.0675365003;0.0025;3.0997359642789424;0.014;3.0523810355620773
2074;300647;FR001400LCK1;3271802.466;4.170222022;4.170222022;-13012.56365;-83652.70362000001;;0.0;0.0;3271802.466;6.0;FR001400LCK1;Bond;3271802.466;3188149.76238;0.0025;4.313128525970652;0.0035;4.370291127558913
2075;300647;FR001400LWN3;1721518.904;5.551906977;5.551906977;6713.728276;-64371.412079;;0.0;0.0;1721518.904;8.0;FR001400LWN3;Bond;1721518.904;1657147.4919210002;0.0025;5.5314689930338785;0.004;5.519206202654206
2076;300647;FR001400LZO4;636542.2192;6.87017409;6.87017409;3766.076409;-26932.703736;;0.0;0.0;636542.2192;6.0;FR001400LZO4;Bond;636542.2192;609609.515464;0.0025;6.8402608267128615;0.0035;6.828295521398006
2077;300647;FR001400M1X9;1626531.507;6.31129475;6.31129475;8696.622804;-128481.79284;;0.0;0.0;1626531.507;7.0;FR001400M1X9;Bond;1626531.507;1498049.71416;0.0025;6.277207634300191;0.0095;6.181763710340726
2078;300647;FR001400M998;2241512.096;3.947458128;3.947458128;4552.99699;-54266.502924;;0.0;0.0;2241512.096;6.0;FR001400M998;Bond;2241512.096;2187245.593076;0.0025;3.9356337725912027;0.0035;3.930904030427684
2079;300647;FR001400MF86;2140590.699;7.085598744;7.085598744;8387.543924;-93227.61384;;0.0;0.0;2140590.699;7.0;FR001400MF86;Bond;2140590.699;2047363.08516;0.0025;7.113154730875421;0.0035;7.12417712562559
2080;300647;FR001400N2U2;2578532.609;4.237879767;4.237879767;5350.160098;-133044.10728000003;;0.0;0.0;2578532.609;6.0;FR001400N2U2;Bond;2578532.609;2445488.50172;0.0025;4.23090669008948;0.0095;4.2113820747400235
2081;300647;FR001400N3F1;3009121.816;3.313873608;3.313873608;4385.874987;-60406.060379999995;;0.0;0.0;3009121.816;6.0;FR001400N3F1;Bond;3009121.816;2948715.75562;0.0025;3.304889839575745;0.0035;3.301296332206043
2082;300647;FR001400N8H6;1179948.0;8.547496728;8.547496728;10625.40193;-62266.82862;;0.0;0.0;1179948.0;6.0;FR001400N8H6;Bond;1179948.0;1117681.17138;0.0025;8.505021610383556;0.0035;8.48803156333698
2083;300647;FR001400O671;1754242.808;5.045635092;5.045635092;5635.267945;-110648.525076;;0.0;0.0;1754242.808;6.0;FR001400O671;Bond;1754242.808;1643594.282924;0.0025;5.028972054308472;0.0095;4.982315548772194
2084;300647;FR001400O9D2;1416967.233;8.632156139;8.632156139;13073.485;-82357.42489;;0.0;0.0;1416967.233;8.0;FR001400O9D2;Bond;1416967.233;1334609.80811;0.0025;8.587781816973044;0.004;8.56115722375687
2085;300647;FR001400OF19;2041799.726;6.153557069;6.153557069;9653.238727;-77000.68127999999;;0.0;0.0;2041799.726;6.0;FR001400OF19;Bond;2041799.726;1964799.0447200001;0.0025;6.130027510325085;0.0035;6.120615686855119
2086;300647;FR001400OL29;909655.8904;4.267671539;4.267671539;2110.348377;-65251.925739;;0.0;0.0;909655.8904;5.0;FR001400OL29;Bond;909655.8904;844403.9646610001;0.0025;4.2552055544418215;0.014;4.1978620254742
2087;300647;FR001400OP33;1108500.137;4.349790539;4.349790539;2652.347474;-29352.548459999998;;0.0;0.0;1108500.137;5.0;FR001400OP33;Bond;1108500.137;1079147.5885400001;0.0025;4.337273849341161;0.0035;4.332267173477625
2088;300647;FR001400ORA4;1536523.562;3.572411909;3.572411909;2565.968897;-34330.13106;;0.0;0.0;1536523.562;5.0;FR001400ORA4;Bond;1536523.562;1502193.4309399999;0.0025;3.5625676402280844;0.0035;3.5586299327193185
2089;300647;FR001400Q6S4;806906.9589;8.696440064;8.696440064;7646.881967;-42960.169242;;0.0;0.0;806906.9589;6.0;FR001400Q6S4;Bond;806906.9589;763946.789658;0.0025;8.64859066915789;0.0035;8.629450911221046
2090;300647;FR001400QOK5;3587815.068;4.189669457;4.189669457;8304.695336;-94035.15288;;0.0;0.0;3587815.068;6.0;FR001400QOK5;Bond;3587815.068;3493779.91512;0.0025;4.1756854231647225;0.0035;4.170091809630611
2091;300647;FR001400SCF6;517506.8493;4.378319637;4.378319637;1291.679702;-39059.381262;;0.0;0.0;517506.8493;6.0;FR001400SCF6;Bond;517506.8493;478447.468038;0.0025;4.363844684380972;0.014;4.297259902333444
2092;300647;FR001400SMS8;1018352.74;3.85388007;3.85388007;1980.102431;-67971.6489705;;0.0;0.0;1018352.74;5.0;FR001400SMS8;Bond;1018352.74;950381.0910295;0.0025;3.8424006227243073;0.014;3.7895951652561197
2093;300647;FR001400U3P1;797286.4438;5.605496226;5.605496226;3123.121839;-27375.965958;;0.0;0.0;797286.4438;7.0;FR001400U3P1;Bond;797286.4438;769910.477842;0.0025;5.58612046609884;0.0035;5.578370162138375
2094;300647;FR001400WJH9;3502517.123;4.245616018;4.245616018;8061.036345;-185830.70412;;0.0;0.0;3502517.123;8.0;FR001400WJH9;Bond;3502517.123;3316686.4188800002;0.0025;4.23314170506423;0.0095;4.198213628844074
2095;300647;FR001400WKP0;3126710.959;4.61058933;4.61058933;8445.151277;-180209.11104;;0.0;0.0;3126710.959;7.0;FR001400WKP0;Bond;3126710.959;2946501.84796;0.0025;4.596208924694867;0.0095;4.555943789840495
2096;300647;FR001400WL86;2214428.082;4.679295592;4.679295592;6116.64654;-69886.66542;;0.0;0.0;2214428.082;7.0;FR001400WL86;Bond;2214428.082;2144541.41658;0.0025;4.664980637408894;0.004;4.65639166465423
2097;300647;FR001400WP90;2810979.452;6.542776782;6.542776782;14869.60063;-124179.27690999999;;0.0;0.0;2810979.452;8.0;FR001400WP90;Bond;2810979.452;2686800.17509;0.0025;6.51755087699072;0.004;6.502415333985152
2098;300647;FR001400WRF6;3657802.685;4.196725121;4.196725121;8219.947973;-93268.53792;;0.0;0.0;3657802.685;6.0;FR001400WRF6;Bond;3657802.685;3564534.14708;0.0025;4.184575461011334;0.0035;4.179715597015867
2099;300647;FR001400XFK9;1472722.603;4.539696253;4.539696253;3830.727585;-83586.440064;;0.0;0.0;1472722.603;7.0;FR001400XFK9;Bond;1472722.603;1389136.162936;0.0025;4.5261903689041425;0.0095;4.488373893435743
2100;300647;FXW1023856;-4688.054000000004;0.05479452;0.0;-0.00015624200000000088;67498.577725;MORGAN STANLEY EUROPE SE;0.0;-26999.43109;-4688.054000000004;;;Currency Forward;-4688.054000000004;62810.52372499999;0.0;0.05479452;0.0;0.0
2101;300647;IT0005549479;2713794.521;1.983463156;1.983463156;1651.278828;-36093.229711500004;;0.0;0.0;2713794.521;6.0;IT0005549479;Bond;2713794.521;2677701.2912885;0.0025;1.9780865712921405;0.004;1.9748606204674248
2102;300647;IT0005572166;1695950.247;2.467866457;2.467866457;1471.322928;-27986.8029805;;0.0;0.0;1695950.247;6.0;IT0005572166;Bond;1695950.247;1667963.4440195;0.0025;2.4614036000901636;0.004;2.457525885944262
2103;300647;IT0005611253;3821365.068;3.947861637;3.947861637;7752.947483;-101612.5201;;0.0;0.0;3821365.068;7.0;IT0005611253;Bond;3821365.068;3719752.5479;0.0025;3.9361046057153812;0.004;3.92905038694461
2104;300647;IT0005630147;3672625.0;4.299689194;4.299689194;8624.678139;-106467.92084499999;;0.0;0.0;3672625.0;6.0;IT0005630147;Bond;3672625.0;3566157.079155;0.0025;4.2871982907219355;0.004;4.279703748755097
2105;300647;OATM25 Cmdty;0.0;0.0;0.0;-89702.97736;422606.3463;;0.0;0.0;-11042100.0;;;Bond Future;0.0;422606.3463;0.0025;0.0;0.002;0.0
2106;300647;OEM25 Cmdty;0.0;0.0;0.0;107261.0174;-755233.8224000001;;0.0;0.0;39106280.0;;;Bond Future;0.0;-755233.8224000001;0.0025;0.0;0.0015;0.0
2107;300647;PTEDP4OM0025;2881281.249;2.443550654;2.443550654;2535.223666;-120925.05593849998;;0.0;0.0;2881281.249;6.0;PTEDP4OM0025;Bond;2881281.249;2760356.1930615;0.0025;2.43648063976412;0.014;2.40395857427907
2108;300647;RXM25 Cmdty;0.0;0.0;0.0;-96450.38547;423747.6052;;0.0;0.0;-13011830.0;;;Bond Future;0.0;423747.6052;0.0025;0.0;0.0015;0.0
2109;300647;UBM25 Cmdty;0.0;0.0;0.0;98346.89836;-155851.35476;;0.0;0.0;1908160.0;;;Bond Future;0.0;-155851.35476;0.0025;0.0;0.0015;0.0
2110;300647;USX10001AD18;1279414.923;6.895212419;6.895212419;7447.611419;-86349.31965900002;;0.0;12794.14923;1279414.923;8.0;USX10001AD18;Bond;1279414.923;1193065.603341;0.00125;6.8818785218892975;0.00475;6.844543609979332
2111;300647;USX60003AC87;1339508.887;5.532954514;5.532954514;4995.728416;-79440.915037;;0.0;13395.08887;1339508.887;5.0;USX60003AC87;Bond;1339508.887;1260067.971963;0.00125;5.524602465909463;0.00475;5.501216731255959
2112;300647;XS1069439740;3569029.11;0.505123;0.505123;265.0854025;-22411.547172;;0.0;0.0;3569029.11;5.0;XS1069439740;Bond;3569029.11;3546617.5628279997;0.0025;0.5039040277752679;0.0095;0.5004909055460182
2113;300647;XS1223842847;1197639.616;1.945508929;1.945508929;690.2837806;-13972.117962;;0.0;0.0;1197639.616;6.0;XS1223842847;Bond;1197639.616;1183667.498038;0.0025;1.9405621865739326;0.0035;1.9385834896035057
2114;300647;XS1311440082;964895.5479;2.344566571;2.344566571;769.5280473;-28091.995788;;0.0;0.0;964895.5479;7.0;XS1311440082;Bond;964895.5479;936803.5521120001;0.0025;2.3383709341278047;0.0095;2.3210231508856576
2115;300647;XS1401197253;246511.726;9.279151228;9.279151228;2550.319556;-15445.413854000002;;0.0;0.0;246511.726;6.0;XS1401197253;Bond;246511.726;231066.31214599998;0.0025;9.235767051331827;0.004;9.209736545330923
2116;300647;XS1729882024;2923952.055;2.525960664;2.525960664;2608.276998;-91854.92566800001;;0.0;0.0;2923952.055;6.0;XS1729882024;Bond;2923952.055;2832097.1293320004;0.0025;2.519610901591927;0.0095;2.5018315668493223
2117;300647;XS1851313863;1008187.26;0.25397785;0.25397785;31.22932284;-1524.7105962;;0.0;0.0;1008187.26;6.0;XS1851313863;Bond;1008187.26;1006662.5494038;0.0025;0.2533647189558627;0.0035;0.25311946653820777
2118;300647;XS1963116964;1648162.342;4.540862887;4.540862887;4311.341908;-93143.80486799999;;0.0;0.0;1648162.342;6.0;XS1963116964;Bond;1648162.342;1555018.5371319999;0.0025;4.527015280309724;0.0095;4.488241981576952
2119;300647;XS2021462440;3481570.411;4.053934742;4.053934742;7178.181098;-91590.51408;;0.0;0.0;3481570.411;5.0;XS2021462440;Bond;3481570.411;3389979.8969199997;0.0025;4.043476576478992;0.004;4.0372016771663874
2120;300647;XS2050933972;6830000.0;1.655566071;1.655566071;2458.441121;-139289.63567999998;;0.0;0.0;6830000.0;5.0;XS2050933972;Bond;6830000.0;6690710.36432;0.0025;1.653419632151354;0.0095;1.6474096033751446
2121;300647;XS2063495811;2343112.877;2.868266203;2.868266203;2614.691884;-43683.0202965;;0.0;0.0;2343112.877;6.0;XS2063495811;Bond;2343112.877;2299429.8567035;0.0025;2.8609359500974634;0.004;2.8565377983559412
2122;300647;XS2079079799;1683052.397;0.602265478;0.602265478;159.2096674;-12560.643096;;0.0;0.0;1683052.397;5.0;XS2079079799;Bond;1683052.397;1670491.7539040002;0.0025;0.6008073925700194;0.0095;0.5967247533660737
2123;300647;XS2108490090;251514.6575;6.387169489;6.387169489;1200.930531;-9631.599431999999;;0.0;0.0;251514.6575;6.0;XS2108490090;Bond;251514.6575;241883.058068;0.0025;6.3697894887690865;0.0035;6.36283748867672
2124;300647;XS2112475921;229404.6164;8.984882284;8.984882284;2115.909775;-13578.4845365;;0.0;0.0;229404.6164;6.0;XS2112475921;Bond;229404.6164;215826.1318635;0.0025;8.956115461836765;0.004;8.938855368538825
2125;300647;XS2117454871;1569477.534;9.112054066;9.112054066;14807.9312;-86630.78766;;0.0;0.0;1569477.534;6.0;XS2117454871;Bond;1569477.534;1482846.74634;0.0025;9.083754312232426;0.0035;9.072434410725396
2126;300647;XS2123970167;531397.726;2.77277846;2.77277846;550.1423112;-24317.732142;;0.0;0.0;531397.726;5.0;XS2123970167;Bond;531397.726;507079.99385800003;0.0025;2.766117358062558;0.014;2.7354762891503244
2127;300647;XS2187689034;2152543.151;0.204226218;0.204226218;50.98987965;-2759.9731356;;0.0;0.0;2152543.151;4.0;XS2187689034;Bond;2152543.151;2149783.1778644;0.0025;0.20373828378922396;0.0035;0.20354311010491355
2128;300647;XS2197675288;1625753.529;12.26182341;12.26182341;27878.84901;-120533.63154;;0.0;0.0;1625753.529;6.0;XS2197675288;Bond;1625753.529;1505219.8974600001;0.0025;12.208997619551733;0.0035;12.187867303372427
2129;300647;XS2199343513;954297.6438;0.260699614;0.260699614;30.64217723;-1614.4624522;;0.0;0.0;954297.6438;5.0;XS2199343513;Bond;954297.6438;952683.1813478;0.0025;0.2600667831079232;0.004;0.2596870845726771
2130;300647;XS2200513070;1587431.573;6.774413443;6.774413443;8507.320567;-64592.14368000001;;0.0;0.0;1587431.573;7.0;XS2200513070;Bond;1587431.573;1522839.42932;0.0025;6.755165809511245;0.0035;6.747466756115742
2131;300647;XS2221845683;1220565.069;5.655587062;5.655587062;4700.779068;-86006.976696;;0.0;0.0;1220565.069;8.0;XS2221845683;Bond;1220565.069;1134558.092304;0.0025;5.639268380072966;0.0095;5.593576070677271
2132;300647;XS2226645278;273169.5205;6.461070119;6.461070119;1387.562208;-22052.988312;;0.0;0.0;273169.5205;7.0;XS2226645278;Bond;273169.5205;251116.53218799998;0.0025;6.438446403731143;0.0095;6.375100000978341
2133;300647;XS2227906208;466138.637;6.338646674;6.338646674;2199.377034;-19185.5374945;;0.0;0.0;466138.637;6.0;XS2227906208;Bond;466138.637;446953.0995055;0.0025;6.321135540778684;0.004;6.3106288608458945
2134;300647;XS2232115423;1574862.11;6.314075669;6.314075669;7375.885309;-64790.203283;;0.0;0.0;1574862.11;7.0;XS2232115423;Bond;1574862.11;1510071.906717;0.0025;6.296656752353771;0.004;6.286205402366034
2135;300647;XS2244941147;1334583.562;3.479974265;3.479974265;2128.251187;-29069.828478000003;;0.0;0.0;1334583.562;7.0;XS2244941147;Bond;1334583.562;1305513.733522;0.0025;3.470382489912996;0.0035;3.466545779878194
2136;300647;XS2258971071;2664674.384;0.61892658;0.61892658;262.6689606;-11009.1204665;;0.0;0.0;2664674.384;6.0;XS2258971071;Bond;2664674.384;2653665.2635335;0.0025;0.6174198926328325;0.004;0.6165158802125319
2137;300647;XS2265360359;1628732.575;5.384342509;5.384342509;5625.56959;-52475.664894;;0.0;0.0;1628732.575;6.0;XS2265360359;Bond;1628732.575;1576256.910106;0.0025;5.370471485903067;0.0035;5.364923076664294
2138;300647;XS2282094494;2327515.964;0.765983248;0.765983248;310.2393801;-10980.773946000001;;0.0;0.0;2327515.964;6.0;XS2282094494;Bond;2327515.964;2316535.1900540004;0.0025;0.7641177725276986;0.0035;0.7633715823387781
2139;300647;XS2289133758;2291649.575;5.476918544;5.476918544;8191.994384;-84487.507195;;0.0;0.0;2291649.575;7.0;XS2289133758;Bond;2291649.575;2207162.067805;0.0025;5.462542257860327;0.004;5.4539164861765235
2140;300647;XS2292263121;5939922.773;4.646952565;4.646952565;15585.40145;-185569.62424;;0.0;0.0;5939922.773;8.0;XS2292263121;Bond;5939922.773;5754353.14876;0.0025;4.635342008580589;0.004;4.628375674728943
2141;300647;XS2298459426;1034467.126;9.736682775;9.736682775;11243.59547;-66530.3431;;0.0;0.0;1034467.126;6.0;XS2298459426;Bond;1034467.126;967936.7829;0.0025;9.70196592362285;0.004;9.68113581279656
2142;300647;XS2304664167;1966278.63;0.881170617;0.881170617;321.5406941;-11555.253866;;0.0;0.0;1966278.63;7.0;XS2304664167;Bond;1966278.63;1954723.3761339998;0.0025;0.879023582808725;0.004;0.8777353622939599
2143;300647;XS2305244241;1420284.534;0.87846276;0.87846276;231.1988374;-8321.310894;;0.0;0.0;1420284.534;6.0;XS2305244241;Bond;1420284.534;1411963.2231059999;0.0025;0.8763224154325833;0.004;0.8750382086921333
2144;300647;XS2319954710;3510593.952;1.419323654;1.419323654;1192.194595;-61928.562576;;0.0;0.0;3510593.952;7.0;XS2319954710;Bond;3510593.952;3448665.389424;0.0025;1.415869875242087;0.0095;1.4061992947199304
2145;300647;XS2331216577;1658914.493;1.010462694;1.010462694;332.9076518;-11182.739418500001;;0.0;0.0;1658914.493;6.0;XS2331216577;Bond;1658914.493;1647731.7535815;0.0025;1.0079983310016651;0.004;1.0065197132026642
2146;300647;XS2342206591;2004915.558;1.07319399;1.07319399;440.3962685;-26705.719956;;0.0;0.0;2004915.558;7.0;XS2342206591;Bond;2004915.558;1978209.8380439999;0.0025;1.0705818967808165;0.0095;1.0632680357671027
2147;300647;XS2369906644;1617772.877;7.683322266;7.683322266;11047.44022;-81433.71886000001;;0.0;0.0;1617772.877;6.0;XS2369906644;Bond;1617772.877;1536339.1581400002;0.0025;7.66018597991008;0.004;7.646304208256128
2148;300647;XS2381261424;1991317.808;6.130201162;6.130201162;8880.159411;-152564.39448;;0.0;0.0;1991317.808;7.0;XS2381261424;Bond;1991317.808;1838753.41352;0.0025;6.112663613806982;0.0095;6.06355847886653
2149;300647;XS2384274440;587058.7192;3.488662515;3.488662515;915.8337479;-12292.217639999999;;0.0;0.0;587058.7192;6.0;XS2384274440;Bond;587058.7192;574766.50156;0.0025;3.48008848726978;0.0035;3.4766588761776918
2150;300647;XS2384715244;938938.7671;2.371023816;2.371023816;745.6805407;-13353.117312;;0.0;0.0;938938.7671;6.0;XS2384715244;Bond;938938.7671;925585.649788;0.0025;2.365223856583893;0.0035;2.3629038728174505
2151;300647;XS2385390724;267376.8493;3.285889393;3.285889393;375.3246874;-5701.3619676;;0.0;0.0;267376.8493;5.0;XS2385390724;Bond;267376.8493;261675.4873324;0.0025;3.2777888360723377;0.004;3.27292850191574
2152;300647;XS2387735470;668857.1918;10.39952042;10.39952042;8210.425324;-45887.279418499995;;0.0;0.0;668857.1918;6.0;XS2387735470;Bond;668857.1918;622969.9123815;0.0025;10.363012883832758;0.004;10.341108362132413
2153;300647;XS2389353264;1665776.211;6.570182923;6.570182923;8361.561517;-71144.55536500001;;0.0;0.0;1665776.211;8.0;XS2389353264;Bond;1665776.211;1594631.655635;0.0025;6.552610713129676;0.004;6.542067387207481
2154;300647;XS2390506546;5816406.849;2.413010213;2.413010213;4759.099179;-94021.95113999999;;0.0;0.0;5816406.849;8.0;XS2390506546;Bond;5816406.849;5722384.897860001;0.0025;2.407111264019721;0.004;2.403571894631554
2155;300647;XS2404247384;289662.3288;1.537723374;1.537723374;111.8609485;-5515.990632;;0.0;0.0;289662.3288;6.0;XS2404247384;Bond;289662.3288;284146.33816800005;0.0025;1.5339804302672304;0.0095;1.5235001878154752
2156;300647;XS2407357768;2169389.26;0.604103717;0.604103717;207.0329916;-8731.048833;;0.0;0.0;2169389.26;7.0;XS2407357768;Bond;2169389.26;2160658.211167;0.0025;0.6026302260492429;0.004;0.6017461314787886
2157;300647;XS2407529309;1610662.671;2.517246204;2.517246204;1420.844677;-50242.24932;;0.0;0.0;1610662.671;7.0;XS2407529309;Bond;1610662.671;1560420.4216800001;0.0025;2.51103379683148;0.0095;2.4936390567596245
2158;300647;XS2413697140;809257.1918;4.426972901;4.426972901;1953.322996;-24068.387888999998;;0.0;0.0;809257.1918;7.0;XS2413697140;Bond;809257.1918;785188.803911;0.0025;4.415625039421286;0.004;4.408816322474057
2159;300647;XS2415386726;1322467.192;4.45022942;4.45022942;3212.491635;-35258.908536;;0.0;0.0;1322467.192;6.0;XS2415386726;Bond;1322467.192;1287208.283464;0.0025;4.439011638033566;0.0035;4.434524525246992
2160;300647;XS2430287529;1035234.756;0.77974;0.77974;141.0835329;-4832.986368599999;;0.0;0.0;1035234.756;3.0;XS2430287529;Bond;1035234.756;1030401.7696314;0.0025;0.777852944141037;0.0035;0.7770981217974519
2161;300647;XS2430951660;2902019.096;1.771383576;1.771383576;1412.982271;-34355.069242;;0.0;0.0;2902019.096;8.0;XS2430951660;Bond;2902019.096;2867664.026758;0.0025;1.7670556687032164;0.004;1.7644589243251463
2162;300647;XS2464732770;1410261.986;5.969861983;5.969861983;6258.131351;-51123.955596;;0.0;0.0;1410261.986;7.0;XS2464732770;Bond;1410261.986;1359138.030404;0.0025;5.948020950639075;0.0035;5.9392845376947045
2163;300647;XS2486589596;4441384.327;1.146204482;1.146204482;1090.356902;-34038.0627015;;0.0;0.0;4441384.327;8.0;XS2486589596;Bond;4441384.327;4407346.2642985;0.0025;1.143351460393143;0.004;1.1416396474290287
2164;300647;XS2526881532;516335.6164;2.282925292;2.282925292;389.6877898;-7338.756965999999;;0.0;0.0;516335.6164;5.0;XS2526881532;Bond;516335.6164;508996.859434;0.0025;2.277086711428631;0.0035;2.2747512792000832
2165;300647;XS2535309798;1744718.116;7.796059725;7.796059725;13013.50218;-83542.07844000001;;0.0;0.0;1744718.116;7.0;XS2535309798;Bond;1744718.116;1661176.0375599999;0.0025;7.761536111768951;0.0035;7.747726666476531
2166;300647;XS2536941656;2092949.315;4.369461326;4.369461326;5079.723522;-61399.132385499994;;0.0;0.0;2092949.315;8.0;XS2536941656;Bond;2092949.315;2031550.1826145;0.0025;4.356515187757085;0.004;4.348747504811336
2167;300647;XS2554489513;3961242.808;4.380287553;4.380287553;9947.827675;-107880.77496;;0.0;0.0;3961242.808;7.0;XS2554489513;Bond;3961242.808;3853362.03304;0.0025;4.365472611827928;0.0035;4.3595466353590995
2168;300647;XS2555187801;3868111.301;4.028291271;4.028291271;8213.888195;-104677.32755999999;;0.0;0.0;3868111.301;7.0;XS2555187801;Bond;3868111.301;3763433.97344;0.0025;4.0157718956994986;0.004;4.008260270519197
2169;300647;XS2555918270;2074980.308;1.542467124;1.542467124;816.110329;-21302.225619999997;;0.0;0.0;2074980.308;6.0;XS2555918270;Bond;2074980.308;2053678.08238;0.0025;1.538582388191325;0.004;1.53625154670612
2170;300647;XS2555925218;4667843.801;2.645409642;2.645409642;4566.890144;-82755.47241;;0.0;0.0;4667843.801;6.0;XS2555925218;Bond;4667843.801;4585088.32859;0.0025;2.638445809212973;0.004;2.6342675095407566
2171;300647;XS2557084733;2469067.014;7.679819443;7.679819443;18245.81554;-127488.556975;;0.0;0.0;2469067.014;7.0;XS2557084733;Bond;2469067.014;2341578.457025;0.0025;7.642524480505328;0.004;7.620147503008524
2172;300647;XS2558978883;2254695.205;2.635687649;2.635687649;2191.822513;-73969.30548;;0.0;0.0;2254695.205;6.0;XS2558978883;Bond;2254695.205;2180725.89952;0.0025;2.6287519031814344;0.0095;2.609331814889452
2173;300647;XS2560328648;1450999.315;2.694230961;2.694230961;1458.135727;-48520.130196;;0.0;0.0;1450999.315;6.0;XS2560328648;Bond;1450999.315;1402479.184804;0.0025;2.6872552053315593;0.0095;2.6677230894599253
2174;300647;XS2560422581;4238847.707;7.004123535;7.004123535;26215.26367;-200670.56906;;0.0;0.0;4238847.707;8.0;XS2560422581;Bond;4238847.707;4038177.1379400003;0.0025;6.9721547523189455;0.004;6.952973482710314
2175;300647;XS2573569576;3627816.781;4.274750893;4.274750893;8469.451733;-103993.16655000001;;0.0;0.0;3627816.781;7.0;XS2573569576;Bond;3627816.781;3523823.6144499998;0.0025;4.262069970893877;0.004;4.2544614176302025
2176;300647;XS2574873183;730044.5918;7.865621814;7.865621814;5562.651943;-35316.333264;;0.0;0.0;730044.5918;7.0;XS2574873183;Bond;730044.5918;694728.258536;0.0025;7.829801687457458;0.0035;7.815473636840441
2177;300647;XS2576067081;1804332.466;7.747273988;7.747273988;13451.6456;-86145.12468000001;;0.0;0.0;1804332.466;7.0;XS2576067081;Bond;1804332.466;1718187.3413200001;0.0025;7.71094481482655;0.0035;7.69641314555717
2178;300647;XS2576362839;1289926.685;2.096392213;2.096392213;854.4062338;-18105.832771;;0.0;0.0;1289926.685;6.0;XS2576362839;Bond;1289926.685;1271820.852229;0.0025;2.09082016231724;0.004;2.087476931907584
2179;300647;XS2576550086;5544058.219;2.644686432;2.644686432;5563.568584;-252349.854075;;0.0;0.0;5544058.219;7.0;XS2576550086;Bond;5544058.219;5291708.364925;0.0025;2.637084369092748;0.014;2.6021148797193905
2180;300647;XS2580221658;1168207.534;2.730852813;2.730852813;1226.739744;-19892.822652000003;;0.0;0.0;1168207.534;6.0;XS2580221658;Bond;1168207.534;1148314.711348;0.0025;2.723244098445638;0.0035;2.7202006126238936
2181;300647;XS2589260723;4266605.967;5.048520098;5.048520098;13589.87312;-131706.41400000002;;0.0;0.0;4266605.967;7.0;XS2589260723;Bond;4266605.967;4134899.5530000003;0.0025;5.032609690292344;0.0035;5.026245527209282
2182;300647;XS2590758822;2782920.007;7.597203085;7.597203085;20061.77174;-130355.13054000001;;0.0;0.0;2782920.007;8.0;XS2590758822;Bond;2782920.007;2652564.8764600004;0.0025;7.56127450413543;0.0035;7.546903071789603
2183;300647;XS2592650373;3490367.295;1.836795849;1.836795849;1815.236315;-42888.3259545;;0.0;0.0;3490367.295;8.0;XS2592650373;Bond;3490367.295;3447478.9690455;0.0025;1.832228639344132;0.004;1.829488313550611
2184;300647;XS2595028536;3200149.327;2.710860802;2.710860802;3253.724821;-58127.17924;;0.0;0.0;3200149.327;9.0;XS2595028536;Bond;3200149.327;3142022.14776;0.0025;2.703814178703668;0.004;2.6995862047258683
2185;300647;XS2596599063;2650721.367;1.858966259;1.858966259;1406.364078;-32946.5373965;;0.0;0.0;2650721.367;6.0;XS2596599063;Bond;2650721.367;2617774.8296035;0.0025;1.8543416728779325;0.004;1.851566921204692
2186;300647;XS2597113989;4271385.393;1.843950143;1.843950143;2234.770418;-52691.6795665;;0.0;0.0;4271385.393;8.0;XS2597113989;Bond;4271385.393;4218693.7134335;0.0025;1.8393706311328906;0.004;1.8366229240126248
2187;300647;XS2598331242;1209378.425;2.834245729;2.834245729;1367.320701;-22972.4596725;;0.0;0.0;1209378.425;7.0;XS2598331242;Bond;1209378.425;1186405.9653275001;0.0025;2.826063153767534;0.004;2.821153608628054
2188;300647;XS2602037629;4153165.761;4.906647266;4.906647266;12063.46324;-250731.06972;;0.0;0.0;4153165.761;5.0;XS2602037629;Bond;4153165.761;3902434.69128;0.0025;4.894219163187539;0.0095;4.859420475312647
2189;300647;XS2608828641;1581210.411;1.761592657;1.761592657;785.6464996;-18680.353809;;0.0;0.0;1581210.411;4.0;XS2608828641;Bond;1581210.411;1562530.057191;0.0025;1.756929079198119;0.004;1.7541309325169903
2190;300647;XS2610457967;1287574.658;6.413362459;6.413362459;6884.067276;-103037.858064;;0.0;0.0;1287574.658;7.0;XS2610457967;Bond;1287574.658;1184536.799936;0.0025;6.382527045549276;0.0095;6.296187887887248
2191;300647;XS2622275886;3235017.178;1.824445496;1.824445496;1697.933877;-39041.799472;;0.0;0.0;3235017.178;6.0;XS2622275886;Bond;3235017.178;3195975.378528;0.0025;1.8196454780832088;0.004;1.816765467333134
2192;300647;XS2624976077;2262153.082;2.81130997;2.81130997;2513.608675;-42685.840469999996;;0.0;0.0;2262153.082;8.0;XS2624976077;Bond;2262153.082;2219467.2415299998;0.0025;2.803289688422858;0.004;2.7984775194765734
2193;300647;XS2625194225;4535837.808;4.254032538;4.254032538;10810.68304;-118404.44646;;0.0;0.0;4535837.808;6.0;XS2625194225;Bond;4535837.808;4417433.36154;0.0025;4.239689700822017;0.0035;4.233952565950823
2194;300647;XS2626699982;4482970.89;2.776360911;2.776360911;4863.960533;-155019.6864;;0.0;0.0;4482970.89;7.0;XS2626699982;Bond;4482970.89;4327951.2036;0.0025;2.7685067114454185;0.0095;2.74651495269259
2195;300647;XS2629064267;3123367.055;3.757637208;3.757637208;5812.351866;-71683.46484;;0.0;0.0;3123367.055;6.0;XS2629064267;Bond;3123367.055;3051683.59016;0.0025;3.74641367623385;0.0035;3.7419242635273897
2196;300647;XS2629470845;2937636.493;7.893452753;7.893452753;23157.63789;-142807.33031999998;;0.0;0.0;2937636.493;8.0;XS2629470845;Bond;2937636.493;2794829.1626799996;0.0025;7.852142121321589;0.0035;7.835617868650225
2197;300647;XS2636745882;5053081.327;6.307115681;6.307115681;26034.53164;-196836.53856000002;;0.0;0.0;5053081.327;7.0;XS2636745882;Bond;5053081.327;4856244.788439999;0.0025;6.277759723816148;0.0035;6.266017340942607
2198;300647;XS2637069357;1681762.5;7.946991334;7.946991334;11910.26019;-166425.37392;;0.0;0.0;1681762.5;5.0;XS2637069357;Bond;1681762.5;1515337.12608;0.0025;7.927827742127467;0.0095;7.874169684884375
2199;300647;XS2637421848;2516956.164;3.686689164;3.686689164;4577.149131;-62309.516503;;0.0;0.0;2516956.164;7.0;XS2637421848;Bond;2516956.164;2454646.6474969997;0.0025;3.6752052173471235;0.004;3.6683148493553976
2200;300647;XS2643673952;636302.7946;5.768093069;5.768093069;2637.238577;-24517.122974500002;;0.0;0.0;636302.7946;7.0;XS2643673952;Bond;636302.7946;611785.6716255001;0.0025;5.7476546053514115;0.004;5.735391527162259
2201;300647;XS2675884576;3240253.425;2.907029704;2.907029704;3856.67932;-59396.933592;;0.0;0.0;3240253.425;6.0;XS2675884576;Bond;3240253.425;3180856.491408;0.0025;2.898400757606162;0.0035;2.8949491790486266
2202;300647;XS2676395317;4166763.74;6.025650583;6.025650583;19131.16444;-154719.34896;;0.0;0.0;4166763.74;6.0;XS2676395317;Bond;4166763.74;4012044.39104;0.0025;6.001637432930018;0.0035;5.992032172902025
2203;300647;XS2676816940;4463977.911;0.423442522;0.423442522;263.7819854;-12798.775021500001;;0.0;0.0;4463977.911;7.0;XS2676816940;Bond;4463977.911;4451179.1359785;0.0025;0.42241349994988026;0.004;0.42179608671980845
2204;300647;XS2676818482;3403941.37;3.41819094;3.41819094;5245.648542;-71029.60398;;0.0;0.0;3403941.37;6.0;XS2676818482;Bond;3403941.37;3332911.76602;0.0025;3.408874728782755;0.0035;3.405148244295857
2205;300647;XS2678749990;3180017.247;6.392249122;6.392249122;16665.26671;-250536.15732000003;;0.0;0.0;3180017.247;6.0;XS2678749990;Bond;3180017.247;2929481.0896799997;0.0025;6.363385706948038;0.0095;6.282568144802545
2206;300647;XS2699159351;4167075.288;5.637905884;5.637905884;17067.06662;-144496.00848;;0.0;0.0;4167075.288;7.0;XS2699159351;Bond;4167075.288;4022579.2795200003;0.0025;5.614978482700567;0.0035;5.605807522180794
2207;300647;XS2715918020;846005.4795;2.509751267;2.509751267;763.5550082;-13674.522719;;0.0;0.0;846005.4795;6.0;XS2715918020;Bond;846005.4795;832330.956781;0.0025;2.50293485942301;0.004;2.498845014876816
2208;300647;XS2717301365;2023663.973;3.266923146;3.266923146;2900.243098;-44368.849525;;0.0;0.0;2023663.973;7.0;XS2717301365;Bond;2023663.973;1979295.123475;0.0025;3.2577760039159047;0.004;3.252287718665448
2209;300647;XS2717378231;1487335.26;4.761213123;4.761213123;4288.073972;-43404.899262;;0.0;0.0;1487335.26;5.0;XS2717378231;Bond;1487335.26;1443930.360738;0.0025;4.745809546452086;0.0035;4.739648115832919
2210;300647;XS2718201515;1190635.959;5.107735443;5.107735443;3976.108876;-37201.80822;;0.0;0.0;1190635.959;6.0;XS2718201515;Bond;1190635.959;1153434.15078;0.0025;5.089470764423784;0.0035;5.082164892993298
2211;300647;XS2721465271;3030903.378;6.812536261;6.812536261;17727.37749;-127294.10508;;0.0;0.0;3030903.378;7.0;XS2721465271;Bond;3030903.378;2903609.27292;0.0025;6.782340991188924;0.0035;6.770262883264494
2212;300647;XS2722162315;1758035.206;6.959302466;6.959302466;10604.48029;-75298.6596;;0.0;0.0;1758035.206;7.0;XS2722162315;Bond;1758035.206;1682736.5464;0.0025;6.9295820234204255;0.0035;6.917693846388596
2213;300647;XS2723593187;1480616.411;3.976594119;3.976594119;3039.255937;-36053.113662;;0.0;0.0;1480616.411;6.0;XS2723593187;Bond;1480616.411;1444563.297338;0.0025;3.96480996163749;0.0035;3.960096298692486
2214;300647;XS2728561098;2335211.815;4.1570947;4.1570947;-3326.079092;-59248.635444;;0.0;0.0;2335211.815;6.0;XS2728561098;Bond;2335211.815;2275963.179556;0.0025;4.235906185942736;0.0035;4.267430780319829
2215;300647;XS2730661100;2466310.0;3.440672558;3.440672558;3479.392758;-140103.080139;;0.0;0.0;2466310.0;5.0;XS2730661100;Bond;2466310.0;2326206.919861;0.0025;3.4349989115999744;0.014;3.408900138159855
2216;300647;XS2743047156;743330.4795;3.28280602;3.28280602;1097.486018;-30426.120515999995;;0.0;0.0;743330.4795;6.0;XS2743047156;Bond;743330.4795;712904.358984;0.0025;3.272836951970919;0.0095;3.2449235614894913
2217;300647;XS2745719000;1450006.849;3.461886516;3.461886516;2288.264664;-33690.1910605;;0.0;0.0;1450006.849;7.0;XS2745719000;Bond;1450006.849;1416316.6579395;0.0025;3.452395508942238;0.004;3.4467009047075807
2218;300647;XS2746663074;2196293.329;8.483503884;8.483503884;20070.7991;-114905.8704;;0.0;0.0;2196293.329;6.0;XS2746663074;Bond;2196293.329;2081387.4586;0.0025;8.434966292254792;0.0035;8.415551255556709
2219;300647;XS2747600109;1536569.993;8.553407735;8.553407735;-1043.472841;-80923.29552000001;;0.0;0.0;1536569.993;7.0;XS2747600109;Bond;1536569.993;1455646.69748;0.0025;8.75328700204577;0.0035;8.833238708864078
2220;300647;XS2747610751;1119593.562;5.845777906;5.845777906;4737.610203;-44066.963206500004;;0.0;0.0;1119593.562;7.0;XS2747610751;Bond;1119593.562;1075526.5987934999;0.0025;5.825422086825413;0.004;5.813208595320661
2221;300647;XS2748213290;1819552.104;4.936488593;4.936488593;5819.511492;-56250.051911999995;;0.0;0.0;1819552.104;6.0;XS2748213290;Bond;1819552.104;1763302.052088;0.0025;4.917452869996083;0.0035;4.909838580794516
2222;300647;XS2751689048;1018068.541;6.24107219;6.24107219;4964.052252;-39090.27696;;0.0;0.0;1018068.541;7.0;XS2751689048;Bond;1018068.541;978978.2640399999;0.0025;6.216550871885497;0.0035;6.206742344639696
2223;300647;XS2752472436;1767563.822;6.013467456;6.013467456;8039.42966;-65268.74472;;0.0;0.0;1767563.822;6.0;XS2752472436;Bond;1767563.822;1702295.0772799999;0.0025;5.990164162563449;0.0035;5.980842845188829
2224;300647;XS2753315626;923938.7918;7.530257229;7.530257229;6554.868206;-46824.155131;;0.0;0.0;923938.7918;7.0;XS2753315626;Bond;923938.7918;877114.636669;0.0025;7.4946570846558656;0.004;7.473296998049385
2225;300647;XS2754488851;979332.5342;4.239398329;4.239398329;2342.826265;-51955.856784;;0.0;0.0;979332.5342;6.0;XS2754488851;Bond;979332.5342;927376.677416;0.0025;4.224522864726381;0.0095;4.182871564760245
2226;300647;XS2756298639;2505049.315;2.625681959;2.625681959;2410.265779;-44156.477573;;0.0;0.0;2505049.315;6.0;XS2756298639;Bond;2505049.315;2460892.837427;0.0025;2.6188633982255296;0.004;2.6147722617608475
2227;300647;XS2756342122;909504.9863;7.216815417;7.216815417;5826.14766;-40444.48798800001;;0.0;0.0;909504.9863;7.0;XS2756342122;Bond;909504.9863;869060.498312;0.0025;7.18687536240029;0.0035;7.174899340560406
2228;300647;XS2757511113;612806.7945;1.871274378;1.871274378;328.1004708;-7672.966671499999;;0.0;0.0;612806.7945;6.0;XS2757511113;Bond;612806.7945;605133.8278285;0.0025;1.8666433960182425;0.004;1.8638648068291879
2229;300647;XS2758880798;1191730.822;3.499022171;3.499022171;1917.542443;-28038.421840000003;;0.0;0.0;1191730.822;6.0;XS2758880798;Bond;1191730.822;1163692.40016;0.0025;3.4894040638756953;0.004;3.4836331996011123
2230;300647;XS2759982577;2537289.473;3.763035775;3.763035775;4714.882617;-57859.07703;;0.0;0.0;2537289.473;6.0;XS2759982577;Bond;2537289.473;2479430.3959700004;0.0025;3.7519809708477716;0.0035;3.7475590491868807
2231;300647;XS2759989234;1198492.507;4.11968559;4.11968559;2620.300432;-32860.3887625;;0.0;0.0;1198492.507;7.0;XS2759989234;Bond;1198492.507;1165632.1182375;0.0025;4.107456856951976;0.004;4.100119617123162
2232;300647;XS2762369549;1965192.123;4.998679158;4.998679158;6211.410743;-122857.84596;;0.0;0.0;1965192.123;7.0;XS2762369549;Bond;1965192.123;1842334.2770399998;0.0025;4.982128285114402;0.0095;4.935785841034726
2233;300647;XS2763026395;2327064.005;5.082663551;5.082663551;7475.558626;-72101.18466;;0.0;0.0;2327064.005;7.0;XS2763026395;Bond;2327064.005;2254962.82034;0.0025;5.066936167778709;0.0035;5.060645214490193
2234;300647;XS2764397829;1584592.541;4.422891523;4.422891523;3778.556974;-86508.05223599999;;0.0;0.0;1584592.541;4.0;XS2764397829;Bond;1584592.541;1498084.488764;0.0025;4.412182431029235;0.0095;4.382196973511094
2235;300647;XS2764455619;898915.5616;8.598706247;8.598706247;8186.485504;-47617.882626;;0.0;0.0;898915.5616;7.0;XS2764455619;Bond;898915.5616;851297.678974;0.0025;8.555873909842083;0.0035;8.538740974978914
2236;300647;XS2764459363;1133715.753;5.120971029;5.120971029;3718.899892;-39102.697491;;0.0;0.0;1133715.753;8.0;XS2764459363;Bond;1133715.753;1094613.055509;0.0025;5.10452500476929;0.004;5.094657390230863
2237;300647;XS2770514946;4014871.572;8.666106609;8.666106609;37003.97285;-214445.22936;;0.0;0.0;4014871.572;7.0;XS2770514946;Bond;4014871.572;3800426.3426400004;0.0025;8.623441958148941;0.0035;8.606376097808516
2238;300647;XS2771494940;3568458.575;5.919080204;5.919080204;15338.34788;-129075.26136;;0.0;0.0;3568458.575;6.0;XS2771494940;Bond;3568458.575;3439383.3136400003;0.0025;5.899211183196971;0.0035;5.891263574875759
2239;300647;XS2774448521;2038310.959;4.100179261;4.100179261;4433.723143;-104107.543392;;0.0;0.0;2038310.959;6.0;XS2774448521;Bond;2038310.959;1934203.415608;0.0025;4.087828069068236;0.0095;4.053244731659295
2240;300647;XS2774944008;2088362.772;5.195319322;5.195319322;6862.987103;-133463.66256;;0.0;0.0;2088362.772;5.0;XS2774944008;Bond;2088362.772;1954899.10944;0.0025;5.180640172854533;0.0095;5.139538555247224
2241;300647;XS2775027472;1915329.356;8.307397528;8.307397528;16583.80753;-98083.04688000001;;0.0;0.0;1915329.356;7.0;XS2775027472;Bond;1915329.356;1817246.3091199999;0.0025;8.263468098076906;0.0035;8.245896326107669
2242;300647;XS2777442281;476223.8356;12.70474195;12.70474195;10021.88011;-37279.905504;;0.0;0.0;476223.8356;7.0;XS2777442281;Bond;476223.8356;438943.93009599997;0.0025;12.58215627090455;0.0035;12.533121999266369
2243;300647;XS2778764188;1396750.121;8.61916266;8.61916266;12787.57683;-73906.29965999999;;0.0;0.0;1396750.121;6.0;XS2778764188;Bond;1396750.121;1322843.82134;0.0025;8.57600667527666;0.0035;8.558744281387327
2244;300647;XS2782109016;1169488.356;3.944274994;3.944274994;2377.02594;-30963.395983000002;;0.0;0.0;1169488.356;6.0;XS2782109016;Bond;1169488.356;1138524.9600169999;0.0025;3.932354883688161;0.004;3.9252028175010576
2245;300647;XS2783118131;1409128.192;5.151349885;5.151349885;4642.834505;-44371.751496;;0.0;0.0;1409128.192;7.0;XS2783118131;Bond;1409128.192;1364756.440504;0.0025;5.135320208277046;0.0035;5.128908337587865
2246;300647;XS2787827604;841025.589;8.638371808;8.638371808;7723.360276;-44880.916037999996;;0.0;0.0;841025.589;6.0;XS2787827604;Bond;841025.589;796144.672962;0.0025;8.59534386896114;0.0035;8.578132693345594
2247;300647;XS2788380306;969876.4399;1.882045061;1.882045061;523.740087;-12320.162315500002;;0.0;0.0;969876.4399;5.0;XS2788380306;Bond;969876.4399;957556.2775845;0.0025;1.8774001195053358;0.004;1.8746131546085374
2248;300647;XS2790191303;2399724.588;5.31161225;5.31161225;8356.097168;-157534.15931999998;;0.0;0.0;2399724.588;4.0;XS2790191303;Bond;2399724.588;2242190.42868;0.0025;5.29509264317356;0.0095;5.248837744059531
2249;300647;XS2791960664;3316965.479;12.72685161;12.72685161;59923.87774;-258929.43432;;0.0;0.0;3316965.479;7.0;XS2791960664;Bond;3316965.479;3058036.04468;0.0025;12.680136659850792;0.0035;12.661450679791109
2250;300647;XS2791972248;3051739.754;6.772622868;6.772622868;17104.669;-139199.32987999998;;0.0;0.0;3051739.754;9.0;XS2791972248;Bond;3051739.754;2912540.42412;0.0025;6.7471716416715255;0.004;6.731900905874441
2251;300647;XS2791973642;4099796.575;3.442733666;3.442733666;6592.186662;-176251.73436;;0.0;0.0;4099796.575;6.0;XS2791973642;Bond;4099796.575;3923544.84064;0.0025;3.4321664491326604;0.0095;3.4025782419041093
2252;300647;XS2801962155;941811.7808;3.649685042;3.649685042;1666.499204;-20938.77981;;0.0;0.0;941811.7808;6.0;XS2801962155;Bond;941811.7808;920873.00099;0.0025;3.6387490195688605;0.0035;3.6343746105964048
2253;300647;XS2806377268;854390.0274;4.238854985;4.238854985;2016.643268;-24028.280419000002;;0.0;0.0;854390.0274;6.0;XS2806377268;Bond;854390.0274;830361.7469810001;0.0025;4.224766438952716;0.004;4.2163133113243445
2254;300647;XS2809670099;625163.7534;8.351992735;8.351992735;5585.681735;-32063.451798000002;;0.0;0.0;625163.7534;6.0;XS2809670099;Bond;625163.7534;593100.301602;0.0025;8.303013446040199;0.0035;8.283421730456277
2255;300647;XS2809859536;1125297.945;7.205694559;7.205694559;7554.489477;-101842.263468;;0.0;0.0;1125297.945;6.0;XS2809859536;Bond;1125297.945;1023455.6815320001;0.0025;7.167666549177556;0.0095;7.061188121674714
2256;300647;XS2810794680;992374.9452;7.164228467;7.164228467;6459.598656;-47408.30471;;0.0;0.0;992374.9452;6.0;XS2810794680;Bond;992374.9452;944966.6404899999;0.0025;7.129813093168706;0.004;7.1091638688699295
2257;300647;XS2813211617;1579980.405;12.90704435;12.90704435;34679.86848;-122432.08247999998;;0.0;0.0;1579980.405;7.0;XS2813211617;Bond;1579980.405;1457548.32252;0.0025;12.774784933025346;0.0035;12.721881166235484
2258;300647;XS2815984732;2142440.827;4.322197683;4.322197683;5215.230391;-56572.577207999995;;0.0;0.0;2142440.827;6.0;XS2815984732;Bond;2142440.827;2085868.249792;0.0025;4.30804498728282;0.0035;4.302383908995948
2259;300647;XS2817890077;1766402.09;7.199925449;7.199925449;11688.7324;-158714.39112;;0.0;0.0;1766402.09;8.0;XS2817890077;Bond;1766402.09;1607687.69888;0.0025;7.164091399548114;0.0095;7.063756061082831
2260;300647;XS2818300407;1882941.781;3.829073512;3.829073512;3637.608806;-89926.81513199999;;0.0;0.0;1882941.781;8.0;XS2818300407;Bond;1882941.781;1793014.965868;0.0025;3.817431138233055;0.0095;3.784832491685608
2261;300647;XS2821714735;3094875.205;5.842564409;5.842564409;13418.59598;-120421.512055;;0.0;0.0;3094875.205;6.0;XS2821714735;Bond;3094875.205;2974453.6929450002;0.0025;5.819509630419547;0.004;5.805676763271275
2262;300647;XS2823235085;2805460.616;4.33687596;4.33687596;6940.738454;-152105.29080000002;;0.0;0.0;2805460.616;6.0;XS2823235085;Bond;2805460.616;2653355.3252;0.0025;4.322046935286568;0.0095;4.280525666088955
2263;300647;XS2823261834;616942.5699;8.56253411;8.56253411;5720.319569;-32558.031558000002;;0.0;0.0;616942.5699;6.0;XS2823261834;Bond;616942.5699;584384.538342;0.0025;8.514025448867496;0.0035;8.494621984414495
2264;300647;XS2823931824;1439971.028;5.046578155;5.046578155;4725.370657;-44652.029628000004;;0.0;0.0;1439971.028;6.0;XS2823931824;Bond;1439971.028;1395318.998372;0.0025;5.028208697083092;0.0035;5.020860913916328
2265;300647;XS2827708145;991676.3014;12.61109773;12.61109773;21067.91285;-76960.28088;;0.0;0.0;991676.3014;7.0;XS2827708145;Bond;991676.3014;914716.02052;0.0025;12.47757850171623;0.0035;12.424170810402723
2266;300647;XS2829201404;1238106.0;1.57914386;1.57914386;-506.0441805;-32340.697025999998;;0.0;0.0;1238106.0;5.0;XS2829201404;Bond;1238106.0;1205765.302974;0.0025;1.5955962093060323;0.014;1.6712770161137809
2267;300647;XS2830327446;2287349.342;3.621907978;3.621907978;3998.99811;-143117.3214735;;0.0;0.0;2287349.342;6.0;XS2830327446;Bond;2287349.342;2144232.0205265004;0.0025;3.6109957454694728;0.014;3.560799475829048
2268;300647;XS2831094706;3056057.74;4.62289857;4.62289857;9484.256142;-139070.66856000002;;0.0;0.0;3056057.74;7.0;XS2831094706;Bond;3056057.74;2916987.07144;0.0025;4.598740839937495;0.0095;4.531099195762479
2269;300647;XS2831524728;2511609.534;4.36106601;4.36106601;6202.212055;-66772.98174;;0.0;0.0;2511609.534;6.0;XS2831524728;Bond;2511609.534;2444836.55226;0.0025;4.346877819150954;0.0035;4.341202542811336
2270;300647;XS2831594697;3793318.767;3.926322002;3.926322002;7640.35266;-100145.93927;;0.0;0.0;3793318.767;6.0;XS2831594697;Bond;3793318.767;3693172.82773;0.0025;3.914508001741958;0.004;3.9074196015871325
2271;300647;XS2832954270;3926453.089;3.563056201;3.563056201;6655.903047;-85119.75366;;0.0;0.0;3926453.089;6.0;XS2832954270;Bond;3926453.089;3841333.33534;0.0025;3.5524160269450875;0.0035;3.548159957323122
2272;300647;XS2838924848;2369009.011;8.488452167;8.488452167;21718.69362;-134613.73419;;0.0;0.0;2369009.011;7.0;XS2838924848;Bond;2369009.011;2234395.2768099997;0.0025;8.439390738071683;0.004;8.409953880714692
2273;300647;XS2839008948;2938748.37;7.199749226;7.199749226;18738.52507;-130159.72218000001;;0.0;0.0;2938748.37;7.0;XS2839008948;Bond;2938748.37;2808588.64782;0.0025;7.169931134375984;0.0035;7.158003897726378
2274;300647;XS2839195877;1821395.589;8.344314173;8.344314173;16293.518;-93895.55387999999;;0.0;0.0;1821395.589;7.0;XS2839195877;Bond;1821395.589;1727500.03512;0.0025;8.29474254929223;0.0035;8.274913899809123
2275;300647;XS2843262887;4188511.241;3.645335152;3.645335152;7370.693863;-92627.12304;;0.0;0.0;4188511.241;6.0;XS2843262887;Bond;4188511.241;4095884.11796;0.0025;3.634562804472189;0.0035;3.6302538654610648
2276;300647;XS2844410287;746328.6849;3.605202626;3.605202626;1295.116326;-16450.724694000004;;0.0;0.0;746328.6849;5.0;XS2844410287;Bond;746328.6849;729877.960206;0.0025;3.5943134336394387;0.0035;3.5899577566952146
2277;300647;XS2845167613;745545.5479;2.939324448;2.939324448;892.5388462;-14754.360114000001;;0.0;0.0;745545.5479;6.0;XS2845167613;Bond;745545.5479;730791.187786;0.0025;2.9309944669510037;0.004;2.9259964783216064
2278;300647;XS2858130771;2138566.5;5.170496459;5.170496459;6759.372302;-182081.66559;;0.0;0.0;2138566.5;5.0;XS2858130771;Bond;2138566.5;1956484.8344100001;0.0025;5.158313982696837;0.014;5.10227459170229
2279;300647;XS2859406139;3211537.5;1.741961786;1.741961786;1529.145977;-36148.937851;;0.0;0.0;3211537.5;6.0;XS2859406139;Bond;3211537.5;3175388.562149;0.0025;1.7376443280382932;0.004;1.735053853261269
2280;300647;XS2859413341;2076849.315;6.394349815;6.394349815;11516.93758;-136008.4278;;0.0;0.0;2076849.315;7.0;XS2859413341;Bond;2076849.315;1940840.8872;0.0025;6.357934361075414;0.0095;6.255971090086574
2281;300647;XS2861000235;1641303.452;7.487310166;7.487310166;11455.43354;-75465.41442;;0.0;0.0;1641303.452;7.0;XS2861000235;Bond;1641303.452;1565838.03758;0.0025;7.452972868529839;0.0035;7.439237949541774
2282;300647;XS2865533462;3122028.082;5.379079549;5.379079549;11438.31652;-113048.26234;;0.0;0.0;3122028.082;8.0;XS2865533462;Bond;3122028.082;3008979.81966;0.0025;5.359822152015186;0.004;5.348267713824296
2283;300647;XS2886143770;812954.6137;7.677022292;7.677022292;5904.763194;-38287.280796;;0.0;0.0;812954.6137;6.0;XS2886143770;Bond;812954.6137;774667.332904;0.0025;7.642780549208421;0.0035;7.62908385209179
2284;300647;XS2886191589;618910.274;4.637766815;4.637766815;1710.707602;-35860.94712;;0.0;0.0;618910.274;8.0;XS2886191589;Bond;618910.274;583049.32688;0.0025;4.622437417801731;0.0095;4.5795151056465775
2285;300647;XS2886269013;925178.0548;3.956945997;3.956945997;1878.743343;-24592.788662;;0.0;0.0;925178.0548;6.0;XS2886269013;Bond;925178.0548;900585.2661380001;0.0025;3.9453224761891383;0.004;3.9383483637026213
2286;300647;XS2889406497;1843921.233;5.356563731;5.356563731;6738.154231;-123453.30576;;0.0;0.0;1843921.233;7.0;XS2889406497;Bond;1843921.233;1720467.92724;0.0025;5.336939349834873;0.0095;5.281991082572519
2287;300647;XS2892321501;3001830.0;6.880626421;6.880626421;17665.29133;-126909.86634000001;;0.0;0.0;3001830.0;6.0;XS2892321501;Bond;3001830.0;2874920.13366;0.0025;6.851862953600604;0.0035;6.840357566640847
2288;300647;XS2892988192;2701362.847;6.070530136;6.070530136;12519.12728;-100781.65308;;0.0;0.0;2701362.847;6.0;XS2892988192;Bond;2701362.847;2600581.19392;0.0025;6.046799112103159;0.0035;6.037306702544422
2289;300647;XS2893176862;803247.2826;7.025142349;7.025142349;4947.469812;-68856.918072;;0.0;0.0;803247.2826;5.0;XS2893176862;Bond;803247.2826;734390.364528;0.0025;6.994540514441968;0.0095;6.908855377679479
2290;300647;XS2894910665;6140091.809;5.431877114;5.431877114;22731.39502;-203653.71606;;0.0;0.0;6140091.809;7.0;XS2894910665;Bond;6140091.809;5936438.092940001;0.0025;5.413087180381143;0.0035;5.4055712069336
2291;300647;XS2895051212;2592595.342;7.049976172;7.049976172;15826.20151;-111906.62352;;0.0;0.0;2592595.342;6.0;XS2895051212;Bond;2592595.342;2480688.7184800003;0.0025;7.021621943629761;0.0035;7.010280252281666
2292;300647;XS2895631567;1975985.814;4.385782967;4.385782967;4781.411461;-52388.425674;;0.0;0.0;1975985.814;7.0;XS2895631567;Bond;1975985.814;1923597.388326;0.0025;4.373376697233416;0.0035;4.368414189326782
2293;300647;XS2895710783;1088537.237;4.824344284;4.824344284;3205.918538;-34879.6880705;;0.0;0.0;1088537.237;6.0;XS2895710783;Bond;1088537.237;1053657.5489295;0.0025;4.808900977691418;0.004;4.799634993906269
2294;300647;XS2896350175;2340100.342;3.883547312;3.883547312;4593.784456;-156754.5050445;;0.0;0.0;2340100.342;7.0;XS2896350175;Bond;2340100.342;2183345.8369555003;0.0025;3.8721753720221215;0.014;3.8198644481238797
2295;300647;XS2898168443;3237849.304;4.176303209;4.176303209;6808.601114;-167405.49636000002;;0.0;0.0;3237849.304;4.0;XS2898168443;Bond;3237849.304;3070443.80764;0.0025;4.167336581840074;0.0095;4.142230025792277
2296;300647;XS2898290916;2398312.11;6.828030565;6.828030565;13967.90454;-109325.47392;;0.0;0.0;2398312.11;7.0;XS2898290916;Bond;2398312.11;2288986.63608;0.0025;6.798984163218124;0.004;6.781556322148998
2297;300647;XS2904504979;1242723.288;3.974203548;3.974203548;2552.599915;-33256.675322;;0.0;0.0;1242723.288;7.0;XS2904504979;Bond;1242723.288;1209466.612678;0.0025;3.9623383515533996;0.004;3.9552192336854395
2298;300647;XS2904540775;5770073.947;4.026994678;4.026994678;12074.38521;-156263.265665;;0.0;0.0;5770073.947;8.0;XS2904540775;Bond;5770073.947;5613810.681334999;0.0025;4.015221703266105;0.004;4.008157918425768
2299;300647;XS2905579095;2783892.712;6.256555521;6.256555521;13514.27455;-115481.4674;;0.0;0.0;2783892.712;6.0;XS2905579095;Bond;2783892.712;2668411.2446;0.0025;6.233055429430269;0.004;6.218955374488432
2300;300647;XS2906211946;4846875.452;6.9439813;6.9439813;6990.640046;-206946.75804;;0.0;0.0;4846875.452;6.0;XS2906211946;Bond;4846875.452;4639928.69396;0.0025;7.0284710341587635;0.0035;7.062266927822269
2301;300647;XS2911633274;1004463.838;7.543799634;7.543799634;7170.720668;-92810.39384399999;;0.0;0.0;1004463.838;7.0;XS2911633274;Bond;1004463.838;911653.444156;0.0025;7.507600566786692;0.0095;7.40624317858943
2302;300647;XS2915529783;2262676.778;3.259023577;3.259023577;-7535.524725;-120677.1775605;;0.0;0.0;2262676.778;6.0;XS2915529783;Bond;2262676.778;2141999.6004395;0.0025;3.3688356249139537;0.014;3.8739710453181413
2303;300647;XS2919680236;1391751.814;8.317427464;8.317427464;11958.0184;-71467.09866;;0.0;0.0;1391751.814;7.0;XS2919680236;Bond;1391751.814;1320284.71534;0.0025;8.275574903607719;0.0035;8.258833879450808
2304;300647;XS2919892179;3137476.384;6.294359187;6.294359187;15457.9448;-131776.46599;;0.0;0.0;3137476.384;6.0;XS2919892179;Bond;3137476.384;3005699.91801;0.0025;6.270234778921404;0.004;6.255760134074246
2305;300647;XS2931344217;3404760.205;9.228252461;9.228252461;35761.83265;-192475.30602;;0.0;0.0;3404760.205;7.0;XS2931344217;Bond;3404760.205;3212284.89898;0.0025;9.17856705552396;0.0035;9.158692893333543
2306;300647;XS2933692753;2909980.274;9.281818477;9.281818477;30706.74562;-165876.91686;;0.0;0.0;2909980.274;7.0;XS2933692753;Bond;2909980.274;2744103.35714;0.0025;9.233393417814309;0.0035;9.214023394140034
2307;300647;XS2939329996;3412004.981;5.564917294;5.564917294;13299.58977;-237888.05088;;0.0;0.0;3412004.981;8.0;XS2939329996;Bond;3412004.981;3174116.93012;0.0025;5.544891027418912;0.0095;5.488817480991868
2308;300647;XS2940309649;2121330.822;4.97619646;4.97619646;6583.204939;-71144.66957;;0.0;0.0;2121330.822;6.0;XS2940309649;Bond;2121330.822;2050186.1524300002;0.0025;4.960519357012716;0.004;4.951113095220347
2309;300647;XS2941605409;3270503.425;5.67823533;5.67823533;13136.29307;-231948.73728;;0.0;0.0;3270503.425;6.0;XS2941605409;Bond;3270503.425;3038554.68772;0.0025;5.658426305141583;0.0095;5.602961035538017
2310;300647;XS2948768556;959319.8521;8.311171928;8.311171928;8085.235522;-48917.499396;;0.0;0.0;959319.8521;7.0;XS2948768556;Bond;959319.8521;910402.352704;0.0025;8.273158586740987;0.0035;8.257953250237382
2311;300647;XS2950722616;2200060.274;4.243941665;4.243941665;5028.420055;-62670.019990500004;;0.0;0.0;2200060.274;7.0;XS2950722616;Bond;2200060.274;2137390.2540095;0.0025;4.231829695619596;0.004;4.224562513991353
2312;300647;XS2957380228;1147204.992;7.298061809;7.298061809;7431.549611;-51208.00941;;0.0;0.0;1147204.992;6.0;XS2957380228;Bond;1147204.992;1095996.9825900001;0.0025;7.269267040401985;0.0035;7.257749132962779
2313;300647;XS2958382645;1008963.014;2.546978548;2.546978548;916.8079473;-17160.651923999998;;0.0;0.0;1008963.014;6.0;XS2958382645;Bond;1008963.014;991802.362076;0.0025;2.5404797077377976;0.004;2.536580403580476
2314;300647;XS2969693113;1906144.808;5.803058311;5.803058311;-620.0851007;-67652.93982;;0.0;0.0;1906144.808;6.0;XS2969693113;Bond;1906144.808;1838491.86818;0.0025;5.8953797378028385;0.0035;5.932308308523973
2315;300647;XS2970154436;986477.1233;6.648835272;6.648835272;5314.563204;-44098.099408999995;;0.0;0.0;986477.1233;6.0;XS2970154436;Bond;986477.1233;942379.023891;0.0025;6.624667383833914;0.004;6.6101666509342625
2316;300647;XS2971648725;2569012.132;7.980745653;7.980745653;20353.19804;-251517.17316;;0.0;0.0;2569012.132;6.0;XS2971648725;Bond;2569012.132;2317494.9588400004;0.0025;7.941911965274316;0.0095;7.833177639642401
2317;300647;XS2974156031;2795079.671;5.753308566;5.753308566;11454.45882;-106715.015745;;0.0;0.0;2795079.671;6.0;XS2974156031;Bond;2795079.671;2688364.655255;0.0025;5.733607976071002;0.004;5.721787622113602
2318;300647;XS2975137618;3011363.425;4.16693287;4.16693287;6719.126845;-216659.928705;;0.0;0.0;3011363.425;7.0;XS2975137618;Bond;3011363.425;2794703.496295;0.0025;4.15455975953117;0.014;4.0976434513745525
2319;300647;XS2975316899;3820665.39;4.34635647;4.34635647;9115.634672;-111387.023605;;0.0;0.0;3820665.39;7.0;XS2975316899;Bond;3820665.39;3709278.3663950004;0.0025;4.3339366010846865;0.004;4.326484679735499
2320;300647;XS2979680332;786041.3808;7.841553864;7.841553864;5999.712748;-77110.32033599999;;0.0;0.0;786041.3808;6.0;XS2979680332;Bond;786041.3808;708931.0604640001;0.0025;7.804458269552668;0.0095;7.700590605100139
2321;300647;XS2983840518;974046.1644;5.920302103;5.920302103;4198.993296;-38832.8749445;;0.0;0.0;974046.1644;8.0;XS2983840518;Bond;974046.1644;935213.2894555;0.0025;5.900155118193967;0.004;5.888066927310348
2322;300647;XS2986639701;2161585.589;7.974443903;7.974443903;16828.84353;-105953.96388;;0.0;0.0;2161585.589;6.0;XS2986639701;Bond;2161585.589;2055631.6251200002;0.0025;7.938787886122096;0.0035;7.924525479370934
2323;300647;XS2986720907;2391192.085;4.718324044;4.718324044;6697.741924;-140687.92968;;0.0;0.0;2391192.085;8.0;XS2986720907;Bond;2391192.085;2250504.15532;0.0025;4.7039553636541225;0.0095;4.663723058685664
2324;300647;XS2994509706;3933889.948;5.952595616;5.952595616;17021.25058;-142609.04447999998;;0.0;0.0;3933889.948;7.0;XS2994509706;Bond;3933889.948;3791280.9035199997;0.0025;5.933008495176639;0.0035;5.925173646847295
2325;300647;XS2997384776;770212.7123;9.433877465;9.433877465;6328.265379;-44612.1759;;0.0;0.0;770212.7123;6.0;XS2997384776;Bond;770212.7123;725600.5364;0.0025;9.450966156875415;0.0035;9.45780163362558
2326;300647;XS2997534768;1567987.945;5.948753796;5.948753796;6778.407951;-56807.028966;;0.0;0.0;1567987.945;7.0;XS2997534768;Bond;1567987.945;1511180.916034;0.0025;5.929148038056948;0.0035;5.921305734879728
2327;300647;XS2999533438;889161.6575;6.634714548;6.634714548;4781.440061;-36188.870406;;0.0;0.0;889161.6575;6.0;XS2999533438;Bond;889161.6575;852972.787094;0.0025;6.610326393008592;0.0035;6.600571131012028
2328;300647;XS3002420902;2546914.767;8.100225912;8.100225912;20340.65889;-126895.13153999999;;0.0;0.0;2546914.767;7.0;XS3002420902;Bond;2546914.767;2420019.63546;0.0025;8.064600269709238;0.0035;8.050350012792933
2329;300647;XS3004194885;1717638.164;9.378201113;9.378201113;18509.03174;-99325.28657999999;;0.0;0.0;1717638.164;6.0;XS3004194885;Bond;1717638.164;1618312.87742;0.0025;9.328681204471502;0.0035;9.308873241060104
2330;300647;XS3005215093;1338602.712;13.72592771;13.72592771;32530.34231;-113029.47936;;0.0;0.0;1338602.712;7.0;XS3005215093;Bond;1338602.712;1225573.23264;0.0025;13.58938755058834;0.0035;13.534771486823676
2331;300647;XS3025207807;1294192.74;5.81617322;5.81617322;5394.297283;-93938.484072;;0.0;0.0;1294192.74;6.0;XS3025207807;Bond;1294192.74;1200254.255928;0.0025;5.7965409280796525;0.0095;5.741570510702681
2332;300647;XS3040316898;2900733.327;2.802019433;2.802019433;-11332.02828;-49756.808855999996;;0.0;0.0;2900733.327;7.0;XS3040316898;Bond;2900733.327;2850976.518144;0.0025;2.9193129174883925;0.0035;2.9662303112837494
2333;300661;AT0000A1ZGE4;9586013.699;2.806514595;2.806514595;10215.47976;-110163.61263999999;;0.0;0.0;9586013.699;9.0;AT0000A1ZGE4;Bond;9586013.699;9475850.086359998;0.0025;2.7995642792003306;0.0015;2.8023444055201985
2334;300661;AT0000A2WSC8;4401808.219;6.507623256;6.507623256;21775.43209;-117858.64668;;0.0;0.0;4401808.219;10.0;AT0000A2WSC8;Bond;4401808.219;4283949.572319999;0.0025;6.489822935745683;0.0015;6.496943063847409
2335;300661;AT0000A2Y8G4;11245705.48;17.75760517;17.75760517;444381.0217;-820397.816;;0.0;0.0;11245705.48;10.0;AT0000A2Y8G4;Bond;11245705.48;10425307.664;0.0025;17.558046029390965;0.0015;17.63786968563458
2336;300661;AT0000A33SH3;20841780.82;3.781629032;3.781629032;38978.07268;-323175.45655999996;;0.0;0.0;20841780.82;9.0;AT0000A33SH3;Bond;20841780.82;20518605.36344;0.0025;3.770626098200811;0.0015;3.7750272717204867
2337;300661;AT0000A3D3Q8;1510524.208;10.98340786;10.98340786;22806.11561;-68212.4056;;0.0;0.0;1510524.208;9.0;AT0000A3D3Q8;Bond;1510524.208;1442311.8024000002;0.0025;10.907542320930556;0.0015;10.937888536558333
2338;300661;AT0000A3HU25;5447154.198;8.415107793;8.415107793;46312.53081;-188701.38491999998;;0.0;0.0;5447154.198;9.0;AT0000A3HU25;Bond;5447154.198;5258452.81308;0.0025;8.379589100781711;0.0015;8.393796577669027
2339;300661;AT000B122155;2073424.384;1.857674686;1.857674686;1098.182563;-25766.0009815;;0.0;0.0;2073424.384;6.0;AT000B122155;Bond;2073424.384;2047658.3830185002;0.0025;1.8530609044233939;0.004;1.85029263547743
2340;300661;BE0000291972;10924820.55;2.78169688;2.78169688;11658.04273;-124453.93612;;0.0;0.0;10924820.55;10.0;BE0000291972;Bond;10924820.55;10800366.613880001;0.0025;2.7743635923114347;0.0015;2.777296907386861
2341;300661;BE0000326356;5342643.836;6.085706132;6.085706132;24295.30754;-133854.22684;;0.0;0.0;5342643.836;10.0;BE0000326356;Bond;5342643.836;5208789.60916;0.0025;6.064609889192044;0.0015;6.073048386315227
2342;300661;BE0000346552;13335698.63;7.367802949;7.367802949;85085.81455;-404712.22719999996;;0.0;0.0;13335698.63;10.0;BE0000346552;Bond;13335698.63;12930986.402800001;0.0025;7.344006643667654;0.0015;7.353525165800592
2343;300661;BE0000347568;9447534.247;4.035362635;4.035362635;19349.11149;-156350.13887999998;;0.0;0.0;9447534.247;10.0;BE0000347568;Bond;9447534.247;9291184.10812;0.0025;4.024871528543712;0.0015;4.029067971126227
2344;300661;BE0000356650;14088636.99;11.01373813;11.01373813;211711.2144;-638247.1604;;0.0;0.0;14088636.99;10.0;BE0000356650;Bond;14088636.99;13450389.8296;0.0025;10.94131695187595;0.0015;10.970285423125569
2345;300661;BE0000361700;3292593.836;17.34702711;17.34702711;141652.1725;-233211.42404;;0.0;0.0;3292593.836;10.0;BE0000361700;Bond;3292593.836;3059382.41196;0.0025;17.023789147221837;0.0015;17.1530843323331
2346;300661;BE0390130939;2191164.384;4.205758219;4.205758219;5183.316945;-115385.80350000001;;0.0;0.0;2191164.384;4.0;BE0390130939;Bond;2191164.384;2075778.5805000002;0.0025;4.190840382800411;0.0095;4.149070441441562
2347;300661;BE0974365976;1948417.808;1.173995412;1.173995412;491.7103613;-15287.9838995;;0.0;0.0;1948417.808;6.0;BE0974365976;Bond;1948417.808;1933129.8241005;0.0025;1.1711319769982393;0.004;1.1694139159971828
2348;300661;CSH_EUR_DB;628260.57;0.0;0.0;0.0;0.0;;0.0;0.0;628260.57;;;Cash;628260.57;628260.57;0.0;0.0;0.0;0.0
2349;300661;DE0001030708;13282050.0;5.255071777;5.255071777;43503.05942;-285727.82632;;0.0;0.0;13282050.0;10.0;DE0001030708;Bond;13282050.0;12996322.17368;0.0025;5.242228045861549;0.0015;5.24736553831693
2350;300661;DE0001030724;7044149.999;24.63064304;24.63064304;444187.4765;-715454.0515999999;;0.0;0.0;7044149.999;10.0;DE0001030724;Bond;7044149.999;6328695.9474;0.0025;24.570873475173876;0.0015;24.594781301104323
2351;300661;DE0001030732;12887250.0;6.225324102;6.225324102;57778.048;-328783.75892;;0.0;0.0;12887250.0;10.0;DE0001030732;Bond;12887250.0;12558466.24108;0.0025;6.210127010754684;0.0015;6.216205847252811
2352;300661;DE0001030740;19764158.9;2.454074184;2.454074184;16777.2942;-197933.56212;;0.0;0.0;19764158.9;10.0;DE0001030740;Bond;19764158.9;19566225.337879997;0.0025;2.4479085170765087;0.0015;2.450374783845905
2353;300661;DE0001030757;11598807.53;20.48566996;20.48566996;613006.2866;-973270.578;;0.0;0.0;11598807.53;10.0;DE0001030757;Bond;11598807.53;10625536.952;0.0025;20.213556580489517;0.0015;20.322401932293708
2354;300661;DE000BU3Z005;14751339.04;7.087781504;7.087781504;88113.53034;-428921.14359999995;;0.0;0.0;14751339.04;10.0;DE000BU3Z005;Bond;14751339.04;14322417.896399999;0.0025;7.064041710602892;0.0015;7.073537627961735
2355;300661;DE000CZ45Y55;1971335.069;5.656040284;5.656040284;7837.742628;-139418.66028;;0.0;0.0;1971335.069;6.0;DE000CZ45Y55;Bond;1971335.069;1831916.40872;0.0025;5.636620885226944;0.0095;5.582246568662385
2356;300661;ES0000012F43;4587260.959;4.409293422;4.409293422;10971.20759;-83045.89956;;0.0;0.0;4587260.959;10.0;ES0000012F43;Bond;4587260.959;4504215.05944;0.0025;4.398106380413952;0.0015;4.402581197048372
2357;300661;ES0000012I08;9376400.0;2.774691841;2.774691841;9762.117337;-106454.25096;;0.0;0.0;9376400.0;10.0;ES0000012I08;Bond;9376400.0;9269945.74904;0.0025;2.7679107020442273;0.0015;2.7706231576265363
2358;300661;ES0000012I32;4300692.466;6.289477964;6.289477964;19840.45501;-111356.11816000001;;0.0;0.0;4300692.466;10.0;ES0000012I32;Bond;4300692.466;4189336.34784;0.0025;6.2730388870836515;0.0015;6.279614517850191
2359;300661;ES0000012J07;9779773.973;14.84373302;14.84373302;247477.3414;-600263.9820000001;;0.0;0.0;9779773.973;10.0;ES0000012J07;Bond;9779773.973;9179509.990999999;0.0025;14.76194863332506;0.0015;14.794662387995036
2360;300661;ES0000012L60;5230606.164;10.61358816;10.61358816;75198.058;-228327.60596;;0.0;0.0;5230606.164;10.0;ES0000012L60;Bond;5230606.164;5002278.55804;0.0025;10.535795106434419;0.0015;10.566912327860653
2361;300661;ES0000012M93;4975339.726;16.74404304;16.74404304;199357.7227;-337193.31244;;0.0;0.0;4975339.726;10.0;ES0000012M93;Bond;4975339.726;4638146.413559999;0.0025;16.44322128652009;0.0015;16.563549987912054
2362;300661;ES0000012N35;10248926.03;7.95663527;7.95663527;79495.56193;-336069.02735999995;;0.0;0.0;10248926.03;10.0;ES0000012N35;Bond;10248926.03;9912857.00264;0.0025;7.920993449966817;0.0015;7.93525017798009
2363;300661;ES0000012N43;5166366.438;5.57518649;5.57518649;19963.35397;-118469.58679999999;;0.0;0.0;5166366.438;10.0;ES0000012N43;Bond;5166366.438;5047896.8512;0.0025;5.556290763495177;0.0015;5.563849054097106
2364;300661;ES0000012O00;10067843.84;4.464568093;4.464568093;25123.49691;-184594.42028000002;;0.0;0.0;10067843.84;10.0;ES0000012O00;Bond;10067843.84;9883249.41972;0.0025;4.4520135185225085;0.0015;4.457035348313505
2365;300661;ES0213679JR9;1900851.857;2.430085471;2.430085471;1577.509727;-30870.509371;;0.0;0.0;1900851.857;6.0;ES0213679JR9;Bond;1900851.857;1869981.347629;0.0025;2.424101354568342;0.004;2.4205108847093477
2366;300661;FI4000369467;9197386.301;4.300818568;4.300818568;21008.57985;-162449.41372;;0.0;0.0;9197386.301;9.0;FI4000369467;Bond;9197386.301;9034936.88728;0.0025;4.289956413355348;0.0015;4.2943012752132095
2367;300661;FI4000507231;4231473.288;6.257802632;6.257802632;19198.37143;-108891.818;;0.0;0.0;4231473.288;10.0;FI4000507231;Bond;4231473.288;4122581.4699999997;0.0025;6.242276819994777;0.0015;6.248487144796866
2368;300661;FI4000571104;5045858.904;7.994434371;7.994434371;39206.6738;-166053.87096;;0.0;0.0;5045858.904;10.0;FI4000571104;Bond;5045858.904;4879805.03304;0.0025;7.959960088610974;0.0015;7.973749801566584
2369;300661;FR0000571218;11631328.77;3.517812021;3.517812021;19688.52939;-188916.16981499997;;0.0;0.0;11631328.77;10.0;FR0000571218;Bond;11631328.77;11442412.600185;0.0025;3.506431639411868;0.002;3.508707715729494
2370;300661;FR0010171975;3588760.959;16.60496717;16.60496717;144605.2195;-274100.133015;;0.0;0.0;3588760.959;10.0;FR0010171975;Bond;3588760.959;3314660.8259849995;0.0025;16.286931698230365;0.002;16.35053879258429
2371;300661;FR0013234333;12046150.68;11.84582139;11.84582139;200575.3163;-662634.0531;;0.0;0.0;12046150.68;10.0;FR0013234333;Bond;12046150.68;11383516.6269;0.0025;11.780365765562838;0.002;11.793456890450269
2372;300661;FR0013313582;8487164.384;8.269323222;8.269323222;67662.57196;-326135.837295;;0.0;0.0;8487164.384;10.0;FR0013313582;Bond;8487164.384;8161028.546705;0.0025;8.2409689534548;0.002;8.24663980716384
2373;300661;FR0013384567;1912713.699;3.481344991;3.481344991;3001.362972;-41119.254144000006;;0.0;0.0;1912713.699;6.0;FR0013384567;Bond;1912713.699;1871594.4448560001;0.0025;3.472415278848836;0.0035;3.4688433939883705
2374;300661;FR0013407236;9231465.753;3.99478674;3.99478674;18463.89217;-170344.71378;;0.0;0.0;9231465.753;10.0;FR0013407236;Bond;9231465.753;9061121.03922;0.0025;3.984679941143174;0.002;3.986701300914539
2375;300661;FR0013451507;8851000.0;4.534326261;4.534326261;22107.22299;-185616.38218500002;;0.0;0.0;8851000.0;10.0;FR0013451507;Bond;8851000.0;8665383.617815;0.0025;4.523283820820701;0.002;4.5254923088565615
2376;300661;FR0013463775;1837068.493;4.823246894;4.823246894;5303.490063;-110738.18952;;0.0;0.0;1837068.493;6.0;FR0013463775;Bond;1837068.493;1726330.30348;0.0025;4.8092328943929825;0.0095;4.769993695493332
2377;300661;FR0013536661;1906609.589;2.37996245;2.37996245;1528.220641;-30394.506077;;0.0;0.0;1906609.589;7.0;FR0013536661;Bond;1906609.589;1876215.082923;0.0025;2.3740845452354016;0.004;2.3705578023766427
2378;300661;FR0014002JM6;8334328.767;17.20390006;17.20390006;273606.6373;-668233.04805;;0.0;0.0;8334328.767;10.0;FR0014002JM6;Bond;8334328.767;7666095.71895;0.0025;17.12311362818841;0.002;17.13927091455073
2379;300661;FR0014002WK3;11839680.0;6.46187467;6.46187467;56866.42391;-354703.83781500004;;0.0;0.0;11839680.0;10.0;FR0014002WK3;Bond;11839680.0;11484976.162185;0.0025;6.446188299710762;0.002;6.4493255737686095
2380;300661;FR0014007LL3;1922082.192;1.737689457;1.737689457;906.143669;-22322.009892;;0.0;0.0;1922082.192;7.0;FR0014007LL3;Bond;1922082.192;1899760.1821080002;0.0025;1.733452404515743;0.004;1.7309101730251886
2381;300661;FR001400AIN5;19135972.6;2.818349611;2.818349611;20539.18304;-248341.581045;;0.0;0.0;19135972.6;10.0;FR001400AIN5;Bond;19135972.6;18887631.018955;0.0025;2.8113741370805188;0.002;2.812769231864415
2382;300661;FR001400KZQ1;2137890.411;3.133992609;3.133992609;2855.657382;-45038.773858;;0.0;0.0;2137890.411;7.0;FR001400KZQ1;Bond;2137890.411;2092851.6371419998;0.0025;3.125153980891509;0.004;3.1198508040264143
2383;300661;FR001400NBC6;10181767.12;2.358937765;2.358937765;8126.703221;-110538.53568;;0.0;0.0;10181767.12;10.0;FR001400NBC6;Bond;10181767.12;10071228.58432;0.0025;2.35289517457669;0.002;2.354103692661352
2384;300661;FR001400NEF3;17562630.14;15.87602056;15.87602056;592663.8074;-1282774.47885;;0.0;0.0;17562630.14;10.0;FR001400NEF3;Bond;17562630.14;16279855.661150001;0.0025;15.662497335640397;0.002;15.705201980512317
2385;300661;FR001400OHF4;3098209.589;17.45191114;17.45191114;134621.7405;-249085.61581500003;;0.0;0.0;3098209.589;10.0;FR001400OHF4;Bond;3098209.589;2849123.973185;0.0025;17.127047561596125;0.002;17.192020277276903
2386;300661;FR001400OR98;1500212.587;7.553545323;7.553545323;10633.95016;-70298.4186;;0.0;0.0;1500212.587;8.0;FR001400OR98;Bond;1500212.587;1429914.1684;0.0025;7.518978052357867;0.0035;7.505151144101014
2387;300661;FR001400PM68;10041616.44;4.523752463;4.523752463;25657.44652;-209990.28793499997;;0.0;0.0;10041616.44;10.0;FR001400PM68;Bond;10041616.44;9831626.152065;0.0025;4.511035524144957;0.002;4.513578911915966
2388;300661;FR001400PNN3;1512051.405;7.539330698;7.539330698;10682.19156;-52994.043854999996;;0.0;0.0;1512051.405;6.0;FR001400PNN3;Bond;1512051.405;1459057.361145;0.0025;7.504816933381792;0.002;7.511719686305433
2389;300661;FR001400QMF9;9787561.644;8.140880853;8.140880853;78529.97318;-369968.37804000004;;0.0;0.0;9787561.644;10.0;FR001400QMF9;Bond;9787561.644;9417593.265959999;0.0025;8.105979553466078;0.002;8.112959813372862
2390;300661;FR001400SVC3;1965491.233;7.760649213;7.760649213;14624.12487;-102808.81871;;0.0;0.0;1965491.233;7.0;FR001400SVC3;Bond;1965491.233;1862682.41429;0.0025;7.725207336355018;0.004;7.703942210368028
2391;300661;IE000GVLBXU6;14548191.78;13.73468022;13.73468022;344669.5366;-820272.1224;;0.0;0.0;14548191.78;9.0;IE000GVLBXU6;Bond;14548191.78;13727919.657599999;0.0025;13.613994515721938;0.0015;13.662268797433162
2392;300661;IE00BFZRQ242;9311808.219;5.612312592;5.612312592;35057.81873;-214547.18939999997;;0.0;0.0;9311808.219;10.0;IE00BFZRQ242;Bond;9311808.219;9097261.0296;0.0025;5.596935782097061;0.0015;5.603086506058237
2393;300661;IT0005083057;4256088.283;14.65041789;14.65041789;117356.9311;-374566.14989999996;;0.0;0.0;4256088.283;10.0;IT0005083057;Bond;4256088.283;3881522.1330999997;0.0025;14.497657377794996;0.0035;14.436553172912994
2394;300661;IT0005323032;9940473.199;2.734256967;2.734256967;8901.316184;-165045.10374;;0.0;0.0;9940473.199;10.0;IT0005323032;Bond;9940473.199;9775428.09526;0.0025;2.730560819470698;0.0035;2.7290823604589773
2395;300661;IT0005383309;10296750.33;4.744521044;4.744521044;26223.94029;-297404.54117999994;;0.0;0.0;10296750.33;10.0;IT0005383309;Bond;10296750.33;9999345.78882;0.0025;4.737126815188816;0.0035;4.734169123664342
2396;300661;IT0005433690;9394039.957;2.912025854;2.912025854;9334.013418;-166227.3615;;0.0;0.0;9394039.957;10.0;IT0005433690;Bond;9394039.957;9227812.5955;0.0025;2.9083853367731494;0.0035;2.9069291298824087
2397;300661;IT0005542359;10651173.97;5.69113164;5.69113164;40602.56482;-369003.50664000004;;0.0;0.0;10651173.97;10.0;IT0005542359;Bond;10651173.97;10282170.46336;0.0025;5.676803408513431;0.0035;5.671072115918803
2398;300661;IT0005580136;2114500.0;3.416847732;3.416847732;3275.079559;-48640.66574899999;;0.0;0.0;2114500.0;6.0;IT0005580136;Bond;2114500.0;2065859.334251;0.0025;3.407313174660035;0.004;3.401592440256056
2399;300661;IT0005582421;10204347.89;10.59936652;10.59936652;143864.5962;-654734.4744;;0.0;0.0;10204347.89;10.0;IT0005582421;Bond;10204347.89;9549613.4156;0.0025;10.527773882665137;0.0035;10.499136827731192
2400;300661;IT0005596470;10252974.88;9.639151407;9.639151407;116627.6832;-599805.98586;;0.0;0.0;10252974.88;10.0;IT0005596470;Bond;10252974.88;9653168.894140001;0.0025;9.587059277562203;0.0035;9.566222425787085
2401;300661;IT0005607970;20270396.17;8.089143369;8.089143369;156578.2178;-997740.1799999999;;0.0;0.0;20270396.17;10.0;IT0005607970;Bond;20270396.17;19272655.990000002;0.0025;8.059617034252458;0.0035;8.047806500353442
2402;300661;IT0005611055;10218976.82;4.12623753;4.12623753;20388.65012;-256692.06342000002;;0.0;0.0;10218976.82;10.0;IT0005611055;Bond;10218976.82;9962284.75658;0.0025;4.1189227379400855;0.0035;4.115996821116119
2403;300661;IT0005611741;4916435.341;16.00473384;16.00473384;183439.3985;-468278.52437999996;;0.0;0.0;4916435.341;10.0;IT0005611741;Bond;4916435.341;4448156.81662;0.0025;15.712326012040718;0.0035;15.595362880857005
2404;300661;IT0005619546;10032038.54;5.865126115;5.865126115;39943.59847;-358583.41206;;0.0;0.0;10032038.54;10.0;IT0005619546;Bond;10032038.54;9673455.12794;0.0025;5.851585291584311;0.0035;5.8461689622180355
2405;300661;IT0005631608;9768778.022;13.76883731;13.76883731;244309.2697;-806286.1512;;0.0;0.0;9768778.022;9.0;IT0005631608;Bond;9768778.022;8962491.8708;0.0025;13.6175596493648;0.0035;13.557048585110719
2406;300661;LU1717592346;15209051.67;1.07422244;1.035547903;-33765.51714;2929.1162299999996;;0.0;5772.145822;19190517.87;;LU1717592346;Fund Unit;15209051.67;15211980.78623;0.0025;1.1326096627614315;0.002;1.0820944924267615
2407;300661;NL0000102317;11002013.7;2.591584856;2.591584856;10414.87574;-116755.31836;;0.0;0.0;11002013.7;10.0;NL0000102317;Bond;11002013.7;10885258.381639998;0.0025;2.5847097963829455;0.0015;2.587459820229767
2408;300661;NL0013552060;10384910.96;13.71320926;13.71320926;215044.3088;-587278.0512;;0.0;0.0;10384910.96;10.0;NL0013552060;Bond;10384910.96;9797632.9088;0.0025;13.665655003354278;0.0015;13.684676706012565
2409;300661;NL0015001DQ7;5043184.932;4.449302561;4.449302561;12492.62049;-91960.83716;;0.0;0.0;5043184.932;10.0;NL0015001DQ7;Bond;5043184.932;4951224.09484;0.0025;4.436865065021479;0.0015;4.441840063412887
2410;300661;NL0015001RG8;15234274.38;13.84448201;13.84448201;366581.5202;-864580.6751999999;;0.0;0.0;15234274.38;10.0;NL0015001RG8;Bond;15234274.38;14369693.7048;0.0025;13.722082567865048;0.0015;13.77104234471903
2411;300661;NL0015001XZ6;9870397.26;8.009685126;8.009685126;76314.89843;-325195.29728;;0.0;0.0;9870397.26;10.0;NL0015001XZ6;Bond;9870397.26;9545201.96272;0.0025;7.976780397416117;0.0015;7.9899422888496705
2412;300661;UBM25 Cmdty;0.0;0.0;0.0;-799068.5492;1266292.2576;;0.0;0.0;-15503800.0;;;Bond Future;0.0;1266292.2576;0.0025;0.0;0.0015;0.0
2413;300661;XS1909186451;1930890.137;5.091656629;5.091656629;6177.71214;-66045.715645;;0.0;0.0;1930890.137;8.0;XS1909186451;Bond;1930890.137;1864844.421355;0.0025;5.0764837591749075;0.004;5.067380037279852
2414;300661;XS2001183164;1969841.644;2.043480043;2.043480043;-158.0840771;-26211.756343499997;;0.0;0.0;1969841.644;5.0;XS2001183164;Bond;1969841.644;1943629.8876565;0.0025;2.0559258741000375;0.004;2.0633933727600597
2415;300661;XS2201857534;1891904.932;5.516411621;5.516411621;-6912.654247;-125006.09231999998;;0.0;0.0;1891904.932;5.0;XS2201857534;Bond;1891904.932;1766898.83968;0.0025;5.683833772586437;0.0095;6.152615797028463
2416;300661;XS2297549391;931934.9315;2.7633812;2.7633812;963.8336917;-17248.626122;;0.0;0.0;931934.9315;7.0;XS2297549391;Bond;931934.9315;914686.3053779999;0.0025;2.756616175959982;0.004;2.752557161535971
2417;300661;XS2311407352;1953798.082;1.075345736;1.075345736;430.9570589;-14077.769862000001;;0.0;0.0;1953798.082;6.0;XS2311407352;Bond;1953798.082;1939720.312138;0.0025;1.0727223071200969;0.004;1.071148249792155
2418;300661;XS2314312179;1740684.932;5.98837126;5.98837126;7450.198734;-129796.37676;;0.0;0.0;1740684.932;7.0;XS2314312179;Bond;1740684.932;1610888.5552400001;0.0025;5.9710217703720305;0.0095;5.922443199413717
2419;300661;XS2325328313;1763698.63;5.413793084;5.413793084;6295.309056;-119553.760824;;0.0;0.0;1763698.63;5.0;XS2325328313;Bond;1763698.63;1644144.869176;0.0025;5.397831495002819;0.0095;5.353139045810715
2420;300661;XS2340236327;1972479.452;1.310232137;1.310232137;591.8585511;-31968.523716;;0.0;0.0;1972479.452;6.0;XS2340236327;Bond;1972479.452;1940510.9282840001;0.0025;1.3070224536815618;0.0095;1.298035340389934
2421;300661;XS2353366268;1926308.219;2.121607075;2.121607075;1272.088939;-27347.325876000003;;0.0;0.0;1926308.219;6.0;XS2353366268;Bond;1926308.219;1898960.893124;0.0025;2.11635070058498;0.004;2.113196875935968
2422;300661;XS2356569736;1942856.164;1.424075171;1.424075171;663.4910088;-34319.917728;;0.0;0.0;1942856.164;4.0;XS2356569736;Bond;1942856.164;1908536.246272;0.0025;1.4206075738022756;0.0095;1.4108983016486474
2423;300661;XS2357417257;1859589.041;3.097655521;3.097655521;2358.957676;-38698.967833500006;;0.0;0.0;1859589.041;7.0;XS2357417257;Bond;1859589.041;1820890.0731664998;0.0025;3.0899307679952455;0.004;3.085295916192393
2424;300661;XS2360310044;1869291.781;3.115572553;3.115572553;2399.380186;-39071.7278705;;0.0;0.0;1869291.781;7.0;XS2360310044;Bond;1869291.781;1830220.0531295;0.0025;3.1077501054940955;0.004;3.103056636990553
2425;300661;XS2498154207;4925910.274;4.323652803;4.323652803;11544.70253;-87372.77596;;0.0;0.0;4925910.274;9.0;XS2498154207;Bond;4925910.274;4838537.49804;0.0025;4.311796015332836;0.0015;4.316538730399701
2426;300661;XS2524746687;2082000.0;6.844867787;6.844867787;12250.74859;-177438.25848000002;;0.0;0.0;2082000.0;7.0;XS2524746687;Bond;2082000.0;1904561.74152;0.0025;6.814895195471163;0.0095;6.730971939190419
2427;300661;XS2528858033;2099566.959;2.256388573;2.256388573;1564.478791;-31690.6821985;;0.0;0.0;2099566.959;7.0;XS2528858033;Bond;2099566.959;2067876.2768014998;0.0025;2.250488207567688;0.004;2.246947988308301
2428;300661;XS2532312548;2028469.315;3.952100507;3.952100507;4082.057199;-48195.64814999999;;0.0;0.0;2028469.315;6.0;XS2532312548;Bond;2028469.315;1980273.66685;0.0025;3.940838677631042;0.0035;3.9363339458834585
2429;300661;XS2536941656;2092949.315;4.369461326;4.369461326;5079.723522;-61399.132385499994;;0.0;0.0;2092949.315;8.0;XS2536941656;Bond;2092949.315;2031550.1826145;0.0025;4.356515187757085;0.004;4.348747504811336
2430;300661;XS2555420103;2136094.521;1.529431416;1.529431416;827.4717356;-21888.297808;;0.0;0.0;2136094.521;7.0;XS2555420103;Bond;2136094.521;2114206.2231920003;0.0025;1.525594917322808;0.004;1.523293018116493
2431;300661;XS2555925218;2156047.945;2.645409642;2.645409642;2109.41808;-38224.236693499995;;0.0;0.0;2156047.945;6.0;XS2555925218;Bond;2156047.945;2117823.7083064998;0.0025;2.6384458092168646;0.004;2.634267509546983
2432;300661;XS2573569576;2103082.192;4.274750893;4.274750893;4909.827092;-60285.8936485;;0.0;0.0;2103082.192;7.0;XS2573569576;Bond;2103082.192;2042796.2983514997;0.0025;4.262069970892271;0.004;4.254461417627633
2433;300661;XS2575971994;2078259.178;2.611509177;2.611509177;1979.516937;-36308.371086;;0.0;0.0;2078259.178;7.0;XS2575971994;Bond;2078259.178;2041950.806914;0.0025;2.6047469273448405;0.004;2.600689577551745
2434;300661;XS2592650373;1041900.685;1.836795849;1.836795849;541.8615867;-12802.485358;;0.0;0.0;1041900.685;8.0;XS2592650373;Bond;1041900.685;1029098.199642;0.0025;1.8322286393400133;0.004;1.8294883135440214
2435;300661;XS2609970848;2262863.288;5.993920148;5.993920148;10670.97457;-167129.65236;;0.0;0.0;2262863.288;6.0;XS2609970848;Bond;2262863.288;2095733.6356400002;0.0025;5.965845453532631;0.0095;5.887236309023999
2436;300661;XS2616652637;2251157.534;6.603164862;6.603164862;12680.69483;-184737.4794;;0.0;0.0;2251157.534;7.0;XS2616652637;Bond;2251157.534;2066420.0546;0.0025;6.571345166599878;0.0095;6.482250019479536
2437;300661;XS2637421848;2188657.534;3.686689164;3.686689164;3980.129679;-54182.188268;;0.0;0.0;2188657.534;7.0;XS2637421848;Bond;2188657.534;2134475.345732;0.0025;3.67520521735042;0.004;3.6683148493606716
2438;300661;XS2643234011;2211232.603;4.45990135;4.45990135;5758.487154;-66339.96999499999;;0.0;0.0;2211232.603;7.0;XS2643234011;Bond;2211232.603;2144892.633005;0.0025;4.444523204292928;0.004;4.435296316868685
2439;300661;XS2675722750;2152849.315;2.227802307;2.227802307;1577.226301;-32132.068696;;0.0;0.0;2152849.315;6.0;XS2675722750;Bond;2152849.315;2120717.246304;0.0025;2.221894497028839;0.004;2.2183498110461417
2440;300661;XS2723860990;2089616.438;3.505513292;3.505513292;3381.093809;-91218.46386;;0.0;0.0;2089616.438;6.0;XS2723860990;Bond;2089616.438;1998397.97414;0.0025;3.4957837210597518;0.0095;3.4685409224270574
2441;300661;XS2768793676;1473377.055;8.839711252;8.839711252;13986.26135;-53322.634600000005;;0.0;0.0;1473377.055;6.0;XS2768793676;Bond;1473377.055;1420054.4204;0.0025;8.797746092794618;0.0015;8.814532156476771
2442;300661;XS2788435050;20368578.08;7.609136244;7.609136244;142890.4709;-638909.7296;;0.0;0.0;20368578.08;6.0;XS2788435050;Bond;20368578.08;19729668.350399997;0.0025;7.578502621099896;0.0015;7.590756070259938
2443;300661;XS2804565435;2092399.726;3.608669383;3.608669383;3629.239838;-50648.537251;;0.0;0.0;2092399.726;7.0;XS2804565435;Bond;2092399.726;2041751.188749;0.0025;3.5978634482012635;0.004;3.591379887322021
2444;300661;XS2930111096;1994198.63;5.67355435;5.67355435;7988.736901;-140998.40388;;0.0;0.0;1994198.63;6.0;XS2930111096;Bond;1994198.63;1853200.2261199998;0.0025;5.6538776833702515;0.0095;5.598783016806958
2445;300661;XS2941605409;1982123.288;5.67823533;5.67823533;7961.389736;-140574.99228;;0.0;0.0;1982123.288;6.0;XS2941605409;Bond;1982123.288;1841548.2957199998;0.0025;5.65842630519053;0.0095;5.602961035724016
2446;300661;XS2958382645;2017926.027;2.546978548;2.546978548;1833.615895;-34321.303847999996;;0.0;0.0;2017926.027;6.0;XS2958382645;Bond;2017926.027;1983604.723152;0.0025;2.5404797077215844;0.004;2.5365804035545354
2447;300661;XS2980741099;2030199.886;4.411960759;4.411960759;4982.58375;-60008.630421999995;;0.0;0.0;2030199.886;6.0;XS2980741099;Bond;2030199.886;1970191.2555779999;0.0025;4.399268425968528;0.004;4.391653026149646
2448;309101;2000019;73560800.46;0.0;0.0;0.0;-9195100.057500001;;735608.0046;735608.0046;73560800.46;;US0231351067;Equity;73560800.46;64365700.40249999;0.0;0.0;0.0;0.0
2449;309101;2008154;5739102.87;0.0;0.0;0.0;-717387.85875;;57391.0287;57391.0287;5739102.87;;US00724F1012;Equity;5739102.87;5021715.01125;0.0;0.0;0.0;0.0
2450;309101;2009834;75118535.48;0.0;0.0;0.0;-9389816.935;;751185.3548;751185.3548;75118535.48;;CA0084741085;Equity;75118535.48;65728718.545;0.0;0.0;0.0;0.0
2451;309101;2020459;19259801.43;0.0;0.0;0.0;-2407475.1787500004;;192598.0143;192598.0143;19259801.43;;US4385161066;Equity;19259801.43;16852326.25125;0.0;0.0;0.0;0.0
2452;309101;2041364;5202105.499;0.0;0.0;0.0;-650263.1873750001;;52021.05499;52021.05499;5202105.499;;US91913Y1001;Equity;5202105.499;4551842.311625;0.0;0.0;0.0;0.0
2453;309101;2046251;101576047.3;0.0;0.0;0.0;-12697005.912500001;;1015760.473;1015760.473;101576047.3;;US0378331005;Equity;101576047.3;88879041.38749999;0.0;0.0;0.0;0.0
2454;309101;2113434;47752512.72;0.0;0.0;0.0;-5969064.09;;477525.1272;477525.1272;47752512.72;;US1011371077;Equity;47752512.72;41783448.629999995;0.0;0.0;0.0;0.0
2455;309101;2124533;24577670.49;0.0;0.0;0.0;-3072208.8112500007;;245776.7049;245776.7049;24577670.49;;CA8787422044;Equity;24577670.49;21505461.678749997;0.0;0.0;0.0;0.0
2456;309101;2134781;16712386.78;0.0;0.0;0.0;-2089048.3475000001;;167123.8678;167123.8678;16712386.78;;US9113631090;Equity;16712386.78;14623338.4325;0.0;0.0;0.0;0.0
2457;309101;2138158;17278870.73;0.0;0.0;0.0;-2159858.8412500005;;172788.7073;172788.7073;17278870.73;;US8168511090;Equity;17278870.73;15119011.88875;0.0;0.0;0.0;0.0
2458;309101;2190385;97183036.66;0.0;0.0;0.0;-12147879.5825;;971830.3666;971830.3666;97183036.66;;US46625H1005;Equity;97183036.66;85035157.0775;0.0;0.0;0.0;0.0
2459;309101;2206657;13622718.07;0.0;0.0;0.0;-1702839.75875;;136227.1807;136227.1807;13622718.07;;US1912161007;Equity;13622718.07;11919878.311250001;0.0;0.0;0.0;0.0
2460;309101;2262314;15526981.91;0.0;0.0;0.0;-1940872.73875;;155269.8191;155269.8191;15526981.91;;US6174464486;Equity;15526981.91;13586109.17125;0.0;0.0;0.0;0.0
2461;309101;2270726;14872067.02;0.0;0.0;0.0;-1859008.3775;;148720.6702;148720.6702;14872067.02;;US2546871060;Equity;14872067.02;13013058.6425;0.0;0.0;0.0;0.0
2462;309101;2297907;16927783.03;0.0;0.0;0.0;-2115972.87875;;169277.8303;169277.8303;16927783.03;;US1729674242;Equity;16927783.03;14811810.151250001;0.0;0.0;0.0;0.0
2463;309101;2317087;19117327.3;0.0;0.0;0.0;-2389665.9125;;191173.273;191173.273;19117327.3;;US29364G1031;Equity;19117327.3;16727661.387500001;0.0;0.0;0.0;0.0
2464;309101;2328915;20582972.53;0.0;0.0;0.0;-2572871.56625;;205829.7253;205829.7253;20582972.53;;US65339F1012;Equity;20582972.53;18010100.96375;0.0;0.0;0.0;0.0
2465;309101;2379504;94755544.38;0.0;0.0;0.0;-11844443.047500001;;947555.4438;947555.4438;94755544.38;;US67066G1040;Equity;94755544.38;82911101.3325;0.0;0.0;0.0;0.0
2466;309101;2405302;17398836.19;0.0;0.0;0.0;-2174854.5237499997;;173988.3619;173988.3619;17398836.19;;US4062161017;Equity;17398836.19;15223981.666250002;0.0;0.0;0.0;0.0
2467;309101;2471950;2598963.849;0.0;0.0;0.0;-324870.48112500005;;25989.63849;25989.63849;2598963.849;;US45337C1027;Equity;2598963.849;2274093.367875;0.0;0.0;0.0;0.0
2468;309101;2516152;31429996.64;0.0;0.0;0.0;-3928749.58;;314299.9664;314299.9664;31429996.64;;US5324571083;Equity;31429996.64;27501247.060000002;0.0;0.0;0.0;0.0
2469;309101;2573209;27822543.91;0.0;0.0;0.0;-3477817.9887500005;;278225.4391;278225.4391;27822543.91;;US59156R1086;Equity;27822543.91;24344725.92125;0.0;0.0;0.0;0.0
2470;309101;2588173;147056825.8;0.0;0.0;0.0;-18382103.224999998;;1470568.258;1470568.258;147056825.8;;US5949181045;Equity;147056825.8;128674722.57500002;0.0;0.0;0.0;0.0
2471;309101;2588184;54805131.48;0.0;0.0;0.0;-6850641.435000001;;548051.3148;548051.3148;54805131.48;;US5951121038;Equity;54805131.48;47954490.044999994;0.0;0.0;0.0;0.0
2472;309101;2671501;48319066.79;0.0;0.0;0.0;-6039883.348750001;;483190.6679;483190.6679;48319066.79;;US7010941042;Equity;48319066.79;42279183.44125;0.0;0.0;0.0;0.0
2473;309101;2692665;42639927.47;0.0;0.0;0.0;-5329990.933750001;;426399.2747;426399.2747;42639927.47;;US6934751057;Equity;42639927.47;37309936.536249995;0.0;0.0;0.0;0.0
2474;309101;2704407;26226568.34;0.0;0.0;0.0;-3278321.0424999995;;262265.6834;262265.6834;26226568.34;;US7427181091;Equity;26226568.34;22948247.2975;0.0;0.0;0.0;0.0
2475;309101;2730190;19242967.99;0.0;0.0;0.0;-2405370.9987500003;;192429.6799;192429.6799;19242967.99;;US75886F1075;Equity;19242967.99;16837596.991249997;0.0;0.0;0.0;0.0
2476;309101;2778844;39561873.73;0.0;0.0;0.0;-4945234.2162500005;;395618.7373;395618.7373;39561873.73;;US58933Y1055;Equity;39561873.73;34616639.513749994;0.0;0.0;0.0;0.0
2477;309101;2779201;13673073.32;0.0;0.0;0.0;-1709134.165;;136730.7332;136730.7332;13673073.32;;AN8068571086;Equity;13673073.32;11963939.155000001;0.0;0.0;0.0;0.0
2478;309101;2886907;40881787.82;0.0;0.0;0.0;-5110223.477499999;;408817.8782;408817.8782;40881787.82;;US8835561023;Equity;40881787.82;35771564.3425;0.0;0.0;0.0;0.0
2479;309101;2917766;24517143.82;0.0;0.0;0.0;-3064642.9775;;245171.4382;245171.4382;24517143.82;;US91324P1021;Equity;24517143.82;21452500.8425;0.0;0.0;0.0;0.0
2480;309101;2936921;37487191.48;0.0;0.0;0.0;-4685898.9350000005;;374871.9148;374871.9148;37487191.48;;US9311421039;Equity;37487191.48;32801292.544999994;0.0;0.0;0.0;0.0
2481;309101;2965839;19851315.22;0.0;0.0;0.0;-2481414.4025000003;;198513.1522;198513.1522;19851315.22;;US12572Q1058;Equity;19851315.22;17369900.8175;0.0;0.0;0.0;0.0
2482;309101;2989301;29486379.56;0.0;0.0;0.0;-3685797.4450000003;;294863.7956;294863.7956;29486379.56;;US8725401090;Equity;29486379.56;25800582.115;0.0;0.0;0.0;0.0
2483;309101;4057808;30745416.6;0.0;0.0;0.0;-3996904.1580000003;;307454.166;0.0;30745416.6;;FR0000120321;Equity;30745416.6;26748512.442;0.0;0.0;0.0;0.0
2484;309101;4061412;7348060.1;0.0;0.0;0.0;-955247.813;;73480.601;0.0;7348060.1;;FR0000121014;Equity;7348060.1;6392812.287;0.0;0.0;0.0;0.0
2485;309101;4162791;6226451.2;0.0;0.0;0.0;-809438.6560000001;;62264.512;0.0;6226451.2;;FR0000121329;Equity;6226451.2;5417012.544;0.0;0.0;0.0;0.0
2486;309101;4163437;5136564.4;0.0;0.0;0.0;-667753.3720000001;;51365.644;0.0;5136564.4;;FR0000125338;Equity;5136564.4;4468811.028;0.0;0.0;0.0;0.0
2487;309101;4834108;24199790.25;0.0;0.0;0.0;-3145972.7325;;241997.9025;0.0;24199790.25;;FR0000121972;Equity;24199790.25;21053817.5175;0.0;0.0;0.0;0.0
2488;309101;4846288;15728850.8;0.0;0.0;0.0;-2044750.604;;157288.508;0.0;15728850.8;;DE0007164600;Equity;15728850.8;13684100.196;0.0;0.0;0.0;0.0
2489;309101;5231485;16773339.8;0.0;0.0;0.0;-2180534.174;;167733.398;0.0;16773339.8;;DE0008404005;Equity;16773339.8;14592805.626;0.0;0.0;0.0;0.0
2490;309101;5334588;11930355.0;0.0;0.0;0.0;-1550946.1500000001;;119303.55;0.0;11930355.0;;DE0007030009;Equity;11930355.0;10379408.85;0.0;0.0;0.0;0.0
2491;309101;5633962;9136633.2;0.0;0.0;0.0;-1187762.3159999999;;91366.332;0.0;9136633.2;;DE0006452907;Equity;9136633.2;7948870.884;0.0;0.0;0.0;0.0
2492;309101;5671735;4695964.0;0.0;0.0;0.0;-610475.3200000001;;46959.64;0.0;4695964.0;;FR0000120578;Equity;4695964.0;4085488.6799999997;0.0;0.0;0.0;0.0
2493;309101;5727973;19088799.6;0.0;0.0;0.0;-2481543.948;;190887.996;0.0;19088799.6;;DE0007236101;Equity;19088799.6;16607255.652000003;0.0;0.0;0.0;0.0
2494;309101;6248990;408.9935544;0.0;0.0;0.0;-38.85438766800001;;4.089935544;4.089935544;408.9935544;;JP3496400007;Equity;408.9935544;370.139166732;0.0;0.0;0.0;0.0
2495;309101;6335171;21840449.07;0.0;0.0;0.0;-2074842.6616500001;;218404.4907;218404.4907;21840449.07;;JP3902900004;Equity;21840449.07;19765606.40835;0.0;0.0;0.0;0.0
2496;309101;6563024;2883608.851;0.0;0.0;0.0;-273942.84084500006;;28836.08851;28836.08851;2883608.851;;JP3890350006;Equity;2883608.851;2609666.010155;0.0;0.0;0.0;0.0
2497;309101;6597067;38245027.76;0.0;0.0;0.0;-3633277.6371999998;;382450.2776;382450.2776;38245027.76;;JP3900000005;Equity;38245027.76;34611750.1228;0.0;0.0;0.0;0.0
2498;309101;6610403;7002145.343;0.0;0.0;0.0;-665203.8075850001;;70021.45343;70021.45343;7002145.343;;JP3914400001;Equity;7002145.343;6336941.535415;0.0;0.0;0.0;0.0
2499;309101;6635677;9841952.957;0.0;0.0;0.0;-934985.5309150001;;98419.52957;98419.52957;9841952.957;;JP3164720009;Equity;9841952.957;8906967.426085;0.0;0.0;0.0;0.0
2500;309101;6641373;11756727.17;0.0;0.0;0.0;-1116889.08115;;117567.2717;117567.2717;11756727.17;;JP3735400008;Equity;11756727.17;10639838.088849999;0.0;0.0;0.0;0.0
2501;309101;6804369;1962.755524;0.0;0.0;0.0;-186.46177478;;19.62755524;19.62755524;1962.755524;;JP3357200009;Equity;1962.755524;1776.2937492199999;0.0;0.0;0.0;0.0
2502;309101;6821506;8703175.574;0.0;0.0;0.0;-826801.67953;;87031.75574;87031.75574;8703175.574;;JP3435000009;Equity;8703175.574;7876373.894469999;0.0;0.0;0.0;0.0
2503;309101;6895675;8951161.888;0.0;0.0;0.0;-850360.3793600001;;89511.61888;89511.61888;8951161.888;;JP3571400005;Equity;8951161.888;8100801.508640001;0.0;0.0;0.0;0.0
2504;309101;6900643;5289229.004;0.0;0.0;0.0;-502476.75538;;52892.29004;52892.29004;5289229.004;;JP3633400001;Equity;5289229.004;4786752.24862;0.0;0.0;0.0;0.0
2505;309101;7103065;3145762.956;0.0;0.0;0.0;-408949.18428;;31457.62956;31457.62956;3145762.956;;CH0012005267;Equity;3145762.956;2736813.7717199996;0.0;0.0;0.0;0.0
2506;309101;7110388;19086170.19;0.0;0.0;0.0;-2481202.1247;;190861.7019;190861.7019;19086170.19;;CH0012032048;Equity;19086170.19;16604968.0653;0.0;0.0;0.0;0.0
2507;309101;7123870;6341532.747;0.0;0.0;0.0;-824399.25711;;63415.32747;63415.32747;6341532.747;;CH0038863350;Equity;6341532.747;5517133.489890001;0.0;0.0;0.0;0.0
2508;309101;7144569;8081481.114;0.0;0.0;0.0;-1050592.5448200002;;80814.81114;0.0;8081481.114;;IT0003128367;Equity;8081481.114;7030888.56918;0.0;0.0;0.0;0.0
2509;309101;7309681;8182531.81;0.0;0.0;0.0;-1063729.1353;;81825.3181;0.0;8182531.81;;FR0000131104;Equity;8182531.81;7118802.674699999;0.0;0.0;0.0;0.0
2510;309101;798059;8705519.743;0.0;0.0;0.0;-1349355.560165;;87055.19743;87055.19743;8705519.743;;GB0007980591;Equity;8705519.743;7356164.182835001;0.0;0.0;0.0;0.0
2511;309101;989529;35952165.98;0.0;0.0;0.0;-5572585.7269;;359521.6598;359521.6598;35952165.98;;GB0009895292;Equity;35952165.98;30379580.253099997;0.0;0.0;0.0;0.0
2512;309101;B15C557;6917278.7;0.0;0.0;0.0;-899246.2309999999;;69172.787;0.0;6917278.7;;FR0000120271;Equity;6917278.7;6018032.4690000005;0.0;0.0;0.0;0.0
2513;309101;B1WGG93;16360035.89;0.0;0.0;0.0;-2126804.6657;;163600.3589;163600.3589;16360035.89;;CH0030170408;Equity;16360035.89;14233231.2243;0.0;0.0;0.0;0.0
2514;309101;B1XH026;7666263.4;0.0;0.0;0.0;-996614.2420000002;;76662.634;0.0;7666263.4;;FR0000125486;Equity;7666263.4;6669649.158;0.0;0.0;0.0;0.0
2515;309101;B29VF02;22743659.1;0.0;0.0;0.0;-2842957.3875;;227436.591;227436.591;22743659.1;;CA3518581051;Equity;22743659.1;19900701.712500002;0.0;0.0;0.0;0.0
2516;309101;B5BKPQ4;74350692.13;0.0;0.0;0.0;-9293836.516250001;;743506.9213;743506.9213;74350692.13;;US6200763075;Equity;74350692.13;65056855.613749996;0.0;0.0;0.0;0.0
2517;309101;B616C79;17691112.83;0.0;0.0;0.0;-2211389.1037500002;;176911.1283;176911.1283;17691112.83;;US88160R1014;Equity;17691112.83;15479723.726249998;0.0;0.0;0.0;0.0
2518;309101;B6Z1355;18306626.27;0.0;0.0;0.0;-2288328.28375;;183066.2627;183066.2627;18306626.27;;US9837931008;Equity;18306626.27;16018297.98625;0.0;0.0;0.0;0.0
2519;309101;B7FBFL2;11434978.71;0.0;0.0;0.0;-1429372.33875;;114349.7871;114349.7871;11434978.71;;US03027X1000;Equity;11434978.71;10005606.37125;0.0;0.0;0.0;0.0
2520;309101;B7TL820;48920702.61;0.0;0.0;0.0;-6115087.826250001;;489207.0261;489207.0261;48920702.61;;US30303M1027;Equity;48920702.61;42805614.78375;0.0;0.0;0.0;0.0
2521;309101;B86S2N0;23870905.2;0.0;0.0;0.0;-3103217.676;;238709.052;0.0;23870905.2;;BE0974264930;Equity;23870905.2;20767687.524;0.0;0.0;0.0;0.0
2522;309101;B87ZMX0;13683426.03;0.0;0.0;0.0;-1710428.2537500001;;136834.2603;136834.2603;13683426.03;;US6974351057;Equity;13683426.03;11972997.77625;0.0;0.0;0.0;0.0
2523;309101;B929F46;20856096.0;0.0;0.0;0.0;-2711292.48;;208560.96;0.0;20856096.0;;NL0010273215;Equity;20856096.0;18144803.52;0.0;0.0;0.0;0.0
2524;309101;B92SR70;6892901.537;0.0;0.0;0.0;-861612.6921250001;;68929.01537;68929.01537;6892901.537;;US00287Y1091;Equity;6892901.537;6031288.8448749995;0.0;0.0;0.0;0.0
2525;309101;B94Q9V0;34687361.39;0.0;0.0;0.0;-4335920.17375;;346873.6139;346873.6139;34687361.39;;US8725901040;Equity;34687361.39;30351441.216250002;0.0;0.0;0.0;0.0
2526;309101;BDHLTQ5;15756982.32;0.0;0.0;0.0;-1969622.7900000005;;157569.8232;157569.8232;15756982.32;;US05722G1004;Equity;15756982.32;13787359.53;0.0;0.0;0.0;0.0
2527;309101;BDJ0LS6;4869430.18;0.0;0.0;0.0;-608678.7725000001;;48694.3018;48694.3018;4869430.18;;US4622221004;Equity;4869430.18;4260751.4075;0.0;0.0;0.0;0.0
2528;309101;BDZ78H9;83779014.62;0.0;0.0;0.0;-10472376.8275;;837790.1462;837790.1462;83779014.62;;US11135F1012;Equity;83779014.62;73306637.7925;0.0;0.0;0.0;0.0
2529;309101;BJT1GR5;4309958.319;0.0;0.0;0.0;-560294.58147;;43099.58319;43099.58319;4309958.319;;CH0432492467;Equity;4309958.319;3749663.73753;0.0;0.0;0.0;0.0
2530;309101;BJYRDP5;12757479.0;0.0;0.0;0.0;-1658472.2699999998;;127574.79;0.0;12757479.0;;FR0011726835;Equity;12757479.0;11099006.73;0.0;0.0;0.0;0.0
2531;309101;BK6H543;5744822.144;0.0;0.0;0.0;-890447.43232;;57448.22144;57448.22144;5744822.144;;US09075V1026;Equity;5744822.144;4854374.711680001;0.0;0.0;0.0;0.0
2532;309101;BLPLD38;102046.2601;0.0;0.0;0.0;-13266.013813000001;;1020.462601;1020.462601;102046.2601;;CH1243598427;Equity;102046.2601;88780.246287;0.0;0.0;0.0;0.0
2533;309101;BM5M5Y3;61343008.35;0.0;0.0;0.0;-7667876.04375;;613430.0835;613430.0835;61343008.35;;US75513E1010;Equity;61343008.35;53675132.30625;0.0;0.0;0.0;0.0
2534;309101;BN320L4;5590788.246;0.0;0.0;0.0;-559078.8246;;55907.88246;55907.88246;5590788.246;;CA7397211086;Equity;5590788.246;5031709.4214;0.0;0.0;0.0;0.0
2535;309101;BNG7113;8963441.556;0.0;0.0;0.0;-1165247.4022799998;;89634.41556;89634.41556;8963441.556;;NO0010161896;Equity;8963441.556;7798194.15372;0.0;0.0;0.0;0.0
2536;309101;BP6H4Y1;14707815.0;0.0;0.0;0.0;-1838476.875;;147078.15;147078.15;14707815.0;;US36828A1016;Equity;14707815.0;12869338.125;0.0;0.0;0.0;0.0
2537;309101;BP6KMJ1;9357943.883;0.0;0.0;0.0;-1216532.70479;;93579.43883;93579.43883;9357943.883;;DK0062498333;Equity;9357943.883;8141411.17821;0.0;0.0;0.0;0.0
2538;309101;BP6MXD8;17980628.45;0.0;0.0;0.0;-2786997.40975;;179806.2845;179806.2845;17980628.45;;GB00BP6MXD84;Equity;17980628.45;15193631.04025;0.0;0.0;0.0;0.0
2539;309101;BPBPJ01;16922395.35;0.0;0.0;0.0;-2199911.3955;;169223.9535;0.0;16922395.35;;FR001400AJ45;Equity;16922395.35;14722483.9545;0.0;0.0;0.0;0.0
2540;309101;BQT3XY6;14215900.76;0.0;0.0;0.0;-1776987.5950000002;;142159.0076;142159.0076;14215900.76;;IL0011334468;Equity;14215900.76;12438913.165;0.0;0.0;0.0;0.0
2541;309101;BR4T3B3;11040779.52;0.0;0.0;0.0;-1380097.44;;110407.7952;110407.7952;11040779.52;;US4435731009;Equity;11040779.52;9660682.08;0.0;0.0;0.0;0.0
2542;309101;BSMR1R8;17286774.33;0.0;0.0;0.0;-2679450.0211500004;;172867.7433;172867.7433;17286774.33;;IE00028FXN24;Equity;17286774.33;14607324.308849998;0.0;0.0;0.0;0.0
2543;309101;BVLZX12;17917018.1;0.0;0.0;0.0;-2239627.2625;;179170.181;179170.181;17917018.1;;US29444U7000;Equity;17917018.1;15677390.837500002;0.0;0.0;0.0;0.0
2544;309101;BXDZ9Q1;7761097.395;0.0;0.0;0.0;-1008942.66135;;77610.97395;77610.97395;7761097.395;;SE0007100599;Equity;7761097.395;6752154.73365;0.0;0.0;0.0;0.0
2545;309101;BYVY8G0;61790003.85;0.0;0.0;0.0;-7723750.481250001;;617900.0385;617900.0385;61790003.85;;US02079K3059;Equity;61790003.85;54066253.36875;0.0;0.0;0.0;0.0
2546;309101;CSH_AUD_DB;32437.59386;0.0;0.0;0.0;0.0;;0.0;324.3759386;32437.59386;;;Cash;32437.59386;32437.59386;0.0;0.0;0.0;0.0
2547;309101;CSH_CAD_DB;162740.9627;0.0;0.0;0.0;0.0;;0.0;1627.409627;162740.9627;;;Cash;162740.9627;162740.9627;0.0;0.0;0.0;0.0
2548;309101;CSH_CHF_DB;666770.9385;0.0;0.0;0.0;0.0;;0.0;6667.709385;666770.9385;;;Cash;666770.9385;666770.9385;0.0;0.0;0.0;0.0
2549;309101;CSH_DKK_DB;251361.8478;0.0;0.0;0.0;0.0;;0.0;2513.618478;251361.8478;;;Cash;251361.8478;251361.8478;0.0;0.0;0.0;0.0
2550;309101;CSH_EUR_DB;2822226.51;0.0;0.0;0.0;0.0;;0.0;0.0;2822226.51;;;Cash;2822226.51;2822226.51;0.0;0.0;0.0;0.0
2551;309101;CSH_GBP_DB;2598299.681;0.0;0.0;0.0;-64957.492025000014;;0.0;25982.99681;2598299.681;;;Cash;2598299.681;2533342.188975;0.0;0.0;0.0;0.0
2552;309101;CSH_JPY_DB;293171.0445;0.0;0.0;0.0;-7329.276112500002;;0.0;2931.710445;293171.0445;;;Cash;293171.0445;285841.7683875;0.0;0.0;0.0;0.0
2553;309101;CSH_NOK_DB;250833.8876;0.0;0.0;0.0;0.0;;0.0;2508.338876;250833.8876;;;Cash;250833.8876;250833.8876;0.0;0.0;0.0;0.0
2554;309101;CSH_SEK_DB;244769.1047;0.0;0.0;0.0;0.0;;0.0;2447.691047;244769.1047;;;Cash;244769.1047;244769.1047;0.0;0.0;0.0;0.0
2555;309101;CSH_USD_DB;8799657.212;0.0;0.0;0.0;-219991.4303;;0.0;87996.57212;8799657.212;;;Cash;8799657.212;8579665.7817;0.0;0.0;0.0;0.0
2556;309101;FR0010298331;8021357.783;0.0;0.0;0.0;-562012.8280900001;;80287.54687;80160.77926;8078037.018;;FR0010298331;Fund Unit;8021357.783;7459344.95491;0.0;0.0;0.0;0.0
2557;309101;FR0010582452;15985293.99;0.033149011;0.296124349;200.583828;-18121.72181175;;0.0;7.42e-08;15987892.93;;FR0010582452;Fund Unit;15985293.99;15967172.26818825;0.0025;0.032838057580851066;0.0035;0.2959920819191829
2558;309101;LU1897556350;21856690.44;0.000883148;0.007889271;7.30672009;-2601500.60825;;210655.5457;197978.0605;21856785.11;;LU1897556350;Fund Unit;21856690.44;19255189.83175;0.0;0.000883148;0.0;0.007889271
2559;309101;T_LU1602144906;51830879.33;0.0;0.0;0.0;-3628161.5531;;518308.7933;518308.7933;51830879.33;;T_LU1602144906;Fund Unit;51830879.33;48202717.7769;0.0;0.0;0.0;0.0
2560;389037;BE6317283610;3929370.411;0.852678182;0.852678182;612.5741958;-22322.0535525;;0.0;0.0;3929370.411;6.0;BE6317283610;Bond;3929370.411;3907048.3574475;0.0025;0.8505984254215747;0.004;0.8493505714745195
2561;389037;BE6353250416;3001042.917;0.238804763;1.217938374;18.05347871;-16464.77475525;;0.0;0.0;3001042.917;5.0;BE6353250416;Bond;3001042.917;2984578.1422447497;0.0025;0.23879693891376397;0.004;1.2236312401341436
2562;389037;BE6355572353;13032913.11;0.211125343;1.426893192;58.99926769;-81709.92963;;0.0;0.0;13032913.11;5.0;BE6355572353;Bond;13032913.11;12951203.18037;0.0025;0.21112360417636436;0.004;1.4348562109658594
2563;389037;BE6356749489;1997765.517;0.043340519;0.043340519;8.818619168;-569.22633898;;0.0;0.0;1997765.517;8.0;BE6356749489;Bond;1997765.517;1997196.29066102;0.0025;0.04323485896752708;0.004;0.043171462948043325
2564;389037;BE6359531173;1996125.914;0.075862824;0.075862824;15.91914156;-995.3285381000001;;0.0;0.0;1996125.914;8.0;BE6359531173;Bond;1996125.914;1995130.5854619;0.0025;0.07567783645180778;0.004;0.07556684392289245
2565;389037;CH1174335732;9598089.452;0.52223589;0.52223589;749.2469964;-33501.276607499996;;0.0;0.0;9598089.452;8.0;CH1174335732;Bond;9598089.452;9564588.1753925;0.0025;0.5209661633698629;0.004;0.5202043273917806
2566;389037;CSH_EUR_DB;117218050.0;0.0;0.0;0.0;0.0;;0.0;0.0;117218050.0;;;Cash;117218050.0;117218050.0;0.0;0.0;0.0;0.0
2567;389037;DE000A2YNZW8;7746393.425;1.565205992;1.565205992;3083.414892;-74697.95982;;0.0;0.0;7746393.425;7.0;DE000A2YNZW8;Bond;7746393.425;7671695.465179999;0.0025;1.5613795359388134;0.0035;1.5598489535143387
2568;389037;DE000A3LRS64;6017110.0;0.173007355;0.665760531;18.537758;-16631.272625499998;;0.0;0.0;6017110.0;6.0;DE000A3LRS64;Bond;6017110.0;6000478.7273745;0.0025;0.17300516284215245;0.0035;0.66720403136815
2569;389037;DE000A4BF827;2993095.82;0.075507525;0.075507525;23.64693108;-1377.6441036;;0.0;0.0;2993095.82;8.0;DE000A4BF827;Bond;2993095.82;2991718.1758963997;0.0025;0.07532426615330978;0.0035;0.0752509626146337
2570;389037;DE000A4BF8S8;9993416.089;0.021573278;0.021573278;21.3945861;-1314.2026637999998;;0.0;0.0;9993416.089;8.0;DE000A4BF8S8;Bond;9993416.089;9992101.8863362;0.0025;0.021520919812345947;0.0035;0.021499976537284325
2571;389037;DE000A4BF8Z3;7984922.895;0.06203005;0.06203005;51.16181256;-3018.9571494;;0.0;0.0;7984922.895;8.0;DE000A4BF8Z3;Bond;7984922.895;7981903.937850599;0.0025;0.061879486767366085;0.0035;0.06181926147431251
2572;389037;DE000CZ450R9;9787332.945;0.884312588;0.884312588;1610.580691;-56820.1602995;;0.0;0.0;9787332.945;8.0;DE000CZ450R9;Bond;9787332.945;9730512.7847005;0.0025;0.8821536681688542;0.004;0.8808583162701666
2573;389037;DE000CZ451X5;9835523.566;0.68361051;0.68361051;1116.261206;-44138.596163999995;;0.0;0.0;9835523.566;8.0;DE000CZ451X5;Bond;9835523.566;9791384.969836;0.0025;0.6819414980768279;0.004;0.6809400909229247
2574;389037;FR0000989626;54032388.27;0.033170906;0.425272033;-207.7146266;-85821.87783;;0.0;1.06e-06;54044604.74;;FR0000989626;Fund Unit;54032388.27;53946566.392170005;0.0025;0.033269763308448545;0.0035;0.4260395792074928
2575;389037;FR0010213355;48743.8159;0.032639138;0.32465379;0.118108039;-60.031611655;;0.0;2.94e-08;48750.74606;;FR0010213355;Fund Unit;48743.8159;48683.784288345;0.0025;0.032581225373939225;0.0035;0.32493788401862683
2576;389037;FR0010582452;54032593.71;0.033149011;0.296124349;678.0021996;-61254.027160000005;;0.0;2.51e-07;54041378.52;;FR0010582452;Fund Unit;54032593.71;53971339.682840005;0.0025;0.03283805758075404;0.0035;0.2959920819190471
2577;389037;FR0012949923;6033209.589;0.434901664;0.434901664;369.6381125;-15669.815591999999;;0.0;0.0;6033209.589;6.0;FR0012949923;Bond;6033209.589;6017539.773407999;0.0025;0.43384283159099635;0.0035;0.4334192986273949
2578;389037;FR0013218393;9929701.37;0.614895225;0.614895225;968.6626215;-39609.986831999995;;0.0;0.0;9929701.37;4.0;FR0013218393;Bond;9929701.37;9890091.383167999;0.0025;0.6134016643537213;0.004;0.6125055279659541
2579;389037;FR0013262284;8020460.274;0.204313533;0.204313533;192.1874748;-10997.918814999999;;0.0;0.0;8020460.274;2.0;FR0013262284;Bond;8020460.274;8009462.355185;0.0025;0.20381883929117164;0.004;0.20352202306587464
2580;389037;FR0013398070;6992304.794;0.79460823;0.79460823;982.2538337;-37107.107908;;0.0;0.0;6992304.794;8.0;FR0013398070;Bond;6992304.794;6955197.6860919995;0.0025;0.7926748254959324;0.004;0.7915147827934919
2581;389037;FR0013412707;1800534.86;0.978187269;0.978187269;346.7193059;-10591.671203999998;;0.0;0.0;1800534.86;6.0;FR0013412707;Bond;1800534.86;1789943.188796;0.0025;0.9757652794054607;0.0035;0.9747964835676449
2582;389037;FR0013444676;1930320.0;1.395111638;1.395111638;638.4109816;-16214.687999999998;;0.0;0.0;1930320.0;6.0;FR0013444676;Bond;1930320.0;1914105.312;0.0025;1.3917092777991869;0.0035;1.3903483337188618
2583;389037;FR0013465358;4500313.151;0.173231524;0.173231524;89.34118445;-5209.2665924;;0.0;0.0;4500313.151;4.0;FR0013465358;Bond;4500313.151;4495103.884407599;0.0025;0.17281024152610727;0.004;0.1725574720417716
2584;389037;FR0013476199;2459734.246;0.776005397;0.776005397;334.5499571;-12703.011106499998;;0.0;0.0;2459734.246;7.0;FR0013476199;Bond;2459734.246;2447031.2348935;0.0025;0.7741105926714913;0.004;0.772973710074386
2585;389037;FR0013507852;6033733.151;0.993270886;0.993270886;-9107.974654;-36325.153181999995;;0.0;0.0;6033733.151;7.0;FR0013507852;Bond;6033733.151;5997407.997818;0.0025;1.033475079291098;0.0035;1.0495567566075372
2586;389037;FR0013512944;10238095.89;0.901486538;0.901486538;-22341.799;-55401.32943;;0.0;0.0;10238095.89;7.0;FR0013512944;Bond;10238095.89;10182694.56057;0.0025;0.9580737851693695;0.0035;0.9807086840371172
2587;389037;FR0014002G44;6154982.63;0.934678467;0.934678467;1098.47269;-34703.98425;;0.0;0.0;6154982.63;6.0;FR0014002G44;Bond;6154982.63;6120278.64575;0.0025;0.9324008052675408;0.0035;0.9314897405745571
2588;389037;FR001400A5N5;3533324.795;0.092989019;0.092989019;34.91707275;-2032.8717996;;0.0;0.0;3533324.795;5.0;FR001400A5N5;Bond;3533324.795;3531291.9232004;0.0025;0.09276358103710128;0.0035;0.09267340585194178
2589;389037;FR001400BDD5;8091456.438;0.514248844;0.514248844;623.0447759;-27233.8472185;;0.0;0.0;8091456.438;5.0;FR001400BDD5;Bond;8091456.438;8064222.5907815;0.0025;0.512984965557496;0.004;0.5122266384919936
2590;389037;FR001400E904;9838287.363;0.411217894;0.411217894;561.9830179;-24905.691846;;0.0;0.0;9838287.363;5.0;FR001400E904;Bond;9838287.363;9813381.671154;0.0025;0.41021259345790045;0.0035;0.4098104732410607
2591;389037;FR001400KI02;3586474.932;0.338855988;0.338855988;160.3171102;-7487.380542;;0.0;0.0;3586474.932;6.0;FR001400KI02;Bond;3586474.932;3578987.551458;0.0025;0.33802553473568997;0.0035;0.3376933534299659
2592;389037;FR001400KZP3;8361877.26;1.418891873;1.418891873;2870.495575;-79129.70338;;0.0;0.0;8361877.26;8.0;FR001400KZP3;Bond;8361877.26;8282747.55662;0.0025;1.4153429176314;0.004;1.41321354441024
2593;389037;FR001400L248;8091990.562;0.456718621;0.456718621;531.1117954;-22746.252924;;0.0;0.0;8091990.562;6.0;FR001400L248;Bond;8091990.562;8069244.309076;0.0025;0.4555992442996387;0.0035;0.4551514936194942
2594;389037;FR001400N9V5;6151348.444;0.061523398;0.79497977;4.055506153;-20489.82917525;;0.0;0.0;6151348.444;9.0;FR001400N9V5;Bond;6151348.444;6130858.61482475;0.0025;0.0615163786377539;0.004;0.7974813698452373
2595;389037;FR001400PZU2;8041856.667;0.116267356;1.092809753;12.84654161;-37570.9433695;;0.0;0.0;8041856.667;6.0;FR001400PZU2;Bond;8041856.667;8004285.7236305;0.0025;0.11626121475369995;0.004;1.0975227872386428
2596;389037;FR001400SMX8;5009892.917;0.212093451;1.425847975;24.40607716;-27726.758939;;0.0;0.0;5009892.917;5.0;FR001400SMX8;Bond;5009892.917;4982166.1580610005;0.0025;0.21208412066460808;0.0035;1.4327931183859421
2597;389037;FR0128451731;6246146.54;0.060680792;0.847272769;-386.2303011;-22235.78922775;;0.0;0.0;6246146.54;;FR0128451731;Bond;6246146.54;6223910.75077225;0.0025;0.06223587171507076;0.004;0.852617652490398
2598;389037;FR0128514819;5181948.688;0.002872301;0.005426637;0.00452971;-150.78725091;;0.0;0.0;5181948.688;8.0;FR0128514819;Bond;5181948.688;5181797.90074909;0.0025;0.002872299771968936;0.004;0.005426719828254678
2599;389037;FR0128539220;6213488.0;0.003926711;0.027094661;-0.265920619;-741.92661445;;0.0;0.0;6213488.0;8.0;FR0128539220;Bond;6213488.0;6212746.07338555;0.0025;0.003927819480586827;0.004;0.02709930937532063
2600;389037;FR0128540327;10351809.69;0.00404975;0.029829673;-0.56878946;-1352.6949881500002;;0.0;0.0;10351809.69;8.0;FR0128540327;Bond;10351809.69;10350456.99501185;0.0025;0.004051164648590944;0.004;0.02983543007341041
2601;389037;FR0128563899;4994186.672;0.043296196;0.043296196;22.00047922;-1423.0011341;;0.0;0.0;4994186.672;8.0;FR0128563899;Bond;4994186.672;4992763.6708659;0.0025;0.04319075196049494;0.004;0.04312748553679191
2602;389037;FR0128580331;10337550.38;0.005852417;0.067803606;-3.606892562;-2983.4547300000004;;0.0;0.0;10337550.38;8.0;FR0128580331;Bond;10337550.38;10334566.92527;0.0025;0.0058612254201512795;0.004;0.06783595178504949
2603;389037;FR0128585413;7232434.136;0.006484781;0.081379407;-3.768150236;-2495.03843805;;0.0;0.0;7232434.136;8.0;FR0128585413;Bond;7232434.136;7229939.09756195;0.0025;0.006497911310884179;0.004;0.0814267377194109
2604;389037;FR0128614064;2989398.039;0.140947231;0.140947231;47.0533712;-2555.3210633999997;;0.0;0.0;2989398.039;8.0;FR0128614064;Bond;2989398.039;2986842.7179366;0.0025;0.14060339424699295;0.0035;0.1404658595457901
2605;389037;FR0128614551;7204427.751;0.010868672;0.179106461;-20.02712662;-4755.270963425;;0.0;0.0;7204427.751;8.0;FR0128614551;Bond;7204427.751;7199672.480036575;0.0025;0.010938463216601867;0.0035;0.17931603219043576
2606;389037;FR0128637529;9962649.599;0.160189253;0.160189253;181.5530948;-10467.605811;;0.0;0.0;9962649.599;8.0;FR0128637529;Bond;9962649.599;9952181.993189;0.0025;0.1597978201290775;0.004;0.159562960406524
2607;389037;FR0128637602;5147800.515;0.010066195;0.171001381;-13.05906494;-3683.64480035;;0.0;0.0;5147800.515;8.0;FR0128637602;Bond;5147800.515;5144116.87019965;0.0025;0.010129868925785915;0.004;0.171219819857346
2608;389037;FR0128637701;10287622.07;0.033684981;0.591211715;-319.3550313;-25331.1567185;;0.0;0.0;10287622.07;;FR0128637701;Bond;10287622.07;10262290.9132815;0.0025;0.034463883896378715;0.004;0.593851546090239
2609;389037;FR0128668276;11981847.55;0.059615858;0.059615858;73.94146628;-4333.1613048;;0.0;0.0;11981847.55;8.0;FR0128668276;Bond;11981847.55;11977514.3886952;0.0025;0.05947046502777354;0.0035;0.059412307838882954
2610;389037;FR0128692623;8191156.802;0.079491289;1.268575697;-1158.253369;-43369.05144125;;0.0;0.0;8191156.802;;FR0128692623;Bond;8191156.802;8147787.75055875;0.0025;0.08304215879332552;0.004;1.2806689504052895
2611;389037;FR0128716844;6148133.811;0.013592656;0.252444382;-34.83330957;-6474.9668944;;0.0;0.0;6148133.811;8.0;FR0128716844;Bond;6148133.811;6141658.844105599;0.0025;0.013734759700680882;0.004;0.25292592154391436
2612;389037;FR0128718600;8197879.131;0.015764824;0.295941583;-64.13031883;-10115.630372249998;;0.0;0.0;8197879.131;8.0;FR0128718600;Bond;8197879.131;8187763.50062775;0.0025;0.015961015171601173;0.004;0.2966048204380531
2613;389037;FR0128720218;4960497.373;0.325495062;0.325495062;210.2200081;-10600.5149315;;0.0;0.0;4960497.373;8.0;FR0128720218;Bond;4960497.373;4949896.8580685;0.0025;0.32470045917505425;0.004;0.3242236974800868
2614;389037;FR0128756287;9895814.292;0.442424754;0.442424754;621.5047699;-26515.359936;;0.0;0.0;9895814.292;8.0;FR0128756287;Bond;9895814.292;9869298.932063999;0.0025;0.4413439828227591;0.0035;0.44091167435186274
2615;389037;FR0128787282;4951548.001;0.404264889;0.404264889;276.4423357;-12127.90113;;0.0;0.0;4951548.001;8.0;FR0128787282;Bond;4951548.001;4939420.09987;0.0025;0.4032777273238539;0.0035;0.40288286265339546
2616;389037;FR0128789924;10202723.83;0.016346508;0.333936278;-102.8574559;-14169.65994025;;0.0;0.0;10202723.83;8.0;FR0128789924;Bond;10202723.83;10188554.17005975;0.0025;0.01659921032462343;0.004;0.33478558663716024
2617;389037;FR0128790138;9903791.883;0.407110564;0.407110564;558.0911844;-26455.334483500003;;0.0;0.0;9903791.883;8.0;FR0128790138;Bond;9903791.883;9877336.548516499;0.0025;0.40611612994496127;0.004;0.405519469511938
2618;389037;FR0128813286;2965135.322;0.482891928;0.482891928;208.9809459;-9399.072787;;0.0;0.0;2965135.322;8.0;FR0128813286;Bond;2965135.322;2955736.2492130003;0.0025;0.4817129046408231;0.004;0.48100549062531694
2619;389037;FR0128862788;2991639.905;0.097247989;0.097247989;31.12169522;-4868.5865844;;0.0;0.0;2991639.905;8.0;FR0128862788;Bond;2991639.905;2986771.3184156;0.0025;0.09701155972547022;0.014;0.0959239850626332
2620;389037;FR0128866219;5033927.335;0.031665664;1.515376607;-153.8097649;-31064.2530525;;0.0;0.0;5033927.335;;FR0128866219;Bond;5033927.335;5002863.0819475;0.0025;0.03243203642510275;0.004;1.5257842570672295
2621;389037;FR0128953223;4976364.476;0.17032526;0.17032526;96.93265635;-5153.6048544000005;;0.0;0.0;4976364.476;8.0;FR0128953223;Bond;4976364.476;4971210.8711455995;0.0025;0.16991082151811873;0.0035;0.16974504612536623
2622;389037;FR0128957471;12493732.31;0.018949317;0.018949317;23.52054662;-1437.6349506;;0.0;0.0;12493732.31;8.0;FR0128957471;Bond;12493732.31;12492294.6750494;0.0025;0.01890314999934487;0.0035;0.018884683199082816
2623;389037;FR0128957760;12990690.01;0.027070527;0.027070527;35.2231011;-2135.4558911999998;;0.0;0.0;12990690.01;8.0;FR0128957760;Bond;12990690.01;12988554.5541088;0.0025;0.027004573756060465;0.0035;0.026978192458484648
2624;389037;FR0128958057;4993876.303;0.043235696;0.043235696;21.9376739;-3612.0091623;;0.0;0.0;4993876.303;8.0;FR0128958057;Bond;4993876.303;4990264.2938377;0.0025;0.04313054643962082;0.014;0.04264685846187661
2625;389037;FR0128958487;8984330.662;0.062169883;0.062169883;57.82516466;-9341.24242755;;0.0;0.0;8984330.662;8.0;FR0128958487;Bond;8984330.662;8974989.41957245;0.0025;0.06201864013579906;0.014;0.06132292296047471
2626;389037;FR0128958859;8980028.834;0.081141198;0.081141198;76.86062786;-4428.5073702;;0.0;0.0;8980028.834;8.0;FR0128958859;Bond;8980028.834;8975600.3266298;0.0025;0.08094368117303889;0.0035;0.08086467444225444
2627;389037;FR0128959006;5998710.277;0.008121106;0.008121106;4.787117369;-295.82680817999994;;0.0;0.0;5998710.277;8.0;FR0128959006;Bond;5998710.277;5998414.45019182;0.0025;0.008101320270075549;0.0035;0.008093405978105768
2628;389037;FR0128959097;4986985.634;0.094650579;0.094650579;50.42126716;-7890.36768135;;0.0;0.0;4986985.634;8.0;FR0128959097;Bond;4986985.634;4979095.26631865;0.0025;0.09442021158117271;0.014;0.09336052145456719
2629;389037;FR0128961564;4031933.471;0.00476808;0.08634765;-2.552091871;-4996.84555035;;0.0;0.0;4031933.471;8.0;FR0128961564;Bond;4031933.471;4026936.62544965;0.0025;0.004783961079906227;0.014;0.08654064859650577
2630;389037;FR0128963453;9993873.724;0.021617779;0.021617779;21.48392575;-3614.2228253999997;;0.0;0.0;9993873.724;8.0;FR0128963453;Bond;9993873.724;9990259.501174599;0.0025;0.02156520458226223;0.014;0.021323362260668485
2631;389037;FR0128985233;1993916.436;0.113659679;0.113659679;24.65452065;-3785.70983505;;0.0;0.0;1993916.436;8.0;FR0128985233;Bond;1993916.436;1990130.72616495;0.0025;0.1133828535173567;0.014;0.11210945629719754
2632;389037;FR0128985589;5035963.795;0.005122161;0.113346145;-5.730083075;-8177.218256200001;;0.0;0.0;5035963.795;8.0;FR0128985589;Bond;5035963.795;5027786.5767438;0.0025;0.005150672402841536;0.014;0.11368530442465531
2633;389037;FR0129007342;4026368.319;0.005651397;0.124153325;-5.535092384;-7160.944587325001;;0.0;0.0;4026368.319;8.0;FR0129007342;Bond;4026368.319;4019207.374412675;0.0025;0.0056858446180242704;0.014;0.12456158119842296
2634;389037;FR0129008381;5962209.369;0.227099756;0.227099756;162.5340063;-22640.060783999998;;0.0;0.0;5962209.369;8.0;FR0129008381;Bond;5962209.369;5939569.308216;0.0025;0.22654717422548631;0.014;0.22400529806272337
2635;389037;FR0129012318;15972049.48;0.059387451;0.059387451;97.81167876;-15884.53139955;;0.0;0.0;15972049.48;8.0;FR0129012318;Bond;15972049.48;15956164.94860045;0.0025;0.05924316997689058;0.014;0.05857947727058724
2636;389037;FR0129014009;5027571.482;0.004107729;0.075533703;-2.400923904;-5451.103778425;;0.0;0.0;5027571.482;8.0;FR0129014009;Bond;5027571.482;5022120.378221575;0.0025;0.004119709969111841;0.014;0.07568043496294527
2637;389037;FR0129025203;9941797.01;0.227568441;0.227568441;272.1401549;-13727.851212000001;;0.0;0.0;9941797.01;8.0;FR0129025203;Bond;9941797.01;9928069.158788;0.0025;0.22701357607602252;0.0035;0.22679163010643152
2638;389037;FR0129051647;6028987.438;0.006760932;0.172754092;-16.51851989;-14901.829257899999;;0.0;0.0;6028987.438;8.0;FR0129051647;Bond;6028987.438;6014085.6087421;0.0025;0.006829542519938972;0.014;0.17355548663707554
2639;389037;FR0129052819;4986377.217;0.097308606;0.097308606;51.93742103;-2950.8424080000004;;0.0;0.0;4986377.217;8.0;FR0129052819;Bond;4986377.217;4983426.374592001;0.0025;0.09707188184165981;0.0035;0.09697719217832373
2640;389037;FR0129054377;4983509.545;0.113409458;0.113409458;61.34944219;-9461.84140935;;0.0;0.0;4983509.545;8.0;FR0129054377;Bond;4983509.545;4974047.70359065;0.0025;0.11313385002408964;0.014;0.111866053334902
2641;389037;FR0129060382;6952333.151;0.24603646;0.24603646;208.5761586;-28599.803364;;0.0;0.0;6952333.151;8.0;FR0129060382;Bond;6952333.151;6923733.347635999;0.0025;0.24543777268365075;0.014;0.24268381102844405
2642;389037;FR0129062230;9876172.943;0.49609494;0.49609494;721.218763;-29872.040904;;0.0;0.0;9876172.943;8.0;FR0129062230;Bond;9876172.943;9846300.902096;0.0025;0.4948845620370169;0.0035;0.49440041085182374
2643;389037;FR0129083459;9904059.658;0.401582911;0.401582911;548.2336474;-26103.302439500003;;0.0;0.0;9904059.658;8.0;FR0129083459;Bond;9904059.658;9877956.3555605;0.0025;0.4006022221584509;0.004;0.4000138088535215
2644;389037;FR0129084309;4988111.288;0.080986441;0.080986441;42.53086217;-6764.698870050001;;0.0;0.0;4988111.288;8.0;FR0129084309;Bond;4988111.288;4981346.58912995;0.0025;0.08078967685590271;0.014;0.07988456179305518
2645;389037;FR0129101947;5008513.274;0.006728726;0.191644521;-17.10245279;-13723.8747297;;0.0;0.0;5008513.274;8.0;FR0129101947;Bond;5008513.274;4994789.3992703;0.0025;0.006814206102948815;0.014;0.19263676242997368
2646;389037;FR0129102770;9940200.346;0.230188736;0.230188736;275.7429063;-38194.8794205;;0.0;0.0;9940200.346;8.0;FR0129102770;Bond;9940200.346;9902005.4665795;0.0025;0.22962769873739808;0.014;0.22704692732942924
2647;389037;FR0129104677;11938861.23;0.197733654;0.197733654;276.8784269;-14326.633475999999;;0.0;0.0;11938861.23;8.0;FR0129104677;Bond;11938861.23;11924534.596524;0.0025;0.19725161649873668;0.0035;0.19705880149823135
2648;389037;FR0129107795;4990471.589;0.064786197;0.064786197;33.51402489;-5414.319860399999;;0.0;0.0;4990471.589;8.0;FR0129107795;Bond;4990471.589;4985057.2691396;0.0025;0.06462880005873718;0.014;0.06390477412892819
2649;389037;FR0129108900;3966932.055;0.322357579;0.322357579;165.9277737;-7759.971198000001;;0.0;0.0;3966932.055;8.0;FR0129108900;Bond;3966932.055;3959172.083802;0.0025;0.321571671703941;0.0035;0.3212573087855174
2650;389037;FR0129108918;4968664.291;0.238237739;0.238237739;143.5674857;-7187.547246;;0.0;0.0;4968664.291;8.0;FR0129108918;Bond;4968664.291;4961476.743754;0.0025;0.2376572674608939;0.0035;0.23742507884525146
2651;389037;FR0129109403;6951239.948;0.245883447;0.245883447;208.2840489;-10398.293183999998;;0.0;0.0;6951239.948;8.0;FR0129109403;Bond;6951239.948;6940841.654816;0.0025;0.2452855041211949;0.0035;0.24504632696967285
2652;389037;IRSB100007429;-22683.05700000003;0.47124901900000005;0.0;-78.10411708400001;4128.6113860000005;SOCIETE GENERALE;0.0;0.0;0.0;;;Swap;-22683.05700000003;-18554.44561400003;0.0025;0.38572220745879;0.0;0.0
2653;389037;IRSB100007660;2424.0719999996945;0.161651505;0.0;-15.375123742;2346.657937775;CITIBANK EUROPE PUBLIC LIMITED COMPANY;0.0;0.0;0.0;;;Swap;2424.0719999996945;4770.729937774695;0.0025;0.3202839438799602;0.0;0.0
2654;389037;IRSB100007859;-26002.507999999914;0.558923101;0.0;-128.913838973;5748.4066407;BNP PARIBAS;0.0;0.0;0.0;;;Swap;-26002.507999999914;-20254.101359299915;0.0025;0.43576042998095404;0.0;0.0
2655;389037;IRSB100007876;-12749.800999999978;0.769888794;0.0;-90.476983452;2931.123498825;NOMURA FINANCIAL PRODUCTS EUROPE GMBH;0.0;0.0;0.0;;;Swap;-12749.800999999978;-9818.677501174978;0.0025;0.5939619970160397;0.0;0.0
2656;389037;IRSB100007880;-8534.348000000231;0.36713715599999996;0.0;-26.788000523;1815.0928667000003;NOMURA FINANCIAL PRODUCTS EUROPE GMBH;0.0;0.0;0.0;;;Swap;-8534.348000000231;-6719.25513330023;0.0025;0.2890029906550048;0.0;0.0
2657;389037;IRSB100007887;-12577.95399999991;0.67399444;0.0;-76.71196315499999;2838.312476775;CITIBANK EUROPE PUBLIC LIMITED COMPANY;0.0;0.0;0.0;;;Swap;-12577.95399999991;-9739.641523224911;0.0025;0.5226570557186279;0.0;0.0
2658;389037;IRSB100007916;-8636.414999999804;0.449331011;0.0;-38.175416986;2115.699077475;BNP PARIBAS;0.0;0.0;0.0;;;Swap;-8636.414999999804;-6520.715922524804;0.0025;0.339328628108116;0.0;0.0
2659;389037;IRSB100007926;-33456.51699999999;0.635637432;0.0;-195.66162429;7674.99618935;NATIXIS;0.0;0.0;0.0;;;Swap;-33456.51699999999;-25781.520810649992;0.0025;0.49044160655772767;0.0;0.0
2660;389037;IRSB100007935;-16045.0830000001;0.443851565;0.0;-57.909475013;3248.708702575;BNP PARIBAS;0.0;0.0;0.0;;;Swap;-16045.0830000001;-12796.3742974251;0.0025;0.3541147588393415;0.0;0.0
2661;389037;IRSB100007937;-60260.39099999983;0.6739944409999999;0.0;-373.411130831;13816.102833675;CITIBANK EUROPE PUBLIC LIMITED COMPANY;0.0;0.0;0.0;;;Swap;-60260.39099999983;-46444.288166324826;0.0025;0.5202144518156699;0.0;0.0
2662;389037;IRSB100008097;-16218.199999999255;0.005479452;0.0;-0.001098572;0.11109027500000312;NATIXIS;0.0;0.0;0.0;;;Swap;-16218.199999999255;-16218.088909724254;0.0025;0.0054778336363145025;0.0;0.0
2663;389037;IRSB100008106;-20545.047999998555;0.082196615;0.0;-6.468752135;1906.613051475;SOCIETE GENERALE;0.0;0.0;0.0;;;Swap;-20545.047999998555;-18638.434948523554;0.0025;0.07434208076128263;0.0;0.0
2664;389037;IRSB100008107;-66820.22699999996;0.961674344;0.0;-549.621481703;14262.712228974999;CITIBANK EUROPE PUBLIC LIMITED COMPANY;0.0;0.0;0.0;;;Swap;-66820.22699999996;-52557.51477102496;0.0025;0.7583519915178504;0.0;0.0
2665;389037;IRSB100008121;-46106.21299999952;0.635637432;0.0;-225.961564896;8863.603475225;SOCIETE GENERALE;0.0;0.0;0.0;;;Swap;-46106.21299999952;-37242.609524774525;0.0025;0.5141252223695824;0.0;0.0
2666;389037;IRSB100008130;-3046.663000000175;0.027397956999999997;0.0;-0.13598380799999998;117.85505112500002;BNP PARIBAS;0.0;0.0;0.0;;;Swap;-3046.663000000175;-2928.807948875175;0.0025;0.026283991401928643;0.0;0.0
2667;389037;IRSB100008210;-19759.658999999985;0.12877318;0.0;-16.033223134;3063.8130193;NATIXIS;0.0;0.0;0.0;;;Swap;-19759.658999999985;-16695.845980699985;0.0025;0.10852933796753497;0.0;0.0
2668;389037;IRSB100008252;-7511.7949999999255;0.145212169;0.0;-6.133165066;1040.858201375;NOMURA FINANCIAL PRODUCTS EUROPE GMBH;0.0;0.0;0.0;;;Swap;-7511.7949999999255;-6470.936798624925;0.0025;0.12485310281186943;0.0;0.0
2669;389037;IRSB100008256;-7717.932999999728;0.09863594199999999;0.0;-3.32683053;820.809782075;SOCIETE GENERALE;0.0;0.0;0.0;;;Swap;-7717.932999999728;-6897.123217924728;0.0025;0.08788396438136592;0.0;0.0
2670;389037;IRSB100008297;-17427.889999999898;0.797286275;0.0;-103.421426389;3235.874048375;CITIBANK EUROPE PUBLIC LIMITED COMPANY;0.0;0.0;0.0;;;Swap;-17427.889999999898;-14192.015951624897;0.0025;0.6505192313207306;0.0;0.0
2671;389037;IRSB100008309;-8512.773000000045;0.797286275;0.0;-48.678037319999994;1523.05172255;NATIXIS;0.0;0.0;0.0;;;Swap;-8512.773000000045;-6989.721277450045;0.0025;0.6559195611485883;0.0;0.0
2672;389037;IRSB100008313;-31329.912000000477;0.164390878;0.0;-26.236969191;3941.6414119499996;BNP PARIBAS;0.0;0.0;0.0;;;Swap;-31329.912000000477;-27388.270588050476;0.0025;0.14352240085065243;0.0;0.0
2673;389037;IRSB100008380;-40817.33099999977;0.87674014;0.0;-294.31070035100004;8375.809046275;CITIBANK EUROPE PUBLIC LIMITED COMPANY;0.0;0.0;0.0;;;Swap;-40817.33099999977;-32441.521953724772;0.0025;0.6984009553475565;0.0;0.0
2674;389037;IRSB100008392;-7957.333999999799;0.065757812;0.0;-1.545137296;561.429045475;NATIXIS;0.0;0.0;0.0;;;Swap;-7957.333999999799;-7395.904954524799;0.0025;0.06091417821106226;0.0;0.0
2675;389037;IRSB100008403;-13397.20100000035;0.20548798799999998;0.0;-16.467595212;1985.0018224750002;BNP PARIBAS;0.0;0.0;0.0;;;Swap;-13397.20100000035;-11412.19917752535;0.0025;0.1748640070819704;0.0;0.0
2676;389037;IRSB100008462;-21634.419999999925;0.063018093;0.0;-4.549025352;1720.0024652750003;SOCIETE GENERALE;0.0;0.0;0.0;;;Swap;-21634.419999999925;-19914.417534724926;0.0025;0.05777132220841403;0.0;0.0
2677;389037;IRSB100008477;-20015.174000000115;0.449331011;0.0;-83.513212087;4628.36802555;CITIBANK EUROPE PUBLIC LIMITED COMPANY;0.0;0.0;0.0;;;Swap;-20015.174000000115;-15386.805974450115;0.0025;0.34552338358249746;0.0;0.0
2678;389037;IRSB100008478;-24541.334999999963;0.523305638;0.0;-119.519723867;5690.966819575;CITIBANK EUROPE PUBLIC LIMITED COMPANY;0.0;0.0;0.0;;;Swap;-24541.334999999963;-18850.368180424965;0.0025;0.40223677359668286;0.0;0.0
2679;389037;IRSB100008512;-12991.025999999605;0.331519673;0.0;-53.764495389;4031.8429283499995;JP MORGAN SE;0.0;0.0;0.0;;;Swap;-12991.025999999605;-8959.183071649606;0.0025;0.22832975340406075;0.0;0.0
2680;389037;IRSB100008539;-6271.44299999997;0.046576115;0.0;-0.972017129;512.1677253;CITIBANK EUROPE PUBLIC LIMITED COMPANY;0.0;0.0;0.0;;;Swap;-6271.44299999997;-5759.27527469997;0.0025;0.04270676370700111;0.0;0.0
2681;389037;IRSB100008589;-14843.669999999925;0.378095702;0.0;-209.86675978600002;13811.840666950002;BNP PARIBAS;0.0;0.0;0.0;;;Swap;-14843.669999999925;-1031.8293330499237;0.0025;0.02499138197171752;0.0;0.0
2682;389037;IRSB100008609;-2703.9809999996796;0.109594464;0.0;-4.321757416;966.06193745;NATIXIS;0.0;0.0;0.0;;;Swap;-2703.9809999996796;-1737.9190625496797;0.0025;0.06966713389970489;0.0;0.0
2683;389037;IRSB100008618;-61191.75;0.7698887950000001;0.0;-791.816134035;25651.411144900005;NOMURA FINANCIAL PRODUCTS EUROPE GMBH;0.0;0.0;0.0;;;Swap;-61191.75;-35540.338855099995;0.0025;0.44787270498564974;0.0;0.0
2684;389037;IRSB100008630;-7935.207999999635;0.41097379;0.0;-82.68627324;5008.183369575;SOCIETE GENERALE;0.0;0.0;0.0;;;Swap;-7935.207999999635;-2927.024630424635;0.0025;0.1508916093926801;0.0;0.0
2685;389037;IRSB100008635;-28721.049999999814;0.635637433;0.0;-319.17614533;12519.654418275;NATIXIS;0.0;0.0;0.0;;;Swap;-28721.049999999814;-16201.395581724813;0.0025;0.35882328924415036;0.0;0.0
2686;389037;IRSB100008636;-46287.2509999983;0.7698887950000001;0.0;-581.454954472;18836.6657942;JP MORGAN SE;0.0;0.0;0.0;;;Swap;-46287.2509999983;-27450.585205798303;0.0025;0.4573235834698602;0.0;0.0
2687;389037;IRSB100008658;-15881.634000001475;0.413713184;0.0;-167.53755166;10081.90171915;NATIXIS;0.0;0.0;0.0;;;Swap;-15881.634000001475;-5799.732280851475;0.0025;0.15041262588666587;0.0;0.0
2688;389037;IRSB100008679;-4364.240999999922;0.413713182;0.0;-50.856013819000005;3060.32598095;BNP PARIBAS;0.0;0.0;0.0;;;Swap;-4364.240999999922;-1303.9150190499217;0.0025;0.12281886565515826;0.0;0.0
2689;389037;IRSB100008683;-9338.3330000001;0.523305638;0.0;-102.604946911;4885.4201306;CITIBANK EUROPE PUBLIC LIMITED COMPANY;0.0;0.0;0.0;;;Swap;-9338.3330000001;-4452.9128694001;0.0025;0.24930272497735434;0.0;0.0
2690;389037;IRSB100008689;-12697.5830000001;0.635637433;0.0;-165.599043028;6495.579696499999;NATIXIS;0.0;0.0;0.0;;;Swap;-12697.5830000001;-6202.0033035001015;0.0025;0.3106031010694033;0.0;0.0
2691;389037;IRSB100008699;-5789.734000000171;0.635637433;0.0;-75.388144949;2957.0870667;NATIXIS;0.0;0.0;0.0;;;Swap;-5789.734000000171;-2832.6469333001714;0.0025;0.31112244033168535;0.0;0.0
2692;389037;IRSB100008709;-3556.037000000477;0.180830202;0.0;-14.359669396;1962.2980939249999;BNP PARIBAS;0.0;0.0;0.0;;;Swap;-3556.037000000477;-1593.738906075477;0.0025;0.07995919509836788;0.0;0.0
2693;389037;IRSB100008714;-1006.6780000000726;0.161651507;0.0;-3.333628753;508.697799525;CITIBANK EUROPE PUBLIC LIMITED COMPANY;0.0;0.0;0.0;;;Swap;-1006.6780000000726;-497.98020047507265;0.0025;0.07892897353829788;0.0;0.0
2694;389037;IRSB100008721;-7715.737999999896;0.635637433;0.0;-98.585404529;3866.9823871750004;BNP PARIBAS;0.0;0.0;0.0;;;Swap;-7715.737999999896;-3848.7556128248953;0.0025;0.31721791904616553;0.0;0.0
2695;389037;IRSB100008722;-11191.73900000006;1.119404566;0.0;-530.044639393;11656.973127199999;NOMURA FINANCIAL PRODUCTS EUROPE GMBH;0.0;0.0;0.0;;;Swap;-11191.73900000006;465.2341271999394;0.0025;-0.06147143543961886;0.0;0.0
2696;389037;IRSB100008733;-11312.354999999981;0.635637433;0.0;-124.198020809;4871.659865775;NATIXIS;0.0;0.0;0.0;;;Swap;-11312.354999999981;-6440.695134224981;0.0025;0.3621732380233941;0.0;0.0
2697;389037;IRSB100008744;-5128.652999999933;0.45481013;0.0;-77.04304972;4218.945875425;NATIXIS;0.0;0.0;0.0;;;Swap;-5128.652999999933;-909.707124574933;0.0025;0.07977519209077805;0.0;0.0
2698;389037;IRSB100008751;-9674.931000001729;0.44933101000000003;0.0;-197.625505952;10952.103866825;BNP PARIBAS;0.0;0.0;0.0;;;Swap;-9674.931000001729;1277.1728668232718;0.0025;-0.06082810815056744;0.0;0.0
2699;389037;IRSB100008756;-9805.012999999803;0.635637432;0.0;-163.275977046;6404.414815974999;BNP PARIBAS;0.0;0.0;0.0;;;Swap;-9805.012999999803;-3400.5981840248032;0.0025;0.22034012373221645;0.0;0.0
2700;389037;IRSB100008757;-7958.952000000048;0.62193827;0.0;-137.16668298099998;5498.448304625;NATIXIS;0.0;0.0;0.0;;;Swap;-7958.952000000048;-2460.5036953750487;0.0025;0.1920486784498524;0.0;0.0
2701;389037;IRSB100008786;-5225.128999999724;0.558923101;0.0;-123.722736781;5516.6990235;BNP PARIBAS;0.0;0.0;0.0;;;Swap;-5225.128999999724;291.57002350027597;0.0025;-0.03225611364932346;0.0;0.0
2702;389037;IRSB100008791;-4248.626000000164;0.473988736;0.0;-109.931960162;5777.377672500001;NATIXIS;0.0;0.0;0.0;;;Swap;-4248.626000000164;1528.7516724998368;0.0025;-0.17231731841160658;0.0;0.0
2703;389037;IRSB100008793;-4063.5949999997392;1.389527148;0.0;-569.293036036;10119.341683475;NATIXIS;0.0;0.0;0.0;;;Swap;-4063.5949999997392;6055.746683475261;0.0025;-2.1080436170885317;0.0;0.0
2704;389037;IRSB100008807;-616.464999999851;0.49042758999999997;0.0;-70.642277965;3588.475796825;NOMURA FINANCIAL PRODUCTS EUROPE GMBH;0.0;0.0;0.0;;;Swap;-616.464999999851;2972.010796825149;0.0025;-2.373784116944338;0.0;0.0
2705;389037;IRSB100008836;-3692.339999999851;0.810985696;0.0;-318.70555241;9802.8053731;BNP PARIBAS;0.0;0.0;0.0;;;Swap;-3692.339999999851;6110.465373100149;0.0025;-1.3452533557994948;0.0;0.0
2706;389037;IRSB100008840;23552.679999999702;1.478429971;0.0;-1830.646350842;30640.716472174994;NATIXIS;0.0;0.0;0.0;;;Swap;23552.679999999702;54193.396472174696;0.0025;3.427034535397037;0.0;0.0
2707;389037;IRSB100008846;-7453.24700000044;0.8082459820000001;0.0;-317.106837554;9786.617050249999;BNP PARIBAS;0.0;0.0;0.0;;;Swap;-7453.24700000044;2333.3700502495594;0.0025;-0.2537741871028858;0.0;0.0
2708;389037;IRSB100008864;-19211.099000000395;0.7698887950000001;0.0;-476.487025496;15435.884049999999;SOCIETE GENERALE;0.0;0.0;0.0;;;Swap;-19211.099000000395;-3775.214950000396;0.0025;0.15130324659703853;0.0;0.0
2709;389037;IRSB100008873;-379.25;0.046576115;0.0;-0.388763295;204.99389829999996;BNP PARIBAS;0.0;0.0;0.0;;;Swap;-379.25;-174.25610170000004;0.0025;0.02095442594334055;0.0;0.0
2710;389037;IRSB100008877;-4601.902999999933;1.271120415;0.0;-1194.6930324129999;23229.08563615;BNP PARIBAS;0.0;0.0;0.0;;;Swap;-4601.902999999933;18627.182636150068;0.0025;-5.21505216005213;0.0;0.0
2711;389037;IRSB100008899;3243.904000000097;1.03334092;0.0;-427.75138841300003;10230.371009650002;NATIXIS;0.0;0.0;0.0;;;Swap;3243.904000000097;13474.275009650099;0.0025;4.332589066366257;0.0;0.0
2712;389037;IRSB100008904;10522.995000000112;1.272543489;0.0;-1195.585533252;23240.40049475;BNP PARIBAS;0.0;0.0;0.0;;;Swap;10522.995000000112;33763.39549475011;0.0025;4.117003626689442;0.0;0.0
2713;389037;IRSB100008906;2543.841000000015;1.020187199;0.0;-185.471091242;4494.2772941250005;BNP PARIBAS;0.0;0.0;0.0;;;Swap;2543.841000000015;7038.118294125015;0.0025;2.845535654487879;0.0;0.0
2714;389037;IRSB100008933;-8579.768000000156;1.591963527;0.0;-1964.693109279;30563.204844649998;NATIXIS;0.0;0.0;0.0;;;Swap;-8579.768000000156;21983.43684464984;0.0025;-4.126485671166724;0.0;0.0
2715;389037;IRSB100008976;6895.191999999806;0.539744519;0.0;-131.413479925;6067.0846378;BNP PARIBAS;0.0;0.0;0.0;;;Swap;6895.191999999806;12962.276637799805;0.0025;1.0169406344850724;0.0;0.0
2716;389037;IRSB100008988;7766.1430000001565;0.53974452;0.0;-145.003759021;6694.2813469;BNP PARIBAS;0.0;0.0;0.0;;;Swap;7766.1430000001565;14460.424346900156;0.0025;1.0072546003558203;0.0;0.0
2717;389037;IRSB100009094;15.643999999854714;0.11781466;0.0;-2.691194958;559.42571625;BNP PARIBAS;0.0;0.0;0.0;;;Swap;15.643999999854714;575.0697162498548;0.0025;4.418531663894625;0.0;0.0
2718;389037;IRSB100009114;-3798.4680000003427;0.789067408;0.0;-546.54404043;17276.354528924996;CREDIT AGRICOLE CORPORATE AND INVESTMENT BANK;0.0;0.0;0.0;;;Swap;-3798.4680000003427;13477.886528924653;0.0025;-2.8065107133255234;0.0;0.0
2719;389037;IRSB100009120;-1826.4320000000298;1.038358911;0.0;-214.32235310899998;5124.987735425;CREDIT AGRICOLE CORPORATE AND INVESTMENT BANK;0.0;0.0;0.0;;;Swap;-1826.4320000000298;3298.5557354249704;0.0025;-1.8925663736284357;0.0;0.0
2720;389037;IRSB100009126;-206.03600000031292;0.046576115;0.0;-0.973149602;512.749670875;NOMURA FINANCIAL PRODUCTS EUROPE GMBH;0.0;0.0;0.0;;;Swap;-206.03600000031292;306.71367087468707;0.0025;-0.07149850617038464;0.0;0.0
2721;389037;IRSB100009134;-862.316000000108;0.545223956;0.0;-80.53704036900001;3681.226509425;CREDIT AGRICOLE CORPORATE AND INVESTMENT BANK;0.0;0.0;0.0;;;Swap;-862.316000000108;2818.910509424892;0.0025;-1.7889379513954062;0.0;0.0
2722;389037;IRSB100009139;-404.5590000003576;0.065757813;0.0;-3.720931235;1352.952965275;NOMURA FINANCIAL PRODUCTS EUROPE GMBH;0.0;0.0;0.0;;;Swap;-404.5590000003576;948.3939652746424;0.0025;-0.16416886642409337;0.0;0.0
2723;389037;IRSB100009144;-323.97099999990314;0.17535076000000002;0.0;-14.973474002;2109.331324975;CREDIT AGRICOLE CORPORATE AND INVESTMENT BANK;0.0;0.0;0.0;;;Swap;-323.97099999990314;1785.3603249750968;0.0025;-0.9800364397469449;0.0;0.0
2724;389037;IRSB100009177;-164.63500000024214;0.079457077;0.0;-1.8192421470000002;552.8882943250001;NATIXIS;0.0;0.0;0.0;;;Swap;-164.63500000024214;388.2532943247579;0.0025;-0.1967809959933648;0.0;0.0
2725;389037;IRSB100009181;-13887.277999999933;1.559363047;0.0;-1438.083536217;22881.72477845;CREDIT AGRICOLE CORPORATE AND INVESTMENT BANK;0.0;0.0;0.0;;;Swap;-13887.277999999933;8994.446778450067;0.0025;-1.0234085506612611;0.0;0.0
2726;389037;IRSB100009183;-17057.519999999553;1.119547983;0.0;-1259.00291353;27924.0695556;CREDIT AGRICOLE CORPORATE AND INVESTMENT BANK;0.0;0.0;0.0;;;Swap;-17057.519999999553;10866.549555600446;0.0025;-0.722550025645827;0.0;0.0
2727;389037;IRSB100009204;-4015.0540000004694;0.6657745049999999;0.0;-216.748080085;8118.46517075;NATIXIS;0.0;0.0;0.0;;;Swap;-4015.0540000004694;4103.41117074953;0.0025;-0.6827136506465585;0.0;0.0
2728;389037;IRSB100009217;-3481.930999999866;0.737008907;0.0;-212.199498455;7181.981180849999;CREDIT AGRICOLE CORPORATE AND INVESTMENT BANK;0.0;0.0;0.0;;;Swap;-3481.930999999866;3700.050180850133;0.0025;-0.785209412272036;0.0;0.0
2729;389037;IRSB100009252;782.9290000004694;0.698652458;0.0;-286.312171172;10220.18813835;SOCIETE GENERALE;0.0;0.0;0.0;;;Swap;782.9290000004694;11003.11713835047;0.0025;9.842214234701288;0.0;0.0
2730;389037;IRSB100009266;1385.223000000231;0.8192045139999999;0.0;-466.423115307;14203.289679225;NATIXIS;0.0;0.0;0.0;;;Swap;1385.223000000231;15588.51267922523;0.0025;9.238716698560108;0.0;0.0
2731;389037;IRSB100009272;359.34999999962747;0.663034792;0.0;-218.650765319;8223.5384236;CREDIT AGRICOLE CORPORATE AND INVESTMENT BANK;0.0;0.0;0.0;;;Swap;359.34999999962747;8582.888423599628;0.0025;15.875680046565002;0.0;0.0
2732;389037;IRSB100009282;269.51499999989755;1.421770968;0.0;-391.06698007800003;6830.599244075001;NATIXIS;0.0;0.0;0.0;;;Swap;269.51499999989755;7100.114244074898;0.0025;37.7018908798018;0.0;0.0
2733;389037;IRSB100009319;-128.2700000004843;0.627417398;0.0;-192.59571103;7653.720424324999;CREDIT AGRICOLE CORPORATE AND INVESTMENT BANK;0.0;0.0;0.0;;;Swap;-128.2700000004843;7525.450424324515;0.0025;-36.908768313289485;0.0;0.0
2734;389037;IRSB100009320;-16.96999999997206;0.24384531199999998;0.0;-7.015166995;713.8318625750001;BNP PARIBAS;0.0;0.0;0.0;;;Swap;-16.96999999997206;696.861862575028;0.0025;-10.090665722887515;0.0;0.0
2735;389037;IRSB100009332;-1869.9070000005886;0.884960134;0.0;-381.59530779199997;10758.259451825;CREDIT AGRICOLE CORPORATE AND INVESTMENT BANK;0.0;0.0;0.0;;;Swap;-1869.9070000005886;8888.352451824412;0.0025;-4.214877253570161;0.0;0.0
2736;389037;IRSB100009337;-3002.2869999995455;1.156039266;0.0;-651.1848646630001;14001.390112625;CREDIT AGRICOLE CORPORATE AND INVESTMENT BANK;0.0;0.0;0.0;;;Swap;-3002.2869999995455;10999.103112625455;0.0025;-4.263026524403557;0.0;0.0
2737;389037;IRSB100009346;-4528.139999998733;0.895918679;0.0;-782.198240249;21784.256894375;CREDIT AGRICOLE CORPORATE AND INVESTMENT BANK;0.0;0.0;0.0;;;Swap;-4528.139999998733;17256.116894376268;0.0025;-3.420615151167194;0.0;0.0
2738;389037;IRSB100009351;-1733.269999999553;0.24110559199999998;0.0;-91.002494449;9363.4568671;JP MORGAN SE;0.0;0.0;0.0;;;Swap;-1733.269999999553;7630.186867100447;0.0025;-1.0713330156616256;0.0;0.0
2739;389037;IRSB100009363;-1088.8149999994785;0.47398874;0.0;-110.091850196;5785.6223357750005;CREDIT AGRICOLE CORPORATE AND INVESTMENT BANK;0.0;0.0;0.0;;;Swap;-1088.8149999994785;4696.807335775522;0.0025;-2.0532401349328007;0.0;0.0
2740;389037;IRSB100009369;-2978.50800000038;0.895918678;0.0;-390.995318877;10889.2304244;CREDIT AGRICOLE CORPORATE AND INVESTMENT BANK;0.0;0.0;0.0;;;Swap;-2978.50800000038;7910.722424399621;0.0025;-2.3838798225633187;0.0;0.0
2741;389037;IRSB100009384;-641.2359999995679;0.408234076;0.0;-163.46634993400002;9967.172566649999;NATIXIS;0.0;0.0;0.0;;;Swap;-641.2359999995679;9325.93656665043;0.0025;-5.964445538512168;0.0;0.0
2742;389037;IRSB100009399;-184.35900000017136;0.252065436;0.0;-43.525997323;4283.2814134;CREDIT AGRICOLE CORPORATE AND INVESTMENT BANK;0.0;0.0;0.0;;;Swap;-184.35900000017136;4098.922413399829;0.0025;-5.650118070294206;0.0;0.0
2743;389037;IRSB100009418;297.2740000002086;0.583581067;0.0;-266.804543575;11395.250397225;SOCIETE GENERALE;0.0;0.0;0.0;;;Swap;297.2740000002086;11692.524397225208;0.0025;23.02202739447391;0.0;0.0
2744;389037;IRSB100009432;-4348.112999999896;0.695912734;0.0;-473.650524119;16974.083268425;NATIXIS;0.0;0.0;0.0;;;Swap;-4348.112999999896;12625.970268425106;0.0025;-2.026187332071107;0.0;0.0
2745;389037;IRSB100009458;-138.48600000003353;0.328779958;0.0;-42.407557465000004;3206.239846175;BNP PARIBAS;0.0;0.0;0.0;;;Swap;-138.48600000003353;3067.7538461749664;0.0025;-7.3265174155815656;0.0;0.0
2746;389037;IRSB100009472;1399.7668016;-2749.550337943;0.0;-251.817390906;12377.772283675;CREDIT AGRICOLE CORPORATE AND INVESTMENT BANK;0.0;0.0;0.0;;;Swap;1399.7668016;13777.539085275;0.0025;16155.014802534391;0.0;0.0
2747;389037;XS0970852348;3765153.607;0.440710155;0.440710155;234.89878;-10212.33444;;0.0;0.0;3765153.607;5.0;XS0970852348;Bond;3765153.607;3754941.27256;0.0025;0.43963602937980356;0.0035;0.439206379131725
2748;389037;XS1400169931;5919220.274;1.518719145;1.518719145;2248.689481;-59979.0936875;;0.0;0.0;5919220.274;8.0;XS1400169931;Bond;5919220.274;5859241.1803125;0.0025;1.5149880087927907;0.004;1.5127493270684653
2749;389037;XS1485532896;3519305.617;0.023938413;0.023938413;8.380598622;-520.66439256;;0.0;0.0;3519305.617;5.0;XS1485532896;Bond;3519305.617;3518784.9526074403;0.0025;0.023880312578053304;0.0035;0.023857072409274625
2750;389037;XS1614416193;7996854.794;0.617777899;0.617777899;787.4413565;-32896.6506115;;0.0;0.0;7996854.794;7.0;XS1614416193;Bond;7996854.794;7963958.1433884995;0.0025;0.6162703007642928;0.004;0.6153657418228684
2751;389037;XS1639488771;1209640.274;0.234306182;0.234306182;34.1852866;-1749.8357934;;0.0;0.0;1209640.274;6.0;XS1639488771;Bond;1209640.274;1207890.4382066;0.0025;0.23373691284932785;0.0035;0.233509205189059
2752;389037;XS1676952481;2994145.068;0.425080453;0.425080453;178.2991198;-7628.917571999999;;0.0;0.0;2994145.068;6.0;XS1676952481;Bond;2994145.068;2986516.150428;0.0025;0.4240434550066281;0.0035;0.42362865580927933
2753;389037;XS1957442541;3005739.041;0.400580859;0.400580859;165.5951012;-7263.183108000001;;0.0;0.0;3005739.041;6.0;XS1957442541;Bond;3005739.041;2998475.857892;0.0025;0.3996046972251052;0.0035;0.3992142325151473
2754;389037;XS2010447238;14737995.21;1.245255956;1.245255956;4085.040822;-112955.93298;;0.0;0.0;14737995.21;6.0;XS2010447238;Bond;14737995.21;14625039.277020002;0.0025;1.2422031742275004;0.0035;1.2409820615185003
2755;389037;XS2056430874;746907.2119;0.234642817;0.234642817;21.16882096;-1043.6237753999999;;0.0;0.0;746907.2119;4.0;XS2056430874;Bond;746907.2119;745863.5881246;0.0025;0.23407191090678758;0.0035;0.23384354846950262
2756;389037;XS2063547041;2692599.916;0.023996397;0.023996397;6.443062171;-431.55368516;;0.0;0.0;2692599.916;7.0;XS2063547041;Bond;2692599.916;2692168.3623148403;0.0025;0.023938014626314643;0.004;0.023902985202103426
2757;389037;XS2106861771;3734784.055;0.061210008;0.061210008;23.60555995;-1529.72661985;;0.0;0.0;3734784.055;4.0;XS2106861771;Bond;3734784.055;3733254.3283801503;0.0025;0.06106136311770427;0.004;0.06097217618832683
2758;389037;XS2133390521;2729991.691;0.529384123;0.529384123;217.5435782;-8661.179118;;0.0;0.0;2729991.691;6.0;XS2133390521;Bond;2729991.691;2721330.511882;0.0025;0.5280925785013594;0.0035;0.5275759607019032
2759;389037;XS2148623106;6209424.658;0.002648623;0.002648623;1.594324672;-110.578795275;;0.0;0.0;6209424.658;5.0;XS2148623106;Bond;6209424.658;6209314.079204725;0.0025;0.002642221567010519;0.004;0.0026383807072168303
2760;389037;XS2152899584;5188134.176;0.508080309;0.508080309;391.2146911;-15777.613524;;0.0;0.0;5188134.176;6.0;XS2152899584;Bond;5188134.176;5172356.562476;0.0025;0.5068405314557356;0.0035;0.5063446204380299
2761;389037;XS2168647357;9956320.548;0.749299772;0.749299772;1287.691298;-49645.214788;;0.0;0.0;9956320.548;5.0;XS2168647357;Bond;9956320.548;9906675.333212001;0.0025;0.7474700460243042;0.004;0.7463722104388869
2762;389037;XS2178586157;2941222.11;1.200845472;1.200845472;777.5425084;-21165.957228;;0.0;0.0;2941222.11;6.0;XS2178586157;Bond;2941222.11;2920056.152772;0.0025;1.1978415378522898;0.0035;1.1966399641932057
2763;389037;XS2178833773;14918500.4;0.503715052;0.503715052;1114.391485;-46349.532737999994;;0.0;0.0;14918500.4;7.0;XS2178833773;Bond;14918500.4;14872150.867262;0.0025;0.5024819084787673;0.0035;0.5019886510702741
2764;389037;XS2180510732;7360033.0;0.154727527;0.154727527;128.5071449;-7602.006684999999;;0.0;0.0;7360033.0;8.0;XS2180510732;Bond;7360033.0;7352430.993315;0.0025;0.15435087522855448;0.004;0.15412488416568715
2765;389037;XS2264074647;5030442.466;0.557857549;0.557857549;434.8666602;-16786.517598;;0.0;0.0;5030442.466;6.0;XS2264074647;Bond;5030442.466;5013655.948402;0.0025;0.5564743866107426;0.0035;0.5559211216550396
2766;389037;XS2289133915;4919110.959;0.786160085;0.786160085;681.4699082;-25754.578193499998;;0.0;0.0;4919110.959;6.0;XS2289133915;Bond;4919110.959;4893356.3808065;0.0025;0.7842418247689897;0.004;0.7830908686303836
2767;389037;XS2390400633;4876963.699;1.126833076;1.126833076;1155.956816;-33037.293924;;0.0;0.0;4876963.699;8.0;XS2390400633;Bond;4876963.699;4843926.405076;0.0025;1.124081861171068;0.0035;1.1229813752394948
2768;389037;XS2407357768;3599214.0;0.604103717;0.604103717;343.4865543;-14485.603743;;0.0;0.0;3599214.0;7.0;XS2407357768;Bond;3599214.0;3584728.396257;0.0025;0.6026302260491654;0.004;0.6017461314786646
2769;389037;XS2432293673;12364820.21;0.617212982;0.617212982;1215.323804;-45732.896651999996;;0.0;0.0;12364820.21;7.0;XS2432293673;Bond;12364820.21;12319087.313348;0.0025;0.6157081407260555;0.0035;0.6151062042164777
2770;389037;XS2434710799;4921381.506;0.788522891;0.788522891;684.6002324;-23218.134120000002;;0.0;0.0;4921381.506;6.0;XS2434710799;Bond;4921381.506;4898163.37188;0.0025;0.7865996286688364;0.0035;0.785830323736371
2771;389037;XS2480958904;3479782.781;0.456217662;0.456217662;227.0204773;-9609.92067;;0.0;0.0;3479782.781;5.0;XS2480958904;Bond;3479782.781;3470172.86033;0.0025;0.45510700234877066;0.0035;0.45466273848827893
2772;389037;XS2485554088;8047795.556;0.156759882;0.40356104;19.89697296;-16226.0929785;;0.0;0.0;8047795.556;6.0;XS2485554088;Bond;8047795.556;8031569.4630215;0.0025;0.15675950738406236;0.004;0.4041135920241047
2773;389037;XS2517103250;2012866.575;0.352066245;0.352066245;93.93905126;-4235.2918626;;0.0;0.0;2012866.575;6.0;XS2517103250;Bond;2012866.575;2008631.2831374;0.0025;0.35120938938520824;0.0035;0.35086664713929155
2774;389037;XS2583352443;4070197.26;0.534957967;0.534957967;329.7955425;-13381.470444;;0.0;0.0;4070197.26;6.0;XS2583352443;Bond;4070197.26;4056815.789556;0.0025;0.5336477440985128;0.0035;0.5331236549379179
2775;389037;XS2625195891;4200520.548;1.068606938;1.068606938;931.7784233;-29932.8269175;;0.0;0.0;4200520.548;7.0;XS2625195891;Bond;4200520.548;4170587.7210825006;0.0025;1.0659161271544162;0.004;1.064301640647066
2776;389037;XS2719281227;4029661.333;0.127377316;0.617793533;7.045564132;-11386.35727225;;0.0;0.0;4029661.333;8.0;XS2719281227;Bond;4029661.333;4018274.97572775;0.0025;0.1273741678047661;0.004;0.6192502713627668
2777;389037;XS2745115597;11783549.53;0.026422522;0.758571806;2.136642738;-36900.49867575;;0.0;0.0;11783549.53;8.0;XS2745115597;Bond;11783549.53;11746649.031324249;0.0025;0.026419734269073847;0.004;0.7608662777712751
2778;389037;XS2752874821;10293205.05;0.078806818;0.810232699;9.143400703;-35481.777862999996;;0.0;0.0;10293205.05;7.0;XS2752874821;Bond;10293205.05;10257723.272137001;0.0025;0.07880013691596678;0.004;0.8128230753134089
2779;389037;XS2813883043;9979349.449;0.078514664;0.078514664;82.5192803;-5153.718824799999;;0.0;0.0;9979349.449;8.0;XS2813883043;Bond;9979349.449;9974195.730175199;0.0025;0.07832335028168662;0.004;0.0782085620506986
2780;389037;XS2819223194;8027239.544;0.115539634;1.092889758;12.3019106;-37499.22180625;;0.0;0.0;8027239.544;5.0;XS2819223194;Bond;8027239.544;7989740.32219375;0.0025;0.11553469450057613;0.004;1.0976060892653876
2781;389037;XS2824777267;8027017.008;0.142827776;1.120808947;18.8369853;-34500.4603065;;0.0;0.0;8027017.008;7.0;XS2824777267;Bond;8027017.008;7992516.5476935;0.0025;0.1428201079823067;0.0035;1.1251235570025029
2782;389037;XS2825596682;9967866.469;0.124599448;0.124599448;136.5848767;-7537.345602;;0.0;0.0;9967866.469;8.0;XS2825596682;Bond;9967866.469;9960329.123398;0.0025;0.12429569758858112;0.0035;0.12417419742401357
2783;389037;XS2841263358;5142183.542;0.01080062;0.189877338;-16.24660406;-4083.5356726249997;;0.0;0.0;5142183.542;8.0;XS2841263358;Bond;5142183.542;5138100.006327376;0.0025;0.010879898526535741;0.004;0.19014793064283153
2784;389037;XS2843279691;4112541.352;0.011511337;0.195321437;-13.70132452;-3363.3162622749996;;0.0;0.0;4112541.352;8.0;XS2843279691;Bond;4112541.352;4109178.035737725;0.0025;0.011594958166267879;0.004;0.19560730267751747
2785;389037;XS2885066808;14868125.99;0.371826745;0.371826745;745.7157225;-36274.153948499996;;0.0;0.0;14868125.99;8.0;XS2885066808;Bond;14868125.99;14831851.8360515;0.0025;0.37091849964306245;0.004;0.37037355242889985
2786;389037;XS2889872540;7145313.595;0.019345957;0.391012364;-98.87309638;-11621.474462;;0.0;0.0;7145313.595;8.0;XS2889872540;Bond;7145313.595;7133692.120538;0.0025;0.019692829533629948;0.004;0.3921774256648024
2787;389037;XS2898793406;5094484.493;0.020674638;0.428812738;-85.22462736;-9084.451355000001;;0.0;0.0;5094484.493;8.0;XS2898793406;Bond;5094484.493;5085400.041645;0.0025;0.021093926676101514;0.004;0.43021741157622095
2788;389037;XS2908566982;9886355.53;0.466483889;0.466483889;665.4151896;-27952.654542000004;;0.0;0.0;9886355.53;8.0;XS2908566982;Bond;9886355.53;9858402.875458;0.0025;0.46534524656689924;0.0035;0.46488978959365895
2789;389037;XS2908585263;10174327.58;0.02686668;0.488775424;-215.3857537;-20641.782993250003;;0.0;0.0;10174327.58;;XS2908585263;Bond;10174327.58;10153685.79700675;0.0025;0.027397722847259474;0.004;0.4905778109420638
2790;389037;XS2914760405;3952179.324;0.502001335;0.502001335;293.4074628;-13020.5359895;;0.0;0.0;3952179.324;8.0;XS2914760405;Bond;3952179.324;3939158.7880105;0.0025;0.5007753630909103;0.004;0.5000397799454565
2791;389037;XS2918558227;12195936.05;0.028389724;0.600428106;-401.4809818;-30403.152867499997;;0.0;0.0;12195936.05;8.0;XS2918558227;Bond;12195936.05;12165532.897132501;0.0025;0.029214720014755138;0.004;0.603186931359792
2792;389037;XS2922134684;5074488.649;0.024400632;0.534661051;-133.0663579;-11264.886231749999;;0.0;0.0;5074488.649;8.0;XS2922134684;Bond;5074488.649;5063223.76276825;0.0025;0.025057685831095012;0.004;0.5368534053242098
2793;389037;XS2923562263;9643540.618;0.024529388;0.540593034;-258.2040981;-21622.220116750002;;0.0;0.0;9643540.618;8.0;XS2923562263;Bond;9643540.618;9621918.397883251;0.0025;0.02520026281504681;0.004;0.5428329902542096
2794;389037;XS2924143154;10146673.11;0.024579909;0.540072255;-271.619971;-22751.597864000003;;0.0;0.0;10146673.11;8.0;XS2924143154;Bond;10146673.11;10123921.512136;0.0025;0.025250653493177014;0.004;0.5423097416638606
2795;389037;XS2931921113;9041638.75;0.09918967;1.555195347;11.77578035;-58750.777625250004;;0.0;0.0;9041638.75;8.0;XS2931921113;Bond;9041638.75;8982887.97237475;0.0025;0.09918170661471991;0.004;1.5648177814903348
2796;389037;XS2936812366;10138414.13;0.108473936;1.606818453;-2285.348;-68301.8700875;;0.0;0.0;10138414.13;;XS2936812366;Bond;10138414.13;10070112.2599125;0.0025;0.114138721023655;0.004;1.6261625048222879
2797;389037;XS2942506978;6074346.495;0.027033793;0.616680088;-212.6172838;-15521.5085935;;0.0;0.0;6074346.495;8.0;XS2942506978;Bond;6074346.495;6058824.9864065;0.0025;0.02791068244394531;0.004;0.6196013651301994
2798;389037;XS2978738495;4994971.241;0.037895538;0.037895538;19.16252712;-1149.527628;;0.0;0.0;4994971.241;8.0;XS2978738495;Bond;4994971.241;4993821.7133720005;0.0025;0.03780321908315449;0.0035;0.03776629151641628
2799;389037;XS2978742414;8836284.472;0.779073884;0.779073884;1209.064219;-114641.71265249999;;0.0;0.0;8836284.472;8.0;XS2978742414;Bond;8836284.472;8721642.759347498;0.0025;0.7771705372647677;0.014;0.7684151422826995
2800;389037;XS2982074358;0.0;0.542762112;0.797420512;0.0;-66230.0;;0.0;0.0;0.0;8.0;XS2982074358;Bond;0.0;-66230.0;0.0025;;0.004;
2801;389037;XS2993382667;4922952.887;0.656870845;0.656870845;528.4048365;-21215.903813;;0.0;0.0;4922952.887;8.0;XS2993382667;Bond;4922952.887;4901736.983187;0.0025;0.6552661698500439;0.004;0.6543033647600703
2802;389037;XS2994523103;3932181.748;0.727539407;0.727539407;487.721028;-18766.741383;;0.0;0.0;3932181.748;8.0;XS2994523103;Bond;3932181.748;3913415.0066170003;0.0025;0.7257618613354218;0.004;0.7246953339366748
2803;389037;XS3002279886;5903249.081;0.689484831;0.689484831;678.3833694;-26702.0937885;;0.0;0.0;5903249.081;8.0;XS3002279886;Bond;5903249.081;5876546.9872115;0.0025;0.6878003806231311;0.004;0.6867897103970098
2804;389037;XS3003192898;19984378.22;0.029784068;0.029784068;59.7915717;-3914.7480619;;0.0;0.0;19984378.22;8.0;XS3003192898;Bond;19984378.22;19980463.4719381;0.0025;0.029711487838333692;0.004;0.02966793974133391
2805;389037;XS3006178597;4927156.147;0.618826131;0.618826131;486.6044734;-20005.603865;;0.0;0.0;4927156.147;8.0;XS3006178597;Bond;4927156.147;4907150.543134999;0.0025;0.6173145028979015;0.004;0.6164075260366425
2806;389037;XS3007482790;4898210.647;0.874111178;0.874111178;792.6825695;-28087.547631;;0.0;0.0;4898210.647;8.0;XS3007482790;Bond;4898210.647;4870123.099369;0.0025;0.8719755776421602;0.004;0.8706942174274562
2807;389037;XS3013234177;4896943.284;0.884966506;0.884966506;807.0217938;-28429.103612;;0.0;0.0;4896943.284;8.0;XS3013234177;Bond;4896943.284;4868514.180388;0.0025;0.8828043920058583;0.004;0.8815071236093732
2808;389037;XS3019213654;17630707.6;0.195291335;0.930341869;68.3098591;-74326.14684;;0.0;0.0;17630707.6;8.0;XS3019213654;Bond;17630707.6;17556381.453160003;0.0025;0.19528981971401865;0.004;0.9336490336931832
2809;389037;XS3020829951;7891195.493;0.575352982;0.575352982;704.8094375;-29791.965449999996;;0.0;0.0;7891195.493;8.0;XS3020829951;Bond;7891195.493;7861403.52755;0.0025;0.5739476614695476;0.004;0.5731044691512761
2810;389037;XS3022659927;7960502.143;0.192334351;0.192334351;178.7611215;-10065.1280535;;0.0;0.0;7960502.143;8.0;XS3022659927;Bond;7960502.143;7950437.0149465;0.0025;0.1918654319883102;0.004;0.1915840805812963
2811;389037;XS3037605048;16998800.64;0.002708113;0.002708113;4.500493311;-279.4323393;;0.0;0.0;16998800.64;8.0;XS3037605048;Bond;16998800.64;16998521.2076607;0.0025;0.002701512495210857;0.0035;0.0026988722932951995
2812;389038;BE0002251206;37513595.0;1.049312806;1.049312806;8051.457343;-487132.51812;;0.0;0.0;37513595.0;6.0;BE0002251206;Bond;37513595.0;37026462.48188;0.0025;1.0466997564259863;0.0095;1.0393832176187476
2813;389038;BE0002276450;5913397.808;1.923309019;1.923309019;3331.451256;-68185.34478;;0.0;0.0;5913397.808;5.0;BE0002276450;Bond;5913397.808;5845212.46322;0.0025;1.918472476995233;0.0035;1.9165378601933263
2814;389038;BE0002832138;14665582.19;0.89310313;0.89310313;2444.307073;-87752.415075;;0.0;0.0;14665582.19;6.0;BE0002832138;Bond;14665582.19;14577829.774925;0.0025;0.8909304723958147;0.004;0.8896268778333035
2815;389038;BE6360428419;16944584.32;0.113446862;0.113446862;208.7337336;-11698.726709999999;;0.0;0.0;16944584.32;8.0;BE6360428419;Bond;16944584.32;16932885.59329;0.0025;0.11317107221481007;0.0035;0.1130607563007341
2816;389038;BTSM25 Cmdty;0.0;0.0;0.0;-123059.5477;2730685.2216;;0.0;0.0;-204231000.0;;;Bond Future;0.0;2730685.2216;0.0025;0.0;0.0035;0.0
2817;389038;CH0336602930;19733520.55;1.37180013;1.37180013;6371.489808;-180780.6637;;0.0;0.0;19733520.55;8.0;CH0336602930;Bond;19733520.55;19552739.8863;0.0025;1.3684328067955465;0.004;1.3664124128728743
2818;389038;CH0483180946;19703424.66;1.188543484;1.188543484;5078.201748;-156606.50986500003;;0.0;0.0;19703424.66;8.0;CH0483180946;Bond;19703424.66;19546818.150135;0.0025;1.185631774678379;0.004;1.1838847490854065
2819;389038;CH1142231682;37899935.3;0.578611646;0.578611646;3403.110474;-146459.88695000001;;0.0;0.0;37899935.3;6.0;CH1142231682;Bond;37899935.3;37753475.413049996;0.0025;0.5772038249328889;0.004;0.5763591322926223
2820;389038;CH1194000340;25540349.32;1.149738995;1.149738995;6296.835109;-196150.28049499998;;0.0;0.0;25540349.32;7.0;CH1194000340;Bond;25540349.32;25344199.039505;0.0025;1.1468801294874462;0.004;1.1451648101799141
2821;389038;CSH_EUR_DB;-59169583.03;0.0;0.0;0.0;0.0;;0.0;0.0;-59169583.03;;;Cash;-59169583.03;-59169583.03;0.0;0.0;0.0;0.0
2822;389038;DE000A3LKBD0;25273233.33;0.062957899;0.79268771;16.08335687;-84645.53976249999;;0.0;0.0;25273233.33;5.0;DE000A3LKBD0;Bond;25273233.33;25188587.790237498;0.0025;0.06295189876572027;0.004;0.7951756700593067
2823;389038;DE000CZ40LD5;20725462.48;0.949636267;0.949636267;3779.965117;-243254.46924;;0.0;0.0;20725462.48;6.0;DE000CZ40LD5;Bond;20725462.48;20482208.01076;0.0025;0.947331222929928;0.0095;0.9408770995337261
2824;389038;DE000HCB0B02;10071651.11;0.183146628;0.670368336;34.86215761;-31791.567948;;0.0;0.0;10071651.11;5.0;DE000HCB0B02;Bond;10071651.11;10039859.542051999;0.0025;0.18314394935979406;0.004;0.672027454249925
2825;389038;DE000HCB0B28;27977261.75;0.813872256;0.813872256;4070.920912;-151958.68883;;0.0;0.0;27977261.75;5.0;DE000HCB0B28;Bond;27977261.75;27825303.06117;0.0025;0.8118905211997176;0.004;0.8107014803195481
2826;389038;DE000LB1B2E5;18400439.34;1.423621059;1.423621059;6316.867887;-324125.57784000004;;0.0;0.0;18400439.34;5.0;DE000LB1B2E5;Bond;18400439.34;18076313.76216;0.0025;1.4201053052913966;0.0095;1.410261194907307
2827;389038;DE000LB2CLH7;25312745.21;1.291127787;1.291127787;7413.583667;-217997.70713499998;;0.0;0.0;25312745.21;5.0;DE000LB2CLH7;Bond;25312745.21;25094747.502865;0.0025;1.2879733273935408;0.004;1.2860806516296652
2828;389038;DUK25P 106.1;-20000.04711;-1182.286957;-1182.286957;0.0;-94583.17936;;0.0;0.0;12266823.8;;;Bond Future Option;-20000.04711;-114583.22647;0.0025;-1182.286957;0.0015;-1182.286957
2829;389038;DUK25P 106.4;80000.00058;-1011.147281;-1011.147281;0.0;323567.1324;;0.0;0.0;-41964554.67;;;Bond Future Option;80000.00058;403567.13298;0.0025;-1011.147281;0.0015;-1011.147281
2830;389038;DUM25 Cmdty;0.0;0.0;0.0;-92962.72899;1319480.1344;;0.0;0.0;-171128000.0;;;Bond Future;0.0;1319480.1344;0.0025;0.0;0.0015;0.0
2831;389038;FR0000989626;33000153.48;0.033170906;0.425272033;-126.8612175;-52415.509127499994;;0.0;6.49e-07;33007614.66;;FR0000989626;Fund Unit;33000153.48;32947737.9708725;0.0025;0.033269763308483934;0.0035;0.4260395792075423
2832;389038;FR0010582452;33001006.92;0.033149011;0.296124349;414.0973761;-37411.577632500004;;0.0;1.53e-07;33006372.34;;FR0010582452;Fund Unit;33001006.92;32963595.3423675;0.0025;0.032838057580776285;0.0035;0.29599208191907816
2833;389038;FR0011952647;7558055.36;1.194522515;1.194522515;1951.247533;-112066.28934;;0.0;0.0;7558055.36;5.0;FR0011952647;Bond;7558055.36;7445989.070660001;0.0025;1.1916355267614895;0.0095;1.1835519596936603
2834;389038;FR0012401669;1356098.489;1.817042836;1.817042836;686.1745772;-30673.833228;;0.0;0.0;1356098.489;5.0;FR0012401669;Bond;1356098.489;1325424.655772;0.0025;1.8126471552178838;0.0095;1.8003392490279586
2835;389038;FR0012891992;5823928.222;0.535086525;0.535086525;245.2874113;-37737.260124;;0.0;0.0;5823928.222;6.0;FR0012891992;Bond;5823928.222;5786190.961876;0.0025;0.534749389567242;0.0095;0.5338054103555198
2836;389038;FR0013155009;18699901.64;1.003937102;1.003937102;3758.467536;-231657.18372;;0.0;0.0;18699901.64;6.0;FR0013155009;Bond;18699901.64;18468244.45628;0.0025;1.0014321106132122;0.0095;0.9944181347302062
2837;389038;FR0013166477;8606077.333;1.272356166;1.272356166;1684.449902;-132293.71404;;0.0;0.0;8606077.333;7.0;FR0013166477;Bond;8606077.333;8473783.61896;0.0025;1.271510192701353;0.0095;1.2691414674651416
2838;389038;FR0013192762;9420833.333;1.524770697;1.524770697;2576.025854;-174371.09532;;0.0;0.0;9420833.333;6.0;FR0013192762;Bond;9420833.333;9246462.237680001;0.0025;1.523747029274559;0.0095;1.5208807596433243
2839;389038;FR0013334695;20002736.99;1.105612751;1.105612751;4625.726086;-132606.55632;;0.0;0.0;20002736.99;6.0;FR0013334695;Bond;20002736.99;19870130.433679998;0.0025;1.1028873334575398;0.0035;1.1017971664405557
2840;389038;FR0013455540;45068744.25;1.847818518;1.847818518;23513.3565;-556310.192165;;0.0;0.0;45068744.25;7.0;FR0013455540;Bond;45068744.25;44512434.057835;0.0025;1.8433115505716011;0.004;1.8406073701145618
2841;389038;FR0014002X43;9756709.589;1.003860836;1.003860836;1937.328897;-65515.4981;;0.0;0.0;9756709.589;8.0;FR0014002X43;Bond;9756709.589;9691194.0909;0.0025;1.001416083558443;0.004;0.9999492320935087
2842;389038;FR0014007PV3;11358123.29;2.546563347;2.546563347;10212.29176;-193358.646715;;0.0;0.0;11358123.29;7.0;FR0014007PV3;Bond;11358123.29;11164764.643284999;0.0025;2.540297862141905;0.004;2.5365385712270476
2843;389038;FR001400CMY0;10253220.55;2.304360785;2.304360785;7881.277941;-157821.11384;;0.0;0.0;10253220.55;8.0;FR001400CMY0;Bond;10253220.55;10095399.43616;0.0025;2.2984193902972017;0.004;2.294854553475523
2844;389038;FR001400F0U6;15137163.62;0.97809403;0.97809403;-1628.83013;-91092.98939999999;;0.0;0.0;15137163.62;6.0;FR001400F0U6;Bond;15137163.62;15046070.6306;0.0025;0.9831758176257867;0.0035;0.9852085326761014
2845;389038;FR001400F2Q0;33453180.28;0.988587315;0.988587315;6633.718958;-564475.138755;;0.0;0.0;33453180.28;4.0;FR001400F2Q0;Bond;33453180.28;32888705.141245;0.0025;0.986073112091635;0.014;0.9745077787131561
2846;389038;FR001400H2O3;26459920.01;1.629066425;1.629066425;11584.27741;-264455.50332;;0.0;0.0;26459920.01;6.0;FR001400H2O3;Bond;26459920.01;26195464.50668;0.0025;1.6247559509784095;0.0035;1.6230317613697733
2847;389038;FR001400KXW4;26012940.51;1.192407596;1.192407596;6783.414506;-190750.23282000003;;0.0;0.0;26012940.51;6.0;FR001400KXW4;Bond;26012940.51;25822190.27718;0.0025;1.189442916457445;0.0035;1.1882570446404228
2848;389038;FR0128664192;37288489.54;0.219414259;0.219414259;977.3678117;-53787.3691615;;0.0;0.0;37288489.54;8.0;FR0128664192;Bond;37288489.54;37234702.1708385;0.0025;0.21887934107069837;0.004;0.21855839031311738
2849;389038;FR0128718899;14976752.66;0.059579604;0.059579604;92.31102549;-5867.60446675;;0.0;0.0;14976752.66;8.0;FR0128718899;Bond;14976752.66;14970885.05553325;0.0025;0.05943438780089807;0.004;0.05934725808143691
2850;389038;FR0128735398;25572411.67;0.017023695;0.328098017;-247.7975602;-34998.06080775;;0.0;0.0;25572411.67;8.0;FR0128735398;Bond;25572411.67;25537413.609192252;0.0025;0.017266670386649596;0.004;0.3289162116289109
2851;389038;FR0128756279;19921140.73;0.1572084;0.1572084;354.8247918;-18993.306774;;0.0;0.0;19921140.73;8.0;FR0128756279;Bond;19921140.73;19902147.423226;0.0025;0.15682489946346706;0.0035;0.15667149924885387
2852;389038;FR0128764620;16848715.14;0.37172078;0.37172078;844.5712507;-37944.229704;;0.0;0.0;16848715.14;8.0;FR0128764620;Bond;16848715.14;16810770.910296;0.0025;0.3708130522158136;0.0035;0.37044996110213907
2853;389038;FR0128765262;40821544.01;0.179022733;0.179022733;844.4452138;-33216.434442;;0.0;0.0;40821544.01;8.0;FR0128765262;Bond;40821544.01;40788327.575558;0.0025;0.17858569926109327;0.002;0.17867310600887462
2854;389038;FR0128767334;9978771.088;0.086788944;0.086788944;92.07505869;-5249.1069834;;0.0;0.0;9978771.088;8.0;FR0128767334;Bond;9978771.088;9973521.981016599;0.0025;0.086577097452361;0.0035;0.0864923588333054
2855;389038;FR0128771187;19754360.64;0.504455275;0.504455275;1475.66579;-65432.93705;;0.0;0.0;19754360.64;8.0;FR0128771187;Bond;19754360.64;19688927.70295;0.0025;0.5032239437645177;0.004;0.5024851450232283
2856;389038;FR0128910736;12961691.94;0.113752555;0.113752555;160.5316835;-8948.894165999998;;0.0;0.0;12961691.94;8.0;FR0128910736;Bond;12961691.94;12952743.045834;0.0025;0.11347527693219311;0.0035;0.11336436570507036
2857;389038;FR0128913326;24874157.6;0.208901547;0.208901547;616.0591481;-31484.550168;;0.0;0.0;24874157.6;8.0;FR0128913326;Bond;24874157.6;24842673.049832;0.0025;0.2083914707495401;0.0035;0.20818744024935615
2858;389038;FR0128913615;14751113.71;0.708459976;0.708459976;1761.596935;-63288.339900000006;;0.0;0.0;14751113.71;8.0;FR0128913615;Bond;14751113.71;14687825.3701;0.0025;0.7067292327519133;0.0035;0.7060369354526786
2859;389038;FR0128914480;14879051.11;0.325334916;0.325334916;629.9362032;-29350.456992;;0.0;0.0;14879051.11;8.0;FR0128914480;Bond;14879051.11;14849700.653007999;0.0025;0.3245410949670539;0.0035;0.32422356655387546
2860;389038;FR0128961093;25218574.51;0.030200703;0.72581704;-1228.731339;-75694.286607;;0.0;0.0;25218574.51;8.0;FR0128961093;Bond;25218574.51;25142880.223393;0.0025;0.03142106488094593;0.004;0.7298732121818842
2861;389038;FR0128984533;19986915.35;0.024354045;0.024354045;48.6039653;-3203.3823237;;0.0;0.0;19986915.35;8.0;FR0128984533;Bond;19986915.35;19983711.9676763;0.0025;0.024294733068256125;0.004;0.0242591459092098
2862;389038;FR0129007870;43449116.26;0.046066182;0.046066182;204.4738262;-12141.94482;;0.0;0.0;43449116.26;8.0;FR0129007870;Bond;43449116.26;43436974.315179996;0.0025;0.04595383591800754;0.0035;0.045908897485210556
2863;389038;FR0129010304;17870098.71;0.303951866;0.303951866;695.7617482;-32900.565294;;0.0;0.0;17870098.71;8.0;FR0129010304;Bond;17870098.71;17837198.144706;0.0025;0.3032094725945123;0.0035;0.30291251523231727
2864;389038;FR0129024677;14985409.36;0.037927782;0.037927782;57.5873349;-3448.6969494;;0.0;0.0;14985409.36;8.0;FR0129024677;Bond;14985409.36;14981960.6630506;0.0025;0.037835305949654896;0.0035;0.03779831552951685
2865;389038;FR0129060366;69675632.15;0.19263189;0.19263189;1569.481467;-81320.05283999999;;0.0;0.0;69675632.15;8.0;FR0129060366;Bond;69675632.15;69594312.09716001;0.0025;0.192161519030812;0.0035;0.1919733706431368
2866;389038;FR0129084481;39830021.97;0.162462106;0.162462106;735.8897491;-39284.405232;;0.0;0.0;39830021.97;8.0;FR0129084481;Bond;39830021.97;39790737.564768;0.0025;0.1620661969511964;0.0035;0.16190783333167497
2867;389038;FR0129106110;19974833.13;0.045979725;0.045979725;93.65010989;-5582.0081634;;0.0;0.0;19974833.13;8.0;FR0129106110;Bond;19974833.13;19969251.1218366;0.0025;0.04586780020981253;0.0035;0.04582303029373754
2868;389038;IRSB100005612;2362461.799999997;0.10137566099999999;0.0;-100.452962536;24119.63930325;BNP PARIBAS;0.0;0.0;0.0;;;Swap;2362461.799999997;2386581.439303247;0.0025;0.10246436506232302;0.0;0.0
2869;389038;IRSB100007802;-389456.76999999955;1.809536615;0.0;-10050.090665596;137648.2311809;NOMURA FINANCIAL PRODUCTS EUROPE GMBH;0.0;0.0;0.0;;;Swap;-389456.76999999955;-251808.53881909954;0.0025;1.1725874836250556;0.0;0.0
2870;389038;IRSB100008596;-39483.40000000037;2.294227158;0.0;-6581.775075921;70227.772827125;NATIXIS;0.0;0.0;0.0;;;Swap;-39483.40000000037;30744.372827124622;0.0025;-1.8600459505705915;0.0;0.0
2871;389038;IRSB100008726;-228160.59999999404;0.430152377;0.0;-2542.96395962;147180.93641775002;SOCIETE GENERALE;0.0;0.0;0.0;;;Swap;-228160.59999999404;-80979.66358224401;0.0025;0.15197745551010206;0.0;0.0
2872;389038;IRSB100008727;-56869.39999999851;0.430152378;0.0;-635.733440356;36795.051748175;NATIXIS;0.0;0.0;0.0;;;Swap;-56869.39999999851;-20074.34825182351;0.0025;0.15114416806088332;0.0;0.0
2873;389038;IRSB100008823;-5058.080000001937;0.67399444;0.0;-911.9593734959999;33740.670597925;SOCIETE GENERALE;0.0;0.0;0.0;;;Swap;-5058.080000001937;28682.59059792306;0.0025;-3.8323083510372977;0.0;0.0
2874;389038;IRSB100008971;787.3019999999087;0.39727430799999996;0.0;-15.778266899;988.5673277000001;JP MORGAN SE;0.0;0.0;0.0;;;Swap;787.3019999999087;1775.8693276999088;0.0025;0.8986922086435488;0.0;0.0
2875;389038;IRSB100009041;-43696.79999998212;1.00277097;0.0;-20037.837712710003;498692.68561675;BNP PARIBAS;0.0;0.0;0.0;;;Swap;-43696.79999998212;454995.88561676786;0.0025;-10.458848520822109;0.0;0.0
2876;389038;IRSB100009049;62413.05000000447;1.736612054;0.0;-15222.595258880001;217534.12374275;NATIXIS;0.0;0.0;0.0;;;Swap;62413.05000000447;279947.1737427545;0.0025;7.841672582296856;0.0;0.0
2877;389038;XS1204154410;22731421.11;1.880997102;1.880997102;12250.66112;-528085.8204000001;;0.0;0.0;22731421.11;8.0;XS1204154410;Bond;22731421.11;22203335.2896;0.0025;1.876369209272305;0.0095;1.8634111096347588
2878;389038;XS1385945131;49319101.23;0.954060225;0.954060225;9066.131341;-580479.0655200001;;0.0;0.0;49319101.23;7.0;XS1385945131;Bond;49319101.23;48738622.16447999;0.0025;0.9517401531753317;0.0095;0.9452439520662603
2879;389038;XS1405136364;12348148.63;1.011588639;1.011588639;2528.253887;-155057.14944;;0.0;0.0;12348148.63;4.0;XS1405136364;Bond;12348148.63;12193091.480560001;0.0025;1.0090282277530287;0.0095;1.0018590762615096
2880;389038;XS1512677003;22832591.51;1.535183829;1.535183829;8829.156296;-432544.43856000004;;0.0;0.0;22832591.51;6.0;XS1512677003;Bond;22832591.51;22400047.07144;0.0025;1.531408528947573;0.0095;1.520837688800777
2881;389038;XS1586555945;14703020.55;1.922675281;1.922675281;8207.475133;-174550.8456;;0.0;0.0;14703020.55;8.0;XS1586555945;Bond;14703020.55;14528469.704400001;0.0025;1.9179615581026264;0.0035;1.9160760689436769
2882;389038;XS1587911451;49669500.0;1.917385545;1.917385545;27626.30413;-1176752.44512;;0.0;0.0;49669500.0;6.0;XS1587911451;Bond;49669500.0;48492747.55488;0.0025;1.912671398778817;0.0095;1.8994717893595054
2883;389038;XS1602547264;30167869.32;1.046612969;1.046612969;6426.52811;-210913.40679500002;;0.0;0.0;30167869.32;8.0;XS1602547264;Bond;30167869.32;29956955.913205;0.0025;1.0440258260594077;0.004;1.0424735402950525
2884;389038;XS1706111793;24963149.31;0.549770217;0.549770217;2091.369106;-91577.14228;;0.0;0.0;24963149.31;7.0;XS1706111793;Bond;24963149.31;24871572.167719997;0.0025;0.548431378836221;0.004;0.5476280759379535
2885;389038;XS1734066811;13060713.57;2.453138269;2.453138269;9673.43476;-192124.93595999997;;0.0;0.0;13060713.57;6.0;XS1734066811;Bond;13060713.57;12868588.63404;0.0025;2.4496667043898284;0.0035;2.4482780785457594
2886;389038;XS1843449122;15034255.48;1.488654989;1.488654989;5557.993752;-134204.79911999998;;0.0;0.0;15034255.48;8.0;XS1843449122;Bond;15034255.48;14900050.68088;0.0025;1.4849530067081447;0.0035;1.4834722137914027
2887;389038;XS1960248919;49241863.01;0.919443187;0.919443187;8566.89658;-302533.911745;;0.0;0.0;49241863.01;8.0;XS1960248919;Bond;49241863.01;48939329.098255;0.0025;0.9172072293693032;0.004;0.9158656547908851
2888;389038;XS2013574038;20898282.33;1.173882327;1.173882327;5295.619226;-163746.30909;;0.0;0.0;20898282.33;7.0;XS2013574038;Bond;20898282.33;20734536.02091;0.0025;1.1709923328932406;0.004;1.169258336429185
2889;389038;XS2052337503;6878381.52;0.636166652;0.636166652;703.5048382;-74314.78774500001;;0.0;0.0;6878381.52;4.0;XS2052337503;Bond;6878381.52;6804066.732255;0.0025;0.6346214802620217;0.014;0.6275136902673217
2890;389038;XS2105735935;19265378.08;1.791060156;1.791060156;9549.974123;-230443.09197;;0.0;0.0;19265378.08;6.0;XS2105735935;Bond;19265378.08;19034934.988029998;0.0025;1.7866872334294017;0.004;1.784063479887043
2891;389038;XS2113885011;30540566.21;1.800644828;1.800644828;15263.00683;-329675.86662;;0.0;0.0;30540566.21;6.0;XS2113885011;Bond;30540566.21;30210890.34338;0.0025;1.7962565887293114;0.0035;1.794501293021036
2892;389038;XS2194370727;19503619.18;2.138500699;2.138500699;13084.26207;-278399.098965;;0.0;0.0;19503619.18;6.0;XS2194370727;Bond;19503619.18;19225220.081035;0.0025;2.1331620799259703;0.004;2.129958908481552
2893;389038;XS2311407352;6838293.287;1.075345736;1.075345736;1508.349706;-49272.1945235;;0.0;0.0;6838293.287;6.0;XS2311407352;Bond;6838293.287;6789021.092476499;0.0025;1.0727223071206453;0.004;1.0711482497930325
2894;389038;XS2324321285;16642420.14;0.95492395;0.95492395;3064.850723;-106101.12786000001;;0.0;0.0;16642420.14;6.0;XS2324321285;Bond;16642420.14;16536319.01214;0.0025;0.9525996754686423;0.004;0.9512051107498278
2895;389038;XS2338643740;19324437.26;1.534803947;1.534803947;7446.791828;-198045.71514;;0.0;0.0;19324437.26;8.0;XS2338643740;Bond;19324437.26;19126391.54486;0.0025;1.5310590997362101;0.004;1.5288121913779364
2896;389038;XS2382849888;20769791.1;0.413289727;0.413289727;1190.18095;-57330.31378099999;;0.0;0.0;20769791.1;5.0;XS2382849888;Bond;20769791.1;20712460.786219;0.0025;0.4122841614281106;0.004;0.4116808220849769
2897;389038;XS2416413339;19249657.53;1.622318993;1.622318993;8111.758842;-208630.8341;;0.0;0.0;19249657.53;6.0;XS2416413339;Bond;19249657.53;19041026.6959;0.0025;1.6183638511213554;0.004;1.6159907659941688
2898;389038;XS2438616240;14152415.75;2.728676474;2.728676474;14344.38636;-238732.18308;;0.0;0.0;14152415.75;7.0;XS2438616240;Bond;14152415.75;13913683.56692;0.0025;2.7219515494551785;0.0035;2.71926157963725
2899;389038;XS2442768227;11497058.63;2.271712206;2.271712206;8514.658445;-174564.052325;;0.0;0.0;11497058.63;7.0;XS2442768227;Bond;11497058.63;11322494.577675002;0.0025;2.266099034242312;0.004;2.2627311311877
2900;389038;XS2486589596;5128596.44;1.146204482;1.146204482;2518.14527;-78609.84456;;0.0;0.0;10257238.63;8.0;XS2486589596;Bond;5128596.44;5049986.59544;0.0025;1.1372139222504805;0.004;1.1318195864007687
2901;389038;XS2487667276;8552474.11;0.816362578;0.816362578;1249.853289;-46909.734703;;0.0;0.0;8552474.11;7.0;XS2487667276;Bond;8552474.11;8505564.375296999;0.0025;0.8143752130735307;0.004;0.813182794117649
2902;389038;XS2535283548;22886832.47;0.465215469;0.465215469;1528.444655;-71325.402525;;0.0;0.0;22886832.47;5.0;XS2535283548;Bond;22886832.47;22815507.067475;0.0025;0.4640869648759092;0.004;0.46340986240145476
2903;389038;XS2537060746;10711451.09;1.326897014;1.326897014;3306.752917;-87641.59062;;0.0;0.0;10711451.09;6.0;XS2537060746;Bond;10711451.09;10623809.49938;0.0025;1.3235808545491827;0.0035;1.3222543907688558
2904;389038;XS2617442525;15712379.51;0.751359964;0.751359964;2035.135062;-72836.5647;;0.0;0.0;15712379.51;7.0;XS2617442525;Bond;15712379.51;15639542.9453;0.0025;0.7495332108222736;0.0035;0.748802509551183
2905;389038;XS2623501181;10604212.33;1.053182873;1.053182873;2304.446234;-74980.21479;;0.0;0.0;10604212.33;7.0;XS2623501181;Bond;10604212.33;10529232.11521;0.0025;1.0505230026676144;0.004;1.048927080468183
2906;389038;XS2625985945;3895930.205;2.448185782;2.448185782;3331.746824;-58960.72374;;0.0;0.0;3895930.205;6.0;XS2625985945;Bond;3895930.205;3836969.4812600003;0.0025;2.441790154149984;0.0035;2.439231903009978
2907;389038;XS2633552026;13587820.93;1.039362662;1.039362662;2889.864223;-94188.057535;;0.0;0.0;13587820.93;6.0;XS2633552026;Bond;13587820.93;13493632.872465;0.0025;1.0367463369582584;0.004;1.0351765419332135
2908;389038;XS2710354544;20957863.01;1.507851175;1.507851175;7926.391632;-211094.653835;;0.0;0.0;20957863.01;8.0;XS2710354544;Bond;20957863.01;20746768.356165003;0.0025;1.5040800604164783;0.004;1.5018173916663653
2909;389038;XS2764789231;9212503.424;0.850255637;0.850255637;1428.045745;-48308.85357000001;;0.0;0.0;9212503.424;6.0;XS2764789231;Bond;9212503.424;9164194.570430001;0.0025;0.8481876813160396;0.0035;0.8473604990424555
2910;389038;XS2887901325;15374151.37;2.261424324;2.261424324;11447.4734;-214198.73934000003;;0.0;0.0;15374151.37;7.0;XS2887901325;Bond;15374151.37;15159952.63066;0.0025;2.255594618594264;0.0035;2.2532627364319695
2911;389038;XS2936118400;10036898.06;0.099045653;0.59053725;10.07895989;-26468.85170125;;0.0;0.0;10036898.06;5.0;XS2936118400;Bond;10036898.06;10010429.20829875;0.0025;0.09904507333544409;0.004;0.591892019345748
2912;389038;XS2941360963;35546119.86;2.010174027;2.010174027;21598.58774;-441828.74358;;0.0;0.0;35546119.86;7.0;XS2941360963;Bond;35546119.86;35104291.11642;0.0025;2.0050854877934743;0.0035;2.003050072110864
2913;389038;XS2972980978;20485439.86;0.027076285;0.027076285;55.56804128;-3367.4695668;;0.0;0.0;20485439.86;8.0;XS2972980978;Bond;20485439.86;20482072.3904332;0.0025;0.02701030374403138;0.0035;0.026983911241643933
2914;389038;XS2993789424;9978497.758;0.081208357;0.081208357;85.54801312;-4920.9030035999995;;0.0;0.0;9978497.758;8.0;XS2993789424;Bond;9978497.758;9973576.8549964;0.0025;0.08101051310084523;0.0035;0.08093137554118332
2915;389038;XS2997385583;16956318.15;0.097459988;0.097459988;177.1645997;-10034.423891999999;;0.0;0.0;16956318.15;8.0;XS2997385583;Bond;16956318.15;16946283.726108;0.0025;0.09722252676944985;0.0035;0.09712754227722979
2916;389038;XS3000450224;19599793.4;0.846687315;0.846687315;3026.302075;-108899.674;;0.0;0.0;19599793.4;8.0;XS3000450224;Bond;19599793.4;19490893.726;0.0025;0.8446193936573444;0.004;0.843378640851751
2917;389038;XS3002412719;0.0;0.369584059;0.369584059;0.0;0.0;;0.0;0.0;0.0;8.0;XS3002412719;Bond;0.0;0.0;0.0025;;0.004;
2918;389038;XS3002547134;21954711.0;2.224789247;2.224789247;15776.83584;-296268.06498;;0.0;0.0;21954711.0;6.0;XS3002547134;Bond;21954711.0;21658442.93502;0.0025;2.2191982594296285;0.0035;2.2169618644014797
2919;389038;XS3011742767;24746371.96;0.387155057;0.387155057;1304.708092;-58170.92368200001;;0.0;0.0;24746371.96;8.0;XS3011742767;Bond;24746371.96;24688201.036318;0.0025;0.3862116994197411;0.0035;0.3858343563876375
2920;389038;XS3017362073;34992639.56;0.008125645;0.008125645;27.95620957;-1725.6644166;;0.0;0.0;34992639.56;8.0;XS3017362073;Bond;34992639.56;34990913.895583406;0.0025;0.008105837143874108;0.0035;0.008097914001423751
2921;389038;XS3023971479;16020173.34;0.192313824;0.192313824;359.6724425;-18697.517381999998;;0.0;0.0;16020173.34;8.0;XS3023971479;Bond;16020173.34;16001475.822618;0.0025;0.19184500500725774;0.0035;0.19165747741016081
2922;389038;XS3041247175;24844528.46;0.238285094;0.238285094;718.1577555;-38934.4391215;;0.0;0.0;24844528.46;8.0;XS3041247175;Bond;24844528.46;24805594.0208785;0.0025;0.23770439163785814;0.004;0.23735597022057303
2923;389043;CSH_EUR_DB;1036279.81;0.0;0.0;0.0;0.0;;0.0;0.0;1036279.81;;;Cash;1036279.81;1036279.81;0.0;0.0;0.0;0.0
2924;389043;CSH_USD_DB;124.3103129;0.0;0.0;0.0;-3.1077578225000004;;0.0;1.243103129;124.3103129;;;Cash;124.3103129;121.2025550775;0.0;0.0;0.0;0.0
2925;389043;FR001400NNP3;798529169.7;2.078056894;1.992129889;-1268469.932;-7466521.010974001;;-5930.191922;249446.5423;996449704.0;;FR001400NNP3;Fund Unit;798529169.7;791062648.689026;0.0025;2.128565393812386;0.002;2.031837210929801
2926;389059;182704;2200191.157;0.0;0.0;0.0;-341029.629335;;22001.91157;22001.91157;2200191.157;;IE0001827041;Equity;2200191.157;1859161.5276650002;0.0;0.0;0.0;0.0
2927;389059;2000019;7006084.077;0.0;0.0;0.0;-875760.509625;;70060.84077;70060.84077;7006084.077;;US0231351067;Equity;7006084.077;6130323.567375;0.0;0.0;0.0;0.0
2928;389059;2007849;1026353.768;0.0;0.0;0.0;-128294.22099999999;;10263.53768;10263.53768;1026353.768;;US0079031078;Equity;1026353.768;898059.547;0.0;0.0;0.0;0.0
2929;389059;2009834;7204517.923;0.0;0.0;0.0;-900564.7403749999;;72045.17923;72045.17923;7204517.923;;CA0084741085;Equity;7204517.923;6303953.182625;0.0;0.0;0.0;0.0
2930;389059;2020459;1372003.564;0.0;0.0;0.0;-171500.44550000003;;13720.03564;13720.03564;1372003.564;;US4385161066;Equity;1372003.564;1200503.1184999999;0.0;0.0;0.0;0.0
2931;389059;2023607;498964.5436;0.0;0.0;0.0;-62370.567950000004;;4989.645436;4989.645436;498964.5436;;US0311621009;Equity;498964.5436;436593.97565;0.0;0.0;0.0;0.0
2932;389059;2023748;2723779.485;0.0;0.0;0.0;-340472.435625;;27237.79485;27237.79485;2723779.485;;US42809H1077;Equity;2723779.485;2383307.049375;0.0;0.0;0.0;0.0
2933;389059;2041364;1917227.986;0.0;0.0;0.0;-239653.49824999998;;19172.27986;19172.27986;1917227.986;;US91913Y1001;Equity;1917227.986;1677574.48775;0.0;0.0;0.0;0.0
2934;389059;2045247;829675.2453;0.0;0.0;0.0;-103709.4056625;;8296.752453;8296.752453;829675.2453;;US0383361039;Equity;829675.2453;725965.8396375;0.0;0.0;0.0;0.0
2935;389059;2046251;8871422.264;0.0;0.0;0.0;-1108927.783;;88714.22264;88714.22264;8871422.264;;US0378331005;Equity;8871422.264;7762494.481000001;0.0;0.0;0.0;0.0
2936;389059;2073390;2728474.097;0.0;0.0;0.0;-341059.262125;;27284.74097;27284.74097;2728474.097;;US0846707026;Equity;2728474.097;2387414.834875;0.0;0.0;0.0;0.0
2937;389059;2089212;4789546.103;0.0;0.0;0.0;-598693.2628749999;;47895.46103;47895.46103;4789546.103;;US0311001004;Equity;4789546.103;4190852.840125;0.0;0.0;0.0;0.0
2938;389059;2094670;1383339.196;0.0;0.0;0.0;-172917.39950000003;;13833.39196;13833.39196;1383339.196;;US0865161014;Equity;1383339.196;1210421.7965;0.0;0.0;0.0;0.0
2939;389059;2113434;3390528.05;0.0;0.0;0.0;-423816.0062500001;;33905.2805;33905.2805;3390528.05;;US1011371077;Equity;3390528.05;2966712.0437499997;0.0;0.0;0.0;0.0
2940;389059;2124533;2067188.345;0.0;0.0;0.0;-258398.543125;;20671.88345;20671.88345;2067188.345;;CA8787422044;Equity;2067188.345;1808789.801875;0.0;0.0;0.0;0.0
2941;389059;2131179;2562843.344;0.0;0.0;0.0;-320355.418;;25628.43344;25628.43344;2562843.344;;US0534841012;Equity;2562843.344;2242487.926;0.0;0.0;0.0;0.0
2942;389059;2134781;6030290.502;0.0;0.0;0.0;-753786.3127499999;;60302.90502;60302.90502;6030290.502;;US9113631090;Equity;6030290.502;5276504.189250001;0.0;0.0;0.0;0.0
2943;389059;2138158;916145.6027;0.0;0.0;0.0;-114518.2003375;;9161.456027;9161.456027;916145.6027;;US8168511090;Equity;916145.6027;801627.4023625001;0.0;0.0;0.0;0.0
2944;389059;2150204;3202075.023;0.0;0.0;0.0;-400259.37787500006;;32020.75023;32020.75023;3202075.023;;US74762E1029;Equity;3202075.023;2801815.645125;0.0;0.0;0.0;0.0
2945;389059;2170473;306489.613;0.0;0.0;0.0;-38311.201625;;3064.89613;3064.89613;306489.613;;US21036P1084;Equity;306489.613;268178.411375;0.0;0.0;0.0;0.0
2946;389059;2190385;4152750.509;0.0;0.0;0.0;-519093.81362500007;;41527.50509;41527.50509;4152750.509;;US46625H1005;Equity;4152750.509;3633656.695375;0.0;0.0;0.0;0.0
2947;389059;2250870;1325610.998;0.0;0.0;0.0;-165701.37475000002;;13256.10998;13256.10998;1325610.998;;US2358511028;Equity;1325610.998;1159909.62325;0.0;0.0;0.0;0.0
2948;389059;2262314;1499903.99;0.0;0.0;0.0;-187487.99875;;14999.0399;14999.0399;1499903.99;;US6174464486;Equity;1499903.99;1312415.99125;0.0;0.0;0.0;0.0
2949;389059;2270726;589806.0544;0.0;0.0;0.0;-73725.7568;;5898.060544;5898.060544;589806.0544;;US2546871060;Equity;589806.0544;516080.29760000005;0.0;0.0;0.0;0.0
2950;389059;2289874;4620842.437;0.0;0.0;0.0;-577605.3046250001;;46208.42437;46208.42437;4620842.437;;US2371941053;Equity;4620842.437;4043237.132375;0.0;0.0;0.0;0.0
2951;389059;2295677;2813510.618;0.0;0.0;0.0;-351688.82725000003;;28135.10618;28135.10618;2813510.618;;US0605051046;Equity;2813510.618;2461821.7907499997;0.0;0.0;0.0;0.0
2952;389059;2297907;696953.2957;0.0;0.0;0.0;-87119.16196250002;;6969.532957;6969.532957;696953.2957;;US1729674242;Equity;696953.2957;609834.1337375001;0.0;0.0;0.0;0.0
2953;389059;2302232;2529879.513;0.0;0.0;0.0;-316234.939125;;25298.79513;25298.79513;2529879.513;;US1273871087;Equity;2529879.513;2213644.573875;0.0;0.0;0.0;0.0
2954;389059;2304227;1313131.272;0.0;0.0;0.0;-164141.409;;13131.31272;13131.31272;1313131.272;;US2788651006;Equity;1313131.272;1148989.8630000001;0.0;0.0;0.0;0.0
2955;389059;2317087;3360005.508;0.0;0.0;0.0;-420000.68850000005;;33600.05508;33600.05508;3360005.508;;US29364G1031;Equity;3360005.508;2940004.8194999998;0.0;0.0;0.0;0.0
2956;389059;2328915;1198409.822;0.0;0.0;0.0;-149801.22775000002;;11984.09822;11984.09822;1198409.822;;US65339F1012;Equity;1198409.822;1048608.5942499998;0.0;0.0;0.0;0.0
2957;389059;2330299;831425.5879;0.0;0.0;0.0;-103928.19848750002;;8314.255879;8314.255879;831425.5879;;US3032501047;Equity;831425.5879;727497.3894125;0.0;0.0;0.0;0.0
2958;389059;2336747;1832732.457;0.0;0.0;0.0;-229091.557125;;18327.32457;18327.32457;1832732.457;;US3167731005;Equity;1832732.457;1603640.899875;0.0;0.0;0.0;0.0
2959;389059;237400;1136083.951;0.0;0.0;0.0;-176093.012405;;11360.83951;11360.83951;1136083.951;;GB0002374006;Equity;1136083.951;959990.938595;0.0;0.0;0.0;0.0
2960;389059;2379504;8957854.823;0.0;0.0;0.0;-1119731.8528749999;;89578.54823;89578.54823;8957854.823;;US67066G1040;Equity;8957854.823;7838122.970125001;0.0;0.0;0.0;0.0
2961;389059;2405302;820074.3288;0.0;0.0;0.0;-102509.29109999999;;8200.743288;8200.743288;820074.3288;;US4062161017;Equity;820074.3288;717565.0377;0.0;0.0;0.0;0.0
2962;389059;2414580;480330.1426;0.0;0.0;0.0;-60041.267825;;4803.301426;4803.301426;480330.1426;;US4180561072;Equity;480330.1426;420288.87477500003;0.0;0.0;0.0;0.0
2963;389059;2419217;1323087.678;0.0;0.0;0.0;-165385.95975;;13230.87678;13230.87678;1323087.678;;US4228061093;Equity;1323087.678;1157701.7182500002;0.0;0.0;0.0;0.0
2964;389059;2433530;1254728.143;0.0;0.0;0.0;-156841.017875;;12547.28143;12547.28143;1254728.143;;US4364401012;Equity;1254728.143;1097887.125125;0.0;0.0;0.0;0.0
2965;389059;2437071;649245.9637;0.0;0.0;0.0;-81155.74546250001;;6492.459637;6492.459637;649245.9637;;US09061G1013;Equity;649245.9637;568090.2182374999;0.0;0.0;0.0;0.0
2966;389059;2437264;320055.1379;0.0;0.0;0.0;-40006.892237500004;;3200.551379;3200.551379;320055.1379;;US4404521001;Equity;320055.1379;280048.2456625;0.0;0.0;0.0;0.0
2967;389059;2471950;333131.5034;0.0;0.0;0.0;-41641.437925000006;;3331.315034;3331.315034;333131.5034;;US45337C1027;Equity;333131.5034;291490.06547499995;0.0;0.0;0.0;0.0
2968;389059;2516152;3757959.313;0.0;0.0;0.0;-469744.91412500007;;37579.59313;37579.59313;3757959.313;;US5324571083;Equity;3757959.313;3288214.398875;0.0;0.0;0.0;0.0
2969;389059;2550161;1740534.179;0.0;0.0;0.0;-217566.772375;;17405.34179;17405.34179;1740534.179;;US5797802064;Equity;1740534.179;1522967.406625;0.0;0.0;0.0;0.0
2970;389059;2573209;1642221.126;0.0;0.0;0.0;-205277.64075000002;;16422.21126;16422.21126;1642221.126;;US59156R1086;Equity;1642221.126;1436943.48525;0.0;0.0;0.0;0.0
2971;389059;2588173;11497317.87;0.0;0.0;0.0;-1437164.7337500001;;114973.1787;114973.1787;11497317.87;;US5949181045;Equity;11497317.87;10060153.136249999;0.0;0.0;0.0;0.0
2972;389059;2588184;6597912.757;0.0;0.0;0.0;-824739.094625;;65979.12757;65979.12757;6597912.757;;US5951121038;Equity;6597912.757;5773173.662375;0.0;0.0;0.0;0.0
2973;389059;2613990;275361.6552;0.0;0.0;0.0;-34420.206900000005;;2753.616552;2753.616552;275361.6552;;US4523271090;Equity;275361.6552;240941.4483;0.0;0.0;0.0;0.0
2974;389059;2649100;449468.404;0.0;0.0;0.0;-56183.5505;;4494.68404;4494.68404;449468.404;;US9497461015;Equity;449468.404;393284.85349999997;0.0;0.0;0.0;0.0
2975;389059;2692665;1667390.474;0.0;0.0;0.0;-208423.80925000005;;16673.90474;16673.90474;1667390.474;;US6934751057;Equity;1667390.474;1458966.66475;0.0;0.0;0.0;0.0
2976;389059;2701271;927218.1263;0.0;0.0;0.0;-115902.26578750001;;9272.181263;9272.181263;927218.1263;;US22160K1051;Equity;927218.1263;811315.8605124999;0.0;0.0;0.0;0.0
2977;389059;2704407;1448617.33;0.0;0.0;0.0;-181077.16625;;14486.1733;14486.1733;1448617.33;;US7427181091;Equity;1448617.33;1267540.16375;0.0;0.0;0.0;0.0
2978;389059;2719951;410217.0339;0.0;0.0;0.0;-51277.129237500005;;4102.170339;4102.170339;410217.0339;;US30063P1057;Equity;410217.0339;358939.90466249996;0.0;0.0;0.0;0.0
2979;389059;2730190;1659848.371;0.0;0.0;0.0;-207481.046375;;16598.48371;16598.48371;1659848.371;;US75886F1075;Equity;1659848.371;1452367.3246250001;0.0;0.0;0.0;0.0
2980;389059;2731654;611345.6767;0.0;0.0;0.0;-76418.20958750001;;6113.456767;6113.456767;611345.6767;;US7599161095;Equity;611345.6767;534927.4671125;0.0;0.0;0.0;0.0
2981;389059;2740542;585609.9426;0.0;0.0;0.0;-73201.242825;;5856.099426;5856.099426;585609.9426;;BMG0450A1053;Equity;585609.9426;512408.699775;0.0;0.0;0.0;0.0
2982;389059;2749602;1678354.471;0.0;0.0;0.0;-209794.308875;;16783.54471;16783.54471;1678354.471;;US7766961061;Equity;1678354.471;1468560.1621249998;0.0;0.0;0.0;0.0
2983;389059;2754907;323888.4651;0.0;0.0;0.0;-40486.058137500004;;3238.884651;3238.884651;323888.4651;;LR0008862868;Equity;323888.4651;283402.40696249995;0.0;0.0;0.0;0.0
2984;389059;2778844;2925634.216;0.0;0.0;0.0;-365704.27700000006;;29256.34216;29256.34216;2925634.216;;US58933Y1055;Equity;2925634.216;2559929.939;0.0;0.0;0.0;0.0
2985;389059;2797560;4485839.474;0.0;0.0;0.0;-560729.93425;;44858.39474;44858.39474;4485839.474;;US8175651046;Equity;4485839.474;3925109.5397500005;0.0;0.0;0.0;0.0
2986;389059;2831811;1389783.188;0.0;0.0;0.0;-173722.8985;;13897.83188;13897.83188;1389783.188;;US00206R1023;Equity;1389783.188;1216060.2895;0.0;0.0;0.0;0.0
2987;389059;2849472;3900847.102;0.0;0.0;0.0;-487605.88775;;39008.47102;39008.47102;3900847.102;;US8581191009;Equity;3900847.102;3413241.21425;0.0;0.0;0.0;0.0
2988;389059;2886907;1400853.175;0.0;0.0;0.0;-175106.646875;;14008.53175;14008.53175;1400853.175;;US8835561023;Equity;1400853.175;1225746.528125;0.0;0.0;0.0;0.0
2989;389059;2909730;1240579.346;0.0;0.0;0.0;-155072.41825000002;;12405.79346;12405.79346;1240579.346;;US9024941034;Equity;1240579.346;1085506.9277499998;0.0;0.0;0.0;0.0
2990;389059;2917766;2318619.237;0.0;0.0;0.0;-289827.4046250001;;23186.19237;23186.19237;2318619.237;;US91324P1021;Equity;2318619.237;2028791.8323750002;0.0;0.0;0.0;0.0
2991;389059;2931034;2887735.493;0.0;0.0;0.0;-360966.93662500003;;28877.35493;28877.35493;2887735.493;;US92532F1003;Equity;2887735.493;2526768.5563749997;0.0;0.0;0.0;0.0
2992;389059;2931205;1158940.752;0.0;0.0;0.0;-144867.59400000004;;11589.40752;11589.40752;1158940.752;;US9291601097;Equity;1158940.752;1014073.158;0.0;0.0;0.0;0.0
2993;389059;2936921;2325272.811;0.0;0.0;0.0;-290659.101375;;23252.72811;23252.72811;2325272.811;;US9311421039;Equity;2325272.811;2034613.7096250001;0.0;0.0;0.0;0.0
2994;389059;2945143;2780750.741;0.0;0.0;0.0;-347593.84262499993;;27807.50741;27807.50741;2780750.741;;US9478901096;Equity;2780750.741;2433156.898375;0.0;0.0;0.0;0.0
2995;389059;2965107;5325158.508;0.0;0.0;0.0;-665644.8135;;53251.58508;53251.58508;5325158.508;;US6311031081;Equity;5325158.508;4659513.6945;0.0;0.0;0.0;0.0
2996;389059;2965839;1789147.982;0.0;0.0;0.0;-223643.49775000004;;17891.47982;17891.47982;1789147.982;;US12572Q1058;Equity;1789147.982;1565504.48425;0.0;0.0;0.0;0.0
2997;389059;2989301;1337522.311;0.0;0.0;0.0;-167190.288875;;13375.22311;13375.22311;1337522.311;;US8725401090;Equity;1337522.311;1170332.022125;0.0;0.0;0.0;0.0
2998;389059;3163836;1734183.745;0.0;0.0;0.0;-268798.480475;;17341.83745;17341.83745;1734183.745;;GB0031638363;Equity;1734183.745;1465385.264525;0.0;0.0;0.0;0.0
2999;389059;3208986;1607493.502;0.0;0.0;0.0;-249161.49281;;16074.93502;16074.93502;1607493.502;;GB0032089863;Equity;1607493.502;1358332.0091900001;0.0;0.0;0.0;0.0
3000;389059;4012250;1139460.0;0.0;0.0;0.0;-148129.8;;11394.6;0.0;1139460.0;;NL0000235190;Equity;1139460.0;991330.2;0.0;0.0;0.0;0.0
3001;389059;4031879;2228342.0;0.0;0.0;0.0;-289684.45999999996;;22283.42;0.0;2228342.0;;FR0000124141;Equity;2228342.0;1938657.54;0.0;0.0;0.0;0.0
3002;389059;4056719;3703268.22;0.0;0.0;0.0;-481424.8686000001;;37032.6822;0.0;3703268.22;;IT0000062072;Equity;3703268.22;3221843.3514;0.0;0.0;0.0;0.0
3003;389059;4057808;1150261.75;0.0;0.0;0.0;-149534.0275;;11502.6175;0.0;1150261.75;;FR0000120321;Equity;1150261.75;1000727.7225;0.0;0.0;0.0;0.0
3004;389059;4061412;989041.0;0.0;0.0;0.0;-128575.33;;9890.41;0.0;989041.0;;FR0000121014;Equity;989041.0;860465.67;0.0;0.0;0.0;0.0
3005;389059;4076836;662760.0;0.0;0.0;0.0;-86158.8;;6627.6;0.0;662760.0;;IT0000072618;Equity;662760.0;576601.2;0.0;0.0;0.0;0.0
3006;389059;4162791;2738931.2;0.0;0.0;0.0;-356061.05600000004;;27389.312;0.0;2738931.2;;FR0000121329;Equity;2738931.2;2382870.1440000003;0.0;0.0;0.0;0.0
3007;389059;4352097;590550.0;0.0;0.0;0.0;-76771.5;;5905.5;0.0;590550.0;;DE0005785604;Equity;590550.0;513778.5;0.0;0.0;0.0;0.0
3008;389059;4380429;1960324.0;0.0;0.0;0.0;-254842.12000000002;;19603.24;0.0;1960324.0;;FR0000130577;Equity;1960324.0;1705481.88;0.0;0.0;0.0;0.0
3009;389059;4490005;618564.485;0.0;0.0;0.0;-80413.38304999999;;6185.64485;0.0;618564.485;;FI0009000202;Equity;618564.485;538151.10195;0.0;0.0;0.0;0.0
3010;389059;4497749;1011192.0;0.0;0.0;0.0;-131454.96;;10111.92;0.0;1011192.0;;BE0003565737;Equity;1011192.0;879737.04;0.0;0.0;0.0;0.0
3011;389059;454492;684687.7893;0.0;0.0;0.0;-106126.6073415;;6846.877893;6846.877893;684687.7893;;GB0004544929;Equity;684687.7893;578561.1819585;0.0;0.0;0.0;0.0
3012;389059;4557104;1785390.1;0.0;0.0;0.0;-232100.71300000005;;17853.901;0.0;1785390.1;;DE0006602006;Equity;1785390.1;1553289.387;0.0;0.0;0.0;0.0
3013;389059;4635088;1190782.08;0.0;0.0;0.0;-154801.6704;;11907.8208;0.0;1190782.08;;AT0000720008;Equity;1190782.08;1035980.4096000001;0.0;0.0;0.0;0.0
3014;389059;4732495;1165431.371;0.0;0.0;0.0;-151506.07823;;11654.31371;11654.31371;1165431.371;;NO0010063308;Equity;1165431.371;1013925.2927700001;0.0;0.0;0.0;0.0
3015;389059;4741714;375318.0;0.0;0.0;0.0;-48791.34;;3753.18;0.0;375318.0;;FR0000130395;Equity;375318.0;326526.66000000003;0.0;0.0;0.0;0.0
3016;389059;4741844;430440.0;0.0;0.0;0.0;-55957.2;;4304.4;0.0;430440.0;;DE0006599905;Equity;430440.0;374482.8;0.0;0.0;0.0;0.0
3017;389059;4813345;1393745.959;0.0;0.0;0.0;-181186.97467000003;;13937.45959;13937.45959;1393745.959;;SE0000148884;Equity;1393745.959;1212558.98433;0.0;0.0;0.0;0.0
3018;389059;4834108;1457757.75;0.0;0.0;0.0;-189508.5075;;14577.5775;0.0;1457757.75;;FR0000121972;Equity;1457757.75;1268249.2425;0.0;0.0;0.0;0.0
3019;389059;5051605;1268160.0;0.0;0.0;0.0;-164860.80000000002;;12681.6;0.0;1268160.0;;GRS260333000;Equity;1268160.0;1103299.2;0.0;0.0;0.0;0.0
3020;389059;5076705;1811428.96;0.0;0.0;0.0;-235485.7648;;18114.2896;0.0;1811428.96;;DE0006048432;Equity;1811428.96;1575943.1952;0.0;0.0;0.0;0.0
3021;389059;5176177;3016682.525;0.0;0.0;0.0;-392168.72825000004;;30166.82525;0.0;3016682.525;;FR0000133308;Equity;3016682.525;2624513.7967499997;0.0;0.0;0.0;0.0
3022;389059;5231485;1870355.2;0.0;0.0;0.0;-243146.176;;18703.552;0.0;1870355.2;;DE0008404005;Equity;1870355.2;1627209.024;0.0;0.0;0.0;0.0
3023;389059;5258246;441846.058;0.0;0.0;0.0;-57439.98754;;4418.46058;4418.46058;441846.058;;LU0075646355;Equity;441846.058;384406.07046;0.0;0.0;0.0;0.0
3024;389059;5271782;1368913.0;0.0;0.0;0.0;-177958.69;;13689.13;0.0;1368913.0;;ES0130670112;Equity;1368913.0;1190954.31;0.0;0.0;0.0;0.0
3025;389059;5334588;817780.0;0.0;0.0;0.0;-106311.40000000001;;8177.8;0.0;817780.0;;DE0007030009;Equity;817780.0;711468.6;0.0;0.0;0.0;0.0
3026;389059;540528;2213963.135;0.0;0.0;0.0;-343164.285925;;22139.63135;22139.63135;2213963.135;;GB0005405286;Equity;2213963.135;1870798.8490749998;0.0;0.0;0.0;0.0
3027;389059;5474008;954055.38;0.0;0.0;0.0;-124027.1994;;9540.5538;0.0;954055.38;;ES0113679I37;Equity;954055.38;830028.1806;0.0;0.0;0.0;0.0
3028;389059;5641567;834063.02;0.0;0.0;0.0;-108428.1926;;8340.6302;0.0;834063.02;;FR0000120172;Equity;834063.02;725634.8274000001;0.0;0.0;0.0;0.0
3029;389059;5671519;1668481.65;0.0;0.0;0.0;-216902.61450000003;;16684.8165;0.0;1668481.65;;NL0000395903;Equity;1668481.65;1451579.0354999998;0.0;0.0;0.0;0.0
3030;389059;5671735;4126231.2;0.0;0.0;0.0;-536410.056;;41262.312;0.0;4126231.2;;FR0000120578;Equity;4126231.2;3589821.1440000003;0.0;0.0;0.0;0.0
3031;389059;5701513;1703032.24;0.0;0.0;0.0;-221394.19120000003;;17030.3224;0.0;1703032.24;;FI0009007884;Equity;1703032.24;1481638.0488;0.0;0.0;0.0;0.0
3032;389059;5705946;644384.0;0.0;0.0;0.0;-83769.92;;6443.84;0.0;644384.0;;ES0113900J37;Equity;644384.0;560614.08;0.0;0.0;0.0;0.0
3033;389059;5727973;2533052.6;0.0;0.0;0.0;-329296.83800000005;;25330.526;0.0;2533052.6;;DE0007236101;Equity;2533052.6;2203755.762;0.0;0.0;0.0;0.0
3034;389059;5738298;355040.0;0.0;0.0;0.0;-46155.200000000004;;3550.4;0.0;355040.0;;ES0176252718;Equity;355040.0;308884.8;0.0;0.0;0.0;0.0
3035;389059;5756029;762219.6;0.0;0.0;0.0;-99088.54800000001;;7622.196;0.0;762219.6;;DE0005190003;Equity;762219.6;663131.0519999999;0.0;0.0;0.0;0.0
3036;389059;5842359;4211044.76;0.0;0.0;0.0;-547435.8188;;42110.4476;0.0;4211044.76;;DE0005557508;Equity;4211044.76;3663608.9412;0.0;0.0;0.0;0.0
3037;389059;5956078;2559461.808;0.0;0.0;0.0;-332730.03504000005;;25594.61808;0.0;2559461.808;;NL0000009082;Equity;2559461.808;2226731.77296;0.0;0.0;0.0;0.0
3038;389059;5962332;560000.0;0.0;0.0;0.0;-72800.0;;5600.0;0.0;560000.0;;NL0000226223;Equity;560000.0;487200.0;0.0;0.0;0.0;0.0
3039;389059;5966516;786410.0;0.0;0.0;0.0;-102233.3;;7864.1;0.0;786410.0;;FR0000130809;Equity;786410.0;684176.7;0.0;0.0;0.0;0.0
3040;389059;5983816;2345567.331;0.0;0.0;0.0;-304923.75302999996;;23455.67331;23455.67331;2345567.331;;CH0011075394;Equity;2345567.331;2040643.5779699998;0.0;0.0;0.0;0.0
3041;389059;673123;841207.4179;0.0;0.0;0.0;-130387.1497745;;8412.074179;8412.074179;841207.4179;;GB0006731235;Equity;841207.4179;710820.2681255001;0.0;0.0;0.0;0.0
3042;389059;7021963;2740591.2;0.0;0.0;0.0;-356276.85599999997;;27405.912;0.0;2740591.2;;DE0005810055;Equity;2740591.2;2384314.344;0.0;0.0;0.0;0.0
3043;389059;7062713;770180.4;0.0;0.0;0.0;-100123.452;;7701.804;0.0;770180.4;;FR0000121220;Equity;770180.4;670056.948;0.0;0.0;0.0;0.0
3044;389059;7088429;3354831.2;0.0;0.0;0.0;-436128.05600000004;;33548.312;0.0;3354831.2;;FR0000120628;Equity;3354831.2;2918703.1440000003;0.0;0.0;0.0;0.0
3045;389059;7097328;1137745.6;0.0;0.0;0.0;-147906.928;;11377.456;0.0;1137745.6;;BE0003797140;Equity;1137745.6;989838.672;0.0;0.0;0.0;0.0
3046;389059;7103065;4248950.329;0.0;0.0;0.0;-552363.5427700001;;42489.50329;42489.50329;4248950.329;;CH0012005267;Equity;4248950.329;3696586.7862299997;0.0;0.0;0.0;0.0
3047;389059;7108899;2409933.568;0.0;0.0;0.0;-313291.36384;;24099.33568;24099.33568;2409933.568;;CH0012221716;Equity;2409933.568;2096642.20416;0.0;0.0;0.0;0.0
3048;389059;7110388;3622028.698;0.0;0.0;0.0;-470863.7307399999;;36220.28698;36220.28698;3622028.698;;CH0012032048;Equity;3622028.698;3151164.96726;0.0;0.0;0.0;0.0
3049;389059;7123870;2247646.059;0.0;0.0;0.0;-292193.98767;;22476.46059;22476.46059;2247646.059;;CH0038863350;Equity;2247646.059;1955452.07133;0.0;0.0;0.0;0.0
3050;389059;7133608;812183.286;0.0;0.0;0.0;-105583.82718000001;;8121.83286;8121.83286;812183.286;;NO0010096985;Equity;812183.286;706599.4588199999;0.0;0.0;0.0;0.0
3051;389059;7144569;2953840.491;0.0;0.0;0.0;-383999.26383;;29538.40491;0.0;2953840.491;;IT0003128367;Equity;2953840.491;2569841.22717;0.0;0.0;0.0;0.0
3052;389059;718875;1540127.19;0.0;0.0;0.0;-238719.71445000003;;15401.2719;15401.2719;1540127.19;;GB0007188757;Equity;1540127.19;1301407.4755499999;0.0;0.0;0.0;0.0
3053;389059;7212477;2166991.0;0.0;0.0;0.0;-281708.83;;21669.91;0.0;2166991.0;;FR0000121667;Equity;2166991.0;1885282.17;0.0;0.0;0.0;0.0
3054;389059;7251470;1007597.325;0.0;0.0;0.0;-130987.65225;;10075.97325;0.0;1007597.325;;IT0003153415;Equity;1007597.325;876609.6727499999;0.0;0.0;0.0;0.0
3055;389059;7309681;769100.0;0.0;0.0;0.0;-99983.0;;7691.0;0.0;769100.0;;FR0000131104;Equity;769100.0;669117.0;0.0;0.0;0.0;0.0
3056;389059;7380482;641900.0;0.0;0.0;0.0;-83447.0;;6419.0;0.0;641900.0;;FR0000125007;Equity;641900.0;558453.0;0.0;0.0;0.0;0.0
3057;389059;7383072;827318.52;0.0;0.0;0.0;-107551.40759999999;;8273.1852;0.0;827318.52;;ES0130960018;Equity;827318.52;719767.1124;0.0;0.0;0.0;0.0
3058;389059;7437805;1674549.923;0.0;0.0;0.0;-217691.48999000003;;16745.49923;16745.49923;1674549.923;;CH0014852781;Equity;1674549.923;1456858.4330099998;0.0;0.0;0.0;0.0
3059;389059;7582556;1614364.12;0.0;0.0;0.0;-209867.33560000002;;16143.6412;0.0;1614364.12;;FR0000121964;Equity;1614364.12;1404496.7844;0.0;0.0;0.0;0.0
3060;389059;7792559;985819.64;0.0;0.0;0.0;-128156.55320000001;;9858.1964;0.0;985819.64;;NL0000009165;Equity;985819.64;857663.0868;0.0;0.0;0.0;0.0
3061;389059;790873;1261348.598;0.0;0.0;0.0;-195509.03269;;12613.48598;12613.48598;1261348.598;;GB0007908733;Equity;1261348.598;1065839.56531;0.0;0.0;0.0;0.0
3062;389059;B00FWN1;613181.8737;0.0;0.0;0.0;-76647.7342125;;6131.818737;6131.818737;613181.8737;;US02043Q1076;Equity;613181.8737;536534.1394875;0.0;0.0;0.0;0.0
3063;389059;B012877;1625360.159;0.0;0.0;0.0;-211296.82067;;16253.60159;16253.60159;1625360.159;;CH0018294154;Equity;1625360.159;1414063.33833;0.0;0.0;0.0;0.0
3064;389059;B019KW7;779699.2826;0.0;0.0;0.0;-120853.388803;;7796.992826;7796.992826;779699.2826;;GB00B019KW72;Equity;779699.2826;658845.893797;0.0;0.0;0.0;0.0
3065;389059;B01FLQ6;2588020.5;0.0;0.0;0.0;-336442.66500000004;;25880.205;0.0;2588020.5;;ES0167050915;Equity;2588020.5;2251577.835;0.0;0.0;0.0;0.0
3066;389059;B01R311;2675835.66;0.0;0.0;0.0;-334479.4575;;26758.3566;26758.3566;2675835.66;;US7591EP1005;Equity;2675835.66;2341356.2025;0.0;0.0;0.0;0.0
3067;389059;B01Z7J1;1604851.157;0.0;0.0;0.0;-200606.394625;;16048.51157;16048.51157;1604851.157;;US6098391054;Equity;1604851.157;1404244.762375;0.0;0.0;0.0;0.0
3068;389059;B02L486;751002.4055;0.0;0.0;0.0;-97630.31271500001;;7510.024055;7510.024055;751002.4055;;NO0003054108;Equity;751002.4055;653372.092785;0.0;0.0;0.0;0.0
3069;389059;B058TZ6;726000.0;0.0;0.0;0.0;-94380.0;;7260.0;0.0;726000.0;;FR0000073272;Equity;726000.0;631620.0;0.0;0.0;0.0;0.0
3070;389059;B07DRZ5;1171415.4;0.0;0.0;0.0;-152284.002;;11714.154;0.0;1171415.4;;IT0003828271;Equity;1171415.4;1019131.3979999999;0.0;0.0;0.0;0.0
3071;389059;B09DHL9;512480.0;0.0;0.0;0.0;-66622.40000000001;;5124.8;0.0;512480.0;;DE000A0D9PT0;Equity;512480.0;445857.6;0.0;0.0;0.0;0.0
3072;389059;B0R7JF1;735436.8;0.0;0.0;0.0;-95606.784;;7354.368;0.0;735436.8;;FR0010259150;Equity;735436.8;639830.0160000001;0.0;0.0;0.0;0.0
3073;389059;B0X7DZ3;634527.5967;0.0;0.0;0.0;-79315.9495875;;6345.275967;6345.275967;634527.5967;;US1696561059;Equity;634527.5967;555211.6471125;0.0;0.0;0.0;0.0
3074;389059;B13X013;1722006.0;0.0;0.0;0.0;-223860.78000000003;;17220.06;0.0;1722006.0;;FR0000130452;Equity;1722006.0;1498145.22;0.0;0.0;0.0;0.0
3075;389059;B142S60;767191.7631;0.0;0.0;0.0;-99734.929203;;7671.917631;7671.917631;767191.7631;;CH0025238863;Equity;767191.7631;667456.833897;0.0;0.0;0.0;0.0
3076;389059;B15C557;1954521.26;0.0;0.0;0.0;-254087.7638;;19545.2126;0.0;1954521.26;;FR0000120271;Equity;1954521.26;1700433.4962;0.0;0.0;0.0;0.0
3077;389059;B19NLV4;1509181.703;0.0;0.0;0.0;-233923.16396499999;;15091.81703;15091.81703;1509181.703;;GB00B19NLV48;Equity;1509181.703;1275258.539035;0.0;0.0;0.0;0.0
3078;389059;B1VQF42;2305001.179;0.0;0.0;0.0;-299650.15327;;23050.01179;23050.01179;2305001.179;;NO0003733800;Equity;2305001.179;2005351.0257299999;0.0;0.0;0.0;0.0
3079;389059;B1WY233;1821450.43;0.0;0.0;0.0;-282324.81665000005;;18214.5043;18214.5043;1821450.43;;GB00B1WY2338;Equity;1821450.43;1539125.6133499998;0.0;0.0;0.0;0.0
3080;389059;B1XH026;2142594.9;0.0;0.0;0.0;-278537.337;;21425.949;0.0;2142594.9;;FR0000125486;Equity;2142594.9;1864057.5629999998;0.0;0.0;0.0;0.0
3081;389059;B1Y9TB3;2279489.52;0.0;0.0;0.0;-296333.6376;;22794.8952;0.0;2279489.52;;FR0000120644;Equity;2279489.52;1983155.8824;0.0;0.0;0.0;0.0
3082;389059;B1YXBJ7;1972076.4;0.0;0.0;0.0;-256369.93200000003;;19720.764;0.0;1972076.4;;FR0000120073;Equity;1972076.4;1715706.4679999999;0.0;0.0;0.0;0.0
3083;389059;B23FN39;506269.1353;0.0;0.0;0.0;-63283.64191250001;;5062.691353;5062.691353;506269.1353;;US5500211090;Equity;506269.1353;442985.4933875;0.0;0.0;0.0;0.0
3084;389059;B24CGK7;1617099.683;0.0;0.0;0.0;-250650.45086500002;;16170.99683;16170.99683;1617099.683;;GB00B24CGK77;Equity;1617099.683;1366449.232135;0.0;0.0;0.0;0.0
3085;389059;B283W97;2720466.888;0.0;0.0;0.0;-353660.69544000004;;27204.66888;0.0;2720466.888;;ES0140609019;Equity;2720466.888;2366806.19256;0.0;0.0;0.0;0.0
3086;389059;B288C92;4053192.12;0.0;0.0;0.0;-526914.9756;;40531.9212;0.0;4053192.12;;ES0144580Y14;Equity;4053192.12;3526277.1444;0.0;0.0;0.0;0.0
3087;389059;B28DTJ6;1083848.48;0.0;0.0;0.0;-140900.30240000002;;10838.4848;0.0;1083848.48;;FR0006174348;Equity;1083848.48;942948.1775999999;0.0;0.0;0.0;0.0
3088;389059;B2PZN04;2710046.64;0.0;0.0;0.0;-338755.8300000001;;27100.4664;27100.4664;2710046.64;;US92826C8394;Equity;2710046.64;2371290.81;0.0;0.0;0.0;0.0
3089;389059;B39J2M4;1340175.299;0.0;0.0;0.0;-207727.17134500004;;13401.75299;13401.75299;1340175.299;;GB00B39J2M42;Equity;1340175.299;1132448.127655;0.0;0.0;0.0;0.0
3090;389059;B3Z5T14;692677.2635;0.0;0.0;0.0;-107364.9758425;;6926.772635;6926.772635;692677.2635;;CH0114405324;Equity;692677.2635;585312.2876575;0.0;0.0;0.0;0.0
3091;389059;B4Q5ZN4;1001980.837;0.0;0.0;0.0;-155307.02973500002;;10019.80837;10019.80837;1001980.837;;IE00B4Q5ZN47;Equity;1001980.837;846673.8072650001;0.0;0.0;0.0;0.0
3092;389059;B4YVF56;855438.8;0.0;0.0;0.0;-111207.04400000002;;8554.388;0.0;855438.8;;DE000A1DAHH0;Equity;855438.8;744231.756;0.0;0.0;0.0;0.0
3093;389059;B545MG5;2090442.054;0.0;0.0;0.0;-271757.46702000004;;20904.42054;20904.42054;2090442.054;;CH0126881561;Equity;2090442.054;1818684.58698;0.0;0.0;0.0;0.0
3094;389059;B58YSC6;3192033.762;0.0;0.0;0.0;-399004.22025;;31920.33762;31920.33762;3192033.762;;US78467J1007;Equity;3192033.762;2793029.54175;0.0;0.0;0.0;0.0
3095;389059;B5BKPQ4;5236129.782;0.0;0.0;0.0;-654516.22275;;52361.29782;52361.29782;5236129.782;;US6200763075;Equity;5236129.782;4581613.55925;0.0;0.0;0.0;0.0
3096;389059;B616C79;1239419.145;0.0;0.0;0.0;-154927.393125;;12394.19145;12394.19145;1239419.145;;US88160R1014;Equity;1239419.145;1084491.751875;0.0;0.0;0.0;0.0
3097;389059;B6Z1355;1696561.1;0.0;0.0;0.0;-212070.1375;;16965.611;16965.611;1696561.1;;US9837931008;Equity;1696561.1;1484490.9625000001;0.0;0.0;0.0;0.0
3098;389059;B71QPM2;1258558.18;0.0;0.0;0.0;-163612.56339999998;;12585.5818;12585.5818;1258558.18;;CH0126673539;Equity;1258558.18;1094945.6165999998;0.0;0.0;0.0;0.0
3099;389059;B7TL820;4083394.816;0.0;0.0;0.0;-510424.352;;40833.94816;40833.94816;4083394.816;;US30303M1027;Equity;4083394.816;3572970.464;0.0;0.0;0.0;0.0
3100;389059;B86S2N0;1542715.2;0.0;0.0;0.0;-200552.97600000002;;15427.152;0.0;1542715.2;;BE0974264930;Equity;1542715.2;1342162.224;0.0;0.0;0.0;0.0
3101;389059;B87ZMX0;3507266.506;0.0;0.0;0.0;-438408.31325;;35072.66506;35072.66506;3507266.506;;US6974351057;Equity;3507266.506;3068858.19275;0.0;0.0;0.0;0.0
3102;389059;B92SR70;1069130.013;0.0;0.0;0.0;-133641.251625;;10691.30013;10691.30013;1069130.013;;US00287Y1091;Equity;1069130.013;935488.761375;0.0;0.0;0.0;0.0
3103;389059;B94Q9V0;1166887.113;0.0;0.0;0.0;-145860.889125;;11668.87113;11668.87113;1166887.113;;US8725901040;Equity;1166887.113;1021026.2238749999;0.0;0.0;0.0;0.0
3104;389059;B97C733;990461.4857;0.0;0.0;0.0;-128759.99314100001;;9904.614857;9904.614857;990461.4857;;SE0005190238;Equity;990461.4857;861701.4925589999;0.0;0.0;0.0;0.0
3105;389059;BBJPFY1;624000.0;0.0;0.0;0.0;-81120.0;;6240.0;0.0;624000.0;;DE000A1ML7J1;Equity;624000.0;542880.0;0.0;0.0;0.0;0.0
3106;389059;BD0Q398;2080995.84;0.0;0.0;0.0;-270529.45920000004;;20809.9584;0.0;2080995.84;;NL0011794037;Equity;2080995.84;1810466.3808;0.0;0.0;0.0;0.0
3107;389059;BD6G507;1861773.4;0.0;0.0;0.0;-242030.54200000002;;18617.734;0.0;1861773.4;;NL0011585146;Equity;1861773.4;1619742.858;0.0;0.0;0.0;0.0
3108;389059;BD6K457;1812559.144;0.0;0.0;0.0;-280946.66732;;18125.59144;18125.59144;1812559.144;;GB00BD6K4575;Equity;1812559.144;1531612.47668;0.0;0.0;0.0;0.0
3109;389059;BDHLTQ5;371186.6784;0.0;0.0;0.0;-46398.334800000004;;3711.866784;3711.866784;371186.6784;;US05722G1004;Equity;371186.6784;324788.34359999996;0.0;0.0;0.0;0.0
3110;389059;BDJ0LS6;1020869.904;0.0;0.0;0.0;-127608.738;;10208.69904;10208.69904;1020869.904;;US4622221004;Equity;1020869.904;893261.166;0.0;0.0;0.0;0.0
3111;389059;BDQZFJ3;589645.436;0.0;0.0;0.0;-73705.6795;;5896.45436;5896.45436;589645.436;;US5132721045;Equity;589645.436;515939.7565;0.0;0.0;0.0;0.0
3112;389059;BDZ78H9;11628340.55;0.0;0.0;0.0;-1453542.56875;;116283.4055;116283.4055;11628340.55;;US11135F1012;Equity;11628340.55;10174797.981250001;0.0;0.0;0.0;0.0
3113;389059;BF0LKD0;402610.6277;0.0;0.0;0.0;-50326.32846250001;;4026.106277;4026.106277;402610.6277;;US4990491049;Equity;402610.6277;352284.2992375;0.0;0.0;0.0;0.0
3114;389059;BF2FJ99;209466.7654;0.0;0.0;0.0;-26183.345675;;2094.667654;2094.667654;209466.7654;;US60937P1066;Equity;209466.7654;183283.419725;0.0;0.0;0.0;0.0
3115;389059;BFH3N85;717276.7543;0.0;0.0;0.0;-89659.5942875;;7172.767543;7172.767543;717276.7543;;US9224751084;Equity;717276.7543;627617.1600125;0.0;0.0;0.0;0.0
3116;389059;BJYRDP5;1511311.6;0.0;0.0;0.0;-196470.508;;15113.116;0.0;1511311.6;;FR0011726835;Equity;1511311.6;1314841.0920000002;0.0;0.0;0.0;0.0
3117;389059;BK4N0D7;827803.74;0.0;0.0;0.0;-103475.4675;;8278.0374;8278.0374;827803.74;;US14448C1045;Equity;827803.74;724328.2725;0.0;0.0;0.0;0.0
3118;389059;BL9XPM3;3018578.337;0.0;0.0;0.0;-377322.29212500004;;30185.78337;30185.78337;3018578.337;;US0404132054;Equity;3018578.337;2641256.0448749997;0.0;0.0;0.0;0.0
3119;389059;BLGZ986;1515807.093;0.0;0.0;0.0;-234950.099415;;15158.07093;15158.07093;1515807.093;;GB00BLGZ9862;Equity;1515807.093;1280856.993585;0.0;0.0;0.0;0.0
3120;389059;BLRB262;2376682.24;0.0;0.0;0.0;-308968.6912;;23766.8224;0.0;2376682.24;;GB00B10RZP78;Equity;2376682.24;2067713.5488000002;0.0;0.0;0.0;0.0
3121;389059;BM5M5Y3;2206276.912;0.0;0.0;0.0;-275784.61400000006;;22062.76912;22062.76912;2206276.912;;US75513E1010;Equity;2206276.912;1930492.298;0.0;0.0;0.0;0.0
3122;389059;BMBQHZ4;1556826.766;0.0;0.0;0.0;-202387.47957999998;;15568.26766;15568.26766;1556826.766;;CH1256740924;Equity;1556826.766;1354439.28642;0.0;0.0;0.0;0.0
3123;389059;BMC1PR6;709445.6582;0.0;0.0;0.0;-88680.70727500001;;7094.456582;7094.456582;709445.6582;;US08265T2087;Equity;709445.6582;620764.9509249999;0.0;0.0;0.0;0.0
3124;389059;BMH4FS1;2328208.656;0.0;0.0;0.0;-291026.08200000005;;23282.08656;23282.08656;2328208.656;;US21037T1097;Equity;2328208.656;2037182.574;0.0;0.0;0.0;0.0
3125;389059;BMJ6DW5;1464454.654;0.0;0.0;0.0;-226990.47136999998;;14644.54654;14644.54654;1464454.654;;GB00BMJ6DW54;Equity;1464454.654;1237464.1826300002;0.0;0.0;0.0;0.0
3126;389059;BMV2C79;469260.0;0.0;0.0;0.0;-61003.80000000001;;4692.6;0.0;469260.0;;FR001400J770;Equity;469260.0;408256.2;0.0;0.0;0.0;0.0
3127;389059;BMXX645;1535802.45;0.0;0.0;0.0;-199654.3185;;15358.0245;0.0;1535802.45;;FI4000552500;Equity;1535802.45;1336148.1315;0.0;0.0;0.0;0.0
3128;389059;BMY36H7;214100.0;0.0;0.0;0.0;-27833.0;;2141.0;0.0;214100.0;;IT0005495657;Equity;214100.0;186267.0;0.0;0.0;0.0;0.0
3129;389059;BN320L4;631041.1511;0.0;0.0;0.0;-63104.115110000006;;6310.411511;6310.411511;631041.1511;;CA7397211086;Equity;631041.1511;567937.03599;0.0;0.0;0.0;0.0
3130;389059;BN7SWP6;3149436.692;0.0;0.0;0.0;-488162.68726000004;;31494.36692;31494.36692;3149436.692;;GB00BN7SWP63;Equity;3149436.692;2661274.00474;0.0;0.0;0.0;0.0
3131;389059;BNBNSG0;2438955.4;0.0;0.0;0.0;-317064.20200000005;;24389.554;0.0;2438955.4;;NL0006294274;Equity;2438955.4;2121891.198;0.0;0.0;0.0;0.0
3132;389059;BNG7113;1718411.599;0.0;0.0;0.0;-223393.50786999997;;17184.11599;17184.11599;1718411.599;;NO0010161896;Equity;1718411.599;1495018.09113;0.0;0.0;0.0;0.0
3133;389059;BNG8PQ9;1284358.88;0.0;0.0;0.0;-166966.6544;;12843.5888;0.0;1284358.88;;NL0010773842;Equity;1284358.88;1117392.2256;0.0;0.0;0.0;0.0
3134;389059;BP6H4Y1;1661489.65;0.0;0.0;0.0;-207686.20625;;16614.8965;16614.8965;1661489.65;;US36828A1016;Equity;1661489.65;1453803.4437499999;0.0;0.0;0.0;0.0
3135;389059;BP6KMJ1;1193797.778;0.0;0.0;0.0;-155193.71114;;11937.97778;11937.97778;1193797.778;;DK0062498333;Equity;1193797.778;1038604.0668599999;0.0;0.0;0.0;0.0
3136;389059;BPBPJ01;1019845.47;0.0;0.0;0.0;-132579.9111;;10198.4547;0.0;1019845.47;;FR001400AJ45;Equity;1019845.47;887265.5589;0.0;0.0;0.0;0.0
3137;389059;BPQY8M8;1415767.729;0.0;0.0;0.0;-219443.99799499998;;14157.67729;14157.67729;1415767.729;;GB00BPQY8M80;Equity;1415767.729;1196323.731005;0.0;0.0;0.0;0.0
3138;389059;BQT3XY6;400518.4225;0.0;0.0;0.0;-50064.8028125;;4005.184225;4005.184225;400518.4225;;IL0011334468;Equity;400518.4225;350453.6196875;0.0;0.0;0.0;0.0
3139;389059;BQZJ0Q9;1530282.809;0.0;0.0;0.0;-191285.35112500002;;15302.82809;15302.82809;1530282.809;;US49338L1035;Equity;1530282.809;1338997.4578749998;0.0;0.0;0.0;0.0
3140;389059;BR4T3B3;451129.763;0.0;0.0;0.0;-56391.220375000004;;4511.29763;4511.29763;451129.763;;US4435731009;Equity;451129.763;394738.542625;0.0;0.0;0.0;0.0
3141;389059;BRC3N84;721383.5216;0.0;0.0;0.0;-111814.44584800002;;7213.835216;7213.835216;721383.5216;;IE000IVNQZ81;Equity;721383.5216;609569.075752;0.0;0.0;0.0;0.0
3142;389059;BRRD6G8;648803.4253;0.0;0.0;0.0;-81100.42816250001;;6488.034253;6488.034253;648803.4253;;US63001N1063;Equity;648803.4253;567702.9971375;0.0;0.0;0.0;0.0
3143;389059;BSLSSX7;10899.77782;0.0;0.0;0.0;-1362.4722275000001;;108.9977782;108.9977782;10899.77782;;US3847471014;Equity;10899.77782;9537.305592499999;0.0;0.0;0.0;0.0
3144;389059;BSML4N7;1283321.237;0.0;0.0;0.0;-160415.15462500002;;12833.21237;12833.21237;1283321.237;;US5128073062;Equity;1283321.237;1122906.082375;0.0;0.0;0.0;0.0
3145;389059;BSMR1R8;851193.3444;0.0;0.0;0.0;-131934.968382;;8511.933444;8511.933444;851193.3444;;IE00028FXN24;Equity;851193.3444;719258.376018;0.0;0.0;0.0;0.0
3146;389059;BTJZ707;594000.0;0.0;0.0;0.0;-77220.0;;5940.0;0.0;594000.0;;GRS830003000;Equity;594000.0;516780.0;0.0;0.0;0.0;0.0
3147;389059;BTK05J6;589512.6018;0.0;0.0;0.0;-91374.453279;;5895.126018;5895.126018;589512.6018;;GB00BTK05J60;Equity;589512.6018;498138.14852099994;0.0;0.0;0.0;0.0
3148;389059;BTMKJR0;1513600.8;0.0;0.0;0.0;-196768.104;;15136.008;0.0;1513600.8;;ES0105046017;Equity;1513600.8;1316832.696;0.0;0.0;0.0;0.0
3149;389059;BVLZX12;1481699.732;0.0;0.0;0.0;-185212.4665;;14816.99732;14816.99732;1481699.732;;US29444U7000;Equity;1481699.732;1296487.2655;0.0;0.0;0.0;0.0
3150;389059;BYMXPS7;772950.0;0.0;0.0;0.0;-100483.5;;7729.5;0.0;772950.0;;IT0005239360;Equity;772950.0;672466.5;0.0;0.0;0.0;0.0
3151;389059;BYQCQ32;1676084.39;0.0;0.0;0.0;-217890.97070000003;;16760.8439;16760.8439;1676084.39;;CH0360674466;Equity;1676084.39;1458193.4193;0.0;0.0;0.0;0.0
3152;389059;BYVY8G0;5510606.851;0.0;0.0;0.0;-688825.856375;;55106.06851;55106.06851;5510606.851;;US02079K3059;Equity;5510606.851;4821780.994625;0.0;0.0;0.0;0.0
3153;389059;BYYHL23;910720.0;0.0;0.0;0.0;-118393.60000000002;;9107.2;0.0;910720.0;;BE0974293251;Equity;910720.0;792326.4;0.0;0.0;0.0;0.0
3154;389059;BYZF9J9;1451423.493;0.0;0.0;0.0;-188685.05409000002;;14514.23493;14514.23493;1451423.493;;FI4000297767;Equity;1451423.493;1262738.43891;0.0;0.0;0.0;0.0
3155;389059;BZ00V34;406501.9996;0.0;0.0;0.0;-50812.749950000005;;4065.019996;4065.019996;406501.9996;;US98980G1022;Equity;406501.9996;355689.24964999995;0.0;0.0;0.0;0.0
3156;389059;BZ0P4R4;911977.66;0.0;0.0;0.0;-118557.0958;;9119.7766;0.0;911977.66;;IT0005090300;Equity;911977.66;793420.5642;0.0;0.0;0.0;0.0
3157;389059;BZ16HK0;210587.1135;0.0;0.0;0.0;-26323.389187499997;;2105.871135;2105.871135;210587.1135;;US35086T1097;Equity;210587.1135;184263.7243125;0.0;0.0;0.0;0.0
3158;389059;BZCNN35;696500.0;0.0;0.0;0.0;-90545.0;;6965.0;0.0;696500.0;;PTBCP0AM0015;Equity;696500.0;605955.0;0.0;0.0;0.0;0.0
3159;389059;CSH_CAD_DB;62455.02887;0.0;0.0;0.0;0.0;;0.0;624.5502887;62455.02887;;;Cash;62455.02887;62455.02887;0.0;0.0;0.0;0.0
3160;389059;CSH_CHF_DB;339813.9984;0.0;0.0;0.0;0.0;;0.0;3398.139984;339813.9984;;;Cash;339813.9984;339813.9984;0.0;0.0;0.0;0.0
3161;389059;CSH_DKK_DB;28497.50099;0.0;0.0;0.0;0.0;;0.0;284.9750099;28497.50099;;;Cash;28497.50099;28497.50099;0.0;0.0;0.0;0.0
3162;389059;CSH_EUR_DB;4232445.88;0.0;0.0;0.0;0.0;;0.0;0.0;4232445.88;;;Cash;4232445.88;4232445.88;0.0;0.0;0.0;0.0
3163;389059;CSH_GBP_DB;96856.10196;0.0;0.0;0.0;-2421.402549;;0.0;968.5610196;96856.10196;;;Cash;96856.10196;94434.699411;0.0;0.0;0.0;0.0
3164;389059;CSH_NOK_DB;96167.85253;0.0;0.0;0.0;0.0;;0.0;961.6785253;96167.85253;;;Cash;96167.85253;96167.85253;0.0;0.0;0.0;0.0
3165;389059;CSH_SEK_DB;124473.9631;0.0;0.0;0.0;0.0;;0.0;1244.739631;124473.9631;;;Cash;124473.9631;124473.9631;0.0;0.0;0.0;0.0
3166;389059;CSH_USD_DB;1511995.575;0.0;0.0;0.0;-37799.889375;;0.0;15119.95575;1511995.575;;;Cash;1511995.575;1474195.685625;0.0;0.0;0.0;0.0
3167;389059;FR0014001GE1;32943833.08;0.0;0.0;0.0;-3128918.6968500004;;329327.5308;329450.3925;33273790.85;;FR0014001GE1;Fund Unit;32943833.08;29814914.383149996;0.0;0.0;0.0;0.0
3168;389059;T_IE00B4L5YC18;28309004.1;0.0;0.0;0.0;-2830900.4100000006;;283090.041;281511.5621;28309004.1;;T_IE00B4L5YC18;Fund Unit;28309004.1;25478103.69;0.0;0.0;0.0;0.0
3169;389059;T_LU0950674175;28146040.0;0.0;0.0;0.0;-2814604.0000000005;;281460.4;279891.0078;28146040.0;;T_LU0950674175;Fund Unit;28146040.0;25331436.0;0.0;0.0;0.0;0.0
3170;389059;T_LU1681045370;28236450.0;0.0;0.0;0.0;-2823645.0;;282364.5;280790.0666;28236450.0;;T_LU1681045370;Fund Unit;28236450.0;25412805.0;0.0;0.0;0.0;0.0
3171;389088;AT0000A2L583;2968495.879;2.32194473;2.32194473;2009.864388;-85035.903468;;0.0;0.0;2968495.879;5.0;AT0000A2L583;Bond;2968495.879;2883459.975532;0.0025;2.3184966756331566;0.0095;2.308842123405996
3172;389088;BE0002592708;3040343.407;0.541534855;0.541534855;170.894372;-20308.788996;;0.0;0.0;3040343.407;4.0;BE0002592708;Bond;3040343.407;3020034.6180040003;0.0025;0.5408627823871869;0.0095;0.5389809790713102
3173;389088;BE6350791073;3181774.521;2.60447074;2.60447074;3088.095669;-50575.268358;;0.0;0.0;3181774.521;7.0;BE6350791073;Bond;3181774.521;3131199.252642;0.0025;2.5971649678118176;0.0035;2.5942426589365444
3174;389088;CDSO100000056;579609.5419;1.515938655;-316.7005378;0.0;2567680.52052675;MORGAN STANLEY EUROPE SE;0.0;0.0;579609.5419;;;CDS Index Option;579609.5419;3147290.06242675;0.0025;1.521683830014308;0.014;1087.4886911993294
3175;389088;CDSO100000057;-224116.3097;1.403379678;-350.7363444;0.0;-1099693.99197325;MORGAN STANLEY EUROPE SE;0.0;0.0;-224116.3097;;;CDS Index Option;-224116.3097;-1323810.30167325;0.0025;1.4083033643015586;0.014;1371.487421563056
3176;389088;CH1174335732;5030445.205;0.52223589;0.52223589;392.687105;-17558.321072500003;;0.0;0.0;5030445.205;8.0;CH1174335732;Bond;5030445.205;5012886.8839275;0.0025;0.5209661633698442;0.004;0.5202043273917508
3177;389088;CSH_EUR_DB;4555645.39;0.0;0.0;0.0;0.0;;0.0;0.0;4555645.39;;;Cash;4555645.39;4555645.39;0.0;0.0;0.0;0.0
3178;389088;CSH_GBP_DB;768551.5999;0.0;0.0;0.0;-19213.7899975;;0.0;7685.515999;768551.5999;;;Cash;768551.5999;749337.8099025;0.0;0.0;0.0;0.0
3179;389088;CSH_USD_DB;1649113.784;0.0;0.0;0.0;-41227.844600000004;;0.0;16491.13784;1649113.784;;;Cash;1649113.784;1607885.9394;0.0;0.0;0.0;0.0
3180;389088;DE0001135085;47298640.7;2.947774176;2.947774176;57131.12157;-569989.8448;;0.0;0.0;47298640.7;10.0;DE0001135085;Bond;47298640.7;46728650.8552;0.0025;2.939300586634787;0.0015;2.942690022380872
3181;389088;DE000A3LWGE2;3044492.877;1.832796116;1.832796116;1574.010885;-37292.19117;;0.0;0.0;3044492.877;5.0;DE000A3LWGE2;Bond;3044492.877;3007200.68583;0.0025;1.8282689037596493;0.004;1.825552576415439
3182;389088;DE000A3MQS56;2975356.849;0.808510942;0.808510942;428.791992;-15630.8130355;;0.0;0.0;2975356.849;5.0;DE000A3MQS56;Bond;2975356.849;2959726.0359645;0.0025;0.8065423049684729;0.004;0.8053611227495567
3183;389088;DE000A4DE982;3927582.466;4.767222132;4.767222132;11613.09655;-240753.7512;;0.0;0.0;3927582.466;5.0;DE000A4DE982;Bond;3927582.466;3686828.7148;0.0025;4.75011801728664;0.0095;4.702226496089233
3184;389088;DE000BU22072;15119557.47;1.640406416;1.640406416;6530.64729;-101229.86103999999;;0.0;0.0;15119557.47;10.0;DE000BU22072;Bond;15119557.47;15018327.60896;0.0025;1.6363354050531589;0.0015;1.6379638094318953
3185;389088;DE000BU25034;55980753.06;4.17976059;4.17976059;124610.7625;-957531.0848;;0.0;0.0;55980753.06;10.0;DE000BU25034;Bond;55980753.06;55023221.975200005;0.0025;4.167787655507589;0.0015;4.172576829304553
3186;389088;DE000BU35025;38855945.51;3.730562747;3.730562747;70623.48174;-592970.1512;;0.0;0.0;38855945.51;9.0;DE000BU35025;Bond;38855945.51;38262975.3588;0.0025;3.7199161909981533;0.0015;3.724174813398892
3187;389088;DE000CB94MF6;1534256.164;3.625595115;3.625595115;2798.941229;-70482.96322800001;;0.0;0.0;1534256.164;4.0;DE000CB94MF6;Bond;1534256.164;1463773.200772;0.0025;3.612850002175332;0.0095;3.5771636862662612
3188;389088;DE000CZ439B6;2121726.027;2.755198333;2.755198333;2221.123028;-39276.6777325;;0.0;0.0;2121726.027;6.0;DE000CZ439B6;Bond;2121726.027;2082449.3492674998;0.0025;2.7480049467226215;0.004;2.743688914956194
3189;389088;DE000DL19VZ9;3728554.795;2.216843874;2.216843874;2719.088428;-106698.488832;;0.0;0.0;3728554.795;6.0;DE000DL19VZ9;Bond;3728554.795;3621856.3061679997;0.0025;2.210898348751481;0.0095;2.1942508780556285
3190;389088;DK0030045703;3163483.151;2.981231427;2.981231427;3865.922922;-63267.901989499995;;0.0;0.0;3163483.151;7.0;DK0030045703;Bond;3163483.151;3100215.2490105;0.0025;2.972899621219774;0.004;2.967900537751638
3191;389088;DK0030352471;3041775.412;0.988153485;0.988153485;450.9830442;-36899.442215999996;;0.0;0.0;3041775.412;5.0;DK0030352471;Bond;3041775.412;3004875.969784;0.0025;0.9868880258396157;0.0095;0.9833447401905393
3192;389088;DUM25 Cmdty;0.0;0.0;0.0;-62110.72331;881577.6648;;0.0;0.0;-114334895.0;;;Bond Future;0.0;881577.6648;0.0025;0.0;0.0015;0.0
3193;389088;ES0000012B39;38313459.61;2.936440507;2.936440507;44731.79214;-460719.0004;;0.0;0.0;38313459.61;10.0;ES0000012B39;Bond;38313459.61;37852740.6096;0.0025;2.928809173818195;0.0015;2.931861707090917
3194;389088;ES0000012K53;27897095.6;4.142738298;4.142738298;59793.08719;-474366.8587999999;;0.0;0.0;27897095.6;10.0;ES0000012K53;Bond;27897095.6;27422728.7412;0.0025;4.132060386324464;0.0015;4.1363315509946785
3195;389088;ES0840609020;3107156.25;2.308774333;2.308774333;1923.412782;-87348.8799;;0.0;0.0;3107156.25;5.0;ES0840609020;Bond;3107156.25;3019807.3701;0.0025;2.30662476197968;0.0095;2.300605963122783
3196;389088;ES0840609061;1811625.0;5.764973781;5.764973781;7211.092623;-127003.90356;;0.0;0.0;1811625.0;6.0;ES0840609061;Bond;1811625.0;1684621.09644;0.0025;5.7485497012352145;0.0095;5.702562277893814
3197;389088;FR0000571218;51243214.64;3.517812021;3.517812021;86740.17883;-832292.8559999999;;0.0;0.0;51243214.64;10.0;FR0000571218;Bond;51243214.64;50410921.784;0.0025;3.506431639409242;0.002;3.5087077157273936
3198;389088;FR0013067196;3054236.301;1.120125631;1.120125631;721.7247465;-42510.079812;;0.0;0.0;3054236.301;5.0;FR0013067196;Bond;3054236.301;3011726.221188;0.0025;1.1173547632903145;0.0095;1.109596333703195
3199;389088;FR0013259132;21275942.13;3.282306222;4.689988881;32831.24647;-1613758.187974971;;8.222701517;-428.4046079;21276124.45;;FR0013259132;Fund Unit;21275942.13;19662183.94202503;0.0025;3.270662157626364;0.014;4.781896582472571
3200;389088;FR0013286192;60047094.19;3.032117306;3.032117306;73595.50097;-839598.5889;;0.0;0.0;60047094.19;10.0;FR0013286192;Bond;60047094.19;59207495.6011;0.0025;3.0244609023379967;0.002;3.0259921830703975
3201;389088;FR0013455854;2929471.154;3.989077969;3.989077969;5589.703946;-144124.59972;;0.0;0.0;2929471.154;4.0;FR0013455854;Bond;2929471.154;2785346.5542800003;0.0025;3.981157496969968;0.0095;3.958980175285878
3202;389088;FR0013461795;2992298.37;1.080321634;1.080321634;513.187649;-39799.877459999996;;0.0;0.0;2992298.37;3.0;FR0013461795;Bond;2992298.37;2952498.49254;0.0025;1.0789518002458274;0.0095;1.0751162657341444
3203;389088;FR00140007L3;2868390.411;3.429185656;3.429185656;4470.244135;-169907.612325;;0.0;0.0;2868390.411;7.0;FR00140007L3;Bond;2868390.411;2698482.7986749997;0.0025;3.4196226820799476;0.014;3.375633002047707
3204;389088;FR0014000OZ2;2965438.356;0.630868859;0.630868859;299.0249581;-23203.539576;;0.0;0.0;2965438.356;7.0;FR0014000OZ2;Bond;2965438.356;2942234.816424;0.0025;0.6293429307970491;0.0095;0.6250703318287866
3205;389088;FR0014009HA0;4710000.0;1.908823613;1.908823613;2595.463833;-111647.173488;;0.0;0.0;4710000.0;8.0;FR0014009HA0;Bond;4710000.0;4598352.826512;0.0025;1.9041562846549487;0.0095;1.8910877652888052
3206;389088;FR001400F6O6;3153122.466;0.741235057;0.741235057;408.3304177;-15568.486635;;0.0;0.0;3153122.466;6.0;FR001400F6O6;Bond;3153122.466;3137553.979365;0.0025;0.7393711221330055;0.004;0.7382527612128088
3207;389088;FR001400I7P8;3334448.63;2.769179012;2.769179012;3640.609054;-114841.33382399999;;0.0;0.0;3334448.63;6.0;FR001400I7P8;Bond;3334448.63;3219607.296176;0.0025;2.7610544578486054;0.0095;2.738305706224701
3208;389088;FR001400L9Q7;1640667.74;3.222296495;3.222296495;2382.041617;-89953.15576500002;;0.0;0.0;1640667.74;5.0;FR001400L9Q7;Bond;1640667.74;1550714.584235;0.0025;3.2119576503037557;0.014;3.1643989647010304
3209;389088;FR001400M1X9;3253063.014;6.31129475;6.31129475;17393.24561;-256963.58568;;0.0;0.0;3253063.014;7.0;FR001400M1X9;Bond;3253063.014;2996099.42832;0.0025;6.277207634284821;0.0095;6.181763710282319
3210;389088;FR001400MLX3;2822929.521;3.282491367;3.282491367;4064.826823;-157217.593104;;0.0;0.0;2822929.521;6.0;FR001400MLX3;Bond;2822929.521;2665711.927896;0.0025;3.273429938527517;0.014;3.231747367554096
3211;389088;FR001400Q6Z9;1064354.247;3.456511952;3.456511952;1723.462671;-61932.949930500006;;0.0;0.0;1064354.247;6.0;FR001400Q6Z9;Bond;1064354.247;1002421.2970695;0.0025;3.445899223438696;0.014;3.3970806720566964
3212;389088;FR001400SIM9;3060131.918;3.874175613;3.874175613;4653.101172;-77648.97933;;0.0;0.0;3060131.918;6.0;FR001400SIM9;Bond;3060131.918;2982482.93867;0.0025;3.8736848110462767;0.004;3.873390329874043
3213;389088;FR001400UM87;1896006.868;6.860237419;6.860237419;11199.31128;-160507.58088;;0.0;0.0;1896006.868;4.0;FR001400UM87;Bond;1896006.868;1735499.28712;0.0025;6.830224853855003;0.0095;6.746189671449012
3214;389088;FR001400WK95;1931806.0;2.469520545;2.469520545;1666.526451;-28628.657381999998;;0.0;0.0;1931806.0;7.0;FR001400WK95;Bond;1931806.0;1903177.342618;0.0025;2.463199925411506;0.0035;2.4606716775761086
3215;389088;FR001400WKP0;3227572.603;4.61058933;4.61058933;8717.575511;-186022.30812;;0.0;0.0;3227572.603;7.0;FR001400WKP0;Bond;3227572.603;3041550.29488;0.0025;4.596208924703988;0.0095;4.5559437898751565
3216;389088;FXF11702;-39203.66000000015;0.076712328;0.0;-0.005613605999999827;0.0;BNP PARIBAS;0.0;239377.5248;-39203.66000000015;;;Currency Forward;-39203.66000000015;-39203.66000000015;0.0;0.076712328;0.0;0.0
3217;389088;FXW1023881;-9334.94299999997;0.076712328;0.0;-0.0013756790000000185;41750.08837499999;BNP PARIBAS;0.0;-16700.03535;-9334.94299999997;;;Currency Forward;-9334.94299999997;32415.145375000022;0.0;0.076712328;0.0;0.0
3218;389088;FXW1023892;-2145.5912000000244;0.076712328;0.0;-0.00031391700000000383;9241.9720925;GOLDMAN SACHS BANK EUROPE SE;0.0;-3696.788837;-2145.5912000000244;;;Currency Forward;-2145.5912000000244;7096.380892499976;0.0;0.076712328;0.0;0.0
3219;389088;IKM25 Cmdty;0.0;0.0;0.0;-360060.8502;2511930.1607999997;;0.0;0.0;-55351920.0;;;Bond Future;0.0;2511930.1607999997;0.0025;0.0;0.0035;0.0
3220;389088;INFS10000382;300221.2366;9.934246575;0.0;11.49345556;1332666.9467462501;JP MORGAN SE;0.0;3002.212366;77393075.36;;;Index Linked Swap;300221.2366;1632888.18334625;0.00125;10.057129602687128;0.0;0.0
3221;389088;INFS10000394;-336663.4281;4.931506849;0.0;-3.561632194;-703001.14359625;JP MORGAN SE;0.0;-3366.634281;-77393075.36;;;Index Linked Swap;-336663.4281;-1039664.57169625;0.00125;4.961774308660999;0.0;0.0
3222;389088;INFS10000399;-193291.1533;4.95890411;0.0;1.24154843;705879.954936;GOLDMAN SACHS BANK EUROPE SE;0.0;0.0;74000000.0;;;Index Linked Swap;-193291.1533;512588.80163600005;0.0025;5.020541515020214;0.0;0.0
3223;389088;INFS10000404;-661.3479598;9.961643836;0.0;-5.87e-05;-1380327.525717925;GOLDMAN SACHS BANK EUROPE SE;0.0;0.0;-74000000.0;;;Index Linked Swap;-661.3479598;-1380988.873677725;0.0025;10.209727486835352;0.0;0.0
3224;389088;IT0005521981;23649693.1;2.806089928;2.806089928;22682.32246;-403337.38038;;0.0;0.0;23649693.1;10.0;IT0005521981;Bond;23649693.1;23246355.71962;0.0025;2.8017978835086668;0.0035;2.8000810657121336
3225;389088;IT0005548315;27106396.04;3.115493235;3.115493235;31454.77806;-512982.2976599999;;0.0;0.0;27106396.04;10.0;IT0005548315;Bond;27106396.04;26593413.74234;0.0025;3.1107485042531002;0.0035;3.1088506119543404
3226;389088;IT0005572166;3179906.712;2.467866457;2.467866457;2758.730491;-52475.255592500005;;0.0;0.0;3179906.712;6.0;IT0005572166;Bond;3179906.712;3127431.4564075;0.0025;2.461403600074629;0.004;2.457525885919406
3227;389088;IT0005611055;42421016.59;4.12623753;4.12623753;84637.3644;-1065580.0938;;0.0;0.0;42421016.59;10.0;IT0005611055;Bond;42421016.59;41355436.4962;0.0025;4.118922737944626;0.0035;4.115996821122476
3228;389088;IT0005633794;8060399.421;1.847755237;1.847755237;3521.619831;-90408.83496000001;;0.0;0.0;8060399.421;9.0;IT0005633794;Bond;8060399.421;7969990.58604;0.0025;1.8453681383857663;0.0035;1.8444132989400728
3229;389088;IT0005636532;3162413.805;6.049478671;6.049478671;14102.02741;-235061.90856;;0.0;0.0;3162413.805;5.0;IT0005636532;Bond;3162413.805;2927351.8964400003;0.0025;6.02948763546163;0.0095;5.973512735954192
3230;389088;LU1717592346;17626327.2;1.07422244;1.035547903;-39132.09488;3394.660084999996;;0.0;6689.551268;22240594.24;;LU1717592346;Fund Unit;17626327.2;17629721.860085;0.0025;1.1326096627426323;0.002;1.0820944924117222
3231;389088;LU2023296168;12464813.44;3.236585554;3.262438622;21287.44281;-703079.73824801;;2.71878052;208.8666425;12464924.73;;LU2023296168;Fund Unit;12464813.44;11761733.70175199;0.0025;3.220079200092257;0.014;3.1723553161120215
3232;389088;LU2550878602;27256234.52;0.536002618;0.741697933;627.6491279;-37546.600069750006;;-5944.138154;309.9877735;21026959.6;;LU2550878602;Fund Unit;27256234.52;27218687.91993025;0.0025;0.5361451718409587;0.0035;0.7428173679379397
3233;389088;OEM25 Cmdty;0.0;0.0;0.0;561828.0397;-3955878.3659999995;;0.0;0.0;204836810.0;;;Bond Future;0.0;-3955878.3659999995;0.0025;0.0;0.0015;0.0
3234;389088;PTEDP4OM0025;4876014.422;2.443550654;2.443550654;4290.378511;-204642.40236;;0.0;0.0;4876014.422;6.0;PTEDP4OM0025;Bond;4876014.422;4671372.019640001;0.0025;2.4364806397704455;0.014;2.4039585743144944
3235;389088;PTEDPUOM0008;3172421.096;2.772732422;2.772732422;3413.388178;-53360.136054;;0.0;0.0;3172421.096;7.0;PTEDPUOM0008;Bond;3172421.096;3119060.959946;0.0025;2.7650536137068844;0.0035;2.761982090389638
3236;389088;RXM25 Cmdty;0.0;0.0;0.0;-348558.3237;1531365.1084;;0.0;0.0;-47022950.0;;;Bond Future;0.0;1531365.1084;0.0025;0.0;0.0015;0.0
3237;389088;TUM25 Cmdty;0.0;0.0;0.0;142323.5023;-1673509.63505;;0.0;0.0;320481581.9;;;Bond Future;0.0;-1673509.63505;0.00125;0.0;0.0015;0.0
3238;389088;UBM25 Cmdty;0.0;0.0;0.0;-1604283.779;2542325.2248;;0.0;0.0;-31126860.0;;;Bond Future;0.0;2542325.2248;0.0025;0.0;0.0015;0.0
3239;389088;UXYM25 Cmdty;0.0;0.0;0.0;-569291.8344;1721376.5401249998;;0.0;0.0;-78076629.33;;;Bond Future;0.0;1721376.5401249998;0.00125;0.0;0.0015;0.0
3240;389088;XS1069439740;3059167.808;0.505123;0.505123;227.2160593;-19209.897576;;0.0;0.0;3059167.808;5.0;XS1069439740;Bond;3059167.808;3039957.910424;0.0025;0.5039040277748044;0.0095;0.5004909055442566
3241;389088;XS1819574929;2927951.096;2.918116125;2.918116125;3384.107661;-51263.146326;;0.0;0.0;2927951.096;6.0;XS1819574929;Bond;2927951.096;2876687.949674;0.0025;2.910509784830771;0.0035;2.907467248763079
3242;389088;XS2125121769;3213516.692;0.725020122;0.725020122;384.3315688;-30317.467596000002;;0.0;0.0;3213516.692;4.0;XS2125121769;Bond;3213516.692;3183199.2244039997;0.0025;0.7233442965558893;0.0095;0.7186519853123794
3243;389088;XS2181959110;3645746.712;6.176077478;6.176077478;17164.75018;-281202.38544;;0.0;0.0;3645746.712;7.0;XS2181959110;Bond;3645746.712;3364544.32656;0.0025;6.153733369916965;0.0095;6.091169867284471
3244;389088;XS2182055009;3064267.808;0.412061551;0.412061551;173.7657018;-8512.787829;;0.0;0.0;3064267.808;3.0;XS2182055009;Bond;3064267.808;3055755.020171;0.0025;0.4110683606244694;0.004;0.41047244639915104
3245;389088;XS2183818637;3034212.329;0.430681445;0.430681445;183.0854734;-16160.297988000002;;0.0;0.0;3034212.329;7.0;XS2183818637;Bond;3034212.329;3018052.031012;0.0025;0.42963665219226393;0.0095;0.42671123233060304
3246;389088;XS2193658619;4797804.11;3.911983882;3.911983882;9399.352295;-112500.76044;;0.0;0.0;4797804.11;7.0;XS2193658619;Bond;4797804.11;4685303.34956;0.0025;3.90126556084028;0.0035;3.896978232376392
3247;389088;XS2209344543;2919412.5;2.920075524;2.920075524;-2840.834574;-140391.112191;;0.0;0.0;2919412.5;5.0;XS2209344543;Bond;2919412.5;2779021.387809;0.0025;2.965719735064038;0.014;3.175683105958613
3248;389088;XS2226123573;3029673.913;0.408735419;0.408735419;111.0903836;-15339.280524;;0.0;0.0;3029673.913;2.0;XS2226123573;Bond;3029673.913;3014334.632476;0.0025;0.40823639463016964;0.0095;0.4068391263946447
3249;389088;XS2242931603;2926880.137;3.823959962;3.823959962;5551.806798;-70124.9913;;0.0;0.0;2926880.137;8.0;XS2242931603;Bond;2926880.137;2856755.1457;0.0025;3.813095777592443;0.0035;3.80875010382942
3250;389088;XS2262077675;999363.0747;0.626354252;0.626354252;99.58902925;-7819.6738116;;0.0;0.0;999363.0747;4.0;XS2262077675;Bond;999363.0747;991543.4008884;0.0025;0.6248437386112775;0.0095;0.6206143011228548
3251;389088;XS2286011528;3041917.808;0.06280422;0.729954276;59.52531801;-22902.413633750002;;0.0;0.0;3041917.808;5.0;XS2286011528;Bond;3041917.808;3019015.3943662504;0.0025;0.062324872128510636;0.0095;0.7331571984008487
3252;389088;XS2297549391;2795804.795;2.7633812;2.7633812;2891.501075;-51745.8783725;;0.0;0.0;2795804.795;7.0;XS2297549391;Bond;2795804.795;2744058.9166274997;0.0025;2.7566161759655;0.004;2.7525571615448
3253;389088;XS2307437629;4236602.74;0.87299019;0.87299019;689.7367388;-46086.593784;;0.0;0.0;4236602.74;4.0;XS2307437629;Bond;4236602.74;4190516.1462160004;0.0025;0.8708253645674932;0.0095;0.864763853356474
3254;389088;XS2321520525;4770921.462;1.30678218;1.30678218;1427.736536;-77684.743608;;0.0;0.0;4770921.462;4.0;XS2321520525;Bond;4770921.462;4693236.7183920005;0.0025;1.3035699285302105;0.0095;1.2945756244147997
3255;389088;XS2322423539;814037.1507;3.519995982;3.519995982;1317.17728;-17384.511036000004;;0.0;0.0;814037.1507;5.0;XS2322423539;Bond;814037.1507;796652.639664;0.0025;3.5105199098338185;0.0035;3.5067294809673455
3256;389088;XS2356040357;2728858.356;3.633403647;3.633403647;4589.52413;-59430.220680000006;;0.0;0.0;2728858.356;8.0;XS2356040357;Bond;2728858.356;2669428.1353200004;0.0025;3.6243615098352344;0.0035;3.6207446549693283
3257;389088;XS2382950330;4805231.169;2.102697034;2.102697034;3116.658245;-125641.17984;;0.0;0.0;4805231.169;6.0;XS2382950330;Bond;4805231.169;4679589.989159999;0.0025;2.097535447475418;0.0095;2.0830830052065896
3258;389088;XS2433361719;2937165.616;0.77495528;0.77495528;395.3845541;-14750.204312999998;;0.0;0.0;2937165.616;5.0;XS2433361719;Bond;2937165.616;2922415.4116869997;0.0025;0.7730913111981912;0.004;0.7719729299171059
3259;389088;XS2463450408;3068019.701;3.105335313;3.105335313;3588.8377;-117902.79903600001;;0.0;0.0;3068019.701;5.0;XS2463450408;Bond;3068019.701;2950116.901964;0.0025;3.1001991550599346;0.0095;3.085817912827751
3260;389088;XS2555925218;3234071.918;2.645409642;2.645409642;3164.12712;-57336.355037;;0.0;0.0;3234071.918;6.0;XS2555925218;Bond;3234071.918;3176735.562963;0.0025;2.638445809220646;0.004;2.634267509553034
3261;389088;XS2558978883;2469428.082;2.635687649;2.635687649;2400.567515;-81014.00124;;0.0;0.0;2469428.082;6.0;XS2558978883;Bond;2469428.082;2388414.08076;0.0025;2.6287519031770015;0.0095;2.609331814872607
3262;389088;XS2580221658;3186020.548;2.730852813;2.730852813;3345.653847;-54253.15269;;0.0;0.0;3186020.548;6.0;XS2580221658;Bond;3186020.548;3131767.39531;0.0025;2.7232440984537707;0.0035;2.720200612635279
3263;389088;XS2582389156;2560597.562;3.944374819;3.944374819;5419.7141;-174575.26432500003;;0.0;0.0;2560597.562;7.0;XS2582389156;Bond;2560597.562;2386022.297675;0.0025;3.930355506727518;0.014;3.8658666702741016
3264;389088;XS2588884481;3295695.205;2.945176399;2.945176399;3987.420247;-121234.61424;;0.0;0.0;3295695.205;6.0;XS2588884481;Bond;3295695.205;3174460.59076;0.0025;2.9366143729589873;0.0095;2.912640700044151
3265;389088;XS2592804434;3352358.75;3.647048794;3.647048794;5411.496833;-205453.67865000002;;0.0;0.0;3352358.75;6.0;XS2592804434;Bond;3352358.75;3146905.07135;0.0025;3.6399453163034807;0.014;3.607269318899494
3266;389088;XS2615937187;3174628.371;1.886146353;1.886146353;-29823.19647;-38642.739596499996;;0.0;0.0;3174628.371;4.0;XS2615937187;Bond;3174628.371;3135985.6314034997;0.0025;2.129896031344744;0.004;2.2761458383515905
3267;389088;XS2619991883;20935902.08;1.669866465;1.669866465;9290.414752;-146172.63304000002;;0.0;0.0;20935902.08;5.0;XS2619991883;Bond;20935902.08;20789729.44696;0.0025;1.6657437208186618;0.0015;1.667392818491197
3268;389088;XS2626699982;2514837.329;2.776360911;2.776360911;2728.563226;-86962.263072;;0.0;0.0;2514837.329;7.0;XS2626699982;Bond;2514837.329;2427875.065928;0.0025;2.7685067114487194;0.0095;2.7465149527051342
3269;389088;XS2688529135;3098416.667;1.322015631;1.322015631;1039.180901;-67154.0149005;;0.0;0.0;3098416.667;3.0;XS2688529135;Bond;3098416.667;3031262.6520995;0.0025;1.3180001706396278;0.014;1.2995290529819161
3270;389088;XS2689949399;24806741.45;3.041948996;3.041948996;31575.31038;-314843.35132;;0.0;0.0;24806741.45;8.0;XS2689949399;Bond;24806741.45;24491898.09868;0.0025;3.033261330324465;0.0015;3.036736396594679
3271;389088;XS2745719000;3107157.534;3.461886516;3.461886516;4903.42428;-72193.266535;;0.0;0.0;3107157.534;7.0;XS2745719000;Bond;3107157.534;3034964.267465;0.0025;3.4523955089476797;0.004;3.4467009047162875
3272;389088;XS2747270630;3087642.74;2.595898578;2.595898578;2907.965688;-49580.90706;;0.0;0.0;3087642.74;7.0;XS2747270630;Bond;3087642.74;3038061.83294;0.0025;2.5892001092250805;0.0035;2.586520721715113
3273;389088;XS2753547673;3186364.11;2.855254935;2.855254935;3619.630682;-60511.752450500004;;0.0;0.0;3186364.11;6.0;XS2753547673;Bond;3186364.11;3125852.3575494997;0.0025;2.84723675627218;0.004;2.842425849035488
3274;389088;XS2774944008;3445798.573;5.195319322;5.195319322;11323.92872;-220215.0432;;0.0;0.0;3445798.573;5.0;XS2774944008;Bond;3445798.573;3225583.5297999997;0.0025;5.180640172835095;0.0095;5.139538555173363
3275;389088;XS2778270772;3414346.667;1.898959424;1.898959424;1962.126567;-106518.609417;;0.0;0.0;3414346.667;3.0;XS2778270772;Bond;3414346.667;3307828.057583;0.0025;1.893607762182036;0.014;1.8689901178194008
3276;389088;XS2799494633;3223137.452;3.800629963;3.800629963;6404.038761;-156663.28092;;0.0;0.0;3223137.452;4.0;XS2799494633;Bond;3223137.452;3066474.1710800002;0.0025;3.7870695344512697;0.0095;3.7491003345148246
3277;389088;XS2802883731;3105555.0;3.700123746;3.700123746;648.0530281;-188360.12051999997;;0.0;0.0;3105555.0;5.0;XS2802883731;Bond;3105555.0;2917194.87948;0.0025;3.7291341495644375;0.014;3.862582005960849
3278;389088;XS2818300407;2405981.164;3.829073512;3.829073512;4648.055697;-114906.486;;0.0;0.0;2405981.164;8.0;XS2818300407;Bond;2405981.164;2291074.678;0.0025;3.817431138216169;0.0095;3.7848324916214433
3279;389088;XS2822575648;3080682.74;3.287118041;3.287118041;4444.984567;-173501.99492999996;;0.0;0.0;3080682.74;7.0;XS2822575648;Bond;3080682.74;2907180.74507;0.0025;3.2780594792624385;0.014;3.236390095269657
3280;389088;XS2844410287;3198551.507;3.605202626;3.605202626;5550.498538;-70503.10584;;0.0;0.0;3198551.507;5.0;XS2844410287;Bond;3198551.507;3128048.4011600004;0.0025;3.594313433658946;0.0035;3.5899577567225247
3281;389088;XS2860457071;1703982.027;3.572102692;3.572102692;2918.394672;-40507.5129615;;0.0;0.0;1703982.027;6.0;XS2860457071;Bond;1703982.027;1663474.5140385;0.0025;3.561185211249333;0.004;3.554634722798933
3282;389088;XS2890435865;2674855.015;1.369448069;1.369448069;865.1230532;-24693.156214999995;;0.0;0.0;2674855.015;6.0;XS2890435865;Bond;2674855.015;2650161.858785;0.0025;1.3660508386098174;0.004;1.3640125003757075
3283;389088;XS2905432584;2639861.027;3.065865171;3.065865171;3400.616894;-54956.0923145;;0.0;0.0;2639861.027;5.0;XS2905432584;Bond;2639861.027;2584904.9346855;0.0025;3.0571594873339523;0.004;3.051936077134324
3284;389088;XS2980761956;1578535.414;7.17130449;7.17130449;10243.90814;-139818.51036;;0.0;0.0;1578535.414;4.0;XS2980761956;Bond;1578535.414;1438716.9036400001;0.0025;7.137635969505035;0.0095;7.043364112119133
3285;400804;AT0000A1ZGE4;19172027.4;2.806514595;2.806514595;20430.95952;-220327.22524;;0.0;0.0;19172027.4;9.0;AT0000A1ZGE4;Bond;19172027.4;18951700.17476;0.0025;2.79956427920311;0.0015;2.802344405521866
3286;400804;AT0000A2U543;2826030.822;2.516163448;2.516163448;2488.990927;-88187.640348;;0.0;0.0;2826030.822;6.0;AT0000A2U543;Bond;2826030.822;2737843.181652;0.0025;2.509972710228889;0.0095;2.492638644469778
3287;400804;AT0000A2WSC8;17607232.88;6.507623256;6.507623256;87101.72836;-471434.58680000005;;0.0;0.0;17607232.88;10.0;AT0000A2WSC8;Bond;17607232.88;17135798.293199997;0.0025;6.489822935773779;0.0015;6.496943063864267
3288;400804;AT0000A2Y8G4;11245705.48;17.75760517;17.75760517;444381.0217;-820397.816;;0.0;0.0;11245705.48;10.0;AT0000A2Y8G4;Bond;11245705.48;10425307.664;0.0025;17.558046029390965;0.0015;17.63786968563458
3289;400804;AT0000A32HA3;3077598.493;1.752345412;1.752345412;1479.829439;-36069.729065499996;;0.0;0.0;3077598.493;5.0;AT0000A32HA3;Bond;3077598.493;3041528.7639344996;0.0025;1.7480012226425476;0.004;1.7453947090280761
3290;400804;AT0000A32RP0;3045628.767;0.857225051;0.857225051;477.4935913;-17464.386329;;0.0;0.0;3045628.767;6.0;AT0000A32RP0;Bond;3045628.767;3028164.380671;0.0025;0.8551426386825715;0.004;0.8538931912921144
3291;400804;AT0000A33SH3;20841780.82;3.781629032;3.781629032;38978.07268;-323175.45655999996;;0.0;0.0;20841780.82;9.0;AT0000A33SH3;Bond;20841780.82;20518605.36344;0.0025;3.770626098200811;0.0015;3.7750272717204867
3292;400804;AT0000A39UW5;9927286.301;7.702826477;7.702826477;70639.23769;-314764.524;;0.0;0.0;9927286.301;10.0;AT0000A39UW5;Bond;9927286.301;9612521.777;0.0025;7.673268706414075;0.0015;7.6850918146484455
3293;400804;AT0000A3D3Q8;15105242.08;10.98340786;10.98340786;228061.1561;-682124.056;;0.0;0.0;15105242.08;9.0;AT0000A3D3Q8;Bond;15105242.08;14423118.024;0.0025;10.907542320930556;0.0015;10.937888536558333
3294;400804;AT0000A3EPP2;15214469.5;4.201802106;4.201802106;34118.46332;-262491.3028;;0.0;0.0;15214469.5;9.0;AT0000A3EPP2;Bond;15214469.5;14951978.1972;0.0025;4.189877432931246;0.0015;4.194647302158748
3295;400804;AT0000A3HGD0;2956551.37;5.941839469;5.941839469;12794.75235;-118235.46618;;0.0;0.0;2956551.37;7.0;AT0000A3HGD0;Bond;2956551.37;2838315.90382;0.0025;5.921913273382612;0.004;5.909957556012178
3296;400804;AT0000A3HU25;19807833.45;8.415107793;8.415107793;168409.203;-686186.854;;0.0;0.0;19807833.45;9.0;AT0000A3HU25;Bond;19807833.45;19121646.596;0.0025;8.379589100742134;0.0015;8.393796577645281
3297;400804;AT000B122080;2943455.342;0.950731827;0.950731827;538.0746115;-18713.1181445;;0.0;0.0;2943455.342;5.0;AT000B122080;Bond;2943455.342;2924742.2238555;0.0025;0.9484214613020511;0.004;0.9470352418832818
3298;400804;AT000B122155;3110136.575;1.857674686;1.857674686;1647.273844;-38649.001469;;0.0;0.0;3110136.575;6.0;AT000B122155;Bond;3110136.575;3071487.5735310004;0.0025;1.8530609044231554;0.004;1.8502926354770488
3299;400804;BE0000346552;8890465.754;7.367802949;7.367802949;56723.87637;-269808.15136;;0.0;0.0;8890465.754;10.0;BE0000346552;Bond;8890465.754;8620657.602640001;0.0025;7.344006643670241;0.0015;7.353525165802145
3300;400804;BE0000351602;18918000.0;2.506624876;2.506624876;16526.68151;-193844.71232;;0.0;0.0;18918000.0;10.0;BE0000351602;Bond;18918000.0;18724155.28768;0.0025;2.500492906739587;0.0015;2.5029456944437523
3301;400804;BE0000352618;12501000.0;6.381909938;6.381909938;58674.53633;-328245.43564;;0.0;0.0;12501000.0;10.0;BE0000352618;Bond;12501000.0;12172754.56436;0.0025;6.366392188656697;0.0015;6.372599288394018
3302;400804;BE0000355645;5843164.383;20.3892844;20.3892844;306004.7309;-489793.2816;;0.0;0.0;5843164.383;10.0;BE0000355645;Bond;5843164.383;5353371.1014;0.0025;20.119349345130335;0.0015;20.227323367078203
3303;400804;BE0000356650;14088636.99;11.01373813;11.01373813;211711.2144;-638247.1604;;0.0;0.0;14088636.99;10.0;BE0000356650;Bond;14088636.99;13450389.8296;0.0025;10.94131695187595;0.0015;10.970285423125569
3304;400804;BE0000358672;9112958.904;17.29964049;17.29964049;384065.5;-643690.9859999999;;0.0;0.0;9112958.904;10.0;BE0000358672;Bond;9112958.904;8469267.918;0.0025;16.99420981246498;0.0015;17.11638208347899
3305;400804;BE0000360694;14741897.26;8.119554607;8.119554607;117454.5936;-493252.65760000004;;0.0;0.0;14741897.26;10.0;BE0000360694;Bond;14741897.26;14248644.6024;0.0025;8.08518752221568;0.0015;8.098934356129408
3306;400804;BE0000361700;9407410.959;17.34702711;17.34702711;404720.4929;-666318.3544;;0.0;0.0;9407410.959;10.0;BE0000361700;Bond;9407410.959;8741092.604600001;0.0025;17.023789146993614;0.0015;17.15308433219617
3307;400804;BE0000362716;20384712.33;4.200737255;4.200737255;45692.58065;-351292.91156000004;;0.0;0.0;20384712.33;10.0;BE0000362716;Bond;20384712.33;20033419.41844;0.0025;4.188814934610595;0.0015;4.193583862766357
3308;400804;BE0002251206;2055539.452;1.049312806;1.049312806;441.1757448;-26692.192776;;0.0;0.0;2055539.452;6.0;BE0002251206;Bond;2055539.452;2028847.2592240002;0.0025;1.0466997564261098;0.0095;1.0393832176192173
3309;400804;BE0002256254;2948592.329;1.262945287;1.262945287;835.0045055;-22990.213608000002;;0.0;0.0;2948592.329;5.0;BE0002256254;Bond;2948592.329;2925602.115392;0.0025;1.2598531763649004;0.0035;1.2586163321108605
3310;400804;BE0002601798;1983493.699;1.234361968;1.234361968;543.0863963;-14691.49167;;0.0;0.0;1983493.699;6.0;BE0002601798;Bond;1983493.699;1968802.2073300001;0.0025;1.2313260182956187;0.0035;1.2301116384138664
3311;400804;BE0002755362;2533575.206;5.451525003;5.451525003;8902.713628;-82655.44506;;0.0;0.0;2533575.206;6.0;BE0002755362;Bond;2533575.206;2450919.76094;0.0025;5.4379754758709185;0.0035;5.432555665019286
3312;400804;BE0002819002;2889606.164;1.632135322;1.632135322;1229.300395;-58301.452476000006;;0.0;0.0;2889606.164;6.0;BE0002819002;Bond;2889606.164;2831304.711524;0.0025;1.628159450449118;0.0095;1.6170270101066477
3313;400804;BE0002831122;2510143.973;6.289823356;6.289823356;11601.91367;-94408.88358;;0.0;0.0;2510143.973;6.0;BE0002831122;Bond;2510143.973;2415735.08942;0.0025;6.273177769496967;0.0035;6.266519534895753
3314;400804;BE0002900810;3117277.397;1.563098031;1.563098031;1246.97128;-32583.012709;;0.0;0.0;3117277.397;7.0;BE0002900810;Bond;3117277.397;3084694.3842909997;0.0025;1.559205735871194;0.004;1.5568703587939103
3315;400804;BE0002914951;3237482.877;2.704687094;2.704687094;3378.90387;-109043.803992;;0.0;0.0;3237482.877;6.0;BE0002914951;Bond;3237482.877;3128439.073008;0.0025;2.696883364915268;0.0095;2.675032923478017
3316;400804;BE0002990712;3233363.014;4.248782158;4.248782158;7738.205344;-171240.31464;;0.0;0.0;3233363.014;7.0;BE0002990712;Bond;3233363.014;3062122.69936;0.0025;4.234081597170105;0.0095;4.192920026846401
3317;400804;BE0390128917;2090045.479;7.202555979;7.202555979;13703.78345;-92534.46102;;0.0;0.0;2090045.479;7.0;BE0390128917;Bond;2090045.479;1997511.01798;0.0025;7.16833072279874;0.0035;7.1546406203182356
3318;400804;BE0390130939;3286746.575;4.205758219;4.205758219;7774.975417;-173078.70528;;0.0;0.0;3286746.575;4.0;BE0390130939;Bond;3286746.575;3113667.8697200003;0.0025;4.190840382786221;0.0095;4.149070441387639
3319;400804;BE0974365976;4871044.521;1.173995412;1.173995412;1229.275903;-38219.9597455;;0.0;0.0;4871044.521;6.0;BE0974365976;Bond;4871044.521;4832824.5612544995;0.0025;1.1711319770008177;0.004;1.1694139160013082
3320;400804;BE6277215545;3075000.0;2.075849945;2.075849945;1986.795015;-79296.76746;;0.0;0.0;3075000.0;3.0;BE6277215545;Bond;3075000.0;2995703.23254;0.0025;2.070470022485391;0.0095;2.0554062394444865
3321;400804;BE6328904428;2575047.945;5.433822358;5.433822358;9214.52491;-175256.17884;;0.0;0.0;2575047.945;5.0;BE6328904428;Bond;2575047.945;2399791.7661599996;0.0025;5.418178680340816;0.0095;5.374376382895102
3322;400804;BE6334364708;2975126.712;2.924397649;4.462314829;2678.410254;-152895.483515;;0.0;0.0;2975126.712;5.0;BE6334364708;Bond;2975126.712;2822231.228485;0.0025;2.9232712124414317;0.0095;4.565955814301989
3323;400804;BE6340794013;3276801.37;2.670960095;2.670960095;3358.557559;-109048.130436;;0.0;0.0;3276801.37;6.0;BE6340794013;Bond;3276801.37;3167753.239564;0.0025;2.6631714146122376;0.0095;2.641363109526503
3324;400804;BE6344187966;3184410.0;2.903119266;2.903119266;3719.984161;-61854.75953150001;;0.0;0.0;3184410.0;7.0;BE6344187966;Bond;3184410.0;3122555.2404685;0.0025;2.8949848619820084;0.004;2.8901042195712137
3325;400804;BE6349118800;2985518.219;8.561576908;8.561576908;26947.56174;-157446.86598;;0.0;0.0;2985518.219;7.0;BE6349118800;Bond;2985518.219;2828071.3530200003;0.0025;8.519176108997133;0.0035;8.502215789395986
3326;400804;BE6350792089;3135517.397;5.394732703;5.394732703;11535.85694;-103799.30645999999;;0.0;0.0;3135517.397;7.0;BE6350792089;Bond;3135517.397;3031718.09054;0.0025;5.375513255590516;0.0035;5.367825476626723
3327;400804;BE6352762387;3152967.945;4.559508696;4.559508696;8419.405506;-96376.301775;;0.0;0.0;3152967.945;7.0;BE6352762387;Bond;3152967.945;3056591.643225;0.0025;4.544723715750584;0.004;4.535852727600934
3328;400804;CH1142231682;2959391.096;0.578611646;0.578611646;265.729605;-11436.222303999999;;0.0;0.0;2959391.096;6.0;CH1142231682;Bond;2959391.096;2947954.873696;0.0025;0.5772038249325915;0.004;0.5763591322921463
3329;400804;CSH_EUR_DB;-3568360.84;0.0;0.0;0.0;0.0;;0.0;0.0;-3568360.84;;;Cash;-3568360.84;-3568360.84;0.0;0.0;0.0;0.0
3330;400804;DE0001030724;7044149.999;24.63064304;24.63064304;444187.4765;-715454.0515999999;;0.0;0.0;7044149.999;10.0;DE0001030724;Bond;7044149.999;6328695.9474;0.0025;24.570873475173876;0.0015;24.594781301104323
3331;400804;DE0001030732;17183000.0;6.225324102;6.225324102;77037.39733;-438378.3452;;0.0;0.0;17183000.0;10.0;DE0001030732;Bond;17183000.0;16744621.6548;0.0025;6.2101270107595345;0.0015;6.21620584725572
3332;400804;DE0001030757;7732538.356;20.48566996;20.48566996;408670.8577;-648847.0519999999;;0.0;0.0;7732538.356;10.0;DE0001030757;Bond;7732538.356;7083691.304;0.0025;20.21355658105294;0.0015;20.322401932631763
3333;400804;DE0001102440;9578027.397;2.806756782;2.806756782;10203.16401;-109732.87136000002;;0.0;0.0;9578027.397;10.0;DE0001102440;Bond;9578027.397;9468294.52564;0.0025;2.799819796510125;0.0015;2.8025945907060748
3334;400804;DE0001102622;20012093.15;4.326985819;4.326985819;47027.87897;-354383.16604;;0.0;0.0;20012093.15;10.0;DE0001102622;Bond;20012093.15;19657709.98396;0.0025;4.315043509202346;0.0015;4.319820433121408
3335;400804;DE0001135069;11075734.25;2.562244972;2.562244972;10292.56964;-115876.8266;;0.0;0.0;11075734.25;10.0;DE0001135069;Bond;11075734.25;10959857.4234;0.0025;2.5554254689799927;0.0015;2.5581532701879954
3336;400804;DE0001135143;23824120.55;4.164604137;4.164604137;53910.59159;-406050.70480000007;;0.0;0.0;23824120.55;10.0;DE0001135143;Bond;23824120.55;23418069.845200002;0.0025;4.151392516737247;0.0015;4.156677164842349
3337;400804;DE0001135325;17692025.34;10.62093499;10.62093499;254830.0057;-769730.5916;;0.0;0.0;17692025.34;10.0;DE0001135325;Bond;17692025.34;16922294.7484;0.0025;10.542854015817062;0.0015;10.574086405490236
3338;400804;DE0001135481;14091047.26;14.58696885;14.58696885;372388.2558;-842603.5911999999;;0.0;0.0;14091047.26;10.0;DE0001135481;Bond;14091047.26;13248443.6688;0.0025;14.458235637994568;0.0015;14.50972892279674
3339;400804;DE000A14J9N8;5069465.342;0.260256979;0.260256979;162.22651;-16333.400663999997;;0.0;0.0;5069465.342;6.0;DE000A14J9N8;Bond;5069465.342;5053131.941336;0.0025;0.2596262953904696;0.0095;0.25786038128378463
3340;400804;DE000A254TM8;2802621.452;4.766754203;4.766754203;7938.299438;-166490.35344;;0.0;0.0;2802621.452;7.0;DE000A254TM8;Bond;2802621.452;2636131.09856;0.0025;4.752747689464356;0.0095;4.713529451564556
3341;400804;DE000A289N78;2883339.041;1.855040497;1.855040497;1519.205478;-66675.875292;;0.0;0.0;2883339.041;4.0;DE000A289N78;Bond;2883339.041;2816663.1657080003;0.0025;1.8504711593564198;0.0095;1.8376770139543954
3342;400804;DE000A2DAHN6;3060762.904;2.158507515;2.158507515;2109.594872;-81829.226976;;0.0;0.0;3060762.904;7.0;DE000A2DAHN6;Bond;3060762.904;2978933.6770240003;0.0025;2.1529244454449863;0.0095;2.137291850690947
3343;400804;DE000A2YNZX6;1792375.89;4.637083332;4.637083332;4699.508467;-51440.308524;;0.0;0.0;1792375.89;6.0;DE000A2YNZX6;Bond;1792375.89;1740935.581476;0.0025;4.625291096940514;0.0035;4.62057420291672
3344;400804;DE000A30VTT8;3178706.301;3.079024789;3.079024789;4115.09312;-121660.35624000001;;0.0;0.0;3178706.301;8.0;DE000A30VTT8;Bond;3178706.301;3057045.94476;0.0025;3.0703612454687357;0.0095;3.0461033235811956
3345;400804;DE000A3823H4;3140646.986;7.631761654;7.631761654;23060.07767;-287814.83243999997;;0.0;0.0;3140646.986;7.0;DE000A3823H4;Bond;3140646.986;2852832.15356;0.0025;7.593809596560912;0.0095;7.487543835731466
3346;400804;DE000A382988;3031768.767;5.00999376;5.00999376;9500.792513;-94096.98198;;0.0;0.0;3031768.767;8.0;DE000A382988;Bond;3031768.767;2937671.78502;0.0025;4.994400209736639;0.0035;4.988162789631295
3347;400804;DE000A3MQQV5;2873691.781;2.991564358;2.991564358;3470.93467;-107290.15468799998;;0.0;0.0;2873691.781;5.0;DE000A3MQQV5;Bond;2873691.781;2766401.6263119997;0.0025;2.983742220593966;0.0095;2.9618402358570703
3348;400804;DE000A4DE9Y3;2976910.274;4.395486904;4.395486904;7253.587194;-88168.63042;;0.0;0.0;2976910.274;7.0;DE000A4DE9Y3;Bond;2976910.274;2888741.6435800004;0.0025;4.3828722668936875;0.004;4.3753034846299
3349;400804;DE000BLB6JJ0;1842775.616;2.777480098;2.777480098;1919.470114;-34279.018774;;0.0;0.0;1842775.616;6.0;DE000BLB6JJ0;Bond;1842775.616;1808496.597226;0.0025;2.7707256119705503;0.004;2.766672920352881
3350;400804;DE000BU25034;20555766.79;4.17976059;4.17976059;45756.25789;-351599.15871999995;;0.0;0.0;20555766.79;10.0;DE000BU25034;Bond;20555766.79;20204167.631279998;0.0025;4.167787655498558;0.0015;4.172576829299135
3351;400804;DE000BU2Z049;19718654.3;8.584389429;8.584389429;172600.465;-694730.5095999999;;0.0;0.0;19718654.3;10.0;DE000BU2Z049;Bond;19718654.3;19023923.790400002;0.0025;8.549789873780131;0.0015;8.563629695868078
3352;400804;DE000BU3Z005;9834226.028;7.087781504;7.087781504;58742.35356;-285947.42903999996;;0.0;0.0;9834226.028;10.0;DE000BU3Z005;Bond;9834226.028;9548278.598960001;0.0025;7.064041710623139;0.0015;7.073537627973883
3353;400804;DE000CZ45Y55;2957002.603;5.656040284;5.656040284;11756.61394;-209127.99047999998;;0.0;0.0;2957002.603;6.0;DE000CZ45Y55;Bond;2957002.603;2747874.61252;0.0025;5.636620885227046;0.0095;5.5822465686627725
3354;400804;DE000CZ45ZA0;3000233.836;5.0965712;5.0965712;9718.109717;-103067.39683499999;;0.0;0.0;3000233.836;7.0;DE000CZ45ZA0;Bond;3000233.836;2897166.4391650003;0.0025;5.080530859202204;0.004;5.070906654723527
3355;400804;DE000DL19WL7;2938047.945;1.825947881;1.825947881;1504.909297;-35955.3912575;;0.0;0.0;2938047.945;7.0;DE000DL19WL7;Bond;2938047.945;2902092.5537425;0.0025;1.8214777451016104;0.004;1.8187956635625768
3356;400804;DE000LB2CLH7;1947134.247;1.291127787;1.291127787;570.2756667;-16769.054393;;0.0;0.0;1947134.247;5.0;DE000LB2CLH7;Bond;1947134.247;1930365.192607;0.0025;1.2879733273937313;0.004;1.28608065162997
3357;400804;ES0000012A89;19731420.8;2.490282128;2.490282128;17176.34717;-200929.78340000001;;0.0;0.0;19731420.8;10.0;ES0000012A89;Bond;19731420.8;19530491.0166;0.0025;2.484023206514774;0.0015;2.486526775108864
3358;400804;ES0000012F43;13761782.88;4.409293422;4.409293422;32913.62278;-249137.69872;;0.0;0.0;13761782.88;10.0;ES0000012F43;Bond;13761782.88;13512645.18128;0.0025;4.39810638040882;0.0015;4.402581197045293
3359;400804;ES0000012G00;7976654.794;20.29095213;20.29095213;389741.7407;-666062.8400000001;;0.0;0.0;7976654.794;10.0;ES0000012G00;Bond;7976654.794;7310591.954;0.0025;20.09875149319071;0.0015;20.175631747914426
3360;400804;ES0000012G26;9738879.452;2.257591014;2.257591014;7152.291726;-89878.81304000001;;0.0;0.0;9738879.452;10.0;ES0000012G26;Bond;9738879.452;9649000.63896;0.0025;2.251972656393338;0.0015;2.254219999436003
3361;400804;ES0000012H41;8509578.082;5.892650773;5.892650773;34507.86751;-206313.17424000002;;0.0;0.0;8509578.082;10.0;ES0000012H41;Bond;8509578.082;8303264.907760001;0.0025;5.878079615633723;0.0015;5.883908078580234
3362;400804;ES0000012I08;18752800.0;2.774691841;2.774691841;19524.23467;-212908.50192;;0.0;0.0;18752800.0;10.0;ES0000012I08;Bond;18752800.0;18539891.49808;0.0025;2.76791070204956;0.0015;2.770623157629736
3363;400804;ES0000012I32;12902077.4;6.289477964;6.289477964;59521.36502;-334068.35443999997;;0.0;0.0;12902077.4;10.0;ES0000012I32;Bond;12902077.4;12568009.04556;0.0025;6.273038887120906;0.0015;6.2796145178725435
3364;400804;ES0000012J07;9779773.973;14.84373302;14.84373302;247477.3414;-600263.9820000001;;0.0;0.0;9779773.973;10.0;ES0000012J07;Bond;9779773.973;9179509.990999999;0.0025;14.76194863332506;0.0015;14.794662387995036
3365;400804;ES0000012K46;9815254.109;18.97488832;18.97488832;456790.8139;-760835.9608;;0.0;0.0;9815254.109;10.0;ES0000012K46;Bond;9815254.109;9054418.1482;0.0025;18.71153259062315;0.0015;18.81687488237389
3366;400804;ES0000012K53;14012069.18;4.142738298;4.142738298;30032.6918;-238263.55756000002;;0.0;0.0;14012069.18;10.0;ES0000012K53;Bond;14012069.18;13773805.62244;0.0025;4.132060386319483;0.0015;4.13633155099169
3367;400804;ES0000012L60;20922424.66;10.61358816;10.61358816;300792.232;-913310.4236000001;;0.0;0.0;20922424.66;10.0;ES0000012L60;Bond;20922424.66;20009114.2364;0.0025;10.535795106503134;0.0015;10.56691232790188
3368;400804;ES0000012M85;20576575.34;7.535838236;7.535838236;144937.2159;-639077.0347999999;;0.0;0.0;20576575.34;10.0;ES0000012M85;Bond;20576575.34;19937498.3052;0.0025;7.501715460354252;0.0015;7.515364570612552
3369;400804;ES0000012N35;20497852.05;7.95663527;7.95663527;158991.1239;-672138.0547999999;;0.0;0.0;20497852.05;10.0;ES0000012N35;Bond;20497852.05;19825713.9952;0.0025;7.92099344982343;0.0015;7.9352501778940585
3370;400804;ES0000012N43;15499099.32;5.57518649;5.57518649;59890.06191;-355408.76044;;0.0;0.0;15499099.32;10.0;ES0000012N43;Bond;15499099.32;15143690.55956;0.0025;5.556290763532573;0.0015;5.563849054119544
3371;400804;ES0000012O00;20135687.67;4.464568093;4.464568093;50246.99381;-369188.84056000004;;0.0;0.0;20135687.67;10.0;ES0000012O00;Bond;20135687.67;19766498.82944;0.0025;4.452013518503942;0.0015;4.457035348302365
3372;400804;ES0000101966;4858392.192;2.253743799;2.253743799;3556.938899;-44820.74548;;0.0;0.0;4858392.192;6.0;ES0000101966;Bond;4858392.192;4813571.44652;0.0025;2.2481391358753737;0.0015;2.2503810011252243
3373;400804;ES0213679OP3;3267236.301;4.656663194;4.656663194;9147.219056;-102373.698115;;0.0;0.0;3267236.301;6.0;ES0213679OP3;Bond;3267236.301;3164862.602885;0.0025;4.640882451845383;0.004;4.631414006552613
3374;400804;ES0224244105;2963778.082;4.452866928;4.452866928;7526.873848;-164521.69092;;0.0;0.0;2963778.082;6.0;ES0224244105;Bond;2963778.082;2799256.39108;0.0025;4.438946456018792;0.0095;4.39996913447141
3375;400804;ES0413679525;2075855.726;2.912298287;2.912298287;2423.634986;-40363.5724245;;0.0;0.0;2075855.726;6.0;ES0413679525;Bond;2075855.726;2035492.1535755;0.0025;2.904313605996498;0.004;2.8995227973943964
3376;400804;ES0413860596;1961678.602;1.992629486;1.992629486;1169.835206;-26024.918634;;0.0;0.0;1961678.602;7.0;ES0413860596;Bond;1961678.602;1935653.683366;0.0025;1.9876473174132994;0.004;1.9846580162612792
3377;400804;EU000A2SCAE8;5116821.233;2.826323107;2.826323107;5647.979284;-59268.81704000001;;0.0;0.0;5116821.233;9.0;EU000A2SCAE8;Bond;5116821.233;5057552.41596;0.0025;2.8186982063815647;0.0015;2.8217481666289386
3378;400804;EU000A2SCAN9;4944466.438;7.686606376;7.686606376;35041.068;-156500.61052;;0.0;0.0;4944466.438;9.0;EU000A2SCAN9;Bond;4944466.438;4787965.82748;0.0025;7.657143018713133;0.0015;7.66892836162788
3379;400804;EU000A3K4C42;7169927.397;11.15489071;11.15489071;98595.08691;-206609.14870000002;;0.0;0.0;7169927.397;10.0;EU000A3K4C42;Bond;7169927.397;6963318.2483;0.0025;11.122189742123542;0.0;11.15489071
3380;400804;EU000A3K4D41;5155905.479;7.718565228;7.718565228;37834.85283;-102451.133775;;0.0;0.0;5155905.479;10.0;EU000A3K4D41;Bond;5155905.479;5053454.345225001;0.0025;7.684051882560387;0.0;7.718565228
3381;400804;EU000A3K4DG1;4106421.37;15.03607567;15.03607567;107400.7523;-159225.567225;;0.0;0.0;4106421.37;10.0;EU000A3K4DG1;Bond;4106421.37;3947195.802775;0.0025;14.947426028228783;0.0;15.03607567
3382;400804;EU000A3K4DM9;4968332.877;16.13554725;16.13554725;164878.3668;-204943.28225;;0.0;0.0;4968332.877;10.0;EU000A3K4DM9;Bond;4968332.877;4763389.59475;0.0025;15.956790626125459;0.0;16.13554725
3383;400804;EU000A3K4DW8;4935819.178;6.9238986;6.9238986;28440.34268;-87940.21955;;0.0;0.0;4935819.178;10.0;EU000A3K4DW8;Bond;4935819.178;4847878.958450001;0.0025;6.899698756756076;0.0;6.9238986
3384;400804;EU000A3K4DY4;4268545.89;17.74775139;17.74775139;180481.7699;-192889.47885;;0.0;0.0;4268545.89;10.0;EU000A3K4DY4;Bond;4268545.89;4075656.4111499996;0.0025;17.478163285946245;0.0;17.74775139
3385;400804;EU000A3K4ES4;4964032.192;8.190514772;8.190514772;40246.2071;-104695.0523;;0.0;0.0;4964032.192;10.0;EU000A3K4ES4;Bond;4964032.192;4859337.1397;0.0025;8.155537010607151;0.0;8.190514772
3386;400804;EU000A3K4EU0;5467183.562;16.28433799;16.28433799;192053.0686;-226864.9457;;0.0;0.0;5467183.562;10.0;EU000A3K4EU0;Bond;5467183.562;5240318.6163;0.0025;16.069078715316994;0.0;16.28433799
3387;400804;EU000A3K4EY2;4605482.192;17.54180843;17.54180843;198034.8755;-205356.07932500003;;0.0;0.0;4605482.192;10.0;EU000A3K4EY2;Bond;4605482.192;4400126.112675;0.0025;17.236100699083618;0.0;17.54180843
3388;400804;EU000A3KSXE1;4206200.0;6.089761038;6.089761038;18090.4803;-65858.72055;;0.0;0.0;4206200.0;10.0;EU000A3KSXE1;Bond;4206200.0;4140341.27945;0.0025;6.0749513053878195;0.0;6.089761038
3389;400804;EU000A3LS460;4939376.712;7.653495619;7.653495619;34677.82711;-97230.330425;;0.0;0.0;4939376.712;10.0;EU000A3LS460;Bond;4939376.712;4842146.3815750005;0.0025;7.624418385208305;0.0;7.653495619
3390;400804;FI4000278551;9624086.301;2.392329874;2.392329874;7784.319422;-94121.68896;;0.0;0.0;9624086.301;9.0;FI4000278551;Bond;9624086.301;9529964.61204;0.0025;2.38641704851111;0.0015;2.388782178706666
3391;400804;FI4000369467;18394772.6;4.300818568;4.300818568;42017.15971;-324898.82748;;0.0;0.0;18394772.6;9.0;FI4000369467;Bond;18394772.6;18069873.772520002;0.0025;4.289956413335549;0.0015;4.294301275201329
3392;400804;FI4000507231;8462946.575;6.257802632;6.257802632;38396.74286;-217783.63603999995;;0.0;0.0;8462946.575;10.0;FI4000507231;Bond;8462946.575;8245162.938959999;0.0025;6.242276819981375;0.0015;6.248487144788824
3393;400804;FI4000571104;10091717.81;7.994434371;7.994434371;78413.34759;-332107.74188;;0.0;0.0;10091717.81;10.0;FI4000571104;Bond;10091717.81;9759610.06812;0.0025;7.9599600886742445;0.0015;7.973749801604546
3394;400804;FI4000586284;9621379.452;14.38015572;14.38015572;252628.2224;-567343.98;;0.0;0.0;9621379.452;9.0;FI4000586284;Bond;9621379.452;9054035.472;0.0025;14.240703794246299;0.0015;14.296484564547779
3395;400804;FR0011225143;2057816.164;1.894381413;1.894381413;1125.601936;-24008.164859999997;;0.0;0.0;2057816.164;7.0;FR0011225143;Bond;2057816.164;2033807.9991400002;0.0025;1.8896784009109793;0.0035;1.887797196075371
3396;400804;FR0011317783;15352931.51;2.435513824;2.435513824;12947.7133;-172100.38014;;0.0;0.0;15352931.51;10.0;FR0011317783;Bond;15352931.51;15180831.12986;0.0025;2.4292596884954216;0.002;2.430510515596337
3397;400804;FR0011858323;5109441.781;1.018092017;1.018092017;1048.629317;-23970.889098;;0.0;0.0;5109441.781;6.0;FR0011858323;Bond;5109441.781;5085470.891902001;0.0025;1.015552454476175;0.002;1.0160603669809398
3398;400804;FR0011949403;2068730.137;0.173155294;0.173155294;40.50501268;-4488.8610096;;0.0;0.0;2068730.137;2.0;FR0011949403;Bond;2068730.137;2064241.2759904;0.0025;0.17274075963170818;0.0095;0.17158006340049112
3399;400804;FR0012685691;4847780.822;1.994968522;1.994968522;2887.974365;-44586.778059000004;;0.0;0.0;4847780.822;6.0;FR0012685691;Bond;4847780.822;4803194.043941;0.0025;1.9900249901042264;0.002;1.9910136964833811
3400;400804;FR0012993103;14028595.89;5.66665951;5.66665951;54501.99925;-368230.37570999993;;0.0;0.0;14028595.89;10.0;FR0012993103;Bond;14028595.89;13660365.514290001;0.0025;5.649810473623195;0.002;5.653180280898556
3401;400804;FR0013066388;3172489.726;1.999697941;1.999697941;1939.277998;-78776.644704;;0.0;0.0;3172489.726;5.0;FR0013066388;Bond;3172489.726;3093713.0812959997;0.0025;1.9944129326295428;0.0095;1.9796149091922628
3402;400804;FR0013067196;3054236.301;1.120125631;1.120125631;721.7247465;-42510.079812;;0.0;0.0;3054236.301;5.0;FR0013067196;Bond;3054236.301;3011726.221188;0.0025;1.1173547632903145;0.0095;1.109596333703195
3403;400804;FR0013152899;1958431.507;1.503092917;1.503092917;731.0068496;-17689.510722;;0.0;0.0;1958431.507;6.0;FR0013152899;Bond;1958431.507;1940741.996278;0.0025;1.4994096032588615;0.0035;1.4979362777624061
3404;400804;FR0013155009;2054934.247;1.003937102;1.003937102;413.0184106;-25456.833371999997;;0.0;0.0;2054934.247;6.0;FR0013155009;Bond;2054934.247;2029477.413628;0.0025;1.0014321106146662;0.0095;0.9944181347357316
3405;400804;FR0013173028;2062398.904;1.106709685;1.106709685;480.3996267;-28179.03372;;0.0;0.0;2062398.904;5.0;FR0013173028;Bond;2062398.904;2034219.8702800001;0.0025;1.103948389602166;0.0095;1.0962167624882306
3406;400804;FR0013201431;2005387.671;1.392721482;1.392721482;664.6729389;-34568.49984;;0.0;0.0;2005387.671;5.0;FR0013201431;Bond;2005387.671;1970819.1711600001;0.0025;1.3892845744442106;0.0095;1.3796612332880003
3407;400804;FR0013234333;16061534.25;11.84582139;11.84582139;267433.755;-883512.0706499999;;0.0;0.0;16061534.25;10.0;FR0013234333;Bond;16061534.25;15178022.17935;0.0025;11.780365765925774;0.002;11.793456890740618
3408;400804;FR0013245867;2891983.151;2.857817309;2.857817309;3186.375915;-49563.385566;;0.0;0.0;2891983.151;7.0;FR0013245867;Bond;2891983.151;2842419.765434;0.0025;2.8506902045635294;0.0035;2.8478393627889416
3409;400804;FR0013254273;1945981.644;2.02396935;2.02396935;1188.709098;-26221.100554999997;;0.0;0.0;1945981.644;8.0;FR0013254273;Bond;1945981.644;1919760.5434450002;0.0025;2.0189391500347647;0.004;2.015921030055624
3410;400804;FR0013298676;1947321.096;2.533510607;2.533510607;1744.112248;-29584.050192000002;;0.0;0.0;1947321.096;6.0;FR0013298676;Bond;1947321.096;1917737.0458079998;0.0025;2.5271661226271136;0.0035;2.524628328877959
3411;400804;FR0013312154;2923160.959;2.65563444;2.65563444;2843.275052;-96828.92084400001;;0.0;0.0;2923160.959;6.0;FR0013312154;Bond;2923160.959;2826332.038156;0.0025;2.648948640786366;0.0095;2.63022840298819
3412;400804;FR0013313582;16974328.77;8.269323222;8.269323222;135325.1439;-652271.6745;;0.0;0.0;16974328.77;10.0;FR0013313582;Bond;16974328.77;16322057.0955;0.0025;8.24096895350774;0.002;8.246639807206192
3413;400804;FR0013330099;2925222.329;2.86414573;2.86414573;3273.644849;-50251.538237999994;;0.0;0.0;2925222.329;7.0;FR0013330099;Bond;2925222.329;2874970.790762;0.0025;2.856676312988344;0.0035;2.853688546183681
3414;400804;FR0013343175;1734557.26;7.443478614;7.443478614;11307.84583;-60061.155524999995;;0.0;0.0;1734557.26;6.0;FR0013343175;Bond;1734557.26;1674496.104475;0.0025;7.419013199698104;0.002;7.423906282558483
3415;400804;FR0013381704;3006821.918;0.62024165;0.62024165;296.1014434;-23131.9341;;0.0;0.0;3006821.918;5.0;FR0013381704;Bond;3006821.918;2983689.9839;0.0025;0.6187414855571237;0.0095;0.6145410251170702
3416;400804;FR0013384567;2869070.548;3.481344991;3.481344991;4502.044457;-61678.88124;;0.0;0.0;2869070.548;6.0;FR0013384567;Bond;2869070.548;2807391.66676;0.0025;3.472415278850713;0.0035;3.468843393990998
3417;400804;FR0013403433;1930495.89;1.84056183;1.84056183;1001.796532;-23657.682542;;0.0;0.0;1930495.89;7.0;FR0013403433;Bond;1930495.89;1906838.207458;0.0025;1.8360576939425184;0.004;1.8333552123080292
3418;400804;FR0013404969;4678797.945;18.57429095;18.57429095;201277.5548;-402194.90124000004;;0.0;0.0;4678797.945;10.0;FR0013404969;Bond;4678797.945;4276603.04376;0.0025;18.361324811951064;0.002;18.403918039560853
3419;400804;FR0013407236;9231465.753;3.99478674;3.99478674;18463.89217;-170344.71378;;0.0;0.0;9231465.753;10.0;FR0013407236;Bond;9231465.753;9061121.03922;0.0025;3.984679941143174;0.002;3.986701300914539
3420;400804;FR0013422490;2924527.808;1.192984409;1.192984409;757.5645011;-16136.134685999998;;0.0;0.0;2924527.808;6.0;FR0013422490;Bond;2924527.808;2908391.673314;0.0025;1.1900664828004726;0.002;1.190650068040378
3421;400804;FR0013425162;2843285.342;3.886416653;3.886416653;5503.928746;-137439.39024;;0.0;0.0;2843285.342;7.0;FR0013425162;Bond;2843285.342;2705845.95176;0.0025;3.875783144811717;0.0095;3.8460093218845244
3422;400804;FR0013428513;2114672.877;12.00160403;12.00160403;35690.33429;-155679.03108;;0.0;0.0;2114672.877;7.0;FR0013428513;Bond;2114672.877;1958993.8459199998;0.0025;11.939763454360111;0.0035;11.915027224104156
3423;400804;FR0013431277;2695528.767;5.690015371;5.690015371;10567.18059;-190779.71328000003;;0.0;0.0;2695528.767;7.0;FR0013431277;Bond;2695528.767;2504749.05372;0.0025;5.672949493514166;0.0095;5.625165036553831
3424;400804;FR0013433596;1945649.041;1.247512237;1.247512237;539.8974445;-16217.9904185;;0.0;0.0;1945649.041;6.0;FR0013433596;Bond;1945649.041;1929431.0505815;0.0025;1.2444657130494325;0.004;1.242637798679092
3425;400804;FR0013451507;17702000.0;4.534326261;4.534326261;44214.44597;-371232.76437000005;;0.0;0.0;17702000.0;10.0;FR0013451507;Bond;17702000.0;17330767.23563;0.0025;4.523283820834824;0.002;4.525492308867859
3426;400804;FR0013463668;1887987.945;2.580729398;2.580729398;1735.630833;-29233.892381999998;;0.0;0.0;1887987.945;8.0;FR0013463668;Bond;1887987.945;1858754.052618;0.0025;2.574397262017856;0.0035;2.5718644076249983
3427;400804;FR0013463775;4592671.233;4.823246894;4.823246894;13258.72516;-276845.4738;;0.0;0.0;4592671.233;6.0;FR0013463775;Bond;4592671.233;4315825.7592;0.0025;4.809232894387232;0.0095;4.769993695471477
3428;400804;FR0013476611;2886934.932;1.723500831;1.723500831;1341.506496;-61773.60444;;0.0;0.0;2886934.932;7.0;FR0013476611;Bond;2886934.932;2825161.32756;0.0025;1.7193099205360245;0.0095;1.7075753712368933
3429;400804;FR0013478047;1916877.26;1.771444162;1.771444162;933.2094297;-22596.8699775;;0.0;0.0;1916877.26;6.0;FR0013478047;Bond;1916877.26;1894280.3900225;0.0025;1.7671182384201225;0.004;1.7645226842721962
3430;400804;FR0013479748;2876783.425;1.783994967;1.783994967;1416.49775;-30790.848894;;0.0;0.0;2876783.425;6.0;FR0013479748;Bond;2876783.425;2845992.5761059998;0.0025;1.7796418263632567;0.0035;1.7779005701085595
3431;400804;FR0013484458;2869043.836;1.831516624;1.831516624;1474.255268;-35158.7854345;;0.0;0.0;2869043.836;8.0;FR0013484458;Bond;2869043.836;2833885.0505655003;0.0025;1.8270565321918304;0.004;1.8243804771069285
3432;400804;FR0013486834;2792153.836;2.80398629;2.80398629;2962.534778;-50885.044028000004;;0.0;0.0;2792153.836;4.0;FR0013486834;Bond;2792153.836;2741268.791972;0.0025;2.797116604524069;0.004;2.7929947932385106
3433;400804;FR0013507647;1797877.808;4.805150574;4.805150574;5051.892156;-53376.091962;;0.0;0.0;1797877.808;8.0;FR0013507647;Bond;1797877.808;1744501.716038;0.0025;4.792626263194637;0.0035;4.787616538872492
3434;400804;FR0013508686;1948133.699;1.514358792;1.514358792;735.6827436;-18147.740256;;0.0;0.0;1948133.699;7.0;FR0013508686;Bond;1948133.699;1929985.958744;0.0025;1.5106511326915921;0.0035;1.5091680689682292
3435;400804;FR0013508710;2852178.082;2.884161021;2.884161021;3211.871955;-55290.1803025;;0.0;0.0;2852178.082;8.0;FR0013508710;Bond;2852178.082;2796887.9016975;0.0025;2.8768041830689564;0.004;2.8723900803103297
3436;400804;FR0013509643;3038201.918;2.747080665;2.747080665;3195.301856;-50061.11679;;0.0;0.0;3038201.918;6.0;FR0013509643;Bond;3038201.918;2988140.80121;0.0025;2.7396540905686675;0.0035;2.7366834607961343
3437;400804;FR0013516184;3030814.932;0.175017006;0.175017006;60.62520486;-6576.453220799999;;0.0;0.0;3030814.932;5.0;FR0013516184;Bond;3030814.932;3024238.4787792;0.0025;0.1745935099170681;0.0095;0.17340772088485873
3438;400804;FR0013521382;1724270.411;5.086130793;5.086130793;5321.978995;-40664.6054325;;0.0;0.0;1724270.411;6.0;FR0013521382;Bond;1724270.411;1683605.8055675002;0.0025;5.073639842743221;0.002;5.076138032794576
3439;400804;FR0013532280;2832421.233;2.335105009;2.335105009;2193.11477;-44303.01993;;0.0;0.0;2832421.233;7.0;FR0013532280;Bond;2832421.233;2788118.21307;0.0025;2.3293795533904142;0.004;2.3259442800246632
3440;400804;FR0013536661;1906609.589;2.37996245;2.37996245;1528.220641;-30394.506077;;0.0;0.0;1906609.589;7.0;FR0013536661;Bond;1906609.589;1876215.082923;0.0025;2.3740845452354016;0.004;2.3705578023766427
3441;400804;FR0013537305;2922090.0;0.960336096;0.960336096;542.7196816;-16812.024654;;0.0;0.0;2922090.0;6.0;FR0013537305;Bond;2922090.0;2905277.975346;0.0025;0.9579984603482757;0.0035;0.9570634060875861
3442;400804;FR0014000OZ2;1976958.904;0.630868859;0.630868859;199.3499721;-15469.026384;;0.0;0.0;1976958.904;7.0;FR0014000OZ2;Bond;1976958.904;1961489.8776160001;0.0025;0.6293429307966276;0.0095;0.6250703318271847
3443;400804;FR0014002JM6;8334328.767;17.20390006;17.20390006;273606.6373;-668233.04805;;0.0;0.0;8334328.767;10.0;FR0014002JM6;Bond;8334328.767;7666095.71895;0.0025;17.12311362818841;0.002;17.13927091455073
3444;400804;FR0014002QE8;2950335.616;1.199632587;1.199632587;770.6696914;-43828.990536;;0.0;0.0;2950335.616;7.0;FR0014002QE8;Bond;2950335.616;2906506.625464;0.0025;1.1967000267262617;0.0095;1.1884888579597948
3445;400804;FR0014002WK3;12333000.0;6.46187467;6.46187467;59235.85824;-369483.16437;;0.0;0.0;12333000.0;10.0;FR0014002WK3;Bond;12333000.0;11963516.83563;0.0025;6.446188299709918;0.002;6.4493255737679345
3446;400804;FR0014003GX7;1710831.781;5.842493738;5.842493738;6955.458556;-59828.988432;;0.0;0.0;1710831.781;4.0;FR0014003GX7;Bond;1710831.781;1651002.792568;0.0025;5.826192019302223;0.0035;5.819671331823112
3447;400804;FR0014003XZ7;2588178.082;6.304681619;6.304681619;12512.04465;-204975.29112;;0.0;0.0;2588178.082;7.0;FR0014003XZ7;Bond;2588178.082;2383202.7908799998;0.0025;6.283196496539577;0.0095;6.223038153650392
3448;400804;FR0014003Y09;2857007.671;2.138920371;2.138920371;1908.378098;-73291.080864;;0.0;0.0;2857007.671;5.0;FR0014003Y09;Bond;2857007.671;2783716.590136;0.0025;2.1336587234058477;0.0095;2.118926110142221
3449;400804;FR0014004750;1844167.123;3.140933531;3.140933531;2388.948221;-38759.1156875;;0.0;0.0;1844167.123;7.0;FR0014004750;Bond;1844167.123;1805408.0073125;0.0025;3.1332119980673347;0.004;3.1285790783077356
3450;400804;FR00140058G6;1377692.055;10.77318836;10.77318836;17668.27869;-92372.39952;;0.0;0.0;1377692.055;8.0;FR00140058G6;Bond;1377692.055;1285319.65548;0.0025;10.742728614057048;0.0035;10.730544715679867
3451;400804;FR0014005J14;2745349.315;3.338298869;3.338298869;3966.466086;-61523.5589605;;0.0;0.0;2745349.315;7.0;FR0014005J14;Bond;2745349.315;2683825.7560395;0.0025;3.330039600338299;0.004;3.325084039141278
3452;400804;FR0014005ZP8;2663948.219;4.397052668;4.397052668;6317.089564;-70200.34524;;0.0;0.0;2663948.219;7.0;FR0014005ZP8;Bond;2663948.219;2593747.87376;0.0025;4.386104699448674;0.0035;4.381725512028144
3453;400804;FR0014006CS9;1771135.068;4.671168097;4.671168097;4693.657795;-49599.28788;;0.0;0.0;1771135.068;7.0;FR0014006CS9;Bond;1771135.068;1721535.78012;0.0025;4.6594655100981655;0.0035;4.654784475337432
3454;400804;FR0014006IG1;2726409.37;3.676543276;3.676543276;4691.188981;-124796.17860000001;;0.0;0.0;2726409.37;5.0;FR0014006IG1;Bond;2726409.37;2601613.1914;0.0025;3.667319519102276;0.0095;3.641492999788649
3455;400804;FR0014006NI7;2858784.247;2.086693188;2.086693188;1831.009747;-39981.293872;;0.0;0.0;2858784.247;7.0;FR0014006NI7;Bond;2858784.247;2818802.953128;0.0025;2.0815667726213363;0.004;2.0784909233941384
3456;400804;FR0014006PN2;1435797.26;10.71367069;10.71367069;18494.43768;-71777.26728;;0.0;0.0;1435797.26;6.0;FR0014006PN2;Bond;1435797.26;1364019.99272;0.0025;10.678603702705027;0.002;10.685617100164022
3457;400804;FR0014006UO0;1597224.932;7.957911524;7.957911524;11662.82613;-76954.28898;;0.0;0.0;1597224.932;8.0;FR0014006UO0;Bond;1597224.932;1520270.64302;0.0025;7.933684140358646;0.0035;7.923993186902104
3458;400804;FR0014006XA3;1929075.342;1.61979164;1.61979164;810.7938165;-20910.267963000002;;0.0;0.0;1929075.342;7.0;FR0014006XA3;Bond;1929075.342;1908165.0740369998;0.0025;1.6158434076786592;0.004;1.6134744682858546
3459;400804;FR0014007LK5;2711414.384;4.045382333;4.045382333;5566.120884;-73826.10612;;0.0;0.0;2711414.384;8.0;FR0014007LK5;Bond;2711414.384;2637588.27788;0.0025;4.034973935109361;0.004;4.028728896374979
3460;400804;FR0014007LL3;1922082.192;1.737689457;1.737689457;906.143669;-22322.009892;;0.0;0.0;1922082.192;7.0;FR0014007LL3;Bond;1922082.192;1899760.1821080002;0.0025;1.733452404515743;0.004;1.7309101730251886
3461;400804;FR0014007LP4;1579045.48;8.18400612;8.18400612;12071.45688;-78123.13385999999;;0.0;0.0;1579045.48;7.0;FR0014007LP4;Bond;1579045.48;1500922.34614;0.0025;8.16033148548812;0.0035;8.15086163168337
3462;400804;FR0014007ML1;2887756.849;1.730110693;1.730110693;1351.732712;-33410.349283999996;;0.0;0.0;2887756.849;7.0;FR0014007ML1;Bond;2887756.849;2854346.4997159997;0.0025;1.725891627942229;0.004;1.7233601889075663
3463;400804;FR0014007VJ6;2779448.63;3.613585276;3.613585276;4658.853007;-125301.68568000001;;0.0;0.0;2779448.63;7.0;FR0014007VJ6;Bond;2779448.63;2654146.94432;0.0025;3.6043258011287103;0.0095;3.5783992714890993
3464;400804;FR00140082Z6;2767455.205;4.535147115;4.535147115;6637.947148;-75217.5066;;0.0;0.0;2767455.205;6.0;FR00140082Z6;Bond;2767455.205;2692237.6984;0.0025;4.52660165392748;0.0035;4.523183469498471
3465;400804;FR0014008CP1;1343283.836;14.23397427;14.23397427;31497.35878;-89097.626115;;0.0;0.0;1343283.836;6.0;FR0014008CP1;Bond;1343283.836;1254186.2098849998;0.0025;14.154288595641408;0.002;14.170225730513126
3466;400804;FR0014008PC1;2937863.014;1.834448195;1.834448195;1515.434235;-66922.400928;;0.0;0.0;2937863.014;6.0;FR0014008PC1;Bond;2937863.014;2870940.613072;0.0025;1.829965476455125;0.0095;1.8174138645294746
3467;400804;FR0014008PK4;1915082.192;2.782091677;2.782091677;2012.755522;-35775.801724;;0.0;0.0;1915082.192;7.0;FR0014008PK4;Bond;1915082.192;1879306.3902760001;0.0025;2.7751667082267972;0.004;2.7710117269628753
3468;400804;FR00140099G0;1934709.863;1.920278287;1.920278287;1077.353748;-24746.172782499998;;0.0;0.0;1934709.863;7.0;FR00140099G0;Bond;1934709.863;1909963.6902174999;0.0025;1.9155755722840522;0.004;1.9127539434544834
3469;400804;FR0014009HA0;2943750.0;1.908823613;1.908823613;1622.164896;-69779.483436;;0.0;0.0;2943750.0;8.0;FR0014009HA0;Bond;2943750.0;2873970.516564;0.0025;1.9041562846517641;0.0095;1.8910877652767033
3470;400804;FR0014009O62;3807582.192;11.43647337;11.43647337;57693.78891;-202590.17991;;0.0;0.0;3807582.192;10.0;FR0014009O62;Bond;3807582.192;3604992.01209;0.0025;11.384647119034229;0.002;11.395012369227382
3471;400804;FR001400AFL5;2982588.082;2.02079053;2.02079053;1144.339646;-36121.08141;;0.0;0.0;2982588.082;7.0;FR001400AFL5;Bond;2982588.082;2946467.00059;0.0025;2.021407681453639;0.0035;2.0216545420350944
3472;400804;FR001400AFN1;2934858.904;4.599740509;4.599740509;7831.755909;-80935.16832;;0.0;0.0;2934858.904;7.0;FR001400AFN1;Bond;2934858.904;2853923.73568;0.0025;4.5859213174702385;0.0035;4.580393640858334
3473;400804;FR001400AFO9;1885393.151;7.556856682;7.556856682;13252.5652;-87114.21654;;0.0;0.0;1885393.151;7.0;FR001400AFO9;Bond;1885393.151;1798278.9344600001;0.0025;7.5238950761095404;0.0035;7.510710433753356
3474;400804;FR001400AIN5;19135972.6;2.818349611;2.818349611;20539.18304;-248341.581045;;0.0;0.0;19135972.6;10.0;FR001400AIN5;Bond;19135972.6;18887631.018955;0.0025;2.8113741370805188;0.002;2.812769231864415
3475;400804;FR001400AJX2;1980844.11;3.847772991;3.847772991;3785.275075;-45688.17426;;0.0;0.0;1980844.11;7.0;FR001400AJX2;Bond;1980844.11;1935155.93574;0.0025;3.8370128729822093;0.0035;3.832708825775093
3476;400804;FR001400AKP6;3041280.822;2.173355658;2.173355658;2114.930731;-44293.6768495;;0.0;0.0;3041280.822;8.0;FR001400AKP6;Bond;3041280.822;2996987.1451505003;0.0025;2.1677791473656174;0.004;2.1644332409849882
3477;400804;FR001400AY79;3110476.027;2.028514066;2.028514066;1939.038723;-78416.137656;;0.0;0.0;3110476.027;8.0;FR001400AY79;Bond;3110476.027;3032059.889344;0.0025;2.023216496744318;0.0095;2.0083833028284066
3478;400804;FR001400B1L7;3212990.137;1.867977727;1.867977727;1751.885209;-36768.19766400001;;0.0;0.0;3212990.137;6.0;FR001400B1L7;Bond;3212990.137;3176221.939336;0.0025;1.8630698107889745;0.0035;1.8611066443045643
3479;400804;FR001400CHR4;3489090.822;6.43803786;6.43803786;18878.73355;-280829.56007999997;;0.0;0.0;3489090.822;6.0;FR001400CHR4;Bond;3489090.822;3208261.2619200004;0.0025;6.4063889686586615;0.0095;6.317772072902914
3480;400804;FR001400CKA4;3205140.411;2.213473081;2.213473081;2321.143837;-88162.93118399999;;0.0;0.0;3205140.411;6.0;FR001400CKA4;Bond;3205140.411;3116977.479816;0.0025;2.2076168857196596;0.0095;2.1912195389347064
3481;400804;FR001400D6M2;2052901.644;1.628766254;1.628766254;876.4491076;-20604.962460000002;;0.0;0.0;2052901.644;6.0;FR001400D6M2;Bond;2052901.644;2032296.68154;0.0025;1.624725156393183;0.0035;1.6231087173504561
3482;400804;FR001400D6N0;3211940.137;3.859727906;3.859727906;6264.236262;-75769.80324000001;;0.0;0.0;3211940.137;7.0;FR001400D6N0;Bond;3211940.137;3136170.3337600003;0.0025;3.848214237175841;0.0035;3.8436087696461776
3483;400804;FR001400DCZ6;3128938.356;2.587478338;2.587478338;2935.752008;-54243.3305895;;0.0;0.0;3128938.356;7.0;FR001400DCZ6;Bond;3128938.356;3074695.0254105004;0.0025;2.5807594938679177;0.004;2.5767281873886683
3484;400804;FR001400DLD4;3195503.425;3.503875219;3.503875219;5180.559208;-139488.11508;;0.0;0.0;3195503.425;6.0;FR001400DLD4;Bond;3195503.425;3056015.30992;0.0025;3.4940380020310218;0.0095;3.466493794517883
3485;400804;FR001400DNF5;2313458.63;11.00191897;11.00191897;38284.55016;-156810.70194;;0.0;0.0;2313458.63;7.0;FR001400DNF5;Bond;2313458.63;2156647.92806;0.0025;10.890808996551659;0.0035;10.846365007172322
3486;400804;FR001400DNU4;4114107.397;2.441977417;2.441977417;3488.889817;-61774.79904;;0.0;0.0;4114107.397;7.0;FR001400DNU4;Bond;4114107.397;4052332.59796;0.0025;2.435684781081541;0.0035;2.4331677267141574
3487;400804;FR001400DQ84;3203920.274;3.066917878;3.066917878;4101.947641;-60087.50412;;0.0;0.0;3203920.274;7.0;FR001400DQ84;Bond;3203920.274;3143832.76988;0.0025;3.0584255868578385;0.0035;3.055028670400974
3488;400804;FR001400EHG3;3115171.233;4.147789175;4.147789175;6902.117204;-87063.64797;;0.0;0.0;3115171.233;8.0;FR001400EHG3;Bond;3115171.233;3028107.58503;0.0025;4.135408408409127;0.004;4.127979948454603
3489;400804;FR001400F0H3;3204995.753;3.224765432;3.224765432;4475.345175;-63422.05632;;0.0;0.0;3204995.753;6.0;FR001400F0H3;Bond;3204995.753;3141573.69668;0.0025;3.2158540772413176;0.0035;3.212289535337845
3490;400804;FR001400F323;3209554.932;6.323974759;6.323974759;16172.64536;-253124.03028;;0.0;0.0;3209554.932;8.0;FR001400F323;Bond;3209554.932;2956430.90172;0.0025;6.297983752783185;0.0095;6.2252089353761
3491;400804;FR001400F4B8;2009448.219;4.55477506;4.55477506;5205.186846;-42390.7393455;;0.0;0.0;2009448.219;7.0;FR001400F4B8;Bond;2009448.219;1967057.4796545;0.0025;4.5418810922126776;0.002;4.544459885770142
3492;400804;FR001400F6E7;3518570.11;1.715888646;1.715888646;1636.592997;-37210.819002000004;;0.0;0.0;3518570.11;7.0;FR001400F6E7;Bond;3518570.11;3481359.2909979997;0.0025;1.7116210771908706;0.0035;1.7099140496672187
3493;400804;FR001400FB06;3077648.63;2.649500636;2.649500636;2999.439204;-54460.808402;;0.0;0.0;3077648.63;8.0;FR001400FB06;Bond;3077648.63;3023187.821598;0.0025;2.642685571829484;0.004;2.638596533327174
3494;400804;FR001400FB22;3158630.137;4.196975272;4.196975272;7178.581269;-165506.96976;;0.0;0.0;3158630.137;8.0;FR001400FB22;Bond;3158630.137;2993123.1672400003;0.0025;4.184194571942034;0.0095;4.148408611779726
3495;400804;FR001400FDB0;3125605.479;5.699108821;5.699108821;12643.36396;-109480.32569999999;;0.0;0.0;3125605.479;7.0;FR001400FDB0;Bond;3125605.479;3016125.1533;0.0025;5.679181106453547;0.0035;5.671210020634965
3496;400804;FR001400FDC8;1984192.603;11.6555363;11.6555363;33751.20774;-141736.08966;;0.0;0.0;1984192.603;7.0;FR001400FDC8;Bond;1984192.603;1842456.5133399998;0.0025;11.569913962446275;0.0035;11.535665027424786
3497;400804;FR001400FTH3;12700191.78;17.48289664;17.48289664;544033.6257;-1022942.7161999999;;0.0;0.0;12700191.78;10.0;FR001400FTH3;Bond;12700191.78;11677249.0638;0.0025;17.176109664934483;0.002;17.237467059947587
3498;400804;FR001400G3Y1;3036717.945;3.496527024;3.496527024;4848.922879;-63885.13314;;0.0;0.0;3036717.945;7.0;FR001400G3Y1;Bond;3036717.945;2972832.81186;0.0025;3.4871721689543667;0.0035;3.4834302269361133
3499;400804;FR001400H2O3;3216750.822;1.629066425;1.629066425;1408.308636;-32150.038902;;0.0;0.0;3216750.822;6.0;FR001400H2O3;Bond;3216750.822;3184600.783098;0.0025;1.624755950985148;0.0035;1.623031761379207
3500;400804;FR001400H4K7;1912629.315;16.26495948;16.26495948;72302.89714;-190316.56488000002;;0.0;0.0;1912629.315;8.0;FR001400H4K7;Bond;1912629.315;1722312.75012;0.0025;15.981259738580752;0.0035;15.867779842013052
3501;400804;FR001400H9B5;3227958.904;4.319425774;4.319425774;7907.866076;-93840.423235;;0.0;0.0;3227958.904;7.0;FR001400H9B5;Bond;3227958.904;3134118.480765;0.0025;4.304824275870976;0.004;4.296063376993561
3502;400804;FR001400HIK6;2055688.767;6.828911975;6.828911975;11930.79225;-86975.91828;;0.0;0.0;2055688.767;8.0;FR001400HIK6;Bond;2055688.767;1968712.84872;0.0025;6.8004022447908;0.0035;6.788998352707121
3503;400804;FR001400HMF8;3231433.151;4.352446791;4.352446791;8028.659338;-94648.95186500001;;0.0;0.0;3231433.151;8.0;FR001400HMF8;Bond;3231433.151;3136784.199135;0.0025;4.337692507403798;0.004;4.328839937246077
3504;400804;FR001400HOZ2;2140727.123;2.791704012;2.791704012;2344.195389;-39981.280182999995;;0.0;0.0;2140727.123;7.0;FR001400HOZ2;Bond;2140727.123;2100745.842817;0.0025;2.7838118818664466;0.004;2.779076603786314
3505;400804;FR001400I7P8;3334448.63;2.769179012;2.769179012;3640.609054;-114841.33382399999;;0.0;0.0;3334448.63;6.0;FR001400I7P8;Bond;3334448.63;3219607.296176;0.0025;2.7610544578486054;0.0095;2.738305706224701
3506;400804;FR001400IEQ0;3258668.63;2.664441043;2.664441043;3294.728187;-53298.125988;;0.0;0.0;3258668.63;6.0;FR001400IEQ0;Bond;3258668.63;3205370.504012;0.0025;2.6569125148540196;0.0035;2.653901103595627
3507;400804;FR001400IIO6;3488566.521;3.614587173;3.614587173;6049.562418;-76544.4519;;0.0;0.0;3488566.521;6.0;FR001400IIO6;Bond;3488566.521;3412022.0691;0.0025;3.60389749306051;0.0035;3.5996216210847143
3508;400804;FR001400IIS7;2110980.0;7.933277449;7.933277449;16778.56238;-103129.263;;0.0;0.0;2110980.0;7.0;FR001400IIS7;Bond;2110980.0;2007850.737;0.0025;7.891913834159967;0.0035;7.875368388223953
3509;400804;FR001400IJ13;2170479.452;6.512619879;6.512619879;11821.37944;-95396.639;;0.0;0.0;2170479.452;7.0;FR001400IJ13;Bond;2170479.452;2075082.813;0.0025;6.482494500007481;0.004;6.464419272611969
3510;400804;FR001400KDS4;3258441.781;3.005253041;3.005253041;4068.569128;-122012.85012;;0.0;0.0;3258441.781;7.0;FR001400KDS4;Bond;3258441.781;3136428.93088;0.0025;2.996616301629564;0.0095;2.9724334313923437
3511;400804;FR001400KSZ7;3371851.644;6.374861549;6.374861549;17670.45194;-265002.67152;;0.0;0.0;3371851.644;6.0;FR001400KSZ7;Bond;3371851.644;3106848.97248;0.0025;6.345444245492232;0.0095;6.263075795670481
3512;400804;FR001400KY69;3237213.288;3.77956065;3.77956065;6106.20884;-75100.74347999999;;0.0;0.0;3237213.288;7.0;FR001400KY69;Bond;3237213.288;3162112.54452;0.0025;3.768116978799518;0.0035;3.7635395103193248
3513;400804;FR001400KZQ1;2137890.411;3.133992609;3.133992609;2855.657382;-45038.773858;;0.0;0.0;2137890.411;7.0;FR001400KZQ1;Bond;2137890.411;2092851.6371419998;0.0025;3.125153980891509;0.004;3.1198508040264143
3514;400804;FR001400L255;3176682.74;3.059775364;3.059775364;4043.421425;-59150.129766;;0.0;0.0;3176682.74;6.0;FR001400L255;Bond;3176682.74;3117532.6102340003;0.0025;3.0513598283011656;0.0035;3.0479936140216317
3515;400804;FR001400LCK1;3817102.877;4.170222022;4.170222022;-15181.32426;-97594.82088;;0.0;0.0;3817102.877;6.0;FR001400LCK1;Bond;3817102.877;3719508.05612;0.0025;4.3131285259815675;0.0035;4.370291127574195
3516;400804;FR001400LUK3;3169833.699;5.490806113;5.490806113;12032.57896;-106879.88622000001;;0.0;0.0;3169833.699;7.0;FR001400LUK3;Bond;3169833.699;3062953.81278;0.0025;5.471279358098023;0.0035;5.463468656137233
3517;400804;FR001400M9L7;3152247.534;1.956945156;1.956945156;1854.003322;-37756.0089;;0.0;0.0;3152247.534;7.0;FR001400M9L7;Bond;3152247.534;3114491.5251;0.0025;1.9518154209978098;0.0035;1.9497635269969338
3518;400804;FR001400MIG4;3046864.521;5.708322352;5.708322352;12283.73909;-106355.42514;;0.0;0.0;3046864.521;6.0;FR001400MIG4;Bond;3046864.521;2940509.0958600002;0.0025;5.6889947114708885;0.0035;5.681263655259245
3519;400804;FR001400N277;2004670.685;5.090194469;5.090194469;6431.037428;-61849.071899999995;;0.0;0.0;2004670.685;6.0;FR001400N277;Bond;2004670.685;1942821.6131;0.0025;5.074768996518008;0.0035;5.068598807525211
3520;400804;FR001400N4G7;3075327.534;5.045011036;5.045011036;9820.55026;-104524.48363499998;;0.0;0.0;3075327.534;7.0;FR001400N4G7;Bond;3075327.534;2970803.050365;0.0025;5.028808008311874;0.004;5.019086191698998
3521;400804;FR001400N4L7;3085040.959;3.45376532;3.45376532;4844.626273;-71561.838465;;0.0;0.0;3085040.959;7.0;FR001400N4L7;Bond;3085040.959;3013479.1205349998;0.0025;3.4443275462529295;0.004;3.4386648820046872
3522;400804;FR001400N5B5;2073444.11;2.090822229;2.090822229;1356.64869;-28714.692903000003;;0.0;0.0;2073444.11;6.0;FR001400N5B5;Bond;2073444.11;2044729.4170970002;0.0025;2.085393642808727;0.004;2.0821364910939635
3523;400804;FR001400NEF3;13171972.6;15.87602056;15.87602056;444497.8555;-962080.85925;;0.0;0.0;13171972.6;10.0;FR001400NEF3;Bond;13171972.6;12209891.74075;0.0025;15.662497335415054;0.002;15.705201980332042
3524;400804;FR001400O457;2149408.973;1.811026022;1.811026022;1090.86944;-24009.752933999996;;0.0;0.0;2149408.973;7.0;FR001400O457;Bond;2149408.973;2125399.2200660002;0.0025;1.806537543870351;0.0035;1.8047421526184915
3525;400804;FR001400OHF4;8852027.397;17.45191114;17.45191114;384633.5443;-711673.1883;;0.0;0.0;8852027.397;10.0;FR001400OHF4;Bond;8852027.397;8140354.208699999;0.0025;17.12704756153825;0.002;17.1920202772306
3526;400804;FR001400P3E2;3169433.836;4.93521576;4.93521576;10004.42522;-95878.9215;;0.0;0.0;3169433.836;7.0;FR001400P3E2;Bond;3169433.836;3073554.9145;0.0025;4.917193299997249;0.0035;4.90998431599615
3527;400804;FR001400PGC0;3144606.164;5.010072381;5.010072381;10257.72913;-196823.92416000002;;0.0;0.0;3144606.164;7.0;FR001400PGC0;Bond;3144606.164;2947782.23984;0.0025;4.991274254761157;0.0095;4.938639501292395
3528;400804;FR001400PM68;20083232.88;4.523752463;4.523752463;51314.89305;-419980.57586999994;;0.0;0.0;20083232.88;10.0;FR001400PM68;Bond;20083232.88;19663252.30413;0.0025;4.511035524132509;0.002;4.5135789119060075
3529;400804;FR001400PNN3;2520085.674;7.539330698;7.539330698;17803.6526;-88323.40647;;0.0;0.0;2520085.674;6.0;FR001400PNN3;Bond;2520085.674;2431762.2675300003;0.0025;7.504816933311708;0.002;7.511719686249366
3530;400804;FR001400PU76;2074398.904;3.768453278;3.768453278;3858.657989;-36142.045965;;0.0;0.0;2074398.904;8.0;FR001400PU76;Bond;2074398.904;2038256.858035;0.0025;3.7574530516742546;0.002;3.7596530969394037
3531;400804;FR001400Q0T5;3106394.795;5.274095811;5.274095811;10951.71244;-110052.36684;;0.0;0.0;3106394.795;7.0;FR001400Q0T5;Bond;3106394.795;2996342.42816;0.0025;5.255497581202911;0.004;5.244338643324658
3532;400804;FR001400QMF9;19575123.29;8.140880853;8.140880853;157059.9464;-739936.7559;;0.0;0.0;19575123.29;10.0;FR001400QMF9;Bond;19575123.29;18835186.5341;0.0025;8.105979553435487;0.002;8.11295981334839
3533;400804;FR001400QR70;5255053.425;8.37449767;8.37449767;47294.21728;-271711.09128;;0.0;0.0;5255053.425;7.0;FR001400QR70;Bond;5255053.425;4983342.3337199995;0.0025;8.324834209157018;0.0035;8.304968824819825
3534;400804;FR001400SVC3;1965491.233;7.760649213;7.760649213;14624.12487;-102808.81871;;0.0;0.0;1965491.233;7.0;FR001400SVC3;Bond;1965491.233;1862682.41429;0.0025;7.725207336355018;0.004;7.703942210368028
3535;400804;FR001400SVD1;3016438.356;2.651868358;2.651868358;2937.399763;-53614.5887875;;0.0;0.0;3016438.356;7.0;FR001400SVD1;Bond;3016438.356;2962823.7672125003;0.0025;2.6451044380118796;0.004;2.6410460860190073
3536;400804;FR001400TWD7;2987111.507;5.722789262;5.722789262;12054.91393;-104029.12632000001;;0.0;0.0;2987111.507;6.0;FR001400TWD7;Bond;2987111.507;2883082.3806800004;0.0025;5.703773993683464;0.0035;5.69616788635685
3537;400804;FR001400U595;1953361.918;7.771748396;7.771748396;14552.25876;-93400.50563999999;;0.0;0.0;1953361.918;7.0;FR001400U595;Bond;1953361.918;1859961.41236;0.0025;7.736502258752918;0.0035;7.722403803854086
3538;400804;FR001400U678;1960481.096;7.170485942;7.170485942;12350.96562;-86209.85532;;0.0;0.0;1960481.096;6.0;FR001400U678;Bond;1960481.096;1874271.2406799998;0.0025;7.141526446120989;0.0035;7.129942647769385
3539;400804;FR001400WKP0;3025849.315;4.61058933;4.61058933;8172.727042;-174395.91384;;0.0;0.0;3025849.315;7.0;FR001400WKP0;Bond;3025849.315;2851453.40116;0.0025;4.5962089246934;0.0095;4.55594378983492
3540;400804;FR001400XC78;1981001.096;5.358108739;5.358108739;6952.698231;-70961.05471000001;;0.0;0.0;1981001.096;7.0;FR001400XC78;Bond;1981001.096;1910040.0412899998;0.0025;5.3421398311481205;0.004;5.332558486436993
3541;400804;FR001400XJE4;4947927.397;5.914165895;5.914165895;21092.93248;-196221.193025;;0.0;0.0;4947927.397;5.0;FR001400XJE4;Bond;4947927.397;4751706.2039749995;0.0025;5.895034704966605;0.004;5.883555990946567
3542;400804;FR001400XRB3;2935569.452;5.978385807;5.978385807;12814.53881;-107080.01544;;0.0;0.0;2935569.452;6.0;FR001400XRB3;Bond;2935569.452;2828489.43656;0.0025;5.958606922217697;0.0035;5.9506953683047765
3543;400804;IE000GVLBXU6;9698794.521;13.73468022;13.73468022;229779.6911;-546848.0815999999;;0.0;0.0;9698794.521;9.0;IE000GVLBXU6;Bond;9698794.521;9151946.4394;0.0025;13.613994515697085;0.0015;13.662268797418252
3544;400804;IE000LQ7YWY4;9771821.918;8.212323173;8.212323173;79099.77517;-330265.3074;;0.0;0.0;9771821.918;9.0;IE000LQ7YWY4;Bond;9771821.918;9441556.6106;0.0025;8.178561793209914;0.0015;8.192066345125948
3545;400804;IE00BFZRQ242;13967712.33;5.612312592;5.612312592;52586.72809;-321820.78408;;0.0;0.0;13967712.33;10.0;IE00BFZRQ242;Bond;13967712.33;13645891.54592;0.0025;5.596935782116119;0.0015;5.603086506069671
3546;400804;IE00BV8C9B83;13006561.64;10.42744376;10.42744376;166608.3873;-559068.6052;;0.0;0.0;13006561.64;10.0;IE00BV8C9B83;Bond;13006561.64;12447493.0348;0.0025;10.37903361159167;0.0015;10.398397670955001
3547;400804;IT0005358806;19425495.57;8.314730734;8.314730734;156435.6326;-983037.6960000001;;0.0;0.0;19425495.57;10.0;IT0005358806;Bond;19425495.57;18442457.874;0.0025;8.286239877724931;0.0035;8.274843535214904
3548;400804;IT0005383309;14041023.18;4.744521044;4.744521044;35759.91858;-405551.64702000003;;0.0;0.0;14041023.18;10.0;IT0005383309;Bond;14041023.18;13635471.532979999;0.0025;4.737126815196327;0.0035;4.734169123674858
3549;400804;IT0005438004;9593373.544;16.02667433;16.02667433;290500.999;-931539.5862;;0.0;0.0;9593373.544;10.0;IT0005438004;Bond;9593373.544;8661833.957799999;0.0025;15.911774488754755;0.0035;15.865814552256657
3550;400804;IT0005449969;12994300.02;6.334614375;6.334614375;57465.96227;-501898.63794000004;;0.0;0.0;12994300.02;10.0;IT0005449969;Bond;12994300.02;12492401.382059999;0.0025;6.324372781183869;0.0035;6.320276143657417
3551;400804;IT0005519787;15832361.08;4.259999329;4.259999329;33760.99354;-410431.37124;;0.0;0.0;15832361.08;10.0;IT0005519787;Bond;15832361.08;15421929.70876;0.0025;4.252058209270162;0.0035;4.248881761378226
3552;400804;IT0005542359;15976760.95;5.69113164;5.69113164;60903.84723;-553505.2600199999;;0.0;0.0;15976760.95;10.0;IT0005542359;Bond;15976760.95;15423255.68998;0.0025;5.676803408483606;0.0035;5.671072115877048
3553;400804;IT0005570988;3694849.315;3.514946406;3.514946406;6004.902554;-87150.75525000002;;0.0;0.0;3694849.315;7.0;IT0005570988;Bond;3694849.315;3607698.55975;0.0025;3.5052033002825764;0.004;3.499357436852122
3554;400804;IT0005582421;20408695.78;10.59936652;10.59936652;287729.1924;-1309468.9488;;0.0;0.0;20408695.78;10.0;IT0005582421;Bond;20408695.78;19099226.8312;0.0025;10.527773882665137;0.0035;10.499136827731192
3555;400804;IT0005596470;15379462.32;9.639151407;9.639151407;174941.5249;-899708.9789999999;;0.0;0.0;15379462.32;10.0;IT0005596470;Bond;15379462.32;14479753.341;0.0025;9.587059277399648;0.0035;9.56622242555951
3556;400804;IT0005607970;20270396.17;8.089143369;8.089143369;156578.2178;-997740.1799999999;;0.0;0.0;20270396.17;10.0;IT0005607970;Bond;20270396.17;19272655.990000002;0.0025;8.059617034252458;0.0035;8.047806500353442
3557;400804;IT0005611741;14749306.02;16.00473384;16.00473384;550318.1955;-1404835.5732;;0.0;0.0;14749306.02;10.0;IT0005611741;Bond;14749306.02;13344470.4468;0.0025;15.712326011850989;0.0035;15.595362880591384
3558;400804;IT0005619546;20064077.08;5.865126115;5.865126115;79887.19695;-717166.824;;0.0;0.0;20064077.08;10.0;IT0005619546;Bond;20064077.08;19346910.255999997;0.0025;5.851585291571851;0.0035;5.846168962200592
3559;400804;IT0005631608;14653167.03;13.76883731;13.76883731;366463.9046;-1209429.2268;;0.0;0.0;14653167.03;9.0;IT0005631608;Bond;14653167.03;13443737.803199999;0.0025;13.617559649151488;0.0035;13.557048584812083
3560;400804;IT0005632267;3026160.411;4.351068937;4.351068937;7246.448308;-88445.34374;;0.0;0.0;3026160.411;6.0;IT0005632267;Bond;3026160.411;2937715.06726;0.0025;4.338533401334992;0.004;4.331012079935987
3561;400804;LU1717592346;19120128.97;1.07422244;1.035547903;-42448.47452;3682.3518524999963;;0.0;7256.479557;24125447.43;;LU1717592346;Fund Unit;19120128.97;19123811.321852498;0.0025;1.1326096627469724;0.002;1.0820944924151943
3562;400804;NL0000102317;16503020.55;2.591584856;2.591584856;15622.31361;-175132.97756;;0.0;0.0;16503020.55;10.0;NL0000102317;Bond;16503020.55;16327887.57244;0.0025;2.5847097963829455;0.0015;2.587459820229767
3563;400804;NL0013332430;18337479.45;4.165901518;4.165901518;39426.60234;-313154.36736;;0.0;0.0;18337479.45;10.0;NL0013332430;Bond;18337479.45;18024325.08264;0.0025;4.155536963973915;0.0015;4.159682785584349
3564;400804;NL0013552060;10384910.96;13.71320926;13.71320926;215044.3088;-587278.0512;;0.0;0.0;10384910.96;10.0;NL0013552060;Bond;10384910.96;9797632.9088;0.0025;13.665655003354278;0.0015;13.684676706012565
3565;400804;NL00150006U0;17034000.0;6.131920983;6.131920983;74230.56043;-428790.1152;;0.0;0.0;17034000.0;10.0;NL00150006U0;Bond;17034000.0;16605209.8848;0.0025;6.1169774208856795;0.0015;6.122954845731408
3566;400804;NL0015000B11;10119000.0;12.40687984;12.40687984;167936.5985;-518203.6932;;0.0;0.0;10119000.0;10.0;NL0015000B11;Bond;10119000.0;9600796.3068;0.0025;12.376802371391028;0.0015;12.388833358834617
3567;400804;NL00150012X2;7815095.89;20.34367691;20.34367691;410548.2833;-652421.2507999999;;0.0;0.0;7815095.89;10.0;NL00150012X2;Bond;7815095.89;7162674.6392;0.0025;20.065021760347832;0.0015;20.1764838202087
3568;400804;NL0015001AM2;9976497.261;7.248520693;7.248520693;63369.72583;-297132.79528;;0.0;0.0;9976497.261;10.0;NL0015001AM2;Bond;9976497.261;9679364.46572;0.0025;7.221075791321643;0.0015;7.232053751992986
3569;400804;NL0015001DQ7;10086369.86;4.449302561;4.449302561;24985.24099;-183921.67428;;0.0;0.0;10086369.86;10.0;NL0015001DQ7;Bond;10086369.86;9902448.185719999;0.0025;4.4368650649721335;0.0015;4.44184006338328
3570;400804;NL0015001RG8;15234274.38;13.84448201;13.84448201;366581.5202;-864580.6751999999;;0.0;0.0;15234274.38;10.0;NL0015001RG8;Bond;15234274.38;14369693.7048;0.0025;13.722082567865048;0.0015;13.77104234471903
3571;400804;NL0015001XZ6;19740794.52;8.009685126;8.009685126;152629.7969;-650390.5944000001;;0.0;0.0;19740794.52;10.0;NL0015001XZ6;Bond;19740794.52;19090403.9256;0.0025;7.97678039736546;0.0015;7.989942288819276
3572;400804;PTBCPHOM0066;2959345.89;0.846752184;0.846752184;455.7240718;-16758.8163145;;0.0;0.0;2959345.89;4.0;PTBCPHOM0066;Bond;2959345.89;2942587.0736855003;0.0025;0.8446947855194834;0.004;0.8434603464311734
3573;400804;PTCGDCOM0037;1936424.658;1.433646492;1.433646492;668.9186738;-18539.058655;;0.0;0.0;1936424.658;6.0;PTCGDCOM0037;Bond;1936424.658;1917885.599345;0.0025;1.4301488458533735;0.004;1.4280502581653975
3574;400804;PTFIDBOM0009;3072657.534;1.332937627;1.332937627;949.9129483;-25614.507018000004;;0.0;0.0;3072657.534;4.0;PTFIDBOM0009;Bond;3072657.534;3047043.026982;0.0025;1.3296506767015799;0.0035;1.3283358965822119
3575;400804;PTNOBOOM0008;2004587.671;4.463906899;4.463906899;5001.885395;-59799.7748985;;0.0;0.0;2004587.671;6.0;PTNOBOOM0008;Bond;2004587.671;1944787.8961015001;0.0025;4.451342584122236;0.004;4.4438039951955774
3576;400804;PTOTESOE0021;14826304.11;8.1124214;8.1124214;117983.8469;-557171.442;;0.0;0.0;14826304.11;10.0;PTOTESOE0021;Bond;14826304.11;14269132.668;0.0025;8.07800639688999;0.002;8.084889397511992
3577;400804;XS1109741329;2021426.301;1.398215491;1.398215491;674.9923687;-17414.867274;;0.0;0.0;2021426.301;7.0;XS1109741329;Bond;2021426.301;2004011.433726;0.0025;1.3947550358648373;0.0035;1.3933708538107723
3578;400804;XS1117293107;2133705.48;1.22008116;1.22008116;578.5337676;-32464.890984;;0.0;0.0;2133705.48;3.0;XS1117293107;Bond;2133705.48;2101240.589016;0.0025;1.2170241449721297;0.0095;1.2084645028940928
3579;400804;XS1190624038;1954516.712;1.824268312;1.824268312;1000.365942;-21450.427338;;0.0;0.0;1954516.712;8.0;XS1190624038;Bond;1954516.712;1933066.2846620001;0.0025;1.8197926326924572;0.0035;1.81800236096944
3580;400804;XS1197273755;1781013.425;8.508869431;8.508869431;15292.02292;-92647.56528;;0.0;0.0;1781013.425;5.0;XS1197273755;Bond;1781013.425;1688365.85972;0.0025;8.47521818641365;0.0035;8.46175768857911
3581;400804;XS1242413679;3034555.479;0.658055879;0.658055879;324.8100255;-24742.019472;;0.0;0.0;3034555.479;6.0;XS1242413679;Bond;3034555.479;3009813.4595279996;0.0025;0.6564625452900803;0.0095;0.6520012109023052
3582;400804;XS1311440082;3216318.493;2.344566571;2.344566571;2565.093491;-93639.985956;;0.0;0.0;3216318.493;7.0;XS1311440082;Bond;3216318.493;3122678.5070439996;0.0025;2.3383709341278047;0.0095;2.3210231508856576
3583;400804;XS1346228577;3081842.466;2.10070043;2.10070043;2031.082929;-80222.67979200001;;0.0;0.0;3081842.466;7.0;XS1346228577;Bond;3081842.466;3001619.786208;0.0025;2.095256579126407;0.0095;2.080013796680347
3584;400804;XS1500338618;3574252.055;11.75518058;11.75518058;54753.6119;-108502.980125;;0.0;0.0;3574252.055;9.0;XS1500338618;Bond;3574252.055;3465749.074875;0.0025;11.717668741519981;0.0;11.75518058
3585;400804;XS1551294256;4866294.521;1.731946531;1.731946531;2282.996342;-34798.352688;;0.0;0.0;4866294.521;7.0;XS1551294256;Bond;4866294.521;4831496.168312;0.0025;1.7277170101633557;0.0015;1.7294088184980134
3586;400804;XS1578127778;1958191.781;1.888663745;1.888663745;1061.85438;-22179.55665;;0.0;0.0;1958191.781;6.0;XS1578127778;Bond;1958191.781;1936012.22435;0.0025;1.884024804128001;0.0035;1.8821692277792015
3587;400804;XS1588061777;1737602.74;8.015879506;8.015879506;13081.55252;-86503.02984;;0.0;0.0;1737602.74;7.0;XS1588061777;Bond;1737602.74;1651099.71016;0.0025;7.988302668560496;0.0035;7.977271933584695
3588;400804;XS1602547264;3016786.932;1.046612969;1.046612969;642.652811;-21091.3406795;;0.0;0.0;3016786.932;8.0;XS1602547264;Bond;3016786.932;2995695.5913205002;0.0025;1.0440258260594077;0.004;1.0424735402950525
3589;400804;XS1615079974;2965337.753;2.023728194;2.023728194;1819.942623;-40139.3628935;;0.0;0.0;2965337.753;8.0;XS1615079974;Bond;2965337.753;2925198.3901065;0.0025;2.018623415287882;0.004;2.015560548060612
3590;400804;XS1641457277;3501995.205;17.76749275;17.76749275;132751.4537;-160023.5429;;0.0;0.0;3501995.205;9.0;XS1641457277;Bond;3501995.205;3341971.6621000003;0.0025;17.609017812901953;0.0;17.76749275
3591;400804;XS1648462023;1430612.055;16.13722501;16.13722501;47379.60319;-141885.95328;;0.0;0.0;1430612.055;8.0;XS1648462023;Bond;1430612.055;1288726.10172;0.0025;15.960289722195784;0.0035;15.889515607074097
3592;400804;XS1651071950;1952972.329;3.966861619;3.966861619;2139.612907;-46437.083399999996;;0.0;0.0;1952972.329;7.0;XS1651071950;Bond;1952972.329;1906535.2456;0.0025;3.978812410605505;0.0035;3.983592727247707
3593;400804;XS1733289406;3086126.712;2.497389313;2.497389313;2722.143158;-95811.5331;;0.0;0.0;3086126.712;5.0;XS1733289406;Bond;3086126.712;2990315.1788999997;0.0025;2.4909302431898066;0.0095;2.472844847721265
3594;400804;XS1752475720;4818746.575;2.618599828;2.618599828;4558.089062;-75681.71958;;0.0;0.0;4818746.575;7.0;XS1752475720;Bond;4818746.575;4743064.85542;0.0025;2.6120948003666364;0.0035;2.609492789313291
3595;400804;XS1765875718;1936981.096;2.726795821;2.726795821;1968.287;-31690.739658;;0.0;0.0;1936981.096;6.0;XS1765875718;Bond;1936981.096;1905290.356342;0.0025;2.7199803042604898;0.0035;2.7172540975646857
3596;400804;XS1799611642;3033256.849;3.713901669;3.713901669;5507.764478;-140232.1284;;0.0;0.0;3033256.849;8.0;XS1799611642;Bond;3033256.849;2893024.7206;0.0025;3.702989525124661;0.0095;3.672435522273713
3597;400804;XS1803247557;1968159.452;1.485149119;1.485149119;721.2405739;-19483.889893;;0.0;0.0;1968159.452;6.0;XS1803247557;Bond;1968159.452;1948675.562107;0.0025;1.4815019302527013;0.004;1.4793136170043222
3598;400804;XS1808351214;2041764.11;0.045018366;0.045018366;9.29821109;-1141.1503516799999;;0.0;0.0;2041764.11;5.0;XS1808351214;Bond;2041764.11;2040622.9596483202;0.0025;0.04490958242096185;0.0095;0.044604988399655036
3599;400804;XS1811435251;2977864.932;1.963553869;1.963553869;1739.557998;-39129.476840999996;;0.0;0.0;2977864.932;8.0;XS1811435251;Bond;2977864.932;2938735.455159;0.0025;1.9585886578086174;0.004;1.9556095310937875
3600;400804;XS1828046570;4434908.904;7.094554331;7.094554331;26039.00246;-80924.17020000001;;0.0;0.0;4434908.904;8.0;XS1828046570;Bond;4434908.904;4353984.7338000005;0.0025;7.073601769804476;0.0;7.094554331
3601;400804;XS1835955474;1956492.0;3.001149551;3.001149551;2376.94316;-39349.1969975;;0.0;0.0;1956492.0;7.0;XS1835955474;Bond;1956492.0;1917142.8030025;0.0025;2.9932942844175803;0.004;2.988581124468128
3602;400804;XS1909186451;2896335.206;5.091656629;5.091656629;9266.56821;-99068.5735;;0.0;0.0;2896335.206;8.0;XS1909186451;Bond;2896335.206;2797266.6325;0.0025;5.076483759188716;0.004;5.067380037301945
3603;400804;XS1960589155;2536959.863;7.934161641;7.934161641;18751.25664;-125444.99520000002;;0.0;0.0;2536959.863;6.0;XS1960589155;Bond;2536959.863;2411514.8677999997;0.0025;7.90675816585253;0.0035;7.895796775793541
3604;400804;XS1968706108;1901317.534;3.738641372;3.738641372;3392.836916;-88259.002176;;0.0;0.0;1901317.534;8.0;XS1968706108;Bond;1901317.534;1813058.531824;0.0025;3.7289733147305335;0.0095;3.7019027543760274
3605;400804;XS1980857319;4089140.548;15.24565604;15.24565604;108392.425;-160824.909025;;0.0;0.0;4089140.548;9.0;XS1980857319;Bond;4089140.548;3928315.638975;0.0025;15.164046471927232;0.0;15.24565604
3606;400804;XS1986416268;2906984.384;1.99607506;1.99607506;1734.609765;-37667.19886800001;;0.0;0.0;2906984.384;6.0;XS1986416268;Bond;2906984.384;2869317.185132;0.0025;1.9911182443387823;0.004;1.9881441549420518
3607;400804;XS2008801297;1950924.219;1.183918821;1.183918821;499.2610991;-15391.145575;;0.0;0.0;1950924.219;6.0;XS2008801297;Bond;1950924.219;1935533.073425;0.0025;1.1810252293832468;0.004;1.179289074413195
3608;400804;XS2009861480;2736332.466;4.866144611;4.866144611;7930.520354;-79758.28614000001;;0.0;0.0;2736332.466;6.0;XS2009861480;Bond;2736332.466;2656574.17986;0.0025;4.852887273904978;0.0035;4.847584339066969
3609;400804;XS2010044209;840627.6712;6.221598499;6.221598499;3799.62986;-31283.687922000005;;0.0;0.0;840627.6712;7.0;XS2010044209;Bond;840627.6712;809343.983278;0.0025;6.205369433243733;0.0035;6.198877806941225
3610;400804;XS2014382845;1712724.658;6.74744335;6.74744335;9124.052323;-69207.52068;;0.0;0.0;1712724.658;6.0;XS2014382845;Bond;1712724.658;1643517.13732;0.0025;6.7280829568262135;0.0035;6.720338799556698
3611;400804;XS2022425024;1469739.726;10.17152317;10.17152317;17241.58319;-93057.26058;;0.0;0.0;1469739.726;8.0;XS2022425024;Bond;1469739.726;1376682.46542;0.0025;10.13689674844931;0.0035;10.123046179829034
3612;400804;XS2047619064;2914818.904;1.43519096;1.43519096;1008.933393;-25096.756464;;0.0;0.0;2914818.904;5.0;XS2047619064;Bond;2914818.904;2889722.1475360002;0.0025;1.4316869100752723;0.0035;1.4302852901053813
3613;400804;XS2051494495;2779843.151;4.206910606;4.206910606;6143.149096;-70131.792;;0.0;0.0;2779843.151;7.0;XS2051494495;Bond;2779843.151;2709711.359;0.0025;4.195908584491989;0.0035;4.191507775888786
3614;400804;XS2055781962;3772057.534;9.227397601;9.227397601;35556.55307;-89726.678125;;0.0;0.0;3772057.534;9.0;XS2055781962;Bond;3772057.534;3682330.855875;0.0025;9.204602219913886;0.0;9.227397601
3615;400804;XS2056396919;2830052.466;2.414971846;2.414971846;2319.54575;-40998.674285999994;;0.0;0.0;2830052.466;6.0;XS2056396919;Bond;2830052.466;2789053.791714;0.0025;2.4090617615793377;0.0035;2.406697727811073
3616;400804;XS2057069093;2956982.055;1.010057567;1.010057567;594.142691;-17951.040012;;0.0;0.0;2956982.055;7.0;XS2057069093;Bond;2956982.055;2939031.014988;0.0025;1.0075848891160692;0.0035;1.006595817962497
3617;400804;XS2057070182;2636912.466;5.993173306;5.993173306;11316.80139;-94740.32988;;0.0;0.0;2636912.466;7.0;XS2057070182;Bond;2636912.466;2542172.13612;0.0025;5.975676461483859;0.0035;5.968677723677403
3618;400804;XS2058556536;2817662.877;2.8258053;2.8258053;3032.004901;-47738.021142;;0.0;0.0;2817662.877;7.0;XS2058556536;Bond;2817662.877;2769924.855858;0.0025;2.8188664676101465;0.0035;2.8160909346542056
3619;400804;XS2058556619;2604927.123;6.109258916;6.109258916;11467.33807;-95274.70284000001;;0.0;0.0;2604927.123;7.0;XS2058556619;Bond;2604927.123;2509652.42016;0.0025;6.092512219319079;0.0035;6.08581354064671
3620;400804;XS2058557260;1467976.712;12.2191172;12.2191172;24092.27496;-108147.21858000002;;0.0;0.0;1467976.712;7.0;XS2058557260;Bond;1467976.712;1359829.49342;0.0025;12.18208696790689;0.0035;12.167274875069648
3621;400804;XS2063232727;2909410.685;1.478131707;1.478131707;1055.762724;-28711.029711000003;;0.0;0.0;2909410.685;8.0;XS2063232727;Bond;2909410.685;2880699.655289;0.0025;1.4745219266659033;0.004;1.4723560584654451
3622;400804;XS2079079799;2970092.466;0.602265478;0.602265478;280.9582367;-22165.840752;;0.0;0.0;2970092.466;5.0;XS2079079799;Bond;2970092.466;2947926.625248;0.0025;0.6008073925696407;0.0095;0.5967247533646346
3623;400804;XS2079678400;2688470.137;4.439126963;4.439126963;6496.909498;-71577.36468;;0.0;0.0;2688470.137;6.0;XS2079678400;Bond;2688470.137;2616892.77232;0.0025;4.42797702458136;0.0035;4.423517049213904
3624;400804;XS2082429890;2961616.438;0.822056438;0.822056438;435.5232508;-15247.359438;;0.0;0.0;2961616.438;4.0;XS2082429890;Bond;2961616.438;2946369.0785620003;0.0025;0.8200694817923709;0.0035;0.8192746993093193
3625;400804;XS2114852218;2857252.603;2.073724588;2.073724588;1809.298908;-35520.957624;;0.0;0.0;2857252.603;7.0;XS2114852218;Bond;2857252.603;2821731.645376;0.0025;2.068644664798202;0.0035;2.0666126955174833
3626;400804;XS2115091717;2808793.562;2.785335885;2.785335885;2945.357401;-48184.735925999994;;0.0;0.0;2808793.562;8.0;XS2115091717;Bond;2808793.562;2760608.826074;0.0025;2.77851562234595;0.0035;2.7757875172843303
3627;400804;XS2115092012;1368516.164;12.83511756;12.83511756;25871.45443;-109287.6087;;0.0;0.0;1368516.164;7.0;XS2115092012;Bond;1368516.164;1259228.5553000001;0.0025;12.774349444740043;0.0035;12.750042198636061
3628;400804;XS2153459123;1968882.466;3.674492995;3.674492995;3463.668893;-43381.730286000005;;0.0;0.0;1968882.466;7.0;XS2153459123;Bond;1968882.466;1925500.735714;0.0025;3.6642676040453512;0.0035;3.6601774476634916
3629;400804;XS2176621170;3023969.178;0.865506294;0.865506294;483.3185718;-32431.464708000007;;0.0;0.0;3023969.178;7.0;XS2176621170;Bond;3023969.178;2991537.713292;0.0025;0.8633833168850727;0.0095;0.8574389809632764
3630;400804;XS2183818637;3034212.329;0.430681445;0.430681445;183.0854734;-16160.297988000002;;0.0;0.0;3034212.329;7.0;XS2183818637;Bond;3034212.329;3018052.031012;0.0025;0.42963665219226393;0.0095;0.42671123233060304
3631;400804;XS2185867913;1901947.123;4.783055931;4.783055931;5386.547815;-54510.755412;;0.0;0.0;1901947.123;8.0;XS2185867913;Bond;1901947.123;1847436.367588;0.0025;4.7694469210509265;0.0035;4.764003317071298
3632;400804;XS2194790262;3595436.301;10.29479714;10.29479714;41709.96691;-95511.819;;0.0;0.0;3595436.301;9.0;XS2194790262;Bond;3595436.301;3499924.482;0.0025;10.269734055476292;0.0;10.29479714
3633;400804;XS2218405772;1180845.205;1.136353573;1.136353573;282.7246077;-8357.691456;;0.0;0.0;1180845.205;5.0;XS2218405772;Bond;1180845.205;1172487.513544;0.0025;1.1335961808453103;0.0035;1.1324932239834347
3634;400804;XS2221845683;2615496.575;5.655587062;5.655587062;10073.098;-184300.6644;;0.0;0.0;2615496.575;8.0;XS2221845683;Bond;2615496.575;2431195.9106;0.0025;5.639268380047687;0.0095;5.593576070581209
3635;400804;XS2227050379;1674860.822;6.931175407;6.931175407;9372.032807;-69743.09034000001;;0.0;0.0;1674860.822;6.0;XS2227050379;Bond;1674860.822;1605117.7316599998;0.0025;6.911385677761627;0.0035;6.903469786066278
3636;400804;XS2228245838;2956849.315;0.919875864;0.919875864;514.9047521;-18166.396130999998;;0.0;0.0;2956849.315;6.0;XS2228245838;Bond;2956849.315;2938682.918869;0.0025;0.9176378013631478;0.004;0.9162949637810365
3637;400804;XS2239067379;2652957.534;5.21964322;5.21964322;8678.197551;-82928.29692;;0.0;0.0;2652957.534;6.0;XS2239067379;Bond;2652957.534;2570029.23708;0.0025;5.2059763891059525;0.0035;5.200509656748333
3638;400804;XS2247936342;2749629.863;5.135293393;5.135293393;8838.709078;-175315.14179999998;;0.0;0.0;2749629.863;6.0;XS2247936342;Bond;2749629.863;2574314.7212;0.0025;5.1208587714295515;0.0095;5.080441831032293
3639;400804;XS2258452478;2753342.466;2.788047286;2.788047286;2886.791;-51538.8286985;;0.0;0.0;2753342.466;8.0;XS2258452478;Bond;2753342.466;2701803.6373015;0.0025;2.78126860942764;0.004;2.777201403484225
3640;400804;XS2267889991;2900612.877;3.431858475;3.431858475;4453.589233;-59801.54475;;0.0;0.0;2900612.877;8.0;XS2267889991;Bond;2900612.877;2840811.33225;0.0025;3.4229177079970827;0.0035;3.4193414011959162
3641;400804;XS2268340010;1793200.0;3.580125217;3.580125217;2921.663016;-38467.82466;;0.0;0.0;1793200.0;6.0;XS2268340010;Bond;1793200.0;1754732.17534;0.0025;3.5714359269713456;0.0035;3.567960210959884
3642;400804;XS2281155254;2671191.781;3.701096218;3.701096218;4624.987753;-66459.312465;;0.0;0.0;2671191.781;8.0;XS2281155254;Bond;2671191.781;2604732.468535;0.0025;3.6920556933137196;0.004;3.6866313785019513
3643;400804;XS2297549391;2795804.795;2.7633812;2.7633812;2891.501075;-51745.8783725;;0.0;0.0;2795804.795;7.0;XS2297549391;Bond;2795804.795;2744058.9166274997;0.0025;2.7566161759655;0.004;2.7525571615448
3644;400804;XS2306601746;2920735.068;2.767956205;2.767956205;3049.032482;-48491.386121999996;;0.0;0.0;2920735.068;8.0;XS2306601746;Bond;2920735.068;2872243.681878;0.0025;2.761011998564361;0.0035;2.758234315990105
3645;400804;XS2308616841;2576140.685;5.662865165;5.662865165;9746.983845;-94727.303645;;0.0;0.0;2576140.685;6.0;XS2308616841;Bond;2576140.685;2481413.381355;0.0025;5.648446260037855;0.004;5.639794917060567
3646;400804;XS2310118976;2944875.616;0.933907281;0.933907281;523.1798028;-34079.875632;;0.0;0.0;2944875.616;7.0;XS2310118976;Bond;2944875.616;2910795.7403679998;0.0025;0.9316462957438447;0.0095;0.9253155370266098
3647;400804;XS2311407352;1953798.082;1.075345736;1.075345736;430.9570589;-14077.769862000001;;0.0;0.0;1953798.082;6.0;XS2311407352;Bond;1953798.082;1939720.312138;0.0025;1.0727223071200969;0.004;1.071148249792155
3648;400804;XS2314312179;2611027.397;5.98837126;5.98837126;11175.2981;-194694.5652;;0.0;0.0;2611027.397;7.0;XS2314312179;Bond;2611027.397;2416332.8318;0.0025;5.971021770340625;0.0095;5.922443199294376
3649;400804;XS2314675997;4311786.301;5.479009095;5.479009095;15247.10161;-60671.938175;;0.0;0.0;4311786.301;8.0;XS2314675997;Bond;4311786.301;4251114.362825;0.0025;5.465654321422039;0.0;5.479009095
3650;400804;XS2320746394;1312870.685;13.90391751;13.90391751;29023.05243;-111958.97046;;0.0;0.0;1312870.685;6.0;XS2320746394;Bond;1312870.685;1200911.71454;0.0025;13.834550856066294;0.0035;13.80680419449281
3651;400804;XS2321466133;2933332.192;0.942256243;0.942256243;527.4539672;-34428.479748;;0.0;0.0;2933332.192;7.0;XS2321466133;Bond;2933332.192;2898903.712252;0.0025;0.9399805120082185;0.0095;0.9336084652312302
3652;400804;XS2323295563;2918643.781;0.96969527;0.96969527;549.6393197;-17128.041036;;0.0;0.0;2918643.781;6.0;XS2323295563;Bond;2918643.781;2901515.739964;0.0025;0.9673380395261363;0.0035;0.9663951473365908
3653;400804;XS2324321285;2936897.671;0.95492395;0.95492395;540.85601;-18723.728439;;0.0;0.0;2936897.671;6.0;XS2324321285;Bond;2936897.671;2918173.942561;0.0025;0.9525996754669428;0.004;0.9512051107471086
3654;400804;XS2325328313;2645547.945;5.413793084;5.413793084;9442.963584;-179330.6412;;0.0;0.0;2645547.945;5.0;XS2325328313;Bond;2645547.945;2466217.3038;0.0025;5.397831495002819;0.0095;5.353139045810715
3655;400804;XS2331216577;2927496.164;1.010462694;1.010462694;587.4840914;-19734.2460315;;0.0;0.0;2927496.164;6.0;XS2331216577;Bond;2927496.164;2907761.9179685;0.0025;1.007998331001564;0.004;1.0065197132025026
3656;400804;XS2331315635;1592592.329;7.625010451;7.625010451;10566.28941;-73072.48559999999;;0.0;0.0;1592592.329;6.0;XS2331315635;Bond;1592592.329;1519519.8434;0.0025;7.604496213520933;0.0035;7.596290518529306
3657;400804;XS2337252931;1814081.644;3.9270956;3.9270956;3513.810921;-42712.650966;;0.0;0.0;1814081.644;6.0;XS2337252931;Bond;1814081.644;1771368.993034;0.0025;3.917226698477974;0.0035;3.913279137869164
3658;400804;XS2338643740;2898665.589;1.534803947;1.534803947;1117.018774;-29706.857271;;0.0;0.0;2898665.589;8.0;XS2338643740;Bond;2898665.589;2868958.7317290003;0.0025;1.5310590997379352;0.004;1.5288121913806962
3659;400804;XS2342206591;2934022.767;1.07319399;1.07319399;644.4823441;-39081.541392;;0.0;0.0;2934022.767;7.0;XS2342206591;Bond;2934022.767;2894941.225608;0.0025;1.070581896779705;0.0095;1.0632680357628788
3660;400804;XS2343459074;2917808.219;1.337588741;1.337588741;902.8310832;-48221.220588000004;;0.0;0.0;2917808.219;7.0;XS2343459074;Bond;2917808.219;2869586.998412;0.0025;1.334326075560498;0.0095;1.325190612329892
3661;400804;XS2349788377;1945465.863;1.151727059;1.151727059;476.3554085;-14992.6091445;;0.0;0.0;1945465.863;6.0;XS2349788377;Bond;1945465.863;1930473.2538555;0.0025;1.1489218930614193;0.004;1.147238793498271
3662;400804;XS2350756446;2871215.753;2.096157274;2.096157274;1856.298208;-74588.00226;;0.0;0.0;2871215.753;6.0;XS2350756446;Bond;2871215.753;2796627.75074;0.0025;2.090978964040262;0.0095;2.0764796961529957
3663;400804;XS2351220814;1869623.288;3.049446503;3.049446503;2310.40302;-38250.203335499995;;0.0;0.0;1869623.288;6.0;XS2351220814;Bond;1869623.288;1831373.0846644999;0.0025;3.0418003484301464;0.004;3.0372126556882337
3664;400804;XS2356569736;1942856.164;1.424075171;1.424075171;663.4910088;-34319.917728;;0.0;0.0;1942856.164;4.0;XS2356569736;Bond;1942856.164;1908536.246272;0.0025;1.4206075738022756;0.0095;1.4108983016486474
3665;400804;XS2357417257;2789383.562;3.097655521;3.097655521;3538.436514;-58048.4517535;;0.0;0.0;2789383.562;7.0;XS2357417257;Bond;2789383.562;2731335.1102465;0.0025;3.0899307680009303;0.004;3.0852959162014884
3666;400804;XS2357951164;1142383.014;20.22499868;20.22499868;56543.50722;-143116.23851999998;;0.0;0.0;1142383.014;7.0;XS2357951164;Bond;1142383.014;999266.77548;0.0025;20.01022253634335;0.0035;19.924312078880686
3667;400804;XS2360310044;2803937.671;3.115572553;3.115572553;3599.070278;-58607.591809000005;;0.0;0.0;2803937.671;7.0;XS2360310044;Bond;2803937.671;2745330.079191;0.0025;3.1077501054972894;0.004;3.103056636995663
3668;400804;XS2363982344;2917982.877;1.251872653;1.251872653;813.7928831;-24402.552122;;0.0;0.0;2917982.877;6.0;XS2363982344;Bond;2917982.877;2893580.3248779997;0.0025;1.248818394647897;0.004;1.2469858396366351
3669;400804;XS2381853279;2745075.616;3.308709063;3.308709063;3897.103694;-54441.995232;;0.0;0.0;2745075.616;7.0;XS2381853279;Bond;2745075.616;2690633.620768;0.0025;3.3005861821755866;0.0035;3.297337029845821
3670;400804;XS2382950330;2855723.753;2.102697034;2.102697034;1852.213696;-74667.896076;;0.0;0.0;2855723.753;6.0;XS2382950330;Bond;2855723.753;2781055.856924;0.0025;2.0975354474691548;0.0095;2.0830830051827878
3671;400804;XS2384715244;2816816.301;2.371023816;2.371023816;2237.041622;-40059.351936;;0.0;0.0;2816816.301;6.0;XS2384715244;Bond;2816816.301;2776756.949064;0.0025;2.365223856582666;0.0035;2.3629038728157328
3672;400804;XS2385397901;1925500.0;1.420062835;1.420062835;654.695605;-16427.41644;;0.0;0.0;1925500.0;8.0;XS2385397901;Bond;1925500.0;1909072.58356;0.0025;1.4166039486922526;0.0035;1.4152203941691537
3673;400804;XS2387060259;2765953.562;3.309489791;3.309489791;3941.704276;-61450.197705;;0.0;0.0;2765953.562;7.0;XS2387060259;Bond;2765953.562;2704503.3642949997;0.0025;3.3012446051588324;0.004;3.296297493654132
3674;400804;XS2388491289;2755594.767;3.336060581;3.336060581;3981.218535;-61790.8101525;;0.0;0.0;2755594.767;7.0;XS2388491289;Bond;2755594.767;2693803.9568475;0.0025;3.3277644192532367;0.004;3.3227867222051786
3675;400804;XS2389353264;2486233.151;6.570182923;6.570182923;12479.94256;-106185.903525;;0.0;0.0;2486233.151;8.0;XS2389353264;Bond;2486233.151;2380047.247475;0.0025;6.552610713169496;0.004;6.542067387271195
3676;400804;XS2390400716;1823253.699;3.971292389;3.971292389;3611.777218;-43369.437582;;0.0;0.0;1823253.699;7.0;XS2390400716;Bond;1823253.699;1779884.261418;0.0025;3.961196508663753;0.0035;3.957158156529254
3677;400804;XS2390506546;2814390.411;2.413010213;2.413010213;2302.789925;-45494.492484999995;;0.0;0.0;2814390.411;8.0;XS2390506546;Bond;2814390.411;2768895.918515;0.0025;2.407111264023994;0.004;2.4035718946383895
3678;400804;XS2398710546;2515979.589;6.154182369;6.154182369;11195.89552;-100381.33488499999;;0.0;0.0;2515979.589;6.0;XS2398710546;Bond;2515979.589;2415598.2541150004;0.0025;6.137619393518286;0.004;6.127681608229258
3679;400804;XS2404642923;2770365.205;3.894709002;3.894709002;5319.101502;-70066.06997000001;;0.0;0.0;2770365.205;7.0;XS2404642923;Bond;2770365.205;2700299.13503;0.0025;3.884630894742623;0.004;3.878584030388197
3680;400804;XS2407985220;1919400.0;1.589517101;1.589517101;782.438411;-18331.58466;;0.0;0.0;1919400.0;6.0;XS2407985220;Bond;1919400.0;1901068.41534;0.0025;1.5856423276474219;0.0035;1.5840924183063905
3681;400804;XS2412267515;1844222.466;4.51718235;4.51718235;4645.527938;-49977.399282;;0.0;0.0;1844222.466;8.0;XS2412267515;Bond;1844222.466;1794245.066718;0.0025;4.50522061890794;0.0035;4.500435926471115
3682;400804;XS2412267788;1770797.26;7.467036715;7.467036715;11834.60796;-80472.44796;;0.0;0.0;1770797.26;7.0;XS2412267788;Bond;1770797.26;1690324.81204;0.0025;7.439348086437358;0.0035;7.4282726350123
3683;400804;XS2416413339;2887448.63;1.622318993;1.622318993;1216.763826;-31294.625108499997;;0.0;0.0;2887448.63;6.0;XS2416413339;Bond;2887448.63;2856154.0048915;0.0025;1.6183638511257772;0.004;1.6159907660012436
3684;400804;XS2430951660;1934679.397;1.771383576;1.771383576;941.9881808;-22903.3794925;;0.0;0.0;1934679.397;8.0;XS2430951660;Bond;1934679.397;1911776.0175075;0.0025;1.7670556686993963;0.004;1.764458924319034
3685;400804;XS2430951744;1920858.356;1.781009542;1.781009542;943.6858228;-22765.9639285;;0.0;0.0;1920858.356;9.0;XS2430951744;Bond;1920858.356;1898092.3920715;0.0025;1.7766574444880596;0.004;1.7740461859808954
3686;400804;XS2431029441;2635684.932;6.467417168;6.467417168;13271.28139;-212932.50252;;0.0;0.0;2635684.932;8.0;XS2431029441;Bond;2635684.932;2422752.42948;0.0025;6.446105115361756;0.0095;6.386431367974674
3687;400804;XS2432544349;2430948.904;8.499933711;8.499933711;20243.19414;-125028.29214;;0.0;0.0;2430948.904;6.0;XS2432544349;Bond;2430948.904;2305920.61186;0.0025;8.4723738736674;0.0035;8.461349938734362
3688;400804;XS2434701616;2903741.507;2.690018962;2.690018962;1963.193208;-46835.953872;;0.0;0.0;2903741.507;6.0;XS2434701616;Bond;2903741.507;2856905.5531280003;0.0025;2.6912071945469878;0.0035;2.691682487565783
3689;400804;XS2436159847;1911701.918;2.019025988;2.019025988;1157.436715;-25689.122303;;0.0;0.0;1911701.918;9.0;XS2436159847;Bond;1911701.918;1886012.795697;0.0025;2.0140809448452375;0.004;2.01111391895238
3690;400804;XS2439543047;4457531.507;4.506156345;4.506156345;11016.38775;-51537.202675;;0.0;0.0;4457531.507;9.0;XS2439543047;Bond;4457531.507;4405994.304325;0.0025;4.495134708589189;0.0;4.506156345
3691;400804;XS2440108491;1922738.63;1.813868954;1.813868954;973.596006;-23217.582374999998;;0.0;0.0;1922738.63;7.0;XS2440108491;Bond;1922738.63;1899521.047625;0.0025;1.8094352805070477;0.004;1.8067750764112764
3692;400804;XS2441055998;1921337.26;1.805784231;1.805784231;965.1541166;-23169.0325685;;0.0;0.0;1921337.26;6.0;XS2441055998;Bond;1921337.26;1898168.2274315;0.0025;1.8013780085988873;0.004;1.7987342751582196
3693;400804;XS2443749648;2949431.507;2.743580261;2.743580261;3074.902849;-50574.647448;;0.0;0.0;2949431.507;5.0;XS2443749648;Bond;2949431.507;2898856.859552;0.0025;2.736334821213075;0.0035;2.733436645298305
3694;400804;XS2443920249;2963167.808;0.857760551;0.857760551;465.1459584;-16991.5348525;;0.0;0.0;2963167.808;8.0;XS2443920249;Bond;2963167.808;2946176.2731475;0.0025;0.8556755361971502;0.004;0.8544245273154403
3695;400804;XS2446386430;2978428.767;5.323890783;5.323890783;10596.26142;-106703.12224;;0.0;0.0;2978428.767;8.0;XS2446386430;Bond;2978428.767;2871725.64476;0.0025;5.305808609752671;0.004;5.294959305804273
3696;400804;XS2464405229;2017406.849;2.803135797;2.803135797;2191.404382;-37792.554442500004;;0.0;0.0;2017406.849;7.0;XS2464405229;Bond;2017406.849;1979614.2945575;0.0025;2.795623519926956;0.004;2.79111615368313
3697;400804;XS2466368938;1910808.767;3.914159534;3.914159534;3732.49932;-44836.333547999995;;0.0;0.0;1910808.767;7.0;XS2466368938;Bond;1910808.767;1865972.433452;0.0025;3.903627121195241;0.0035;3.8994141560733375
3698;400804;XS2466426215;1952611.233;1.891000252;1.891000252;1060.83397;-24580.327537999998;;0.0;0.0;1952611.233;9.0;XS2466426215;Bond;1952611.233;1928030.905462;0.0025;1.8863577092740293;0.004;1.883572183638447
3699;400804;XS2475502832;3042113.014;1.037827032;1.037827032;640.4760122;-21155.3134325;;0.0;0.0;3042113.014;6.0;XS2475502832;Bond;3042113.014;3020957.7005674997;0.0025;1.0352563303453892;0.004;1.0337139093526226
3700;400804;XS2475954900;4597141.781;6.606547754;6.606547754;23823.85458;-124926.14343999999;;0.0;0.0;4597141.781;9.0;XS2475954900;Bond;4597141.781;4472215.637560001;0.0025;6.586105965422065;0.0015;6.594282680853239
3701;400804;XS2484093393;4628233.562;6.593973162;6.593973162;23961.43435;-78478.91295;;0.0;0.0;4628233.562;9.0;XS2484093393;Bond;4628233.562;4549754.64905;0.0025;6.573243591733919;0.0;6.593973162
3702;400804;XS2486589596;3077171.589;1.146204482;1.146204482;755.443581;-23582.9533745;;0.0;0.0;3077171.589;8.0;XS2486589596;Bond;3077171.589;3053588.6356255;0.0025;1.1433514603933592;0.004;1.1416396474293748
3703;400804;XS2487016250;2952856.849;4.618587247;4.618587247;7935.143854;-81729.5976;;0.0;0.0;2952856.849;6.0;XS2487016250;Bond;2952856.849;2871127.2514;0.0025;4.6047336961257495;0.0035;4.5991922757760495
3704;400804;XS2489775580;2981753.014;3.384461506;3.384461506;4500.956438;-60602.440619999994;;0.0;0.0;2981753.014;6.0;XS2489775580;Bond;2981753.014;2921150.57338;0.0025;3.375360453005834;0.0035;3.3717200318081675
3705;400804;XS2491542457;2105586.849;5.997425882;5.997425882;9517.020252;-77322.1893;;0.0;0.0;2105586.849;7.0;XS2491542457;Bond;2105586.849;2028264.6597;0.0025;5.9743514332287;0.0035;5.965121653720181
3706;400804;XS2491738949;2073568.219;2.320602582;2.320602582;1616.326335;-29732.856432;;0.0;0.0;2073568.219;6.0;XS2491738949;Bond;2073568.219;2043835.362568;0.0025;2.31457831509491;0.0035;2.312168608332874
3707;400804;XS2498554992;2114258.904;2.094348862;2.094348862;1393.399458;-27292.28712;;0.0;0.0;2114258.904;6.0;XS2498554992;Bond;2114258.904;2086966.61688;0.0025;2.0888383888573467;0.0035;2.0866341996002853
3708;400804;XS2502850865;1986696.438;2.202173236;2.202173236;1405.429062;-11204.122164999999;;0.0;0.0;1986696.438;6.0;XS2502850865;Bond;1986696.438;1975492.315835;0.0025;2.196611650033093;0.0;2.202173236
3709;400804;XS2524746687;3123000.0;6.844867787;6.844867787;18376.12289;-266157.38784;;0.0;0.0;3123000.0;7.0;XS2524746687;Bond;3123000.0;2856842.61216;0.0025;6.814895195431137;0.0095;6.730971939038321
3710;400804;XS2525226622;3100749.863;2.23588097;2.23588097;2269.478419;-46404.842809;;0.0;0.0;3100749.863;7.0;XS2525226622;Bond;3100749.863;3054345.020191;0.0025;2.2300810600486085;0.004;2.2266011140777735
3711;400804;XS2526881532;3098013.699;2.282925292;2.282925292;2338.126739;-44032.541784;;0.0;0.0;3098013.699;5.0;XS2526881532;Bond;3098013.699;3053981.157216;0.0025;2.277086711430671;0.0035;2.2747512792029396
3712;400804;XS2528323780;3112927.808;2.272282276;2.272282276;2341.824987;-47278.7988595;;0.0;0.0;3112927.808;7.0;XS2528323780;Bond;3112927.808;3065649.0091405003;0.0025;2.266383188627673;0.004;2.262843736204277
3713;400804;XS2528858033;3149350.438;2.256388573;2.256388573;2346.718186;-47536.0232945;;0.0;0.0;3149350.438;7.0;XS2528858033;Bond;3149350.438;3101814.4147055;0.0025;2.2504882075686994;0.004;2.2469479883099193
3714;400804;XS2531479462;3100700.959;1.718017228;1.718017228;1445.165914;-35547.84129;;0.0;0.0;3100700.959;6.0;XS2531479462;Bond;3100700.959;3065153.11771;0.0025;1.713744256852035;0.004;1.711180474163256
3715;400804;XS2532312548;2028469.315;3.952100507;3.952100507;4082.057199;-48195.64814999999;;0.0;0.0;2028469.315;6.0;XS2532312548;Bond;2028469.315;1980273.66685;0.0025;3.940838677631042;0.0035;3.9363339458834585
3716;400804;XS2535308477;3055038.082;3.148785669;3.148785669;4063.407535;-57707.641902;;0.0;0.0;3055038.082;7.0;XS2535308477;Bond;3055038.082;2997330.4400979998;0.0025;3.140321103983388;0.0035;3.1369352779767428
3717;400804;XS2536364081;3121133.836;2.309709161;2.309709161;2414.658806;-48176.130106;;0.0;0.0;3121133.836;7.0;XS2536364081;Bond;3121133.836;3072957.705894;0.0025;2.3037048531740743;0.004;2.3001022684785193
3718;400804;XS2538368221;3138890.548;3.88554525;3.88554525;6169.900987;-74092.71774;;0.0;0.0;3138890.548;6.0;XS2538368221;Bond;3138890.548;3064797.83026;0.0025;3.874148126377418;0.0035;3.869589276928385
3719;400804;XS2542914986;3096249.863;4.312378778;4.312378778;7302.294617;-81361.46442;;0.0;0.0;3096249.863;6.0;XS2542914986;Bond;3096249.863;3014888.39858;0.0025;4.299909505941913;0.0035;4.294921797118677
3720;400804;XS2545759099;2198470.685;4.201880643;4.201880643;5016.72123;-62007.887929;;0.0;0.0;2198470.685;7.0;XS2545759099;Bond;2198470.685;2136462.797071;0.0025;4.188972293124082;0.004;4.181227283198531
3721;400804;XS2548080832;3200497.479;2.368878841;2.368878841;2594.075414;-50722.8491835;;0.0;0.0;3200497.479;7.0;XS2548080832;Bond;3200497.479;3149774.6298165;0.0025;2.3626447443767287;0.004;2.3589042864027654
3722;400804;XS2550081454;3121448.63;1.735833122;1.735833122;1480.033482;-36195.212741999996;;0.0;0.0;3121448.63;6.0;XS2550081454;Bond;3121448.63;3085253.417258;0.0025;1.7315121746685112;0.004;1.7289196062696177
3723;400804;XS2553547444;3276864.247;2.376329;2.376329;2680.009528;-96771.272784;;0.0;0.0;3276864.247;8.0;XS2553547444;Bond;3276864.247;3180092.974216;0.0025;2.3699998996399123;0.0095;2.352278418631667
3724;400804;XS2553801502;2149595.89;2.404664528;2.404664528;1788.663688;-34570.5977825;;0.0;0.0;2149595.89;7.0;XS2553801502;Bond;2149595.89;2115025.2922175;0.0025;2.398318231787515;0.004;2.394510454060024
3725;400804;XS2554488978;3106239.863;2.677002329;2.677002329;3086.203733;-51446.18894400001;;0.0;0.0;3106239.863;7.0;XS2554488978;Bond;3106239.863;3054793.674056;0.0025;2.670079439779405;0.0035;2.667310284091167
3726;400804;XS2554489513;3211818.493;4.380287553;4.380287553;8065.806223;-87470.89860000001;;0.0;0.0;3211818.493;7.0;XS2554489513;Bond;3211818.493;3124347.5944;0.0025;4.365472611828245;0.0035;4.3595466353595445
3727;400804;XS2554746185;3148643.836;1.534989901;1.534989901;1224.67662;-32423.113762;;0.0;0.0;3148643.836;8.0;XS2554746185;Bond;3148643.836;3116220.722238;0.0025;1.531156543887382;0.004;1.5288565296198109
3728;400804;XS2555925218;2156047.945;2.645409642;2.645409642;2109.41808;-38224.236693499995;;0.0;0.0;2156047.945;6.0;XS2555925218;Bond;2156047.945;2117823.7083064998;0.0025;2.6384458092168646;0.004;2.634267509546983
3729;400804;XS2558591967;3184027.397;1.702858499;1.702858499;1464.727979;-36339.0889745;;0.0;0.0;3184027.397;6.0;XS2558591967;Bond;3184027.397;3147688.3080255;0.0025;1.6986072248369792;0.004;1.6960564603391668
3730;400804;XS2563002653;3143517.123;2.647962057;2.647962057;3069.960186;-55780.749355500004;;0.0;0.0;3143517.123;6.0;XS2563002653;Bond;3143517.123;3087736.3736445;0.0025;2.6410763037931164;0.004;2.636944851868986
3731;400804;XS2569069375;2099699.452;2.582325581;2.582325581;1964.889571;-36290.050478499994;;0.0;0.0;2099699.452;7.0;XS2569069375;Bond;2099699.452;2063409.4015215;0.0025;2.575601703771611;0.004;2.5715673774345778
3732;400804;XS2573569576;3575239.726;4.274750893;4.274750893;8346.706056;-102486.01921999999;;0.0;0.0;3575239.726;7.0;XS2573569576;Bond;3575239.726;3472753.7067799997;0.0025;4.262069970888538;0.004;4.25446141762166
3733;400804;XS2573712044;3175520.548;4.22994256;4.22994256;7299.250657;-90412.54131;;0.0;0.0;3175520.548;7.0;XS2573712044;Bond;3175520.548;3085108.00669;0.0025;4.217208602037991;0.004;4.209568227260786
3734;400804;XS2574870759;3076061.507;5.334434765;5.334434765;11023.56049;-100110.6336;;0.0;0.0;3076061.507;6.0;XS2574870759;Bond;3076061.507;2975950.8734000004;0.0025;5.3159837351334325;0.0035;5.308603323186805
3735;400804;XS2575952697;3321363.726;2.616905846;2.616905846;3173.984553;-58099.65908500001;;0.0;0.0;3321363.726;7.0;XS2575952697;Bond;3321363.726;3263264.066915;0.0025;2.6101356637780877;0.004;2.6060735544449405
3736;400804;XS2575971994;3117388.767;2.611509177;2.611509177;2969.275406;-54462.556629;;0.0;0.0;3117388.767;7.0;XS2575971994;Bond;3117388.767;3062926.2103709998;0.0025;2.604746927340831;0.004;2.6006895775453294
3737;400804;XS2576362839;3224816.712;2.096392213;2.096392213;2136.015584;-45264.581927499996;;0.0;0.0;3224816.712;6.0;XS2576362839;Bond;3224816.712;3179552.1300724996;0.0025;2.0908201623185487;0.004;2.087476931909678
3738;400804;XS2577127967;3147228.575;2.613834465;2.613834465;3007.734695;-102210.140412;;0.0;0.0;3147228.575;7.0;XS2577127967;Bond;3147228.575;3045018.434588;0.0025;2.6070228607103845;0.0095;2.587950368699461
3739;400804;XS2577396430;3126790.685;2.540725305;2.540725305;2840.270135;-48839.354136;;0.0;0.0;3126790.685;6.0;XS2577396430;Bond;3126790.685;3077951.330864;0.0025;2.5341543693866613;0.0035;2.5315259951413256
3740;400804;XS2578472339;2154889.589;2.968956895;2.968956895;2626.051958;-42950.4680085;;0.0;0.0;2154889.589;6.0;XS2578472339;Bond;2154889.589;2111939.1209915;0.0025;2.960527456797139;0.004;2.955469793875422
3741;400804;XS2579324869;3086544.247;2.639145062;2.639145062;2989.609953;-54493.938005;;0.0;0.0;3086544.247;6.0;XS2579324869;Bond;3086544.247;3032050.308995;0.0025;2.632342914757825;0.004;2.6282616264125203
3742;400804;XS2579897633;3180207.123;4.874708368;4.874708368;9574.605643;-95237.18562;;0.0;0.0;3180207.123;7.0;XS2579897633;Bond;3180207.123;3084969.93738;0.0025;4.858848167617798;0.0035;4.852504087464917
3743;400804;XS2582860909;2121722.466;3.708968414;3.708968414;3858.738418;-47955.873653999995;;0.0;0.0;2121722.466;6.0;XS2582860909;Bond;2121722.466;2073766.592346;0.0025;3.697892481210377;0.0035;3.6934621080945274
3744;400804;XS2583742668;1954776.438;12.25277201;12.25277201;31997.60914;-146647.55814;;0.0;0.0;1954776.438;7.0;XS2583742668;Bond;1954776.438;1808128.87986;0.0025;12.21887468103839;0.0035;12.205315749453748
3745;400804;XS2586942448;4981252.055;6.964418667;6.964418667;29001.99067;-142663.17432;;0.0;0.0;4981252.055;9.0;XS2586942448;Bond;4981252.055;4838588.8806799995;0.0025;6.9401207579184065;0.0015;6.949839921551044
3746;400804;XS2587298204;5159321.233;3.097637472;3.097637472;6681.045872;-40913.8574;;0.0;0.0;5159321.233;9.0;XS2587298204;Bond;5159321.233;5118407.3756;0.0025;3.089252199913891;0.0;3.097637472
3747;400804;XS2588885025;3116977.397;2.672910504;2.672910504;3090.29121;-55879.3986335;;0.0;0.0;3116977.397;7.0;XS2588885025;Bond;3116977.397;3061097.9983665;0.0025;2.6659856693899178;0.004;2.6618307686238687
3748;400804;XS2588986997;3143527.397;4.277848647;4.277848647;7379.583964;-167885.32704;;0.0;0.0;3143527.397;6.0;XS2588986997;Bond;3143527.397;2975642.06996;0.0025;4.264909899653138;0.0095;4.228681407081926
3749;400804;XS2589790109;2085360.0;5.469949629;5.469949629;7791.606335;-69516.16422;;0.0;0.0;2085360.0;8.0;XS2589790109;Bond;2085360.0;2015843.83578;0.0025;5.451342093039107;0.0035;5.44389907865475
3750;400804;XS2592650373;3021511.986;1.836795849;1.836795849;1571.398601;-37127.2075395;;0.0;0.0;3021511.986;8.0;XS2592650373;Bond;3021511.986;2984384.7784605;0.0025;1.8322286393414196;0.004;1.8294883135462714
3751;400804;XS2595028536;3147687.863;2.710860802;2.710860802;3200.38507;-57174.274657500006;;0.0;0.0;3147687.863;9.0;XS2595028536;Bond;3147687.863;3090513.5883425;0.0025;2.7038141787054104;0.004;2.6995862047286567
3752;400804;XS2597113989;3110232.082;1.843950143;1.843950143;1627.260013;-38367.72784;;0.0;0.0;3110232.082;8.0;XS2597113989;Bond;3110232.082;3071864.35416;0.0025;1.8393706311325648;0.004;1.836622924012104
3753;400804;XS2597905905;2135150.411;2.77465804;2.77465804;2310.743259;-39558.971907;;0.0;0.0;2135150.411;7.0;XS2597905905;Bond;2135150.411;2095591.4390929998;0.0025;2.7668488805992766;0.004;2.7621633849588427
3754;400804;XS2598331242;2198869.863;2.834245729;2.834245729;2486.037638;-41768.108499;;0.0;0.0;2198869.863;7.0;XS2598331242;Bond;2198869.863;2157101.754501;0.0025;2.826063153761421;0.004;2.8211536086182734
3755;400804;XS2601458602;3147576.164;0.871509851;0.871509851;515.6648799;-18292.83911;;0.0;0.0;3147576.164;5.0;XS2601458602;Bond;3147576.164;3129283.32489;0.0025;0.8693129445905865;0.004;0.8679948007449383
3756;400804;XS2601459162;3235373.425;3.371002519;3.371002519;5009.439013;-72020.63667499999;;0.0;0.0;3235373.425;6.0;XS2601459162;Bond;3235373.425;3163352.7883249996;0.0025;3.3607033113585554;0.004;3.3545237867736883
3757;400804;XS2609970848;3394294.932;5.993920148;5.993920148;16006.46185;-250694.47860000003;;0.0;0.0;3394294.932;6.0;XS2609970848;Bond;3394294.932;3143600.4534;0.0025;5.965845453569457;0.0095;5.8872363091639395
3758;400804;XS2613209670;2152569.041;6.393229419;6.393229419;11262.01375;-84721.75787999999;;0.0;0.0;2152569.041;7.0;XS2613209670;Bond;2152569.041;2067847.2831200003;0.0025;6.364615516882346;0.0035;6.353169956035285
3759;400804;XS2613658041;3756132.397;2.752665109;2.752665109;4022.743029;-69324.63953999999;;0.0;0.0;3756132.397;7.0;XS2613658041;Bond;3756132.397;3686807.75746;0.0025;2.74483351964655;0.004;2.74013456603448
3760;400804;XS2613658710;2336769.178;3.218758303;3.218758303;3261.267994;-50418.303598;;0.0;0.0;2336769.178;8.0;XS2613658710;Bond;2336769.178;2286350.8744019996;0.0025;3.209768535297623;0.004;3.2043746746761967
3761;400804;XS2616652637;3376736.301;6.603164862;6.603164862;19021.04225;-277106.21904;;0.0;0.0;3376736.301;7.0;XS2616652637;Bond;3376736.301;3099630.08196;0.0025;6.5713451665628595;0.0095;6.482250019338867
3762;400804;XS2618906585;3215203.562;2.787906323;2.787906323;3515.290026;-60027.5130455;;0.0;0.0;3215203.562;7.0;XS2618906585;Bond;3215203.562;3155176.0489545;0.0025;2.7800040376246717;0.004;2.7752626663994744
3763;400804;XS2621007231;3111494.384;3.26558649;3.26558649;4426.799969;-62400.93257999999;;0.0;0.0;3111494.384;6.0;XS2621007231;Bond;3111494.384;3049093.4514200003;0.0025;3.256678509867492;0.0035;3.253115317814489
3764;400804;XS2623957078;2102527.123;1.979553974;1.979553974;1261.377212;-25634.511941999997;;0.0;0.0;2102527.123;7.0;XS2623957078;Bond;2102527.123;2076892.6110580002;0.0025;1.9743522123477493;0.0035;1.972271507686849
3765;400804;XS2624938739;2094782.466;5.877052254;5.877052254;9147.242259;-75484.99704;;0.0;0.0;2094782.466;6.0;XS2624938739;Bond;2094782.466;2019297.46896;0.0025;5.854234641106204;0.0035;5.845107595948685
3766;400804;XS2624976077;3231647.26;2.81130997;2.81130997;3590.869535;-60979.7721;;0.0;0.0;3231647.26;8.0;XS2624976077;Bond;3231647.26;3170667.4878999996;0.0025;2.803289688428384;0.004;2.798477519485415
3767;400804;XS2625985945;3158862.329;2.448185782;2.448185782;2701.416344;-47805.992226;;0.0;0.0;3158862.329;6.0;XS2625985945;Bond;3158862.329;3111056.336774;0.0025;2.4417901541524802;0.0035;2.439231903013472
3768;400804;XS2626699982;3280222.603;2.776360911;2.776360911;3558.995512;-113429.038788;;0.0;0.0;3280222.603;7.0;XS2626699982;Bond;3280222.603;3166793.564212;0.0025;2.7685067114496853;0.0095;2.7465149527088046
3769;400804;XS2629468278;3144609.452;4.4058292;4.4058292;7883.309254;-84357.51647999999;;0.0;0.0;3144609.452;7.0;XS2629468278;Bond;3144609.452;3060251.93552;0.0025;4.391684329179712;0.0035;4.386026380851596
3770;400804;XS2629470845;2098311.781;7.893452753;7.893452753;16541.16992;-102005.2359;;0.0;0.0;2098311.781;8.0;XS2629470845;Bond;2098311.781;1996306.5451;0.0025;7.8521421213654445;0.0035;7.835617868711622
3771;400804;XS2630117328;2121710.959;2.698306773;2.698306773;2182.665838;-34710.842382;;0.0;0.0;2121710.959;7.0;XS2630117328;Bond;2121710.959;2087000.1166179997;0.0025;2.690790693717886;0.0035;2.68778426200504
3772;400804;XS2631822868;2067895.343;6.730630579;6.730630579;6711.268014;-85291.98618;;0.0;0.0;2067895.343;6.0;XS2631822868;Bond;2067895.343;1982603.35682;0.0025;6.762747592571178;0.0035;6.775594397999649
3773;400804;XS2631835332;2074767.123;6.732694417;6.732694417;11727.37019;-56995.936400000006;;0.0;0.0;2074767.123;6.0;XS2631835332;Bond;2074767.123;2017771.1866;0.0025;6.704707876389316;0.0015;6.71590249263359
3774;400804;XS2634593938;2089720.0;3.644682227;3.644682227;3669.572901;-45989.241582;;0.0;0.0;2089720.0;7.0;XS2634593938;Bond;2089720.0;2043730.758418;0.0025;3.633991204269027;0.0035;3.6297147951766373
3775;400804;XS2634616572;2082400.0;7.406168355;7.406168355;14259.25978;-94710.67332;;0.0;0.0;2082400.0;6.0;XS2634616572;Bond;2082400.0;1987689.32668;0.0025;7.372108869757853;0.0035;7.358485075660995
3776;400804;XS2634690114;3246705.164;5.095169919;5.095169919;10831.10608;-101656.00374;;0.0;0.0;3246705.164;8.0;XS2634690114;Bond;3246705.164;3145049.16026;0.0025;5.076671058320271;0.0035;5.0692715140483795
3777;400804;XS2635428274;3216780.822;3.075495959;3.075495959;4165.792291;-123039.65196000002;;0.0;0.0;3216780.822;6.0;XS2635428274;Bond;3216780.822;3093741.17004;0.0025;3.06676717242492;0.0095;3.042326570014696
3778;400804;XS2636592102;3284352.74;2.84113314;2.84113314;3704.59986;-116034.37206;;0.0;0.0;3284352.74;6.0;XS2636592102;Bond;3284352.74;3168318.3679400003;0.0025;2.8331143758093336;0.0095;2.8106618360754663
3779;400804;XS2636745882;2201778.356;6.307115681;6.307115681;11344.0225;-85767.55494;;0.0;0.0;2201778.356;7.0;XS2636745882;Bond;2201778.356;2116010.80106;0.0025;6.277759723829027;0.0035;6.266017340960637
3780;400804;XS2637069357;3737250.0;7.946991334;7.946991334;26467.24486;-369834.16440000007;;0.0;0.0;3737250.0;5.0;XS2637069357;Bond;3737250.0;3367415.8356;0.0025;7.927827742172063;0.0095;7.8741696850538405
3781;400804;XS2637421848;3282986.301;3.686689164;3.686689164;5970.194519;-81273.28241500001;;0.0;0.0;3282986.301;7.0;XS2637421848;Bond;3282986.301;3201713.018585;0.0025;3.6752052173466123;0.004;3.6683148493545796
3782;400804;XS2637967139;3251342.466;2.864516989;2.864516989;3712.965542;-115914.557988;;0.0;0.0;3251342.466;7.0;XS2637967139;Bond;3251342.466;3135427.908012;0.0025;2.8564811523835907;0.0095;2.833980809857645
3783;400804;XS2643234011;3316848.904;4.45990135;4.45990135;8637.730731;-99509.95496;;0.0;0.0;3316848.904;7.0;XS2643234011;Bond;3316848.904;3217338.9490400003;0.0025;4.444523204283114;0.004;4.435296316852982
3784;400804;XS2643673952;2121009.315;5.768093069;5.768093069;8790.795257;-81723.74327;;0.0;0.0;2121009.315;7.0;XS2643673952;Bond;2121009.315;2039285.57173;0.0025;5.747654605331198;0.004;5.735391527129918
3785;400804;XS2644240975;2207980.548;6.458156848;6.458156848;11801.55945;-87970.96752;;0.0;0.0;2207980.548;6.0;XS2644240975;Bond;2207980.548;2120009.58048;0.0025;6.428802416205964;0.0035;6.41706064348835
3786;400804;XS2652069480;3199315.068;2.115695349;2.115695349;2148.045768;-45278.806066000005;;0.0;0.0;3199315.068;7.0;XS2652069480;Bond;3199315.068;3154036.261934;0.0025;2.1101005657367;0.004;2.1067436957787193
3787;400804;XS2655865546;3177539.589;4.649515;4.649515;8795.841981;-91441.2519;;0.0;0.0;3177539.589;7.0;XS2655865546;Bond;3177539.589;3086098.3371;0.0025;4.634356729699904;0.0035;4.628293421579866
3788;400804;XS2656537664;3151786.027;1.167838467;1.167838467;798.3445791;-22686.142296;;0.0;0.0;3151786.027;6.0;XS2656537664;Bond;3151786.027;3129099.884704;0.0025;1.1649156060929902;0.0035;1.1637464617301863
3789;400804;XS2673437484;2111942.082;12.29116487;12.29116487;42544.352;-159436.95354000002;;0.0;0.0;2111942.082;7.0;XS2673437484;Bond;2111942.082;1952505.1284599998;0.0025;12.16523024231561;0.0035;12.114856391241855
3790;400804;XS2673969650;2171818.904;2.892458014;2.892458014;2523.583562;-38611.425642;;0.0;0.0;2171818.904;6.0;XS2673969650;Bond;2171818.904;2133207.478358;0.0025;2.884324603234291;0.0035;2.881071238928007
3791;400804;XS2675722750;3229273.973;2.227802307;2.227802307;2365.839451;-48198.103050499994;;0.0;0.0;3229273.973;6.0;XS2675722750;Bond;3229273.973;3181075.8699495;0.0025;2.2218944970355454;0.004;2.2183498110568727
3792;400804;XS2676395077;2136565.753;3.783180926;3.783180926;4025.870516;-49414.98067799999;;0.0;0.0;2136565.753;6.0;XS2676395077;Bond;2136565.753;2087150.772322;0.0025;3.7718552767475253;0.0035;3.7673250170465353
3793;400804;XS2676818482;3142099.726;3.41819094;3.41819094;4842.137115;-65565.78828000001;;0.0;0.0;3142099.726;6.0;XS2676818482;Bond;3142099.726;3076533.93772;0.0025;3.408874728786377;0.0035;3.405148244300928
3794;400804;XS2678111050;3127994.384;1.302101894;1.302101894;937.1126307;-25072.258356;;0.0;0.0;3127994.384;6.0;XS2678111050;Bond;3127994.384;3102922.1256440002;0.0025;1.298850842985758;0.0035;1.297550422580061
3795;400804;XS2696803696;3190129.315;4.684613473;4.684613473;8917.529085;-91265.41986;;0.0;0.0;3190129.315;6.0;XS2696803696;Bond;3190129.315;3098863.89514;0.0025;4.669593722824379;0.0035;4.663585822754131
3796;400804;XS2697970536;2064940.548;8.525396325;8.525396325;18594.91241;-108507.95196;;0.0;0.0;2064940.548;6.0;XS2697970536;Bond;2064940.548;1956432.59604;0.0025;8.481975794819721;0.0035;8.464607582747611
3797;400804;XS2699159278;3016098.247;3.381443347;3.381443347;4689.941877;-62080.57146000001;;0.0;0.0;3016098.247;6.0;XS2699159278;Bond;3016098.247;2954017.67554;0.0025;3.3711544982051524;0.0035;3.3670389586872136
3798;400804;XS2699159351;3281161.644;5.637905884;5.637905884;13438.63513;-113776.38462;;0.0;0.0;3281161.644;7.0;XS2699159351;Bond;3281161.644;3167385.2593799997;0.0025;5.6149784827270155;0.0035;5.605807522217822
3799;400804;XS2704918478;3265407.534;5.363854381;5.363854381;11950.39877;-116877.4464;;0.0;0.0;3265407.534;6.0;XS2704918478;Bond;3265407.534;3148530.0876;0.0025;5.344289316474362;0.004;5.33255027775898
3800;400804;XS2705604077;3141092.466;1.465292497;1.465292497;1134.235486;-30831.245861;;0.0;0.0;3141092.466;7.0;XS2705604077;Bond;3141092.466;3110261.220139;0.0025;1.4616328057492363;0.004;1.459436990998778
3801;400804;XS2705604234;3266142.329;5.479012215;5.479012215;12465.49476;-120571.17488;;0.0;0.0;3266142.329;8.0;XS2705604234;Bond;3266142.329;3145571.15412;0.0025;5.458646642409463;0.004;5.446427298855141
3802;400804;XS2716710756;2118158.904;6.588767882;6.588767882;11592.78698;-85719.90221999999;;0.0;0.0;2118158.904;6.0;XS2716710756;Bond;2118158.904;2032439.00178;0.0025;6.560471318306779;0.0035;6.54915269282949
3803;400804;XS2717291970;3205053.37;4.86854257;4.86854257;9655.698054;-104857.42059;;0.0;0.0;3205053.37;9.0;XS2717291970;Bond;3205053.37;3100195.94941;0.0025;4.852483133543663;0.004;4.84284747166986
3804;400804;XS2720896047;3107275.89;1.710634124;1.710634124;1436.731913;-32861.685204;;0.0;0.0;3107275.89;6.0;XS2720896047;Bond;3107275.89;3074414.204796;0.0025;1.706390379740238;0.0035;1.7046928820363332
3805;400804;XS2723860990;3134424.658;3.505513292;3.505513292;5071.640714;-136827.69576;;0.0;0.0;3134424.658;6.0;XS2723860990;Bond;3134424.658;2997596.96224;0.0025;3.4957837210686695;0.0095;3.468540922460944
3806;400804;XS2742660660;3015560.548;7.203941612;7.203941612;19253.27188;-133791.38760000002;;0.0;0.0;3015560.548;7.0;XS2742660660;Bond;3015560.548;2881769.1604;0.0025;7.174067520828083;0.0035;7.162117884359316
3807;400804;XS2745719000;2071438.356;3.461886516;3.461886516;3268.94952;-48128.844374;;0.0;0.0;2071438.356;7.0;XS2745719000;Bond;2071438.356;2023309.5116259998;0.0025;3.4523955089476797;0.004;3.4467009047162875
3808;400804;XS2747181969;2034922.466;3.471885413;3.471885413;3211.403206;-43246.327152;;0.0;0.0;2034922.466;6.0;XS2747181969;Bond;2034922.466;1991676.138848;0.0025;3.4625667527716315;0.0035;3.458839288680284
3809;400804;XS2747590896;3058590.0;3.372591423;3.372591423;4585.422724;-67360.54585;;0.0;0.0;3058590.0;6.0;XS2747590896;Bond;3058590.0;2991229.45415;0.0025;3.363547481173922;0.004;3.3581211160782756
3810;400804;XS2747776487;3101520.0;3.486825585;3.486825585;4951.194281;-72458.25015;;0.0;0.0;3101520.0;7.0;XS2747776487;Bond;3101520.0;3029061.74985;0.0025;3.477311049002083;0.004;3.471602327403333
3811;400804;XS2753310825;2024453.589;5.792481537;5.792481537;8389.046348;-71730.50508;;0.0;0.0;2024453.589;7.0;XS2753310825;Bond;2024453.589;1952723.08392;0.0025;5.772767215766601;0.0035;5.764881487273242
3812;400804;XS2757519017;1988601.918;7.576441564;7.576441564;13779.35936;-62129.84168;;0.0;0.0;1988601.918;8.0;XS2757519017;Bond;1988601.918;1926472.07632;0.0025;7.54671849843336;0.0015;7.558607724660016
3813;400804;XS2760217880;2020192.877;3.450754019;3.450754019;3150.485298;-41872.680792;;0.0;0.0;2020192.877;6.0;XS2760217880;Bond;2020192.877;1978320.1962080002;0.0025;3.441535845233728;0.0035;3.437848575727219
3814;400804;XS2765559443;3017025.616;5.153509503;5.153509503;9908.814954;-94354.08456;;0.0;0.0;3017025.616;7.0;XS2765559443;Bond;3017025.616;2922671.53144;0.0025;5.137798672358623;0.0035;5.131514340102073
3815;400804;XS2768793676;1964502.74;8.839711252;8.839711252;18648.34847;-71096.84612;;0.0;0.0;1964502.74;6.0;XS2768793676;Bond;1964502.74;1893405.8938799999;0.0025;8.797746092752199;0.0015;8.81453215645132
3816;400804;XS2775056067;5116674.658;2.671276198;2.671276198;5054.840798;-84031.04598;;0.0;0.0;5116674.658;6.0;XS2775056067;Bond;5116674.658;5032643.61202;0.0025;2.6644176086802798;0.0035;2.6616741729523916
3817;400804;XS2776889995;3047711.918;4.386470362;4.386470362;4172.48302;-81667.36158;;0.0;0.0;3047711.918;7.0;XS2776889995;Bond;3047711.918;2966044.5564200003;0.0025;4.400346810801302;0.0035;4.405897390321823
3818;400804;XS2776890068;1971244.384;8.674563605;8.674563605;18203.93367;-105469.20551999999;;0.0;0.0;1971244.384;7.0;XS2776890068;Bond;1971244.384;1865775.17848;0.0025;8.631815184716316;0.0035;8.614715816602843
3819;400804;XS2777383840;2038124.658;7.357572197;7.357572197;13577.35005;-93429.66750000001;;0.0;0.0;2038124.658;6.0;XS2777383840;Bond;2038124.658;1944694.9905;0.0025;7.326364675045797;0.0035;7.313881666264116
3820;400804;XS2779792337;3014376.575;6.011802617;6.011802617;13297.82975;-110771.74776;;0.0;0.0;3014376.575;6.0;XS2779792337;Bond;3014376.575;2903604.82724;0.0025;5.991870311009405;0.0035;5.983897388613168
3821;400804;XS2779793061;2999473.973;10.62313432;10.62313432;40788.38732;-194951.77524;;0.0;0.0;2999473.973;6.0;XS2779793061;Bond;2999473.973;2804522.1977600004;0.0025;10.565298939408057;0.0035;10.542164787171279
3822;400804;XS2788435050;15276433.56;7.609136244;7.609136244;107167.8532;-479182.29720000003;;0.0;0.0;15276433.56;6.0;XS2788435050;Bond;15276433.56;14797251.2628;0.0025;7.578502621058984;0.0015;7.590756070235391
3823;400804;XS2790333889;3000490.685;7.422741021;7.422741021;20262.81124;-150105.53246000002;;0.0;0.0;3000490.685;9.0;XS2790333889;Bond;3000490.685;2850385.15254;0.0025;7.391654585305317;0.004;7.373002723888508
3824;400804;XS2792222379;1981064.932;7.714923601;7.714923601;14177.63433;-63042.23744;;0.0;0.0;1981064.932;9.0;XS2792222379;Bond;1981064.932;1918022.69456;0.0025;7.6848094100192;0.0015;7.69685508641152
3825;400804;XS2803804314;2123320.0;4.99604787;4.99604787;6883.696638;-65330.507639999996;;0.0;0.0;2123320.0;6.0;XS2803804314;Bond;2123320.0;2057989.49236;0.0025;4.977400363286602;0.0035;4.969941360601243
3826;400804;XS2806495896;1994962.466;12.54026698;12.54026698;42004.74474;-151449.93438000002;;0.0;0.0;1994962.466;6.0;XS2806495896;Bond;1994962.466;1843512.53162;0.0025;12.407027569027079;0.0035;12.35373180463791
3827;400804;XS2808189760;5211654.11;7.484675886;7.484675886;36344.31414;-241239.816;;0.0;0.0;5211654.11;6.0;XS2808189760;Bond;5211654.11;4970414.294000001;0.0025;7.450385269199361;0.0035;7.436669022479106
3828;400804;XS2809670099;3125818.767;8.351992735;8.351992735;27928.40867;-160317.25902;;0.0;0.0;3125818.767;6.0;XS2809670099;Bond;3125818.767;2965501.50798;0.0025;8.303013446080188;0.0035;8.283421730512263
3829;400804;XS2811886584;2073127.945;7.279686462;7.279686462;13817.93893;-92838.1299;;0.0;0.0;2073127.945;6.0;XS2811886584;Bond;2073127.945;1980289.8151;0.0025;7.2455395233750615;0.0035;7.231880747925087
3830;400804;XS2815980664;3117626.301;5.190504945;5.190504945;10740.53769;-109077.636785;;0.0;0.0;3117626.301;7.0;XS2815980664;Bond;3117626.301;3008548.664215;0.0025;5.171730772333947;0.004;5.160466268734316
3831;400804;XS2818300407;3138236.301;3.829073512;3.829073512;6062.681344;-149878.02516000002;;0.0;0.0;3138236.301;8.0;XS2818300407;Bond;3138236.301;2988358.27584;0.0025;3.8174311382174837;0.0095;3.7848324916264393
3832;400804;XS2827708145;1983352.603;12.61109773;12.61109773;42135.8257;-153920.56176;;0.0;0.0;1983352.603;7.0;XS2827708145;Bond;1983352.603;1829432.04124;0.0025;12.477578501769788;0.0035;12.424170810477705
3833;400804;XS2828791074;3156246.575;4.244151383;4.244151383;7430.883102;-166720.13448;;0.0;0.0;3156246.575;7.0;XS2828791074;Bond;3156246.575;2989526.44052;0.0025;4.230324891518449;0.0095;4.191610715370106
3834;400804;XS2831084657;5098882.877;8.740684692;8.740684692;48714.81426;-273970.47444;;0.0;0.0;5098882.877;6.0;XS2831084657;Bond;5098882.877;4824912.40256;0.0025;8.69283318640722;0.0035;8.673692584170107
3835;400804;XS2831094706;3161439.041;4.62289857;4.62289857;9811.299457;-143866.20888;;0.0;0.0;3161439.041;7.0;XS2831094706;Bond;3161439.041;3017572.8321200004;0.0025;4.598740839930095;0.0095;4.53109919573436
3836;400804;XS2831195644;3206756.877;5.038970402;5.038970402;10625.72862;-202504.86852;;0.0;0.0;3206756.877;8.0;XS2831195644;Bond;3206756.877;3004252.00848;0.0025;5.019609869611165;0.0095;4.965400378922427
3837;400804;XS2831536227;3084523.973;3.899115924;3.899115924;6103.918071;-150366.696;;0.0;0.0;3084523.973;4.0;XS2831536227;Bond;3084523.973;2934157.2770000002;0.0025;3.8876515626983412;0.0095;3.855551351053696
3838;400804;XS2839008948;2026723.014;7.199749226;7.199749226;12923.12074;-89765.32566;;0.0;0.0;2026723.014;7.0;XS2839008948;Bond;2026723.014;1936957.6883399999;0.0025;7.169931134366736;0.0035;7.158003897713431
3839;400804;XS2841150316;3143926.438;5.242139088;5.242139088;10940.91197;-100622.33873999999;;0.0;0.0;3143926.438;6.0;XS2841150316;Bond;3143926.438;3043304.09926;0.0025;5.2238387621287945;0.0035;5.216518631780313
3840;400804;XS2844410287;3198551.507;3.605202626;3.605202626;5550.498538;-70503.10584;;0.0;0.0;3198551.507;5.0;XS2844410287;Bond;3198551.507;3128048.4011600004;0.0025;3.594313433658946;0.0035;3.5899577567225247
3841;400804;XS2859392248;3114053.836;2.2938674;2.2938674;2378.859819;-43933.909092;;0.0;0.0;3114053.836;6.0;XS2859392248;Bond;3114053.836;3070119.926908;0.0025;2.2879241954137823;0.0035;2.2855469135792954
3842;400804;XS2859413341;3115273.973;6.394349815;6.394349815;17275.40638;-204012.64176;;0.0;0.0;3115273.973;7.0;XS2859413341;Bond;3115273.973;2911261.33124;0.0025;6.357934361017415;0.0095;6.255971089866178
3843;400804;XS2884003778;3050094.658;4.366199786;4.366199786;7467.689998;-81016.91046;;0.0;0.0;3050094.658;6.0;XS2884003778;Bond;3050094.658;2969077.74754;0.0025;4.352650363310355;0.0035;4.347230594234497
3844;400804;XS2897313859;3046614.658;4.731987653;4.731987653;8616.1676;-87477.71784;;0.0;0.0;3046614.658;6.0;XS2897313859;Bond;3046614.658;2959136.9401599998;0.0025;4.7172641198336835;0.0035;4.711374706567157
3845;400804;XS2900306171;3022544.795;2.8075129;2.8075129;3247.755731;-52424.44108800001;;0.0;0.0;3022544.795;7.0;XS2900306171;Bond;3022544.795;2970120.353912;0.0025;2.8003554624179507;0.0035;2.797492487385131
3846;400804;XS2902578249;3035003.425;5.565763122;5.565763122;11759.78938;-113820.034965;;0.0;0.0;3035003.425;8.0;XS2902578249;Bond;3035003.425;2921183.3900349997;0.0025;5.54633941233721;0.004;5.534685186539536
3847;400804;XS2905504671;3045176.712;3.984392645;3.984392645;6221.386406;-73099.6581;;0.0;0.0;3045176.712;6.0;XS2905504671;Bond;3045176.712;2972077.0538999997;0.0025;3.973005364852979;0.0035;3.968450452794171
3848;400804;XS2927515598;2964742.603;5.788311683;5.788311683;12218.53757;-115277.96124;;0.0;0.0;2964742.603;7.0;XS2927515598;Bond;2964742.603;2849464.64176;0.0025;5.769041036574992;0.004;5.757478648719987
3849;400804;XS2930111096;2991297.945;5.67355435;5.67355435;11983.10535;-211497.60588;;0.0;0.0;2991297.945;6.0;XS2930111096;Bond;2991297.945;2779800.3391199997;0.0025;5.653877683382788;0.0095;5.598783016854595
3850;400804;XS2941605409;2973184.932;5.67823533;5.67823533;11942.0846;-210862.48848;;0.0;0.0;2973184.932;6.0;XS2941605409;Bond;2973184.932;2762322.44352;0.0025;5.658426305224165;0.0095;5.602961035851826
3851;400804;XS2944871586;2997594.658;5.699343277;5.699343277;12040.76791;-104210.79774;;0.0;0.0;2997594.658;7.0;XS2944871586;Bond;2997594.658;2893383.86026;0.0025;5.680129313876314;0.0035;5.67244372862684
3852;400804;XS2948048462;3023291.096;4.886826948;4.886826948;9135.337486;-184795.6902;;0.0;0.0;3023291.096;6.0;XS2948048462;Bond;3023291.096;2838495.4058;0.0025;4.870988309806327;0.0095;4.826640122864042
3853;400804;XS2954183039;2967018.493;5.712329582;5.712329582;11982.43728;-103564.59468;;0.0;0.0;2967018.493;6.0;XS2954183039;Bond;2967018.493;2863453.8983199997;0.0025;5.692942733670808;0.0035;5.685187994339132
3854;400804;XS2975280509;2022684.384;4.388889402;4.388889402;4907.043163;-36545.936195999995;;0.0;0.0;2022684.384;8.0;XS2975280509;Bond;2022684.384;1986138.447804;0.0025;4.376395143385441;0.0015;4.381392846831265
3855;400804;XS2976328760;1982992.603;5.940685625;5.940685625;8526.825101;-71554.35767999999;;0.0;0.0;1982992.603;6.0;XS2976328760;Bond;1982992.603;1911438.24532;0.0025;5.921415532506247;0.0035;5.913707495508745
3856;400804;XS2978917156;1993526.849;6.548237758;6.548237758;10488.07739;-80185.96308;;0.0;0.0;1993526.849;7.0;XS2978917156;Bond;1993526.849;1913340.88592;0.0025;6.523909638987043;0.0035;6.51417839138186
3857;400804;XS2980741099;3045299.829;4.411960759;4.411960759;7473.875625;-90012.94562000001;;0.0;0.0;3045299.829;6.0;XS2980741099;Bond;3045299.829;2955286.88338;0.0025;4.399268425968528;0.004;4.391653026149646
3858;400804;XS2986720907;3088623.11;4.718324044;4.718324044;8651.249985;-181721.90915999998;;0.0;0.0;3088623.11;8.0;XS2986720907;Bond;3088623.11;2906901.20084;0.0025;4.703955363660195;0.0095;4.663723058708739
3859;400804;XS2997384776;1925531.781;9.433877465;9.433877465;15820.66345;-111530.43978;;0.0;0.0;1925531.781;6.0;XS2997384776;Bond;1925531.781;1814001.34122;0.0025;9.450966156869624;0.0035;9.457801633617475
3860;400804;XS2999658136;2988489.452;4.42015869;4.42015869;7329.154383;-80968.71612;;0.0;0.0;2988489.452;7.0;XS2999658136;Bond;2988489.452;2907520.73588;0.0025;4.407691667485383;0.0035;4.402704858479536
3861;400804;XS3007600581;1986642.466;6.164557092;6.164557092;9140.882678;-81915.87066;;0.0;0.0;1986642.466;7.0;XS3007600581;Bond;1986642.466;1904726.59534;0.0025;6.14453221506838;0.004;6.1325172889094075
3862;400804;XS3040316898;3000758.614;2.802019433;2.802019433;-11722.78787;-51472.560882000005;;0.0;0.0;3000758.614;7.0;XS3040316898;Bond;3000758.614;2949286.0531180003;0.0025;2.9193129174440435;0.0035;2.966230311221661
3863;400805;2000019;8339242.696;0.0;0.0;0.0;-1042405.3369999998;;83392.42696;83392.42696;8339242.696;;US0231351067;Equity;8339242.696;7296837.359000001;0.0;0.0;0.0;0.0
3864;400805;2007849;372173.3198;0.0;0.0;0.0;-46521.66497500001;;3721.733198;3721.733198;372173.3198;;US0079031078;Equity;372173.3198;325651.654825;0.0;0.0;0.0;0.0
3865;400805;2008154;733542.8439;0.0;0.0;0.0;-91692.85548750003;;7335.428439;7335.428439;733542.8439;;US00724F1012;Equity;733542.8439;641849.9884124999;0.0;0.0;0.0;0.0
3866;400805;2009834;9104151.768;0.0;0.0;0.0;-1138018.9710000001;;91041.51768;91041.51768;9104151.768;;CA0084741085;Equity;9104151.768;7966132.796999999;0.0;0.0;0.0;0.0
3867;400805;2020459;2043989.308;0.0;0.0;0.0;-255498.66350000002;;20439.89308;20439.89308;2043989.308;;US4385161066;Equity;2043989.308;1788490.6445;0.0;0.0;0.0;0.0
3868;400805;2041364;480499.0742;0.0;0.0;0.0;-60062.384275000004;;4804.990742;4804.990742;480499.0742;;US91913Y1001;Equity;480499.0742;420436.68992499996;0.0;0.0;0.0;0.0
3869;400805;2046251;10361062.81;0.0;0.0;0.0;-1295132.85125;;103610.6281;103610.6281;10361062.81;;US0378331005;Equity;10361062.81;9065929.95875;0.0;0.0;0.0;0.0
3870;400805;2113434;4101973.931;0.0;0.0;0.0;-512746.7413749999;;41019.73931;41019.73931;4101973.931;;US1011371077;Equity;4101973.931;3589227.189625;0.0;0.0;0.0;0.0
3871;400805;2124533;2557182.3;0.0;0.0;0.0;-319647.78750000003;;25571.823;25571.823;2557182.3;;CA8787422044;Equity;2557182.3;2237534.5124999997;0.0;0.0;0.0;0.0
3872;400805;2134781;1076796.149;0.0;0.0;0.0;-134599.518625;;10767.96149;10767.96149;1076796.149;;US9113631090;Equity;1076796.149;942196.630375;0.0;0.0;0.0;0.0
3873;400805;2138158;1753677.615;0.0;0.0;0.0;-219209.70187500003;;17536.77615;17536.77615;1753677.615;;US8168511090;Equity;1753677.615;1534467.913125;0.0;0.0;0.0;0.0
3874;400805;2190385;8561655.804;0.0;0.0;0.0;-1070206.9755;;85616.55804;85616.55804;8561655.804;;US46625H1005;Equity;8561655.804;7491448.8285;0.0;0.0;0.0;0.0
3875;400805;2262314;1451732.522;0.0;0.0;0.0;-181466.56525;;14517.32522;14517.32522;1451732.522;;US6174464486;Equity;1451732.522;1270265.9567500001;0.0;0.0;0.0;0.0
3876;400805;2270726;1870932.42;0.0;0.0;0.0;-233866.5525;;18709.3242;18709.3242;1870932.42;;US2546871060;Equity;1870932.42;1637065.8675;0.0;0.0;0.0;0.0
3877;400805;2297907;266097.4912;0.0;0.0;0.0;-33262.186400000006;;2660.974912;2660.974912;266097.4912;;US1729674242;Equity;266097.4912;232835.30479999998;0.0;0.0;0.0;0.0
3878;400805;2317087;2722985.503;0.0;0.0;0.0;-340373.187875;;27229.85503;27229.85503;2722985.503;;US29364G1031;Equity;2722985.503;2382612.315125;0.0;0.0;0.0;0.0
3879;400805;2328915;2477212.396;0.0;0.0;0.0;-309651.5495;;24772.12396;24772.12396;2477212.396;;US65339F1012;Equity;2477212.396;2167560.8465;0.0;0.0;0.0;0.0
3880;400805;2379504;8686854.657;0.0;0.0;0.0;-1085856.8321250002;;86868.54657;86868.54657;8686854.657;;US67066G1040;Equity;8686854.657;7600997.824874999;0.0;0.0;0.0;0.0
3881;400805;2405302;2307467.497;0.0;0.0;0.0;-288433.437125;;23074.67497;23074.67497;2307467.497;;US4062161017;Equity;2307467.497;2019034.059875;0.0;0.0;0.0;0.0
3882;400805;2516152;3211277.541;0.0;0.0;0.0;-401409.692625;;32112.77541;32112.77541;3211277.541;;US5324571083;Equity;3211277.541;2809867.848375;0.0;0.0;0.0;0.0
3883;400805;2573209;2591177.273;0.0;0.0;0.0;-323897.159125;;25911.77273;25911.77273;2591177.273;;US59156R1086;Equity;2591177.273;2267280.113875;0.0;0.0;0.0;0.0
3884;400805;2588173;14823769.52;0.0;0.0;0.0;-1852971.19;;148237.6952;148237.6952;14823769.52;;US5949181045;Equity;14823769.52;12970798.33;0.0;0.0;0.0;0.0
3885;400805;2588184;5110197.01;0.0;0.0;0.0;-638774.62625;;51101.9701;51101.9701;5110197.01;;US5951121038;Equity;5110197.01;4471422.38375;0.0;0.0;0.0;0.0
3886;400805;2671501;4700961.766;0.0;0.0;0.0;-587620.22075;;47009.61766;47009.61766;4700961.766;;US7010941042;Equity;4700961.766;4113341.54525;0.0;0.0;0.0;0.0
3887;400805;2692665;4019017.987;0.0;0.0;0.0;-502377.2483750001;;40190.17987;40190.17987;4019017.987;;US6934751057;Equity;4019017.987;3516640.738625;0.0;0.0;0.0;0.0
3888;400805;2704407;2632974.801;0.0;0.0;0.0;-329121.85012500006;;26329.74801;26329.74801;2632974.801;;US7427181091;Equity;2632974.801;2303852.950875;0.0;0.0;0.0;0.0
3889;400805;2730190;1816027.949;0.0;0.0;0.0;-227003.49362500006;;18160.27949;18160.27949;1816027.949;;US75886F1075;Equity;1816027.949;1589024.455375;0.0;0.0;0.0;0.0
3890;400805;2778844;3596715.275;0.0;0.0;0.0;-449589.40937500005;;35967.15275;35967.15275;3596715.275;;US58933Y1055;Equity;3596715.275;3147125.8656249996;0.0;0.0;0.0;0.0
3891;400805;2886907;3365548.602;0.0;0.0;0.0;-420693.57525;;33655.48602;33655.48602;3365548.602;;US8835561023;Equity;3365548.602;2944855.02675;0.0;0.0;0.0;0.0
3892;400805;2917766;2757421.079;0.0;0.0;0.0;-344677.634875;;27574.21079;27574.21079;2757421.079;;US91324P1021;Equity;2757421.079;2412743.444125;0.0;0.0;0.0;0.0
3893;400805;2936921;3138805.397;0.0;0.0;0.0;-392350.67462500004;;31388.05397;31388.05397;3138805.397;;US9311421039;Equity;3138805.397;2746454.722375;0.0;0.0;0.0;0.0
3894;400805;2965839;1968922.357;0.0;0.0;0.0;-246115.29462499998;;19689.22357;19689.22357;1968922.357;;US12572Q1058;Equity;1968922.357;1722807.0623750002;0.0;0.0;0.0;0.0
3895;400805;2989301;2765813.923;0.0;0.0;0.0;-345726.740375;;27658.13923;27658.13923;2765813.923;;US8725401090;Equity;2765813.923;2420087.182625;0.0;0.0;0.0;0.0
3896;400805;4012250;12078927.12;0.0;0.0;0.0;-1570260.5256;;120789.2712;0.0;12078927.12;;NL0000235190;Equity;12078927.12;10508666.5944;0.0;0.0;0.0;0.0
3897;400805;4031879;5189156.5;0.0;0.0;0.0;-674590.3450000001;;51891.565;0.0;5189156.5;;FR0000124141;Equity;5189156.5;4514566.155;0.0;0.0;0.0;0.0
3898;400805;4031976;2323457.4;0.0;0.0;0.0;-302049.46200000006;;23234.574;0.0;2323457.4;;DE000A1EWWW0;Equity;2323457.4;2021407.9379999998;0.0;0.0;0.0;0.0
3899;400805;4057808;9757168.15;0.0;0.0;0.0;-1268431.8595;;97571.6815;0.0;9757168.15;;FR0000120321;Equity;9757168.15;8488736.2905;0.0;0.0;0.0;0.0
3900;400805;4061412;12397314.5;0.0;0.0;0.0;-1611650.8850000002;;123973.145;0.0;12397314.5;;FR0000121014;Equity;12397314.5;10785663.615;0.0;0.0;0.0;0.0
3901;400805;4076836;16309969.72;0.0;0.0;0.0;-2120296.0636;;163099.6972;0.0;16309969.72;;IT0000072618;Equity;16309969.72;14189673.6564;0.0;0.0;0.0;0.0
3902;400805;4162791;5993376.8;0.0;0.0;0.0;-779138.9839999999;;59933.768;0.0;5993376.8;;FR0000121329;Equity;5993376.8;5214237.816;0.0;0.0;0.0;0.0
3903;400805;4163437;3286832.45;0.0;0.0;0.0;-427288.2185;;32868.3245;0.0;3286832.45;;FR0000125338;Equity;3286832.45;2859544.2315;0.0;0.0;0.0;0.0
3904;400805;4380429;3956124.66;0.0;0.0;0.0;-514296.2058;;39561.2466;0.0;3956124.66;;FR0000130577;Equity;3956124.66;3441828.4542;0.0;0.0;0.0;0.0
3905;400805;4792132;1904967.9;0.0;0.0;0.0;-247645.82700000002;;19049.679;0.0;1904967.9;;FR0000121709;Equity;1904967.9;1657322.0729999999;0.0;0.0;0.0;0.0
3906;400805;4834108;18406272.75;0.0;0.0;0.0;-2392815.4575;;184062.7275;0.0;18406272.75;;FR0000121972;Equity;18406272.75;16013457.2925;0.0;0.0;0.0;0.0
3907;400805;4846288;26759111.6;0.0;0.0;0.0;-3478684.508;;267591.116;0.0;26759111.6;;DE0007164600;Equity;26759111.6;23280427.092;0.0;0.0;0.0;0.0
3908;400805;4942904;7325077.24;0.0;0.0;0.0;-952260.0412;;73250.7724;0.0;7325077.24;;DE000ENAG999;Equity;7325077.24;6372817.1988;0.0;0.0;0.0;0.0
3909;400805;5165294;5620777.4;0.0;0.0;0.0;-730701.062;;56207.774;0.0;5620777.4;;NL0000334118;Equity;5620777.4;4890076.338;0.0;0.0;0.0;0.0
3910;400805;5231485;12665389.1;0.0;0.0;0.0;-1646500.583;;126653.891;0.0;12665389.1;;DE0008404005;Equity;12665389.1;11018888.516999999;0.0;0.0;0.0;0.0
3911;400805;5253973;9865812.0;0.0;0.0;0.0;-1282555.56;;98658.12;0.0;9865812.0;;FR0000052292;Equity;9865812.0;8583256.44;0.0;0.0;0.0;0.0
3912;400805;5294121;13517504.0;0.0;0.0;0.0;-1757275.5200000003;;135175.04;0.0;13517504.0;;DE0008430026;Equity;13517504.0;11760228.48;0.0;0.0;0.0;0.0
3913;400805;5334588;1126426.0;0.0;0.0;0.0;-146435.38;;11264.26;0.0;1126426.0;;DE0007030009;Equity;1126426.0;979990.62;0.0;0.0;0.0;0.0
3914;400805;5501906;8988053.425;0.0;0.0;0.0;-1168446.9452499999;;89880.53425;0.0;8988053.425;;ES0113211835;Equity;8988053.425;7819606.479750001;0.0;0.0;0.0;0.0
3915;400805;5596991;4151915.25;0.0;0.0;0.0;-539748.9824999999;;41519.1525;0.0;4151915.25;;BE0003739530;Equity;4151915.25;3612166.2675;0.0;0.0;0.0;0.0
3916;400805;5671735;12466854.4;0.0;0.0;0.0;-1620691.072;;124668.544;0.0;12466854.4;;FR0000120578;Equity;12466854.4;10846163.328;0.0;0.0;0.0;0.0
3917;400805;5705946;10676581.64;0.0;0.0;0.0;-1387955.6132;;106765.8164;0.0;10676581.64;;ES0113900J37;Equity;10676581.64;9288626.026800001;0.0;0.0;0.0;0.0
3918;400805;5727973;12308211.5;0.0;0.0;0.0;-1600067.495;;123082.115;0.0;12308211.5;;DE0007236101;Equity;12308211.5;10708144.004999999;0.0;0.0;0.0;0.0
3919;400805;5842359;18389417.36;0.0;0.0;0.0;-2390624.2568;;183894.1736;0.0;18389417.36;;DE0005557508;Equity;18389417.36;15998793.1032;0.0;0.0;0.0;0.0
3920;400805;5889505;3106004.26;0.0;0.0;0.0;-403780.5538;;31060.0426;0.0;3106004.26;;DE0006231004;Equity;3106004.26;2702223.7062;0.0;0.0;0.0;0.0
3921;400805;5966516;4259569.07;0.0;0.0;0.0;-553743.9791;;42595.6907;0.0;4259569.07;;FR0000130809;Equity;4259569.07;3705825.0909;0.0;0.0;0.0;0.0
3922;400805;6597067;3734273.472;0.0;0.0;0.0;-354755.97984000004;;37342.73472;37342.73472;3734273.472;;JP3900000005;Equity;3734273.472;3379517.49216;0.0;0.0;0.0;0.0
3923;400805;6635677;1400192.832;0.0;0.0;0.0;-133018.31904000003;;14001.92832;14001.92832;1400192.832;;JP3164720009;Equity;1400192.832;1267174.51296;0.0;0.0;0.0;0.0
3924;400805;6895675;1195148.18;0.0;0.0;0.0;-113539.0771;;11951.4818;11951.4818;1195148.18;;JP3571400005;Equity;1195148.18;1081609.1028999998;0.0;0.0;0.0;0.0
3925;400805;7088429;9688499.4;0.0;0.0;0.0;-1259504.922;;96884.994;0.0;9688499.4;;FR0000120628;Equity;9688499.4;8428994.478;0.0;0.0;0.0;0.0
3926;400805;7144569;8426215.665;0.0;0.0;0.0;-1095408.0364500002;;84262.15665;0.0;8426215.665;;IT0003128367;Equity;8426215.665;7330807.628549999;0.0;0.0;0.0;0.0
3927;400805;7145056;2890741.044;0.0;0.0;0.0;-375796.33572000003;;28907.41044;0.0;2890741.044;;IT0003132476;Equity;2890741.044;2514944.7082800004;0.0;0.0;0.0;0.0
3928;400805;7212477;11518360.0;0.0;0.0;0.0;-1497386.8;;115183.6;0.0;11518360.0;;FR0000121667;Equity;11518360.0;10020973.2;0.0;0.0;0.0;0.0
3929;400805;7309681;8918483.6;0.0;0.0;0.0;-1159402.868;;89184.836;0.0;8918483.6;;FR0000131104;Equity;8918483.6;7759080.732;0.0;0.0;0.0;0.0
3930;400805;7380482;10961176.1;0.0;0.0;0.0;-1424952.8930000002;;109611.761;0.0;10961176.1;;FR0000125007;Equity;10961176.1;9536223.206999999;0.0;0.0;0.0;0.0
3931;400805;7792559;2517164.34;0.0;0.0;0.0;-327231.3642;;25171.6434;0.0;2517164.34;;NL0000009165;Equity;2517164.34;2189932.9757999997;0.0;0.0;0.0;0.0
3932;400805;989529;5133084.449;0.0;0.0;0.0;-795628.089595;;51330.84449;51330.84449;5133084.449;;GB0009895292;Equity;5133084.449;4337456.359405;0.0;0.0;0.0;0.0
3933;400805;B058TZ6;9241738.0;0.0;0.0;0.0;-1201425.9400000002;;92417.38;0.0;9241738.0;;FR0000073272;Equity;9241738.0;8040312.06;0.0;0.0;0.0;0.0
3934;400805;B11ZRK9;3108665.56;0.0;0.0;0.0;-404126.5228;;31086.6556;0.0;3108665.56;;FR0010307819;Equity;3108665.56;2704539.0372;0.0;0.0;0.0;0.0
3935;400805;B15C557;11717880.26;0.0;0.0;0.0;-1523324.4338;;117178.8026;0.0;11717880.26;;FR0000120271;Equity;11717880.26;10194555.8262;0.0;0.0;0.0;0.0
3936;400805;B1W4V69;3898518.68;0.0;0.0;0.0;-506807.42840000003;;38985.1868;0.0;3898518.68;;IT0004176001;Equity;3898518.68;3391711.2516;0.0;0.0;0.0;0.0
3937;400805;B1XH026;7895025.5;0.0;0.0;0.0;-1026353.3150000001;;78950.255;0.0;7895025.5;;FR0000125486;Equity;7895025.5;6868672.185;0.0;0.0;0.0;0.0
3938;400805;B1Y9TB3;5502142.8;0.0;0.0;0.0;-715278.564;;55021.428;0.0;5502142.8;;FR0000120644;Equity;5502142.8;4786864.236;0.0;0.0;0.0;0.0
3939;400805;B1YXBJ7;13078579.5;0.0;0.0;0.0;-1700215.335;;130785.795;0.0;13078579.5;;FR0000120073;Equity;13078579.5;11378364.165;0.0;0.0;0.0;0.0
3940;400805;B288C92;11265551.82;0.0;0.0;0.0;-1464521.7366000002;;112655.5182;0.0;11265551.82;;ES0144580Y14;Equity;11265551.82;9801030.0834;0.0;0.0;0.0;0.0
3941;400805;B28DTJ6;4281441.78;0.0;0.0;0.0;-556587.4314000001;;42814.4178;0.0;4281441.78;;FR0006174348;Equity;4281441.78;3724854.3486;0.0;0.0;0.0;0.0
3942;400805;B29VF02;625455.7304;0.0;0.0;0.0;-78181.9663;;6254.557304;6254.557304;625455.7304;;CA3518581051;Equity;625455.7304;547273.7641;0.0;0.0;0.0;0.0
3943;400805;B5BKPQ4;7226985.845;0.0;0.0;0.0;-903373.230625;;72269.85845;72269.85845;7226985.845;;US6200763075;Equity;7226985.845;6323612.614375;0.0;0.0;0.0;0.0
3944;400805;B616C79;1572665.988;0.0;0.0;0.0;-196583.24850000002;;15726.65988;15726.65988;1572665.988;;US88160R1014;Equity;1572665.988;1376082.7395;0.0;0.0;0.0;0.0
3945;400805;B6Z1355;1808901.629;0.0;0.0;0.0;-226112.703625;;18089.01629;18089.01629;1808901.629;;US9837931008;Equity;1808901.629;1582788.9253749999;0.0;0.0;0.0;0.0
3946;400805;B7FBFL2;1149440.474;0.0;0.0;0.0;-143680.05925;;11494.40474;11494.40474;1149440.474;;US03027X1000;Equity;1149440.474;1005760.41475;0.0;0.0;0.0;0.0
3947;400805;B7TL820;4453690.909;0.0;0.0;0.0;-556711.363625;;44536.90909;44536.90909;4453690.909;;US30303M1027;Equity;4453690.909;3896979.5453749998;0.0;0.0;0.0;0.0
3948;400805;B87ZMX0;1260290.613;0.0;0.0;0.0;-157536.32662500002;;12602.90613;12602.90613;1260290.613;;US6974351057;Equity;1260290.613;1102754.286375;0.0;0.0;0.0;0.0
3949;400805;B929F46;19448964.0;0.0;0.0;0.0;-2528365.3200000003;;194489.64;0.0;19448964.0;;NL0010273215;Equity;19448964.0;16920598.68;0.0;0.0;0.0;0.0
3950;400805;B92SR70;644736.6043;0.0;0.0;0.0;-80592.0755375;;6447.366043;6447.366043;644736.6043;;US00287Y1091;Equity;644736.6043;564144.5287625;0.0;0.0;0.0;0.0
3951;400805;B94Q9V0;3570289.391;0.0;0.0;0.0;-446286.17387500004;;35702.89391;35702.89391;3570289.391;;US8725901040;Equity;3570289.391;3124003.217125;0.0;0.0;0.0;0.0
3952;400805;BDHLTQ5;2514410.341;0.0;0.0;0.0;-314301.292625;;25144.10341;25144.10341;2514410.341;;US05722G1004;Equity;2514410.341;2200109.0483750002;0.0;0.0;0.0;0.0
3953;400805;BDZ78H9;7196452.018;0.0;0.0;0.0;-899556.50225;;71964.52018;71964.52018;7196452.018;;US11135F1012;Equity;7196452.018;6296895.51575;0.0;0.0;0.0;0.0
3954;400805;BF0LBX7;3691515.0;0.0;0.0;0.0;-479896.95;;36915.15;0.0;3691515.0;;FR0013280286;Equity;3691515.0;3211618.05;0.0;0.0;0.0;0.0
3955;400805;BG0SCK9;1218720.78;0.0;0.0;0.0;-158433.70140000002;;12187.2078;0.0;1218720.78;;NL0012866412;Equity;1218720.78;1060287.0786000001;0.0;0.0;0.0;0.0
3956;400805;BJYRDP5;4443721.9;0.0;0.0;0.0;-577683.847;;44437.219;0.0;4443721.9;;FR0011726835;Equity;4443721.9;3866038.0530000003;0.0;0.0;0.0;0.0
3957;400805;BK6H543;518102.9069;0.0;0.0;0.0;-80305.95056950001;;5181.029069;5181.029069;518102.9069;;US09075V1026;Equity;518102.9069;437796.95633049996;0.0;0.0;0.0;0.0
3958;400805;BM5M5Y3;5696319.552;0.0;0.0;0.0;-712039.9440000001;;56963.19552;56963.19552;5696319.552;;US75513E1010;Equity;5696319.552;4984279.608;0.0;0.0;0.0;0.0
3959;400805;BN0SDX8;1087047.0;0.0;0.0;0.0;-141316.11000000002;;10870.47;0.0;1087047.0;;DE000HAG0005;Equity;1087047.0;945730.89;0.0;0.0;0.0;0.0
3960;400805;BN320L4;1410703.96;0.0;0.0;0.0;-141070.396;;14107.0396;14107.0396;1410703.96;;CA7397211086;Equity;1410703.96;1269633.564;0.0;0.0;0.0;0.0
3961;400805;BNC0116;1693988.56;0.0;0.0;0.0;-220218.5128;;16939.8856;0.0;1693988.56;;NL0014559478;Equity;1693988.56;1473770.0472000001;0.0;0.0;0.0;0.0
3962;400805;BP6H4Y1;1721686.502;0.0;0.0;0.0;-215210.81275000004;;17216.86502;17216.86502;1721686.502;;US36828A1016;Equity;1721686.502;1506475.68925;0.0;0.0;0.0;0.0
3963;400805;BP6KMJ1;884296.9823;0.0;0.0;0.0;-114958.607699;;8842.969823;8842.969823;884296.9823;;DK0062498333;Equity;884296.9823;769338.374601;0.0;0.0;0.0;0.0
3964;400805;BP9DL90;5909744.05;0.0;0.0;0.0;-768266.7265;;59097.4405;0.0;5909744.05;;ES0148396007;Equity;5909744.05;5141477.3235;0.0;0.0;0.0;0.0
3965;400805;BPBPJ01;4745212.92;0.0;0.0;0.0;-616877.6796000001;;47452.1292;0.0;4745212.92;;FR001400AJ45;Equity;4745212.92;4128335.2403999995;0.0;0.0;0.0;0.0
3966;400805;BPCPSD6;4172411.2;0.0;0.0;0.0;-542413.456;;41724.112;0.0;4172411.2;;CH1216478797;Equity;4172411.2;3629997.744;0.0;0.0;0.0;0.0
3967;400805;BQT3XY6;1400562.859;0.0;0.0;0.0;-175070.35737500002;;14005.62859;14005.62859;1400562.859;;IL0011334468;Equity;1400562.859;1225492.501625;0.0;0.0;0.0;0.0
3968;400805;BR4T3B3;1088423.273;0.0;0.0;0.0;-136052.909125;;10884.23273;10884.23273;1088423.273;;US4435731009;Equity;1088423.273;952370.363875;0.0;0.0;0.0;0.0
3969;400805;BVLZX12;1947419.922;0.0;0.0;0.0;-243427.49025;;19474.19922;19474.19922;1947419.922;;US29444U7000;Equity;1947419.922;1703992.43175;0.0;0.0;0.0;0.0
3970;400805;BYPC1T4;2191170.598;0.0;0.0;0.0;-284852.17773999996;;21911.70598;21911.70598;2191170.598;;SE0007100581;Equity;2191170.598;1906318.4202600003;0.0;0.0;0.0;0.0
3971;400805;BYVY8G0;5502446.806;0.0;0.0;0.0;-687805.85075;;55024.46806;55024.46806;5502446.806;;US02079K3059;Equity;5502446.806;4814640.95525;0.0;0.0;0.0;0.0
3972;400805;BZ57390;10680285.21;0.0;0.0;0.0;-1388437.0773;;106802.8521;0.0;10680285.21;;NL0011821202;Equity;10680285.21;9291848.1327;0.0;0.0;0.0;0.0
3973;400805;CSH_CAD_DB;338526.1197;0.0;0.0;0.0;0.0;;0.0;3385.261197;338526.1197;;;Cash;338526.1197;338526.1197;0.0;0.0;0.0;0.0
3974;400805;CSH_CHF_DB;66058.3456;0.0;0.0;0.0;0.0;;0.0;660.583456;66058.3456;;;Cash;66058.3456;66058.3456;0.0;0.0;0.0;0.0
3975;400805;CSH_DKK_DB;995093.8537;0.0;0.0;0.0;0.0;;0.0;9950.938537;995093.8537;;;Cash;995093.8537;995093.8537;0.0;0.0;0.0;0.0
3976;400805;CSH_EUR_DB;174259.89;0.0;0.0;0.0;0.0;;0.0;0.0;174259.89;;;Cash;174259.89;174259.89;0.0;0.0;0.0;0.0
3977;400805;CSH_GBP_DB;530985.1192;0.0;0.0;0.0;-13274.62798;;0.0;5309.851192;530985.1192;;;Cash;530985.1192;517710.49121999997;0.0;0.0;0.0;0.0
3978;400805;CSH_JPY_DB;48192.05237;0.0;0.0;0.0;-1204.80130925;;0.0;481.9205237;48192.05237;;;Cash;48192.05237;46987.25106075;0.0;0.0;0.0;0.0
3979;400805;CSH_NOK_DB;66747.25331;0.0;0.0;0.0;0.0;;0.0;667.4725331;66747.25331;;;Cash;66747.25331;66747.25331;0.0;0.0;0.0;0.0
3980;400805;CSH_SEK_DB;958931.9978;0.0;0.0;0.0;0.0;;0.0;9589.319978;958931.9978;;;Cash;958931.9978;958931.9978;0.0;0.0;0.0;0.0
3981;400805;CSH_USD_DB;713109.0076;0.0;0.0;0.0;-17827.72519;;0.0;7131.090076;713109.0076;;;Cash;713109.0076;695281.28241;0.0;0.0;0.0;0.0
3982;400805;FR0010582452;292105.3721;0.033149011;0.296124349;3.66534477;-331.14513237;;0.0;1.36e-09;292152.8636;;FR0010582452;Fund Unit;292105.3721;291774.22696763;0.0025;0.03283805758080836;0.0035;0.2959920819191231
3983;400805;FR0010722413;4860145.214;0.0;0.0;0.0;-461603.82109000004;;48585.10602;48603.23158;4908823.299;;FR0010722413;Fund Unit;4860145.214;4398541.39291;0.0;0.0;0.0;0.0
3984;900200;BE0390201672;6850213.425;8.134215074;8.134215074;5374.808575;-342158.44362000003;;0.0;0.0;6850213.425;4.0;BE0390201672;Bond;6850213.425;6508054.98138;0.0025;8.280013232643617;0.0035;8.338332496101064
3985;900200;BE6362152199;3946842.748;4.954336069;4.954336069;12143.79324;-130179.29203499999;;0.0;0.0;3946842.748;5.0;BE6362152199;Bond;3946842.748;3816663.455965;0.0025;4.938778749591716;0.004;4.929444357946745
3986;900200;BTSM25 Cmdty;0.0;0.0;0.0;-2785.03187;61799.718179999996;;0.0;0.0;-4622070.0;;;Bond Future;0.0;61799.718179999996;0.0025;0.0;0.0035;0.0
3987;900200;CDSB100001026;416065.9814;0.967080173;21.94831107;0.0;-128853.1610795;MORGAN STANLEY EUROPE SE;0.0;0.0;5000000.0;;;Credit Default Swap;416065.9814;287212.8203205;0.0025;0.9694182831525243;0.014;28.692508093556782
3988;900200;CDSB100001110;-395966.2503;1.210223518;123.5869152;0.0;172474.88500100002;JP MORGAN SE;0.0;0.0;-22000000.0;;;Credit Default Swap;-395966.2503;-223491.365299;0.0025;1.2138851204088008;0.0035;177.044954830282
3989;900200;CDSB100001112;198988.3283;1.202992068;166.4209457;0.0;-116503.84364675;JP MORGAN SE;0.0;0.0;15000000.0;;;Credit Default Swap;198988.3283;82484.48465325;0.0025;1.2066100427891773;0.0035;263.35670478688826
3990;900200;CDSB100001503;22381.10667;1.334273897;1182.396989;0.0;-92696.39234104998;JP MORGAN SE;0.0;0.0;10000000.0;;;Credit Default Swap;22381.10667;-70315.28567104999;0.0025;1.338724614080539;0.0035;6075.616227586932
3991;900200;CDSB100001504;-351629.4347;1.449676051;161.213703;0.0;199680.56323099998;JP MORGAN SE;0.0;0.0;-21000000.0;;;Credit Default Swap;-351629.4347;-151948.871469;0.0025;1.4549299526321073;0.0035;252.17820612240274
3992;900200;CDSB100001671;322498.064;1.672665127;193.9820833;0.0;-133854.43330137501;BNP PARIBAS;0.0;3224.98064;20366598.78;;;Credit Default Swap;322498.064;188643.630698625;0.00125;1.6761623877838523;0.002;269.24018058281627
3993;900200;CDSB100001684;440462.0429;1.700247083;127.5825071;0.0;-198555.6167785;MORGAN STANLEY EUROPE SE;0.0;0.0;17500000.0;;;Credit Default Swap;440462.0429;241906.4261215;0.0025;1.707474183358125;0.0035;184.55304351272542
3994;900200;CDSB100001686;-281430.1818;1.697616277;142.1236803;0.0;141187.0273085;MORGAN STANLEY EUROPE SE;0.0;0.0;-12500000.0;;;Credit Default Swap;-281430.1818;-140243.15449150003;0.0025;1.7048210295598385;0.0035;212.82067205705812
3995;900200;CDSB100001740;-368922.2762;1.694715754;155.602453;0.0;202481.28500899998;MORGAN STANLEY EUROPE SE;0.0;0.0;-18000000.0;;;Credit Default Swap;-368922.2762;-166440.99119100004;0.0025;1.7018959077171394;0.0035;240.3448848286602
3996;900200;CDSB100001742;364157.0498;1.69058069;174.4267246;0.0;-223854.61726650002;MORGAN STANLEY EUROPE SE;0.0;0.0;20000000.0;;;Credit Default Swap;364157.0498;140302.43253349996;0.0025;1.6977258476735022;0.0035;280.9131124913948
3997;900200;CDSB100001851;-389970.174;1.690994666;175.1822701;0.0;240754.104935;SOCIETE GENERALE;0.0;0.0;-21500000.0;;;Credit Default Swap;-389970.174;-149216.069065;0.0025;1.698143323401101;0.0035;282.59316725086273
3998;900200;CDSB100001853;150350.9248;1.669422199;313.1790213;0.0;-165431.14214374998;SOCIETE GENERALE;0.0;0.0;15000000.0;;;Credit Default Swap;150350.9248;-15080.217343749973;0.0025;1.676389625196285;0.0035;656.4628691384905
3999;900200;CDSB100003582;0.0;2.620489807;0.0;0.0;1150128.0000274999;BNP PARIBAS;0.0;0.0;0.0;;CDSB100003582;CDS Index;0.0;1150128.0000274999;0.0025;;0.0035;
4000;900200;CDSB100003598;0.0;2.500703107;0.0;0.0;27294.508279575;BNP PARIBAS;0.0;0.0;0.0;;CDSB100003598;CDS Index;0.0;27294.508279575;0.0025;;0.014;
4001;900200;CDSB100003610;0.0;2.716150159;0.0;0.0;1127480.10492425;DEUTSCHE BANK AKTIENGESELLSCHAFT;0.0;0.0;0.0;;CDSB100003610;CDS Index;0.0;1127480.10492425;0.0025;;0.0095;
4002;900200;CDSB100003614;0.0;2.611470043;0.0;0.0;-864552.82477;DEUTSCHE BANK AKTIENGESELLSCHAFT;0.0;0.0;0.0;;CDSB100003614;CDS Index;0.0;-864552.82477;0.0025;;0.004;
4003;900200;CDSB100003619;0.0;2.500703107;0.0;0.0;6823.62710185;JP MORGAN SE;0.0;0.0;0.0;;CDSB100003619;CDS Index;0.0;6823.62710185;0.0025;;0.014;
4004;900200;CDSB100003620;0.0;2.500703107;0.0;0.0;887071.5195575;JP MORGAN SE;0.0;0.0;0.0;;CDSB100003620;CDS Index;0.0;887071.5195575;0.0025;;0.014;
4005;900200;CDSB100003629;0.0;2.620489807;0.0;0.0;439987.7580825;BNP PARIBAS;0.0;0.0;0.0;;CDSB100003629;CDS Index;0.0;439987.7580825;0.0025;;0.0035;
4006;900200;CDSB100003635;0.0;2.620489807;0.0;0.0;263992.654933;GOLDMAN SACHS BANK EUROPE SE;0.0;0.0;0.0;;CDSB100003635;CDS Index;0.0;263992.654933;0.0025;;0.0035;
4007;900200;CDSB100003652;0.0;2.500703107;0.0;0.0;64824.457223000005;MORGAN STANLEY EUROPE SE;0.0;0.0;0.0;;CDSB100003652;CDS Index;0.0;64824.457223000005;0.0025;;0.014;
4008;900200;CDSB100003653;0.0;2.620489807;0.0;0.0;109116.96403774999;JP MORGAN SE;0.0;0.0;0.0;;CDSB100003653;CDS Index;0.0;109116.96403774999;0.0025;;0.0035;
4009;900200;CDSB100003662;0.0;2.620489807;0.0;0.0;1935946.1359075;CITIBANK EUROPE PUBLIC LIMITED COMPANY;0.0;0.0;0.0;;CDSB100003662;CDS Index;0.0;1935946.1359075;0.0025;;0.0035;
4010;900200;CDSB100003663;0.0;2.611470043;0.0;0.0;-2016449.7368125;CITIBANK EUROPE PUBLIC LIMITED COMPANY;0.0;0.0;0.0;;CDSB100003663;CDS Index;0.0;-2016449.7368125;0.0025;;0.004;
4011;900200;CH1142231682;34526229.45;0.578611646;0.578611646;3100.178725;-133422.593525;;0.0;0.0;34526229.45;6.0;CH1142231682;Bond;34526229.45;34392806.856475;0.0025;0.5772038249323748;0.004;0.5763591322917996
4012;900200;CH1174335732;40243561.64;0.52223589;0.52223589;3141.49684;-140466.56858000002;;0.0;0.0;40243561.64;8.0;CH1174335732;Bond;40243561.64;40103095.07142;0.0025;0.5209661633698442;0.004;0.5202043273917508
4013;900200;CSH_CAD_DB;0.141508416;0.0;0.0;0.0;0.0;;0.0;0.001415084;0.141508416;;;Cash;0.141508416;0.141508416;0.0;0.0;0.0;0.0
4014;900200;CSH_CHF_DB;23.23934131;0.0;0.0;0.0;0.0;;0.0;0.232393413;23.23934131;;;Cash;23.23934131;23.23934131;0.0;0.0;0.0;0.0
4015;900200;CSH_EUR_DB;18303574.63;0.0;0.0;0.0;0.0;;0.0;0.0;18303574.63;;;Cash;18303574.63;18303574.63;0.0;0.0;0.0;0.0
4016;900200;CSH_GBP_DB;6986.862491;0.0;0.0;0.0;-174.671562275;;0.0;69.86862491;6986.862491;;;Cash;6986.862491;6812.190928725;0.0;0.0;0.0;0.0
4017;900200;CSH_USD_DB;380599.0742;0.0;0.0;0.0;-9514.976855;;0.0;3805.990742;380599.0742;;;Cash;380599.0742;371084.09734499996;0.0;0.0;0.0;0.0
4018;900200;DE000A289RN6;22564224.66;0.018598847;0.018598847;41.47979293;-2596.4313305999995;;0.0;0.0;22564224.66;7.0;DE000A289RN6;Bond;22564224.66;22561628.2286694;0.0025;0.018553754316332056;0.0035;0.018535717242864878
4019;900200;DE000A3LKBD0;10008200.4;0.062957899;0.79268771;6.36900932;-33519.63374825;;0.0;0.0;10008200.4;5.0;DE000A3LKBD0;Bond;10008200.4;9974680.76625175;0.0025;0.06295189876572366;0.004;0.7951756700593121
4020;900200;DE000A4DE9Y3;4663826.096;4.395486904;4.395486904;11363.95327;-138130.85435500002;;0.0;0.0;4663826.096;7.0;DE000A4DE9Y3;Bond;4663826.096;4525695.241645;0.0025;4.382872266897775;0.004;4.375303484636439
4021;900200;DE000NRW0N26;8024472.74;22.71608627;22.71608627;636055.9528;-738245.4072;;0.0;0.0;8024472.74;9.0;DE000NRW0N26;Bond;8024472.74;7286227.3328;0.0025;22.024524793272285;0.0015;22.30114938396337
4022;900200;DUM25 Cmdty;0.0;0.0;0.0;-290.5085281;4123.375419999999;;0.0;0.0;-534775.0;;;Bond Future;0.0;4123.375419999999;0.0025;0.0;0.0015;0.0
4023;900200;ES0813211028;10263000.0;0.761901013;0.761901013;801.5036634;-95156.396904;;0.0;0.0;10263000.0;4.0;ES0813211028;Bond;10263000.0;10167843.603096;0.0025;0.761399835128399;0.0095;0.7599965370879165
4024;900200;FR0012599645;50743702.15;0.230690404;0.508247245;3876.239544;-126147.22684;;0.0;2.08e-08;40176868.63;;FR0012599645;Fund Unit;50743702.15;50617554.92316;0.0025;0.2289137345612479;0.0035;0.5064777479841804
4025;900200;FR0012737963;2712838.5;0.287830872;0.287830872;41.96195191;-9399.6006696;;0.0;0.0;2712838.5;7.0;FR0012737963;Bond;2712838.5;2703438.8993304;0.0025;0.28765129068367734;0.0095;0.2871484629979739
4026;900200;FR0013413887;4086095.89;0.038975782;0.038975782;15.7250124;-1007.5304933999998;;0.0;0.0;4086095.89;2.0;FR0013413887;Bond;4086095.89;4085088.3595066;0.0025;0.03888336928351438;0.0035;0.038846404196920134
4027;900200;FR0014009A50;5834150.082;0.141182605;0.141182605;91.71501247;-5506.47863935;;0.0;0.0;5834150.082;8.0;FR0014009A50;Bond;5834150.082;5828643.60336065;0.0025;0.14083942700755764;0.004;0.14063352021209222
4028;900200;FR001400A5N5;6864745.315;0.092989019;0.092989019;67.83888421;-3949.5794964000006;;0.0;0.0;6864745.315;5.0;FR001400A5N5;Bond;6864745.315;6860795.7355036;0.0025;0.09276358103702886;0.0035;0.09267340585184042
4029;900200;FR001400N6I8;100764.3425;7.376149769;7.376149769;671.5227863;-5001.110721749999;;0.0;0.0;100764.3425;7.0;FR001400N6I8;Bond;100764.3425;95763.23177825;0.0025;7.345561485955498;0.004;7.327208516128796
4030;900200;FR001400Y969;5015594.521;8.191878369;8.191878369;40824.50283;-252217.77726;;0.0;0.0;5015594.521;6.0;FR001400Y969;Bond;5015594.521;4763376.74374;0.0025;8.156157692006909;0.0035;8.141869421209673
4031;900200;FR0128910454;3494273.525;0.06227222;0.06227222;22.56402065;-1321.1225934;;0.0;0.0;3494273.525;8.0;FR0128910454;Bond;3494273.525;3492952.4024066;0.0025;0.06212047886666244;0.0035;0.06205978241332742
4032;900200;FR0128957760;16987825.39;0.027070527;0.027070527;46.06097837;-2792.5192428;;0.0;0.0;16987825.39;8.0;FR0128957760;Bond;16987825.39;16985032.8707572;0.0025;0.02700457375601732;0.0035;0.026978192458424245
4033;900200;FR0128962497;19995591.84;0.008115791;0.008115791;15.93607468;-986.0839811999999;;0.0;0.0;19995591.84;8.0;FR0128962497;Bond;19995591.84;19994605.7560188;0.0025;0.008096031180293029;0.0035;0.00808812725241024
4034;900200;FR0129030898;9971499.423;0.094409582;0.094409582;100.3047978;-15776.8244304;;0.0;0.0;9971499.423;8.0;FR0129030898;Bond;9971499.423;9955722.5985696;0.0025;0.09418038619956161;0.014;0.09312608551754499
4035;900200;FR0129061653;19836694.54;0.291912229;0.291912229;732.4803653;-96846.547017;;0.0;0.0;19836694.54;8.0;FR0129061653;Bond;19836694.54;19739847.992983;0.0025;0.2912021227421141;0.014;0.2879356339558389
4036;900200;FR0129084762;10023380.51;0.002828336;0.008094909;-0.006394885;-1224.2490030449999;;0.0;0.0;10023380.51;8.0;FR0129084762;Bond;10023380.51;10022156.260996955;0.0025;0.002828371948632094;0.014;0.00809591570528038
4037;900200;FR0129101236;9994868.35;0.018937864;0.018937864;18.79346678;-1150.0944402;;0.0;0.0;9994868.35;8.0;FR0129101236;Bond;9994868.35;9993718.2555598;0.0025;0.018891752817029803;0.0035;0.018873308343841724
4038;900200;FR0129105872;17676103.7;0.045890379;0.045890379;82.55097772;-13583.96462775;;0.0;0.0;17676103.7;8.0;FR0129105872;Bond;17676103.7;17662519.73537225;0.0025;0.045778888763155515;0.014;0.045266033673670866
4039;900200;FR0129106383;6958360.417;0.213558546;0.213558546;176.3511315;-9036.336539999998;;0.0;0.0;6958360.417;8.0;FR0129106383;Bond;6958360.417;6949324.080460001;0.0025;0.21303896971789973;0.0035;0.21283113920505964
4040;900200;FR0129107795;12975226.13;0.064786197;0.064786197;87.13646471;-14077.231637699999;;0.0;0.0;12975226.13;8.0;FR0129107795;Bond;12975226.13;12961148.898362301;0.0025;0.06462880005872677;0.014;0.06390477412886991
4041;900200;FR0129109759;13968359.75;0.081101197;0.081101197;119.4382016;-6888.506178;;0.0;0.0;13968359.75;8.0;FR0129109759;Bond;13968359.75;13961471.243822;0.0025;0.08090387489341834;0.0035;0.08082494605078569
4042;900200;IKM25 Cmdty;0.0;0.0;0.0;-19875.9705;138662.81141999998;;0.0;0.0;-3055520.0;;;Bond Future;0.0;138662.81141999998;0.0025;0.0;0.0035;0.0
4043;900200;INFS10000294;337818.9705;8.961643836;0.0;-48.69983948;-332792.573835;JP MORGAN SE;0.0;0.0;-18819840.0;;;Index Linked Swap;337818.9705;5026.3966650000075;0.0025;9.166025476002961;0.0;0.0
4044;900200;INFS10000295;-1357239.567;18.96986301;0.0;1746.489229;1380023.7832750003;JP MORGAN SE;0.0;0.0;37955580.0;;;Index Linked Swap;-1357239.567;22784.216275000246;0.0025;19.901672144131222;0.0;0.0
4045;900200;INFS10000296;1045590.032;28.97534247;0.0;-5227.462632;-1021033.663525;JP MORGAN SE;0.0;0.0;-17558580.0;;;Index Linked Swap;1045590.032;24556.368475000025;0.0025;31.199256991366873;0.0;0.0
4046;900200;INFS10000345;717423.2939;19.1369863;0.0;-1170.771915;-595233.4179749999;JP MORGAN SE;0.0;0.0;-16100000.0;;;Index Linked Swap;717423.2939;122189.87592500017;0.0025;20.093344719721543;0.0;0.0
4047;900200;INFS10000347;705347.6431;19.1369863;0.0;-1131.690806;-594655.6890499999;CITIBANK EUROPE PUBLIC LIMITED COMPANY;0.0;0.0;-16100000.0;;;Index Linked Swap;705347.6431;110691.95405000006;0.0025;20.092658012045334;0.0;0.0
4048;900200;INFS10000349;-539589.492;19.1369863;0.0;946.1288288;418452.3748;GOLDMAN SACHS INTERNATIONAL  PARIS BRANCH;0.0;0.0;11270000.0;;;Index Linked Swap;-539589.492;-121137.11719999998;0.0025;20.096382496019825;0.0;0.0
4049;900200;INFS10000350;-239383.7497;19.1369863;0.0;411.4967216;189132.31162999998;CREDIT AGRICOLE CORPORATE AND INVESTMENT BANK;0.0;0.0;5100000.0;;;Index Linked Swap;-239383.7497;-50251.438070000004;0.0025;20.095521499710994;0.0;0.0
4050;900200;INFS10000353;-728042.6123;19.1369863;0.0;1226.252507;586334.90515;GOLDMAN SACHS INTERNATIONAL  PARIS BRANCH;0.0;0.0;15830000.0;;;Index Linked Swap;-728042.6123;-141707.70715000003;0.0025;20.09465476650945;0.0;0.0
4051;900200;IRSB100007718;590202.824;30.003659953;0.0;-834935.435681;516551.18418000004;JP MORGAN SE;0.0;0.0;0.0;;;Swap;590202.824;1106754.0081800001;0.0025;67.62067122466962;0.0;0.0
4052;900200;IRSB100008990;26202.070000000298;0.657555691;0.0;-693.020733685;26279.499353899995;CREDIT AGRICOLE CORPORATE AND INVESTMENT BANK;0.0;0.0;0.0;;;Swap;26202.070000000298;52481.5693539003;0.0025;1.3198637237650392;0.0;0.0
4053;900200;IRSB100009460;-3641.219999998808;0.589060162;0.0;-1551.6337753819998;65664.44881325;BNP PARIBAS;0.0;0.0;0.0;;;Swap;-3641.219999998808;62023.22881325119;0.0025;-10.063327142304583;0.0;0.0
4054;900200;LU2550878602;18646872.54;0.536002618;0.741697933;429.3950904;-25686.8447949;;-4066.57737;212.0726726;14385223.87;;LU2550878602;Fund Unit;18646872.54;18621185.6952051;0.0025;0.5361451718410627;0.0035;0.7428173679380853
4055;900200;OEM25 Cmdty;0.0;0.0;0.0;-26492.17899;186533.65495999999;;0.0;0.0;-9658780.0;;;Bond Future;0.0;186533.65495999999;0.0025;0.0;0.0015;0.0
4056;900200;PTCGDNOM0026;3068291.096;0.202464204;0.202464204;72.98238014;-4207.341626150001;;0.0;0.0;3068291.096;5.0;PTCGDNOM0026;Bond;3068291.096;3064083.75437385;0.0025;0.20197203331850688;0.004;0.201676730909611
4057;900200;RXM25 Cmdty;0.0;0.0;0.0;-312270.0599;1371935.3164000001;;0.0;0.0;-42127410.0;;;Bond Future;0.0;1371935.3164000001;0.0025;0.0;0.0015;0.0
4058;900200;XS0207764712;12182155.48;0.229135179;2.123445354;116.3613218;-256186.70482749998;;0.0;0.0;12182155.48;2.0;XS0207764712;Bond;12182155.48;11925968.7751725;0.0025;0.2290276417174284;0.0095;2.1653736261173315
4059;900200;XS0226099983;0.0;0.126421058;0.385283224;0.0;-19815.0;;0.0;0.0;0.0;6.0;XS0226099983;Bond;0.0;-19815.0;0.0025;;0.0095;
4060;900200;XS1684385161;8324972.313;0.459402989;0.459402989;362.8350478;-63224.173287;;0.0;0.0;8324972.313;2.0;XS1684385161;Bond;8324972.313;8261748.1397130005;0.0025;0.45884101840386826;0.014;0.4562559536616623
4061;900200;XS1739839998;18308060.11;0.171113159;0.171113159;206.0460602;-38522.164835999996;;0.0;0.0;18308060.11;3.0;XS1739839998;Bond;18308060.11;18269537.945164;0.0025;0.17090499851714658;0.0095;0.17032214916515698
4062;900200;XS1808351214;38487253.47;0.045018366;0.045018366;175.271279;-21510.684132000002;;0.0;0.0;38487253.47;5.0;XS1808351214;Bond;38487253.47;38465742.785868;0.0025;0.044909582420981704;0.0095;0.044604988399730476
4063;900200;XS2010031057;8373292.342;0.225653613;0.225653613;135.015361;-23124.05118;;0.0;0.0;8373292.342;2.0;XS2010031057;Bond;8373292.342;8350168.29082;0.0025;0.2253777987597425;0.0095;0.22460551888702154
4064;900200;XS2052337503;16066292.6;0.636166652;0.636166652;1643.22298;-173581.98594;;0.0;0.0;16066292.6;4.0;XS2052337503;Bond;16066292.6;15892710.61406;0.0025;0.6346214802613805;0.014;0.6275136902637308
4065;900200;XS2110110686;15350044.52;0.073921165;0.073921165;117.7284936;-7653.994803;;0.0;0.0;15350044.52;3.0;XS2110110686;Bond;15350044.52;15342390.525197;0.0025;0.07374308618510529;0.004;0.07363623889616847
4066;900200;XS2152062209;20588536.99;0.015891062;0.015891062;32.14801758;-2369.091927;;0.0;0.0;20588536.99;3.0;XS2152062209;Bond;20588536.99;20586167.898073;0.0025;0.015852657008168947;0.0035;0.015837295011436527
4067;900200;XS2183818637;20430363.01;0.430681445;0.430681445;1232.775521;-108812.673144;;0.0;0.0;20430363.01;7.0;XS2183818637;Bond;20430363.01;20321550.336856;0.0025;0.4296366521917446;0.0095;0.42671123232862934
4068;900200;XS2187689034;30750616.44;0.204226218;0.204226218;728.4268522;-39428.187653999994;;0.0;0.0;30750616.44;4.0;XS2187689034;Bond;30750616.44;30711188.252346;0.0025;0.20373828378912248;0.0035;0.20354311010477147
4069;900200;XS2189784288;15986847.85;0.473589099;0.473589099;1099.381886;-95393.471184;;0.0;0.0;15986847.85;4.0;XS2189784288;Bond;15986847.85;15891454.378816;0.0025;0.47243061819347937;0.0095;0.46918687193522157
4070;900200;XS2189964773;14226911.33;0.205798863;0.205798863;345.8821359;-19508.408549500004;;0.0;0.0;14226911.33;6.0;XS2189964773;Bond;14226911.33;14207402.9214505;0.0025;0.20529695037996828;0.004;0.20499580280794924
4071;900200;XS2278566299;3758678.356;4.430491754;4.430491754;9185.889622;-99819.49865999998;;0.0;0.0;3758678.356;7.0;XS2278566299;Bond;3758678.356;3658858.85734;0.0025;4.41846702722615;0.0035;4.413657136516609
4072;900200;XS2286011528;15209589.04;0.06280422;0.729954276;297.62659;-114512.068169;;0.0;0.0;15209589.04;5.0;XS2286011528;Bond;15209589.04;15095076.971831;0.0025;0.06232487212859282;0.0095;0.733157198401161
4073;900200;XS2462324232;30121097.26;0.560269378;0.560269378;2588.887105;-112644.65140500001;;0.0;0.0;30121097.26;8.0;XS2462324232;Bond;30121097.26;30008452.608595002;0.0025;0.5589054000391842;0.004;0.5580870132626947
4074;900200;XS2487667276;6037040.548;0.816362578;0.816362578;882.2493802;-33112.753908;;0.0;0.0;6037040.548;7.0;XS2487667276;Bond;6037040.548;6003927.794092;0.0025;0.8143752130745088;0.004;0.8131827941192141
4075;900200;XS2532681074;7924437.329;1.88209925;1.88209925;4383.452251;-91897.11929999999;;0.0;0.0;7924437.329;7.0;XS2532681074;Bond;7924437.329;7832540.2097;0.0025;1.8771260870396955;0.0035;1.8751368218555737
4076;900200;XS2538366878;30683498.63;0.480241843;0.480241843;2142.638333;-99448.161345;;0.0;0.0;30683498.63;7.0;XS2538366878;Bond;30683498.63;30584050.468654998;0.0025;0.479072665728343;0.004;0.47837115936534885
4077;900200;XS2710354544;20957863.01;1.507851175;1.507851175;7926.391632;-211094.653835;;0.0;0.0;20957863.01;8.0;XS2710354544;Bond;20957863.01;20746768.356165003;0.0025;1.5040800604164783;0.004;1.5018173916663653
4078;900200;XS2904849879;4140630.137;3.901843689;3.901843689;8233.939317;-202702.57788;;0.0;0.0;4140630.137;6.0;XS2904849879;Bond;4140630.137;3937927.5591200003;0.0025;3.890190360517501;0.0095;3.857561040766502
4079;900200;XS2987792269;5971417.809;4.241425343;4.241425343;13754.94919;-318015.42371999996;;0.0;0.0;5971417.809;6.0;XS2987792269;Bond;5971417.809;5653402.38528;0.0025;4.228812951794322;0.0095;4.193498256418423
4080;900200;XS3003295519;5713463.014;8.10557175;8.10557175;45621.13061;-284473.5504;;0.0;0.0;5713463.014;7.0;XS3003295519;Bond;5713463.014;5428989.4636;0.0025;8.070201297096006;0.0035;8.056053115934409
4081;900200;XS3004055177;6127008.904;5.992006397;5.992006397;26942.78654;-247595.11049;;0.0;0.0;6127008.904;5.0;XS3004055177;Bond;6127008.904;5879413.79351;0.0025;5.971832248141213;0.004;5.959727758825941
4082;900200;XS3011736108;3430099.726;6.663852872;6.663852872;18587.18614;-140352.64908;;0.0;0.0;3430099.726;6.0;XS3011736108;Bond;3430099.726;3289747.07692;0.0025;6.639399030885828;0.0035;6.629617494440159
4083;900200;XS3025207807;1617740.925;5.81617322;5.81617322;6742.871604;-117423.10508400001;;0.0;0.0;1617740.925;6.0;XS3025207807;Bond;1617740.925;1500317.8199160001;0.0025;5.796540928075789;0.0095;5.741570510688001
4084;900200;XS3037678862;7268975.0;9.354587754;9.354587754;78865.48818;-419970.94764;;0.0;0.0;7268975.0;6.0;XS3037678862;Bond;7268975.0;6849004.05236;0.0025;9.302118475581766;0.0035;9.281130764214472
4085;900200;XS3037682112;12686538.0;8.01338761;8.01338761;99989.61612;-627086.712;;0.0;0.0;12686538.0;5.0;XS3037682112;Bond;12686538.0;12059451.288;0.0025;7.976884748335145;0.0035;7.962283603669203
4086;900200;XS3038544790;3494074.076;6.736100482;6.736100482;19315.29755;-144380.0148;;0.0;0.0;3494074.076;6.0;XS3038544790;Bond;3494074.076;3349694.0612;0.0025;6.711337705166533;0.0035;6.701432594433145
4087;981001;237400;4284747.507;0.0;0.0;0.0;-664135.8635850002;;42847.47507;42847.47507;4284747.507;;GB0002374006;Equity;4284747.507;3620611.6434150003;0.0;0.0;0.0;0.0
4088;981001;3134865;5192849.042;0.0;0.0;0.0;-804891.6015100001;;51928.49042;51928.49042;5192849.042;;GB0031348658;Equity;5192849.042;4387957.44049;0.0;0.0;0.0;0.0
4089;981001;4012250;2523090.0;0.0;0.0;0.0;-328001.7;;25230.9;0.0;2523090.0;;NL0000235190;Equity;2523090.0;2195088.3;0.0;0.0;0.0;0.0
4090;981001;4057808;7954120.0;0.0;0.0;0.0;-1034035.6;;79541.2;0.0;7954120.0;;FR0000120321;Equity;7954120.0;6920084.4;0.0;0.0;0.0;0.0
4091;981001;4061412;7146250.0;0.0;0.0;0.0;-929012.5;;71462.5;0.0;7146250.0;;FR0000121014;Equity;7146250.0;6217237.5;0.0;0.0;0.0;0.0
4092;981001;4076836;21066300.0;0.0;0.0;0.0;-2738619.0;;210663.0;0.0;21066300.0;;IT0000072618;Equity;21066300.0;18327681.0;0.0;0.0;0.0;0.0
4093;981001;4163437;1725625.0;0.0;0.0;0.0;-224331.25;;17256.25;0.0;1725625.0;;FR0000125338;Equity;1725625.0;1501293.75;0.0;0.0;0.0;0.0
4094;981001;4834108;19410075.0;0.0;0.0;0.0;-2523309.75;;194100.75;0.0;19410075.0;;FR0000121972;Equity;19410075.0;16886765.25;0.0;0.0;0.0;0.0
4095;981001;4846288;26517400.0;0.0;0.0;0.0;-3447262.0000000005;;265174.0;0.0;26517400.0;;DE0007164600;Equity;26517400.0;23070138.0;0.0;0.0;0.0;0.0
4096;981001;5165294;6106380.0;0.0;0.0;0.0;-793829.4;;61063.8;0.0;6106380.0;;NL0000334118;Equity;6106380.0;5312550.6;0.0;0.0;0.0;0.0
4097;981001;5294121;21898240.0;0.0;0.0;0.0;-2846771.2;;218982.4;0.0;21898240.0;;DE0008430026;Equity;21898240.0;19051468.8;0.0;0.0;0.0;0.0
4098;981001;5334588;2967750.0;0.0;0.0;0.0;-385807.5;;29677.5;0.0;2967750.0;;DE0007030009;Equity;2967750.0;2581942.5;0.0;0.0;0.0;0.0
4099;981001;53673;6539449.491;0.0;0.0;0.0;-1013614.671105;;65394.49491;65394.49491;6539449.491;;GB0000536739;Equity;6539449.491;5525834.819895;0.0;0.0;0.0;0.0
4100;981001;540528;19401951.28;0.0;0.0;0.0;-3007302.4484;;194019.5128;194019.5128;19401951.28;;GB0005405286;Equity;19401951.28;16394648.831600001;0.0;0.0;0.0;0.0
4101;981001;5501906;7476820.0;0.0;0.0;0.0;-971986.6;;74768.2;0.0;7476820.0;;ES0113211835;Equity;7476820.0;6504833.4;0.0;0.0;0.0;0.0
4102;981001;5596991;5240550.0;0.0;0.0;0.0;-681271.5;;52405.5;0.0;5240550.0;;BE0003739530;Equity;5240550.0;4559278.5;0.0;0.0;0.0;0.0
4103;981001;5633962;4806000.0;0.0;0.0;0.0;-624780.0;;48060.0;0.0;4806000.0;;DE0006452907;Equity;4806000.0;4181220.0;0.0;0.0;0.0;0.0
4104;981001;5842359;27033800.0;0.0;0.0;0.0;-3514394.0;;270338.0;0.0;27033800.0;;DE0005557508;Equity;27033800.0;23519406.0;0.0;0.0;0.0;0.0
4105;981001;5962309;5331341.37;0.0;0.0;0.0;-693074.3781;;53313.4137;53313.4137;5331341.37;;CH0010570759;Equity;5331341.37;4638266.9919;0.0;0.0;0.0;0.0
4106;981001;5983816;13063104.75;0.0;0.0;0.0;-1698203.6175000002;;130631.0475;130631.0475;13063104.75;;CH0011075394;Equity;13063104.75;11364901.1325;0.0;0.0;0.0;0.0
4107;981001;7021963;16108320.0;0.0;0.0;0.0;-2094081.6000000003;;161083.2;0.0;16108320.0;;DE0005810055;Equity;16108320.0;14014238.4;0.0;0.0;0.0;0.0
4108;981001;7088429;12875920.0;0.0;0.0;0.0;-1673869.6;;128759.2;0.0;12875920.0;;FR0000120628;Equity;12875920.0;11202050.4;0.0;0.0;0.0;0.0
4109;981001;7103065;20915105.83;0.0;0.0;0.0;-2718963.7579;;209151.0583;209151.0583;20915105.83;;CH0012005267;Equity;20915105.83;18196142.0721;0.0;0.0;0.0;0.0
4110;981001;7110388;13100825.52;0.0;0.0;0.0;-1703107.3176000002;;131008.2552;131008.2552;13100825.52;;CH0012032048;Equity;13100825.52;11397718.202399999;0.0;0.0;0.0;0.0
4111;981001;7123870;14769925.03;0.0;0.0;0.0;-1920090.2539000004;;147699.2503;147699.2503;14769925.03;;CH0038863350;Equity;14769925.03;12849834.776099999;0.0;0.0;0.0;0.0
4112;981001;7144569;9176328.0;0.0;0.0;0.0;-1192922.64;;91763.28;0.0;9176328.0;;IT0003128367;Equity;9176328.0;7983405.36;0.0;0.0;0.0;0.0
4113;981001;718875;7343856.075;0.0;0.0;0.0;-1138297.6916250002;;73438.56075;73438.56075;7343856.075;;GB0007188757;Equity;7343856.075;6205558.383375;0.0;0.0;0.0;0.0
4114;981001;7309681;13805345.0;0.0;0.0;0.0;-1794694.8500000003;;138053.45;0.0;13805345.0;;FR0000131104;Equity;13805345.0;12010650.15;0.0;0.0;0.0;0.0
4115;981001;7333378;3574170.932;0.0;0.0;0.0;-464642.22116;;35741.70932;35741.70932;3574170.932;;CH0013841017;Equity;3574170.932;3109528.71084;0.0;0.0;0.0;0.0
4116;981001;7380482;14213500.0;0.0;0.0;0.0;-1847755.0;;142135.0;0.0;14213500.0;;FR0000125007;Equity;14213500.0;12365745.0;0.0;0.0;0.0;0.0
4117;981001;7792559;6218850.0;0.0;0.0;0.0;-808450.5;;62188.5;0.0;6218850.0;;NL0000009165;Equity;6218850.0;5410399.5;0.0;0.0;0.0;0.0
4118;981001;989529;22121306.54;0.0;0.0;0.0;-3428802.5137;;221213.0654;221213.0654;22121306.54;;GB0009895292;Equity;22121306.54;18692504.0263;0.0;0.0;0.0;0.0
4119;981001;B07DRZ5;4602400.0;0.0;0.0;0.0;-598312.0;;46024.0;0.0;4602400.0;;IT0003828271;Equity;4602400.0;4004088.0;0.0;0.0;0.0;0.0
4120;981001;B15C557;9306960.0;0.0;0.0;0.0;-1209904.8;;93069.6;0.0;9306960.0;;FR0000120271;Equity;9306960.0;8097055.2;0.0;0.0;0.0;0.0
4121;981001;B19NLV4;11617944.92;0.0;0.0;0.0;-1800781.4626000002;;116179.4492;116179.4492;11617944.92;;GB00B19NLV48;Equity;11617944.92;9817163.4574;0.0;0.0;0.0;0.0
4122;981001;B1VP0K0;1784160.0;0.0;0.0;0.0;-231940.8;;17841.6;0.0;1784160.0;;FR0010451203;Equity;1784160.0;1552219.2;0.0;0.0;0.0;0.0
4123;981001;B1W4V69;4683480.0;0.0;0.0;0.0;-608852.4;;46834.8;0.0;4683480.0;;IT0004176001;Equity;4683480.0;4074627.6;0.0;0.0;0.0;0.0
4124;981001;B1XH026;4093760.0;0.0;0.0;0.0;-532188.8;;40937.6;0.0;4093760.0;;FR0000125486;Equity;4093760.0;3561571.2;0.0;0.0;0.0;0.0
4125;981001;B1YXBJ7;10560942.0;0.0;0.0;0.0;-1372922.46;;105609.42;0.0;10560942.0;;FR0000120073;Equity;10560942.0;9188019.54;0.0;0.0;0.0;0.0
4126;981001;B288C92;22350240.0;0.0;0.0;0.0;-2905531.2;;223502.4;0.0;22350240.0;;ES0144580Y14;Equity;22350240.0;19444708.8;0.0;0.0;0.0;0.0
4127;981001;B2B0DG9;5275824.121;0.0;0.0;0.0;-817752.738755;;52758.24121;52758.24121;5275824.121;;GB00B2B0DG97;Equity;5275824.121;4458071.382245;0.0;0.0;0.0;0.0
4128;981001;B63H849;20137348.99;0.0;0.0;0.0;-3121289.09345;;201373.4899;201373.4899;20137348.99;;GB00B63H8491;Equity;20137348.99;17016059.89655;0.0;0.0;0.0;0.0
4129;981001;B929F46;18301200.0;0.0;0.0;0.0;-2379156.0;;183012.0;0.0;18301200.0;;NL0010273215;Equity;18301200.0;15922044.0;0.0;0.0;0.0;0.0
4130;981001;BCRWZ18;9570308.137;0.0;0.0;0.0;-1244140.05781;;95703.08137;95703.08137;9570308.137;;CH0210483332;Equity;9570308.137;8326168.07919;0.0;0.0;0.0;0.0
4131;981001;BD0Q398;7257600.0;0.0;0.0;0.0;-943488.0000000001;;72576.0;0.0;7257600.0;;NL0011794037;Equity;7257600.0;6314112.0;0.0;0.0;0.0;0.0
4132;981001;BD6G507;7255700.0;0.0;0.0;0.0;-943241.0;;72557.0;0.0;7255700.0;;NL0011585146;Equity;7255700.0;6312459.0;0.0;0.0;0.0;0.0
4133;981001;BF2DSG3;6134725.713;0.0;0.0;0.0;-797514.34269;;61347.25713;61347.25713;6134725.713;;CH0418792922;Equity;6134725.713;5337211.37031;0.0;0.0;0.0;0.0
4134;981001;BJYRDP5;6341560.0;0.0;0.0;0.0;-824402.8;;63415.6;0.0;6341560.0;;FR0011726835;Equity;6341560.0;5517157.2;0.0;0.0;0.0;0.0
4135;981001;BLDBN41;10613722.56;0.0;0.0;0.0;-1379783.9328;;106137.2256;106137.2256;10613722.56;;SE0017486889;Equity;10613722.56;9233938.6272;0.0;0.0;0.0;0.0
4136;981001;BLPLD38;8061383.251;0.0;0.0;0.0;-1047979.82263;;80613.83251;80613.83251;8061383.251;;CH1243598427;Equity;8061383.251;7013403.42837;0.0;0.0;0.0;0.0
4137;981001;BMD58R8;6505201.442;0.0;0.0;0.0;-845676.18746;;65052.01442;65052.01442;6505201.442;;SE0015658109;Equity;6505201.442;5659525.25454;0.0;0.0;0.0;0.0
4138;981001;BMD8F98;1848960.0;0.0;0.0;0.0;-240364.79999999996;;18489.6;0.0;1848960.0;;NL00150001Q9;Equity;1848960.0;1608595.2;0.0;0.0;0.0;0.0
4139;981001;BNGN9Z1;9588765.0;0.0;0.0;0.0;-1246539.45;;95887.65;0.0;9588765.0;;IT0000072170;Equity;9588765.0;8342225.55;0.0;0.0;0.0;0.0
4140;981001;BP0QDP8;4585192.145;0.0;0.0;0.0;-596074.9788500001;;45851.92145;45851.92145;4585192.145;;CH1101098163;Equity;4585192.145;3989117.1661499995;0.0;0.0;0.0;0.0
4141;981001;BP6KMJ1;11586601.49;0.0;0.0;0.0;-1506258.1937;;115866.0149;115866.0149;11586601.49;;DK0062498333;Equity;11586601.49;10080343.2963;0.0;0.0;0.0;0.0
4142;981001;BP6MXD8;10126926.73;0.0;0.0;0.0;-1569673.6431500004;;101269.2673;101269.2673;10126926.73;;GB00BP6MXD84;Equity;10126926.73;8557253.08685;0.0;0.0;0.0;0.0
4143;981001;BQ7ZV06;5210436.107;0.0;0.0;0.0;-677356.69391;;52104.36107;52104.36107;5210436.107;;CH1175448666;Equity;5210436.107;4533079.41309;0.0;0.0;0.0;0.0
4144;981001;CSH_CHF_DB;2107456.297;0.0;0.0;0.0;0.0;;0.0;21074.56297;2107456.297;;;Cash;2107456.297;2107456.297;0.0;0.0;0.0;0.0
4145;981001;CSH_DKK_DB;20223.55029;0.0;0.0;0.0;0.0;;0.0;202.2355029;20223.55029;;;Cash;20223.55029;20223.55029;0.0;0.0;0.0;0.0
4146;981001;CSH_EUR_DB;4249785.53;0.0;0.0;0.0;0.0;;0.0;0.0;4249785.53;;;Cash;4249785.53;4249785.53;0.0;0.0;0.0;0.0
4147;981001;CSH_GBP_DB;3062944.48;0.0;0.0;0.0;-76573.61200000001;;0.0;30629.4448;3062944.48;;;Cash;3062944.48;2986370.868;0.0;0.0;0.0;0.0
4148;981001;CSH_NOK_DB;171231.8921;0.0;0.0;0.0;0.0;;0.0;1712.318921;171231.8921;;;Cash;171231.8921;171231.8921;0.0;0.0;0.0;0.0
4149;981001;CSH_SEK_DB;28389.70175;0.0;0.0;0.0;0.0;;0.0;283.8970175;28389.70175;;;Cash;28389.70175;28389.70175;0.0;0.0;0.0;0.0
4150;981001;CSH_USD_DB;144363.2475;0.0;0.0;0.0;-3609.081187500001;;0.0;1443.632475;144363.2475;;;Cash;144363.2475;140754.1663125;0.0;0.0;0.0;0.0
4151;981001;FR0010582452;5582202.662;0.033149011;0.296124349;70.04560439;-6328.261704250001;;0.0;2.59e-08;5583110.236;;FR0010582452;Fund Unit;5582202.662;5575874.400295749;0.0025;0.032838057580776646;0.0035;0.2959920819190787
4152;981007;AT0000A0U299;1075381.537;19.9332251;19.9332251;61842.05071;-88058.5708;;0.0;0.0;1075381.537;9.0;AT0000A0U299;Bond;1075381.537;987322.9662;0.0025;19.48888178903902;0.0015;19.666619113423412
4153;981007;AT0000A2L583;2572696.429;2.32194473;2.32194473;1741.88247;-73697.783004;;0.0;0.0;2572696.429;5.0;AT0000A2L583;Bond;2572696.429;2498998.645996;0.0025;2.3184966756327787;0.0095;2.3088421234045597
4154;981007;BE0000336454;1726757.799;11.06109484;11.06109484;25135.4708;-78757.04647999999;;0.0;0.0;1726757.799;10.0;BE0000336454;Bond;1726757.799;1648000.75252;0.0025;11.00305303287507;0.0015;11.026269755725043
4155;981007;BE0000343526;2154298.206;19.79026127;19.79026127;116558.3988;-174804.179;;0.0;0.0;2154298.206;10.0;BE0000343526;Bond;2154298.206;1979494.0269999998;0.0025;19.416771277766266;0.0015;19.566167274659758
4156;981007;BE0002592708;3040343.407;0.541534855;0.541534855;170.894372;-20308.788996;;0.0;0.0;3040343.407;4.0;BE0002592708;Bond;3040343.407;3020034.6180040003;0.0025;0.5408627823871869;0.0095;0.5389809790713102
4157;981007;BE6350792089;4180689.863;5.394732703;5.394732703;15381.14258;-138399.07530000003;;0.0;0.0;4180689.863;7.0;BE6350792089;Bond;4180689.863;4042290.7876999998;0.0025;5.375513255637715;0.0035;5.3678254766928015
4158;981007;CDSO100000054;504008.2973;1.515938655;-316.7005378;0.0;2232765.66904925;MORGAN STANLEY EUROPE SE;0.0;0.0;504008.2973;;;CDS Index Option;504008.2973;2736773.9663492497;0.0025;1.521683830014308;0.014;1087.4886911993294
4159;981007;CDSO100000055;-194883.7476;1.403379678;-350.7363444;0.0;-956255.6452125;MORGAN STANLEY EUROPE SE;0.0;0.0;-194883.7476;;;CDS Index Option;-194883.7476;-1151139.3928125;0.0025;1.4083033643015586;0.014;1371.487421563056
4160;981007;CH1174335732;5030445.205;0.52223589;0.52223589;392.687105;-17558.321072500003;;0.0;0.0;5030445.205;8.0;CH1174335732;Bond;5030445.205;5012886.8839275;0.0025;0.5209661633698442;0.004;0.5202043273917508
4161;981007;CSH_AUD_DB;10182.19716;0.0;0.0;0.0;0.0;;0.0;101.8219716;10182.19716;;;Cash;10182.19716;10182.19716;0.0;0.0;0.0;0.0
4162;981007;CSH_CAD_DB;2703.273865;0.0;0.0;0.0;0.0;;0.0;27.03273865;2703.273865;;;Cash;2703.273865;2703.273865;0.0;0.0;0.0;0.0
4163;981007;CSH_CHF_DB;37194.36172;0.0;0.0;0.0;0.0;;0.0;371.9436172;37194.36172;;;Cash;37194.36172;37194.36172;0.0;0.0;0.0;0.0
4164;981007;CSH_EUR_DB;12295226.33;0.0;0.0;0.0;0.0;;0.0;0.0;12295226.33;;;Cash;12295226.33;12295226.33;0.0;0.0;0.0;0.0
4165;981007;CSH_GBP_DB;41762.70497;0.0;0.0;0.0;-1044.06762425;;0.0;417.6270497;41762.70497;;;Cash;41762.70497;40718.63734575;0.0;0.0;0.0;0.0
4166;981007;CSH_HUF_DB;6179.575976;0.0;0.0;0.0;0.0;;0.0;61.79575976;6179.575976;;;Cash;6179.575976;6179.575976;0.0;0.0;0.0;0.0
4167;981007;CSH_ILS_DB;1563.890315;0.0;0.0;0.0;0.0;;0.0;15.63890315;1563.890315;;;Cash;1563.890315;1563.890315;0.0;0.0;0.0;0.0
4168;981007;CSH_JPY_DB;3146.828575;0.0;0.0;0.0;-78.670714375;;0.0;31.46828575;3146.828575;;;Cash;3146.828575;3068.157860625;0.0;0.0;0.0;0.0
4169;981007;CSH_MXN_DB;9590.226444;0.0;0.0;0.0;0.0;;0.0;95.90226444;9590.226444;;;Cash;9590.226444;9590.226444;0.0;0.0;0.0;0.0
4170;981007;CSH_NOK_DB;10799.40749;0.0;0.0;0.0;0.0;;0.0;107.9940749;10799.40749;;;Cash;10799.40749;10799.40749;0.0;0.0;0.0;0.0
4171;981007;CSH_NZD_DB;5387.350634;0.0;0.0;0.0;0.0;;0.0;53.87350634;5387.350634;;;Cash;5387.350634;5387.350634;0.0;0.0;0.0;0.0
4172;981007;CSH_PLN_DB;5602.719646;0.0;0.0;0.0;0.0;;0.0;56.02719646;5602.719646;;;Cash;5602.719646;5602.719646;0.0;0.0;0.0;0.0
4173;981007;CSH_SEK_DB;12036.76953;0.0;0.0;0.0;0.0;;0.0;120.3676953;12036.76953;;;Cash;12036.76953;12036.76953;0.0;0.0;0.0;0.0
4174;981007;CSH_TRY_DB;61.15914324;0.0;0.0;0.0;0.0;;0.0;0.611591432;61.15914324;;;Cash;61.15914324;61.15914324;0.0;0.0;0.0;0.0
4175;981007;CSH_USD_DB;2509431.207;0.0;0.0;0.0;-62735.780175;;0.0;25094.31207;2509431.207;;;Cash;2509431.207;2446695.426825;0.0;0.0;0.0;0.0
4176;981007;CSH_ZAR_DB;4709.059639;0.0;0.0;0.0;0.0;;0.0;47.09059639;4709.059639;;;Cash;4709.059639;4709.059639;0.0;0.0;0.0;0.0
4177;981007;DE0001102432;10360869.51;18.89091353;18.89091353;436897.5657;-804097.2492;;0.0;0.0;10360869.51;10.0;DE0001102432;Bond;10360869.51;9556772.2608;0.0025;18.728879051078202;0.0015;18.79369284264692
4178;981007;DE0001102549;10702696.37;10.81655083;10.81655083;136476.5535;-476548.5516;;0.0;0.0;10702696.37;10.0;DE0001102549;Bond;10702696.37;10226147.8184;0.0025;10.790255141758035;0.0015;10.80077341705482
4179;981007;DE0001102622;55322130.73;4.326985819;4.326985819;130005.5146;-979669.2276000001;;0.0;0.0;55322130.73;10.0;DE0001102622;Bond;55322130.73;54342461.502399996;0.0025;4.3150435092056;0.0015;4.31982043312336
4180;981007;DE000A4DE982;4516719.836;4.767222132;4.767222132;13355.06103;-276866.814;;0.0;0.0;4516719.836;5.0;DE000A4DE982;Bond;4516719.836;4239853.022;0.0025;4.750118017302114;0.0095;4.702226496148035
4181;981007;DE000BU27006;70988717.84;5.164591601;5.164591601;232916.1966;-1501555.2156;;0.0;0.0;70988717.84;10.0;DE000BU27006;Bond;70988717.84;69487162.6244;0.0025;5.149248337534374;0.0015;5.155385642920624
4182;981007;DE000BU2Z015;17862994.88;7.322435519;7.322435519;115688.3127;-536668.6508000001;;0.0;0.0;17862994.88;10.0;DE000BU2Z015;Bond;17862994.88;17326326.229199998;0.0025;7.294570096291212;0.0015;7.305716265374727
4183;981007;DE000CB94MF6;1753435.616;3.625595115;3.625595115;3198.789976;-80551.95798;;0.0;0.0;1753435.616;4.0;DE000CB94MF6;Bond;1753435.616;1672883.65802;0.0025;3.612850002175332;0.0095;3.5771636862662612
4184;981007;DE000CZ439B6;1060863.014;2.755198333;2.755198333;1110.561514;-19638.338862999997;;0.0;0.0;1060863.014;6.0;DE000CZ439B6;Bond;1060863.014;1041224.6751369999;0.0025;2.748004946734956;0.004;2.74368891497593
4185;981007;DE000CZ439T8;842240.0;4.234479573;4.234479573;1939.238405;-24016.143008;;0.0;0.0;842240.0;7.0;DE000CZ439T8;Bond;842240.0;818223.856992;0.0025;4.2217446858957866;0.004;4.214103753633258
4186;981007;DE000DL19VZ9;5298472.603;2.216843874;2.216843874;3863.967766;-151624.16832;;0.0;0.0;5298472.603;6.0;DE000DL19VZ9;Bond;5298472.603;5146848.43468;0.0025;2.2108983487505287;0.0095;2.1942508780520105
4187;981007;DK0030045703;1054494.384;2.981231427;2.981231427;1288.640974;-21089.300661;;0.0;0.0;1054494.384;7.0;DK0030045703;Bond;1054494.384;1033405.0833390001;0.0025;2.9728996212294314;0.004;2.96790053776709
4188;981007;DK0030352471;3852915.522;0.988153485;0.988153485;571.2451894;-46739.293476;;0.0;0.0;3852915.522;5.0;DK0030352471;Bond;3852915.522;3806176.228524;0.0025;0.9868880258392247;0.0095;0.9833447401890542
4189;981007;ES0000012B47;10002997.82;16.11887112;16.11887112;338323.3394;-658589.988;;0.0;0.0;10002997.82;10.0;ES0000012B47;Bond;10002997.82;9344407.832;0.0025;15.922861269086876;0.0015;16.00126520945213
4190;981007;ES0000012E69;5422396.355;8.991600724;8.991600724;51796.06295;-201204.84123999998;;0.0;0.0;5422396.355;10.0;ES0000012E69;Bond;5422396.355;5221191.5137600005;0.0025;8.954916787294827;0.0015;8.969590361976897
4191;981007;ES0000012M85;19763800.62;7.535838236;7.535838236;139212.1959;-613833.492;;0.0;0.0;19763800.62;10.0;ES0000012M85;Bond;19763800.62;19149967.128000002;0.0025;7.501715460371607;0.0015;7.515364570622964
4192;981007;ES0840609012;3018423.913;0.947859678;0.947859678;345.0820896;-34736.218296;;0.0;0.0;3018423.913;3.0;ES0840609012;Bond;3018423.913;2983687.6947040004;0.0025;0.9472476414978519;0.0095;0.9455339392918369
4193;981007;ES0840609020;828575.0;2.308774333;2.308774333;512.9100753;-23293.03464;;0.0;0.0;828575.0;5.0;ES0840609020;Bond;828575.0;805281.96536;0.0025;2.3066247619766624;0.0095;2.3006059631113174
4194;981007;ES0840609061;805166.6667;5.764973781;5.764973781;3204.930055;-56446.17936;;0.0;0.0;805166.6667;6.0;ES0840609061;Bond;805166.6667;748720.48734;0.0025;5.748549701228984;0.0095;5.70256227787014
4195;981007;FR0010070060;13590734.22;7.758285253;7.758285253;105387.6694;-488693.1879;;0.0;0.0;13590734.22;10.0;FR0010070060;Bond;13590734.22;13102041.032100001;0.0025;7.714903316869057;0.002;7.723579704095245
4196;981007;FR0013259132;10908626.86;3.282306222;4.689988881;16833.27652;-827408.0552899479;;4.215953496;-219.6521302;10908720.34;;FR0013259132;Fund Unit;10908626.86;10081218.804710051;0.0025;3.2706621576255146;0.014;4.781896582467815
4197;981007;FR0013455854;3905961.538;3.989077969;3.989077969;7452.938595;-192166.13291999997;;0.0;0.0;3905961.538;4.0;FR0013455854;Bond;3905961.538;3713795.4050800004;0.0025;3.9811574969596926;0.0095;3.958980175246832
4198;981007;FR0013461795;1396405.906;1.080321634;1.080321634;239.4875696;-18573.276144000003;;0.0;0.0;1396405.906;3.0;FR0013461795;Bond;1396405.906;1377832.629856;0.0025;1.0789518002446339;0.0095;1.075116265729609
4199;981007;FR0013476611;1251005.137;1.723500831;1.723500831;581.3194816;-26768.561928000003;;0.0;0.0;1251005.137;7.0;FR0013476611;Bond;1251005.137;1224236.575072;0.0025;1.7193099205341673;0.0095;1.7075753712298358
4200;981007;FR0014000OZ2;1285023.288;0.630868859;0.630868859;129.5774819;-10054.867149599999;;0.0;0.0;1285023.288;7.0;FR0014000OZ2;Bond;1285023.288;1274968.4208503999;0.0025;0.6293429307967313;0.0095;0.6250703318275791
4201;981007;FR0014009HA0;6868750.0;1.908823613;1.908823613;3785.051423;-162818.79468;;0.0;0.0;6868750.0;8.0;FR0014009HA0;Bond;6868750.0;6705931.20532;0.0025;1.9041562846554037;0.0095;1.891087765290534
4202;981007;FR001400L9Q7;1640667.74;3.222296495;3.222296495;2382.041617;-89953.15576500002;;0.0;0.0;1640667.74;5.0;FR001400L9Q7;Bond;1640667.74;1550714.584235;0.0025;3.2119576503037557;0.014;3.1643989647010304
4203;981007;FR001400M1X9;4182509.589;6.31129475;6.31129475;22362.74435;-330381.75299999997;;0.0;0.0;4182509.589;7.0;FR001400M1X9;Bond;4182509.589;3852127.836;0.0025;6.27720763430528;0.0095;6.181763710360064
4204;981007;FR001400MLX3;4600329.589;3.282491367;3.282491367;6624.162231;-256206.44808000003;;0.0;0.0;4600329.589;6.0;FR001400MLX3;Bond;4600329.589;4344123.140919999;0.0025;3.273429938516399;0.014;3.2317473674918347
4205;981007;FR001400NBC6;35668257.5;2.358937765;2.358937765;28469.06039;-387233.0712;;0.0;0.0;35668257.5;10.0;FR001400NBC6;Bond;35668257.5;35281024.4288;0.0025;2.3528951745833337;0.002;2.354103692666667
4206;981007;FR001400OHF4;2550800.215;17.45191114;17.45191114;110836.0021;-205075.745865;;0.0;0.0;2550800.215;10.0;FR001400OHF4;Bond;2550800.215;2345724.469135;0.0025;17.1270475619075;0.002;17.192020277525998
4207;981007;FR001400Q6Z9;3299498.164;3.456511952;3.456511952;5342.734281;-191992.14474000002;;0.0;0.0;3299498.164;6.0;FR001400Q6Z9;Bond;3299498.164;3107506.01926;0.0025;3.4458992234110193;0.014;3.3970806719017084
4208;981007;FR001400QMF9;15390451.31;8.140880853;8.140880853;123484.4563;-581756.7762;;0.0;0.0;15390451.31;10.0;FR001400QMF9;Bond;15390451.31;14808694.5338;0.0025;8.105979553547455;0.002;8.112959813437962
4209;981007;FR001400UM87;1995796.703;6.860237419;6.860237419;11788.74871;-168955.34832000002;;0.0;0.0;1995796.703;4.0;FR001400UM87;Bond;1995796.703;1826841.3546799999;0.0025;6.830224853915841;0.0095;6.746189671680197
4210;981007;FR001400WK95;3456916.0;2.469520545;2.469520545;2982.205228;-51230.22899999999;;0.0;0.0;3456916.0;7.0;FR001400WK95;Bond;3456916.0;3405685.771;0.0025;2.463199925412267;0.0035;2.4606716775771744
4211;981007;FR001400WKP0;3530157.534;4.61058933;4.61058933;9534.848215;-203461.89947999996;;0.0;0.0;3530157.534;7.0;FR001400WKP0;Bond;3530157.534;3326695.63452;0.0025;4.596208924694933;0.0095;4.555943789840747
4212;981007;FXF11703;-44109.3200000003;0.076712328;0.0;-0.0063160720000001724;0.0;NATIXIS;0.0;269299.6633;-44109.3200000003;;;Currency Forward;-44109.3200000003;-44109.3200000003;0.0;0.076712328;0.0;0.0
4213;981007;FXW1023886;1409.7523999999976;0.076712328;0.0;0.0002085019999999993;2940.15371;GOLDMAN SACHS BANK EUROPE SE;0.0;-1176.061484;1409.7523999999976;;;Currency Forward;1409.7523999999976;4349.906109999998;0.0;0.076712328;0.0;0.0
4214;981007;FXW1023897;-2604.8671999999788;0.076712328;0.0;-0.0003838909999999973;11928.5966775;NATIXIS;0.0;-4771.438671;-2604.8671999999788;;;Currency Forward;-2604.8671999999788;9323.729477500021;0.0;0.076712328;0.0;0.0
4215;981007;FXW1023899;-5084.5135999999475;0.076712328;0.0;-0.0007436749999999992;23104.930232500003;BNP PARIBAS;0.0;-9241.972093;-5084.5135999999475;;;Currency Forward;-5084.5135999999475;18020.416632500055;0.0;0.076712328;0.0;0.0
4216;981007;GR0124039737;2723767.549;6.699756624;6.699756624;15468.77245;-112910.1465;;0.0;0.0;2723767.549;9.0;GR0124039737;Bond;2723767.549;2610857.4025000003;0.0025;6.669993913585078;0.0035;6.658088829419109
4217;981007;GR0138018842;1293976.776;16.06437501;16.06437501;48810.69633;-128322.23790000001;;0.0;0.0;1293976.776;9.0;GR0138018842;Bond;1293976.776;1165654.5381;0.0025;15.766498810620714;0.0035;15.647348330869
4218;981007;IKM25 Cmdty;0.0;0.0;0.0;-414337.5389;2890586.2998;;0.0;0.0;-63695840.0;;;Bond Future;0.0;2890586.2998;0.0025;0.0;0.0035;0.0
4219;981007;INFS10000252;-110227.1905;0.62739726;0.0;0.03678912;13477.873953250002;JP MORGAN SE;0.0;0.0;13000000.0;;;Index Linked Swap;-110227.1905;-96749.31654675;0.0025;0.6283896722349869;0.0;0.0
4220;981007;INFS10000290;24022.65542;0.794520548;0.0;0.004047714;12221.00924265;CITIBANK EUROPE PUBLIC LIMITED COMPANY;0.0;0.0;9000000.0;;;Index Linked Swap;24022.65542;36243.66466265;0.0025;0.7960944928606322;0.0;0.0
4221;981007;INFS10000380;252817.8834;9.934246575;0.0;9.678699416;1122245.84992375;JP MORGAN SE;0.0;2528.178834;65173116.09;;;Index Linked Swap;252817.8834;1375063.7333237499;0.00125;10.057129602687175;0.0;0.0
4222;981007;INFS10000393;-283506.0447;4.931506849;0.0;-2.999269216;-592000.96308125;JP MORGAN SE;0.0;-2835.060447;-65173116.09;;;Index Linked Swap;-283506.0447;-875507.0077812499;0.00125;4.961774308660991;0.0;0.0
4223;981007;INFS10000398;-161946.642;4.95890411;0.0;1.040216252;591412.93527075;GOLDMAN SACHS BANK EUROPE SE;0.0;0.0;62000000.0;;;Index Linked Swap;-161946.642;429466.29327075;0.0025;5.020541515020144;0.0;0.0
4224;981007;INFS10000403;-554.1023447;9.961643836;0.0;-4.91e-05;-1156490.6297744752;GOLDMAN SACHS BANK EUROPE SE;0.0;0.0;-62000000.0;;;Index Linked Swap;-554.1023447;-1157044.7321191751;0.0025;10.20972749049357;0.0;0.0
4225;981007;INFS10000408;-15602.27285;9.961643836;0.0;0.064008242;704363.998713;GOLDMAN SACHS BANK EUROPE SE;0.0;0.0;37740000.0;;;Index Linked Swap;-15602.27285;688761.725863;0.0025;10.209832268156314;0.0;0.0
4226;981007;INFS10000413;90156.4136;9.961643836;0.0;-2.137240596;-704204.1714045001;GOLDMAN SACHS BANK EUROPE SE;0.0;0.0;-37740000.0;;;Index Linked Swap;90156.4136;-614047.7578045002;0.0025;10.210322353751609;0.0;0.0
4227;981007;IRSB100002822;34746.03380000009;6.793954502;0.0;-4519.605956320001;15856.306510999999;NOMURA FINANCIAL PRODUCTS EUROPE GMBH;0.0;0.0;0.0;;;Swap;34746.03380000009;50602.340311000095;0.0025;10.16123527778115;0.0;0.0
4228;981007;IT0004286966;4900632.43;10.31903694;10.31903694;65645.33072;-305674.56726000004;;0.0;0.0;4900632.43;10.0;IT0004286966;Bond;4900632.43;4594957.86274;0.0025;10.25036131401083;0.0035;10.222891063615162
4229;981007;IT0004532559;9270088.567;10.88099345;10.88099345;139123.6342;-608996.7042;;0.0;0.0;9270088.567;10.0;IT0004532559;Bond;9270088.567;8661091.8628;0.0025;10.801788498832938;0.0035;10.770106518366113
4230;981007;IT0005441883;1314003.113;23.33121747;23.33121747;109188.9061;-185882.10732;;0.0;0.0;1314003.113;10.0;IT0005441883;Bond;1314003.113;1128121.00568;0.0025;22.61467216355674;0.0035;22.32805404097944
4231;981007;IT0005495731;13093395.24;3.915763912;3.915763912;23406.8453;-311836.30602;;0.0;0.0;13093395.24;10.0;IT0005495731;Bond;13093395.24;12781558.93398;0.0025;3.909404844574848;0.0035;3.9068612176047877
4232;981007;IT0005508590;9327666.905;8.136232881;8.136232881;73941.93849;-461434.73808;;0.0;0.0;9327666.905;10.0;IT0005508590;Bond;9327666.905;8866232.166919999;0.0025;8.103549512968879;0.0035;8.09047616575643
4233;981007;IT0005584856;20043045.68;7.674712988;7.674712988;139259.2274;-936091.6680000001;;0.0;0.0;20043045.68;10.0;IT0005584856;Bond;20043045.68;19106954.012;0.0025;7.6482658544932285;0.0035;7.63768700109052
4234;981007;IT0005633794;12090599.13;1.847755237;1.847755237;5282.429747;-135613.25244;;0.0;0.0;12090599.13;9.0;IT0005633794;Bond;12090599.13;11954985.87756;0.0025;1.8453681383833773;0.0035;1.8444132989367283
4235;981007;IT0005636532;4467971.504;6.049478671;6.049478671;19923.84947;-332103.88451999996;;0.0;0.0;4467971.504;5.0;IT0005636532;Bond;4467971.504;4135867.61948;0.0025;6.029487635468419;0.0095;5.97351273597999
4236;981007;LU0571101129;5970483.947;3.012808375;3.308240559;-17832.41399;-329253.57670039556;;1.288583766;6.123252575;6092327.504;;LU0571101129;Fund Unit;5970483.947;5641230.370299604;0.0025;3.1101699583136786;0.014;3.879609603640995
4237;981007;LU2023296168;7746359.743;3.236585554;3.262438622;13229.25456;-436934.624654114;;1.689608278;129.8018746;7746428.908;;LU2023296168;Fund Unit;7746359.743;7309425.118345886;0.0025;3.220079200085559;0.014;3.172355316074511
4238;981007;LU2550878602;40888908.52;0.536002618;0.741697933;941.5786231;-56326.17718425;;-8917.200981;465.0334845;31543954.72;;LU2550878602;Fund Unit;40888908.52;40832582.34281576;0.0025;0.5361451718410288;0.0035;0.742817367938038
4239;981007;NL0000102234;9679032.417;9.387590139;9.387590139;105254.3906;-373304.12032;;0.0;0.0;9679032.417;10.0;NL0000102234;Bond;9679032.417;9305728.29668;0.0025;9.336045399602993;0.0015;9.356663295361797
4240;981007;OATM25 Cmdty;0.0;0.0;0.0;241201.3391;-1136341.50885;;0.0;0.0;29690980.0;;;Bond Future;0.0;-1136341.50885;0.0025;0.0;0.002;0.0
4241;981007;OEM25 Cmdty;0.0;0.0;0.0;21969.12404;-154686.4456;;0.0;0.0;8009720.0;;;Bond Future;0.0;-154686.4456;0.0025;0.0;0.0015;0.0
4242;981007;PTBSPHOM0027;2048335.616;5.280522744;5.280522744;7045.568817;-72369.05903500001;;0.0;0.0;2048335.616;7.0;PTBSPHOM0027;Bond;2048335.616;1975966.556965;0.0025;5.264241158240134;0.004;5.2544722067842144
4243;981007;PTEDP4OM0025;4432740.384;2.443550654;2.443550654;3900.344101;-186038.547585;;0.0;0.0;4432740.384;6.0;PTEDP4OM0025;Bond;4432740.384;4246701.836414999;0.0025;2.4364806397717373;0.014;2.403958574321728
4244;981007;RXK25C 131;-325000.0033;794.3509742;794.3509742;0.0;1032656.2768000001;;0.0;0.0;-31709318.83;;;Bond Future Option;-325000.0033;707656.2735000001;0.0025;794.3509742;0.0015;794.3509742
4245;981007;RXK25P 125;-117000.0077;-860.3128476;-860.3128476;0.0;-402626.4392;;0.0;0.0;12363271.7;;;Bond Future Option;-117000.0077;-519626.44690000004;0.0025;-860.3128476;0.0015;-860.3128476
4246;981007;RXM25 Cmdty;0.0;0.0;0.0;-282666.4762;1241874.1704;;0.0;0.0;-38133680.0;;;Bond Future;0.0;1241874.1704;0.0025;0.0;0.0015;0.0
4247;981007;TUM25 Cmdty;0.0;0.0;0.0;159017.3422;-1869804.0028249999;;0.0;0.0;358072479.6;;;Bond Future;0.0;-1869804.0028249999;0.00125;0.0;0.0015;0.0
4248;981007;UBM25 Cmdty;0.0;0.0;0.0;-116786.9418;185073.4838;;0.0;0.0;-2265940.0;;;Bond Future;0.0;185073.4838;0.0025;0.0;0.0015;0.0
4249;981007;UXYM25 Cmdty;0.0;0.0;0.0;-636312.6593;1924028.4467250002;;0.0;0.0;-87268329.94;;;Bond Future;0.0;1924028.4467250002;0.00125;0.0;0.0015;0.0
4250;981007;XS1819574929;1951967.397;2.918116125;2.918116125;2256.071774;-34175.430882;;0.0;0.0;1951967.397;6.0;XS1819574929;Bond;1951967.397;1917791.9661180002;0.0025;2.9105097848258366;0.0035;2.907467248756171
4251;981007;XS2125121769;3576333.092;0.725020122;0.725020122;427.7238427;-33740.407488;;0.0;0.0;3576333.092;4.0;XS2125121769;Bond;3576333.092;3542592.684512;0.0025;0.7233442965552734;0.0095;0.7186519853100392
4252;981007;XS2181959110;3739227.397;6.176077478;6.176077478;17604.87198;-288412.70292;;0.0;0.0;3739227.397;7.0;XS2181959110;Bond;3739227.397;3450814.69408;0.0025;6.153733369915958;0.0095;6.091169867280643
4253;981007;XS2183818637;606842.4658;0.430681445;0.430681445;36.61709469;-3232.0595988;;0.0;0.0;606842.4658;7.0;XS2183818637;Bond;606842.4658;603610.4062012;0.0025;0.429636652191852;0.0095;0.42671123232903757
4254;981007;XS2185997884;841593.9383;0.884971965;0.884971965;139.2205903;-4636.4121066;;0.0;0.0;841593.9383;4.0;XS2185997884;Bond;841593.9383;836957.5261934;0.0025;0.8827942810297866;0.0035;0.8819232074417013
4255;981007;XS2193658619;1919121.644;3.911983882;3.911983882;3759.740918;-45000.30417;;0.0;0.0;1919121.644;7.0;XS2193658619;Bond;1919121.644;1874121.3398300002;0.0025;3.90126556084028;0.0035;3.896978232376392
4256;981007;XS2209344543;973137.5;2.920075524;2.920075524;-946.9448582;-46797.0374025;;0.0;0.0;973137.5;5.0;XS2209344543;Bond;973137.5;926340.4625975;0.0025;2.965719735069176;0.014;3.175683105987386
4257;981007;XS2225893630;4004520.548;0.411118934;0.411118934;227.0686128;-20406.597864000003;;0.0;0.0;4004520.548;5.0;XS2225893630;Bond;4004520.548;3984113.950136;0.0025;0.4101239041706959;0.0095;0.4073378206486445
4258;981007;XS2242931603;2926880.137;3.823959962;3.823959962;5551.806798;-70124.9913;;0.0;0.0;2926880.137;8.0;XS2242931603;Bond;2926880.137;2856755.1457;0.0025;3.813095777592443;0.0035;3.80875010382942
4259;981007;XS2243298069;3753566.753;4.920264063;4.920264063;11349.97844;-230388.4056;;0.0;0.0;3753566.753;6.0;XS2243298069;Bond;3753566.753;3523178.3474;0.0025;4.9051919368163635;0.0095;4.862989983502181
4260;981007;XS2262077675;3098025.531;0.626354252;0.626354252;308.7259907;-24240.988812;;0.0;0.0;3098025.531;4.0;XS2262077675;Bond;3098025.531;3073784.542188;0.0025;0.6248437386106175;0.0095;0.6206143011203464
4261;981007;XS2280835260;415692.4658;5.920406675;5.920406675;1718.45714;-15959.018770499999;;0.0;0.0;415692.4658;7.0;XS2280835260;Bond;415692.4658;399733.44702950004;0.0025;5.90468564599192;0.004;5.895253028587073
4262;981007;XS2286011528;1520958.904;0.06280422;0.729954276;29.762659;-11451.206816900001;;0.0;0.0;1520958.904;5.0;XS2286011528;Bond;1520958.904;1509507.6971831;0.0025;0.06232487212859283;0.0095;0.733157198401161
4263;981007;XS2307437629;4236602.74;0.87299019;0.87299019;689.7367388;-46086.593784;;0.0;0.0;4236602.74;4.0;XS2307437629;Bond;4236602.74;4190516.1462160004;0.0025;0.8708253645674932;0.0095;0.864763853356474
4264;981007;XS2322423539;305263.9315;3.519995982;3.519995982;493.9414801;-6519.19164;;0.0;0.0;305263.9315;5.0;XS2322423539;Bond;305263.9315;298744.73986000003;0.0025;3.510519909823972;0.0035;3.506729480953561
4265;981007;XS2382950330;1903815.836;2.102697034;2.102697034;1234.809131;-49778.597376000005;;0.0;0.0;1903815.836;6.0;XS2382950330;Bond;1903815.836;1854037.238624;0.0025;2.0975354474704555;0.0095;2.083083005187731
4266;981007;XS2384273715;1295854.521;5.172552314;5.172552314;4151.881523;-40126.56101399999;;0.0;0.0;1295854.521;7.0;XS2384273715;Bond;1295854.521;1255727.9599859999;0.0025;5.159341259114361;0.0035;5.1540568371601045
4267;981007;XS2433361719;2937165.616;0.77495528;0.77495528;395.3845541;-14750.204312999998;;0.0;0.0;2937165.616;5.0;XS2433361719;Bond;2937165.616;2922415.4116869997;0.0025;0.7730913111981912;0.004;0.7719729299171059
4268;981007;XS2463450408;3805367.103;3.105335313;3.105335313;4451.355028;-146238.77172000002;;0.0;0.0;3805367.103;5.0;XS2463450408;Bond;3805367.103;3659128.33128;0.0025;3.1001991550589425;0.0095;3.0858179128239818
4269;981007;XS2558978883;4079924.658;2.635687649;2.635687649;3966.155024;-133849.21944;;0.0;0.0;4079924.658;6.0;XS2558978883;Bond;4079924.658;3946075.4385599997;0.0025;2.628751903186459;0.0095;2.6093318149085443
4270;981007;XS2578472339;1077444.795;2.968956895;2.968956895;1313.025979;-21475.234000999997;;0.0;0.0;1077444.795;6.0;XS2578472339;Bond;1077444.795;1055969.560999;0.0025;2.960527456811277;0.004;2.9554697938980437
4271;981007;XS2580221658;3292221.233;2.730852813;2.730852813;3457.175642;-56061.591113999995;;0.0;0.0;3292221.233;6.0;XS2580221658;Bond;3292221.233;3236159.641886;0.0025;2.7232440984535433;0.0035;2.7202006126349603
4272;981007;XS2582389156;4341882.822;3.944374819;3.944374819;9189.949996;-296018.926335;;0.0;0.0;4341882.822;7.0;XS2582389156;Bond;4341882.822;4045863.8956649997;0.0025;3.930355506719157;0.014;3.865866670227279
4273;981007;XS2583203950;4254917.808;2.631755246;2.631755246;4119.882684;-75083.670415;;0.0;0.0;4254917.808;7.0;XS2583203950;Bond;4254917.808;4179834.137585;0.0025;2.624863991370821;0.004;2.620729238593313
4274;981007;XS2588884481;4284403.767;2.945176399;2.945176399;5183.646322;-157604.99856;;0.0;0.0;4284403.767;6.0;XS2588884481;Bond;4284403.767;4126798.76844;0.0025;2.9366143729572656;0.0095;2.912640700037609
4275;981007;XS2592804434;4246321.083;3.647048794;3.647048794;6854.562655;-260241.32640000002;;0.0;0.0;4246321.083;6.0;XS2592804434;Bond;4246321.083;3986079.7565999995;0.0025;3.639945316301098;0.014;3.60726931888615
4276;981007;XS2615937187;4579302.917;1.886146353;1.886146353;-43019.0355;-55740.95279349999;;0.0;0.0;4579302.917;4.0;XS2615937187;Bond;4579302.917;4523561.9642065;0.0025;2.1298960313482196;0.004;2.2761458383571513
4277;981007;XS2619991883;12139225.47;1.669866465;1.669866465;5386.844042;-84755.00808000001;;0.0;0.0;12139225.47;5.0;XS2619991883;Bond;12139225.47;12054470.46192;0.0025;1.6657437208187404;0.0015;1.6673928184912443
4278;981007;XS2623496085;4491714.521;2.704324558;2.704324558;4726.207612;-208031.60168999998;;0.0;0.0;4491714.521;6.0;XS2623496085;Bond;4491714.521;4283682.91931;0.0025;2.696302843841877;0.014;2.659402958714511
4279;981007;XS2626699982;4154948.63;2.776360911;2.776360911;4508.060981;-143676.78251999998;;0.0;0.0;4154948.63;7.0;XS2626699982;Bond;4154948.63;4011271.84748;0.0025;2.7685067114518533;0.0095;2.746514952717044
4280;981007;XS2648077191;2637891.06;5.229975749;5.229975749;9177.864434;-91664.54518000002;;0.0;0.0;2637891.06;6.0;XS2648077191;Bond;2637891.06;2546226.51482;0.0025;5.211376285774609;0.004;5.200216607839374
4281;981007;XS2673808726;1118417.945;5.328199739;5.328199739;4078.966818;-40065.064013;;0.0;0.0;1118417.945;8.0;XS2673808726;Bond;1118417.945;1078352.880987;0.0025;5.307996861459389;0.004;5.295875134935024
4282;981007;XS2745719000;621431.5068;3.461886516;3.461886516;980.684856;-14438.653313499999;;0.0;0.0;621431.5068;7.0;XS2745719000;Bond;621431.5068;606992.8534865;0.0025;3.4523955089476797;0.004;3.4467009047162875
4283;981007;XS2763026395;1011766.959;5.082663551;5.082663551;3250.242881;-31348.341156000002;;0.0;0.0;1011766.959;7.0;XS2763026395;Bond;1011766.959;980418.617844;0.0025;5.0669361677996445;0.0035;5.060645214519503
4284;981007;XS2767246908;3029820.411;4.284053081;4.284053081;7102.987332;-223329.826335;;0.0;0.0;3029820.411;7.0;XS2767246908;Bond;3029820.411;2806490.584665;0.0025;4.271326878190818;0.014;4.21278634526858
4285;981007;XS2770921315;8764010.556;7.763512147;7.763512147;68794.7659;-285178.54816;;0.0;0.0;8764010.556;8.0;XS2770921315;Bond;8764010.556;8478832.00784;0.0025;7.717950199487638;0.0015;7.736174978492583
4286;981007;XS2771418097;1030131.918;4.264871062;4.264871062;2382.604634;-26774.97255;;0.0;0.0;1030131.918;6.0;XS2771418097;Bond;1030131.918;1003356.94545;0.0025;4.252521071073315;0.0035;4.247581074702641
4287;981007;XS2774944008;4176725.543;5.195319322;5.195319322;13725.97421;-266927.32512;;0.0;0.0;4176725.543;5.0;XS2774944008;Bond;4176725.543;3909798.21788;0.0025;5.18064017281092;0.0095;5.139538555081496
4288;981007;XS2778270772;4267933.333;1.898959424;1.898959424;2452.658208;-133148.261763;;0.0;0.0;4267933.333;3.0;XS2778270772;Bond;4267933.333;4134785.0712369997;0.0025;1.8936077621839045;0.014;1.8689901178298647
4289;981007;XS2799494633;3718684.425;3.800629963;3.800629963;7388.639036;-180749.75436;;0.0;0.0;3718684.425;4.0;XS2799494633;Bond;3718684.425;3537934.6706399997;0.0025;3.787069534454161;0.0095;3.749100334525812
4290;981007;XS2801962155;837166.0274;3.649685042;3.649685042;1481.332625;-18612.248724;;0.0;0.0;837166.0274;6.0;XS2801962155;Bond;837166.0274;818553.7786760001;0.0025;3.6387490195932615;0.0035;3.634374610630566
4291;981007;XS2802883731;3601408.615;3.700123746;3.700123746;751.525495;-218434.95299999998;;0.0;0.0;3601408.615;5.0;XS2802883731;Bond;3601408.615;3382973.6620000005;0.0025;3.729134149563882;0.014;3.8625820059577376
4292;981007;XS2818300407;4498138.699;3.829073512;3.829073512;8689.843259;-214825.16952;;0.0;0.0;4498138.699;8.0;XS2818300407;Bond;4498138.699;4283313.52948;0.0025;3.817431138231223;0.0095;3.7848324916786478
4293;981007;XS2821714735;3275409.592;5.842564409;5.842564409;14201.34741;-127446.100275;;0.0;0.0;3275409.592;6.0;XS2821714735;Bond;3275409.592;3147963.491725;0.0025;5.819509630437463;0.004;5.805676763299941
4294;981007;XS2822575648;2053788.493;3.287118041;3.287118041;2963.323045;-115667.996598;;0.0;0.0;2053788.493;7.0;XS2822575648;Bond;2053788.493;1938120.496402;0.0025;3.278059479252527;0.014;3.23639009521415
4295;981007;XS2830446535;852150.4658;4.284731158;4.284731158;2050.497414;-24254.018184499997;;0.0;0.0;852150.4658;6.0;XS2830446535;Bond;852150.4658;827896.4476155;0.0025;4.270471906930974;0.004;4.261916356289558
4296;981007;XS2844410287;746328.6849;3.605202626;3.605202626;1295.116326;-16450.724694000004;;0.0;0.0;746328.6849;5.0;XS2844410287;Bond;746328.6849;729877.960206;0.0025;3.5943134336394387;0.0035;3.5899577566952146
4297;981007;XS2890435865;2057580.781;1.369448069;1.369448069;665.4792717;-18994.735552;;0.0;0.0;2057580.781;6.0;XS2890435865;Bond;2057580.781;2038586.045448;0.0025;1.3660508386106307;0.004;1.3640125003770092
4298;981007;XS2905432584;2903847.13;3.065865171;3.065865171;3740.678583;-60451.701543999996;;0.0;0.0;2903847.13;5.0;XS2905432584;Bond;2903847.13;2843395.428456;0.0025;3.0571594873407233;0.004;3.0519360771451574
4299;981007;XS2980761956;2594007.638;7.17130449;7.17130449;16833.81679;-229763.79276;;0.0;0.0;2594007.638;4.0;XS2980761956;Bond;2594007.638;2364243.8452399997;0.0025;7.137635969519246;0.0095;7.043364112173133
4300;981017;BE0390201672;6850213.425;8.134215074;8.134215074;5374.808575;-342158.44362000003;;0.0;0.0;6850213.425;4.0;BE0390201672;Bond;6850213.425;6508054.98138;0.0025;8.280013232643617;0.0035;8.338332496101064
4301;981017;BE6362152199;3946842.748;4.954336069;4.954336069;12143.79324;-130179.29203499999;;0.0;0.0;3946842.748;5.0;BE6362152199;Bond;3946842.748;3816663.455965;0.0025;4.938778749591716;0.004;4.929444357946745
4302;981017;CDSB100002643;-351966.2404;0.719237764;21.74292304;0.0;107771.71683575;CITIBANK EUROPE PUBLIC LIMITED COMPANY;0.0;0.0;-6000000.0;;;Credit Default Swap;-351966.2404;-244194.52356425;0.0025;0.7205310214029093;0.014;28.361488872527083
4303;981017;CDSB100003202;78110.14653;2.498670451;-393.2056943;0.0;429499.03281249997;DEUTSCHE BANK AKTIENGESELLSCHAFT;0.0;0.0;-8000000.0;;;Credit Default Swap;78110.14653;507609.17934249993;0.0025;2.5142788360567514;0.014;1771.3443581192312
4304;981017;CDSB100003582;0.0;2.620489807;0.0;0.0;1591875.7091800002;BNP PARIBAS;0.0;0.0;0.0;;CDSB100003582;CDS Index;0.0;1591875.7091800002;0.0025;;0.0035;
4305;981017;CDSB100003601;0.0;2.620489807;0.0;0.0;-2639926.549135;DEUTSCHE BANK AKTIENGESELLSCHAFT;0.0;0.0;0.0;;CDSB100003601;CDS Index;0.0;-2639926.549135;0.0025;;0.0035;
4306;981017;CDSB100003602;0.0;2.620489807;0.0;0.0;292151.87140274997;DEUTSCHE BANK AKTIENGESELLSCHAFT;0.0;0.0;0.0;;CDSB100003602;CDS Index;0.0;292151.87140274997;0.0025;;0.0035;
4307;981017;CDSB100003610;0.0;2.716150159;0.0;0.0;1288548.6914875;DEUTSCHE BANK AKTIENGESELLSCHAFT;0.0;0.0;0.0;;CDSB100003610;CDS Index;0.0;1288548.6914875;0.0025;;0.0095;
4308;981017;CDSB100003614;0.0;2.611470043;0.0;0.0;-988060.3710324999;DEUTSCHE BANK AKTIENGESELLSCHAFT;0.0;0.0;0.0;;CDSB100003614;CDS Index;0.0;-988060.3710324999;0.0025;;0.004;
4309;981017;CDSB100003620;0.0;2.500703107;0.0;0.0;586831.9283450001;JP MORGAN SE;0.0;0.0;0.0;;CDSB100003620;CDS Index;0.0;586831.9283450001;0.0025;;0.014;
4310;981017;CDSB100003623;0.0;2.500703107;0.0;0.0;27294.508279575;DEUTSCHE BANK AKTIENGESELLSCHAFT;0.0;0.0;0.0;;CDSB100003623;CDS Index;0.0;27294.508279575;0.0025;;0.014;
4311;981017;CDSB100003625;0.0;2.500703107;0.0;0.0;-392358.5567875;DEUTSCHE BANK AKTIENGESELLSCHAFT;0.0;0.0;0.0;;CDSB100003625;CDS Index;0.0;-392358.5567875;0.0025;;0.014;
4312;981017;CDSB100003629;0.0;2.620489807;0.0;0.0;439987.7580825;BNP PARIBAS;0.0;0.0;0.0;;CDSB100003629;CDS Index;0.0;439987.7580825;0.0025;;0.0035;
4313;981017;CDSB100003635;0.0;2.620489807;0.0;0.0;131996.32743375;GOLDMAN SACHS BANK EUROPE SE;0.0;0.0;0.0;;CDSB100003635;CDS Index;0.0;131996.32743375;0.0025;;0.0035;
4314;981017;CDSB100003639;0.0;2.500703107;0.0;0.0;27294.508279575;GOLDMAN SACHS BANK EUROPE SE;0.0;0.0;0.0;;CDSB100003639;CDS Index;0.0;27294.508279575;0.0025;;0.014;
4315;981017;CDSB100003652;0.0;2.500703107;0.0;0.0;64824.457223000005;MORGAN STANLEY EUROPE SE;0.0;0.0;0.0;;CDSB100003652;CDS Index;0.0;64824.457223000005;0.0025;;0.014;
4316;981017;CDSB100003653;0.0;2.620489807;0.0;0.0;109116.96403774999;JP MORGAN SE;0.0;0.0;0.0;;CDSB100003653;CDS Index;0.0;109116.96403774999;0.0025;;0.0035;
4317;981017;CDSB100003655;0.0;2.620489807;0.0;0.0;87997.55167800002;JP MORGAN SE;0.0;0.0;0.0;;CDSB100003655;CDS Index;0.0;87997.55167800002;0.0025;;0.0035;
4318;981017;CDSB100003662;0.0;2.620489807;0.0;0.0;1935946.1359075;CITIBANK EUROPE PUBLIC LIMITED COMPANY;0.0;0.0;0.0;;CDSB100003662;CDS Index;0.0;1935946.1359075;0.0025;;0.0035;
4319;981017;CDSB100003663;0.0;2.611470043;0.0;0.0;-2016449.7368125;CITIBANK EUROPE PUBLIC LIMITED COMPANY;0.0;0.0;0.0;;CDSB100003663;CDS Index;0.0;-2016449.7368125;0.0025;;0.004;
4320;981017;CDSB100003667;0.0;2.500703107;0.0;0.0;-97574.1690925;DEUTSCHE BANK AKTIENGESELLSCHAFT;0.0;0.0;0.0;;CDSB100003667;CDS Index;0.0;-97574.1690925;0.0025;;0.014;
4321;981017;CH1142231682;4932318.493;0.578611646;0.578611646;442.882675;-19060.370504500002;;0.0;0.0;4932318.493;6.0;CH1142231682;Bond;4932318.493;4913258.122495499;0.0025;0.5772038249324397;0.004;0.5763591322919036
4322;981017;CH1174335732;20121780.82;0.52223589;0.52223589;1570.74842;-70233.28429000001;;0.0;0.0;20121780.82;8.0;CH1174335732;Bond;20121780.82;20051547.53571;0.0025;0.5209661633698442;0.004;0.5202043273917508
4323;981017;CSH_AUD_DB;49783.91616;0.0;0.0;0.0;0.0;;0.0;497.8391616;49783.91616;;;Cash;49783.91616;49783.91616;0.0;0.0;0.0;0.0
4324;981017;CSH_CAD_DB;41586.38396;0.0;0.0;0.0;0.0;;0.0;415.8638396;41586.38396;;;Cash;41586.38396;41586.38396;0.0;0.0;0.0;0.0
4325;981017;CSH_CHF_DB;10846.23273;0.0;0.0;0.0;0.0;;0.0;108.4623273;10846.23273;;;Cash;10846.23273;10846.23273;0.0;0.0;0.0;0.0
4326;981017;CSH_CNH_DB;6131.519712;0.0;0.0;0.0;0.0;;0.0;61.31519712;6131.519712;;;Cash;6131.519712;6131.519712;0.0;0.0;0.0;0.0
4327;981017;CSH_EUR_DB;-1603696.67;0.0;0.0;0.0;0.0;;0.0;0.0;-1603696.67;;;Cash;-1603696.67;-1603696.67;0.0;0.0;0.0;0.0
4328;981017;CSH_GBP_DB;-246936.0567;0.0;0.0;0.0;6173.4014175;;0.0;-2469.360567;-246936.0567;;;Cash;-246936.0567;-240762.6552825;0.0;0.0;0.0;0.0
4329;981017;CSH_HUF_DB;2492.80193;0.0;0.0;0.0;0.0;;0.0;24.9280193;2492.80193;;;Cash;2492.80193;2492.80193;0.0;0.0;0.0;0.0
4330;981017;CSH_JPY_DB;11647.8165;0.0;0.0;0.0;-291.19541250000003;;0.0;116.478165;11647.8165;;;Cash;11647.8165;11356.621087500002;0.0;0.0;0.0;0.0
4331;981017;CSH_MXN_DB;9045.034847;0.0;0.0;0.0;0.0;;0.0;90.45034847;9045.034847;;;Cash;9045.034847;9045.034847;0.0;0.0;0.0;0.0
4332;981017;CSH_NOK_DB;9805.159835;0.0;0.0;0.0;0.0;;0.0;98.05159835;9805.159835;;;Cash;9805.159835;9805.159835;0.0;0.0;0.0;0.0
4333;981017;CSH_NZD_DB;4419.165819;0.0;0.0;0.0;0.0;;0.0;44.19165819;4419.165819;;;Cash;4419.165819;4419.165819;0.0;0.0;0.0;0.0
4334;981017;CSH_PLN_DB;109.9470721;0.0;0.0;0.0;0.0;;0.0;1.099470721;109.9470721;;;Cash;109.9470721;109.9470721;0.0;0.0;0.0;0.0
4335;981017;CSH_SEK_DB;2171.114587;0.0;0.0;0.0;0.0;;0.0;21.71114587;2171.114587;;;Cash;2171.114587;2171.114587;0.0;0.0;0.0;0.0
4336;981017;CSH_USD_DB;468515.062;0.0;0.0;0.0;-11712.87655;;0.0;4685.15062;468515.062;;;Cash;468515.062;456802.18545;0.0;0.0;0.0;0.0
4337;981017;DE000A4DE9Y3;3869983.356;4.395486904;4.395486904;9429.663353;-114619.219585;;0.0;0.0;3869983.356;7.0;DE000A4DE9Y3;Bond;3869983.356;3755364.136415;0.0025;4.3828722668853715;0.004;4.375303484616595
4338;981017;DE000NRW0N26;1510488.986;22.71608627;22.71608627;119728.1794;-138963.84136000002;;0.0;0.0;1510488.986;9.0;DE000NRW0N26;Bond;1510488.986;1371525.14464;0.0025;22.02452479199145;0.0015;22.30114938319487
4339;981017;DUM25 Cmdty;0.0;0.0;0.0;-4996.746683;70922.05724000001;;0.0;0.0;-9198130.0;;;Bond Future;0.0;70922.05724000001;0.0025;0.0;0.0015;0.0
4340;981017;ES0813211028;6157800.0;0.761901013;0.761901013;480.9021981;-57093.83814;;0.0;0.0;6157800.0;4.0;ES0813211028;Bond;6157800.0;6100706.16186;0.0025;0.7613998351281555;0.0095;0.7599965370869908
4341;981017;FR0011949403;2068730.137;0.173155294;0.173155294;40.50501268;-4488.8610096;;0.0;0.0;2068730.137;2.0;FR0011949403;Bond;2068730.137;2064241.2759904;0.0025;0.17274075963170818;0.0095;0.17158006340049112
4342;981017;FR0012329845;2845972.318;0.631959205;0.631959205;287.2419058;-22362.324948;;0.0;0.0;2845972.318;4.0;FR0012329845;Bond;2845972.318;2823609.993052;0.0025;0.6304344043656427;0.0095;0.6261649625894423
4343;981017;FR0012599645;39752636.66;0.230690404;0.508247245;3036.647617;-98823.78821999999;;0.0;1.63e-08;31474575.04;;FR0012599645;Fund Unit;39752636.66;39653812.87177999;0.0025;0.22891373456110167;0.0035;0.5064777479839757
4344;981017;FR0013416146;3366208.849;0.064978833;0.064978833;22.1722681;-3804.277125;;0.0;0.0;3366208.849;2.0;FR0013416146;Bond;3366208.849;3362404.571875;0.0025;0.06482472067420286;0.014;0.064115803975536
4345;981017;FR0013428414;4621109.589;0.225163369;0.225163369;124.0325018;-17547.555861;;0.0;0.0;4621109.589;4.0;FR0013428414;Bond;4621109.589;4603562.033139;0.0025;0.22461910496739987;0.014;0.22211549041743933
4346;981017;FR0013510179;6575546.123;0.787089062;0.787089062;896.4625942;-85310.95524600001;;0.0;0.0;6575546.123;3.0;FR0013510179;Bond;6575546.123;6490235.167754;0.0025;0.7852295150558953;0.014;0.7766755991130139
4347;981017;FR00140009W6;1973068.493;0.552870321;0.552870321;165.635845;-13622.281104;;0.0;0.0;1973068.493;5.0;FR00140009W6;Bond;1973068.493;1959446.211896;0.0025;0.5515357762223126;0.0095;0.5477990508447879
4348;981017;FR0014000NZ4;6059887.397;1.083835658;1.083835658;1361.569257;-108976.427472;;0.0;0.0;6059887.397;5.0;FR0014000NZ4;Bond;6059887.397;5950910.969528;0.0025;1.0811552680712186;0.014;1.0688254743988241
4349;981017;FR0014003G27;4956855.479;2.90970294;2.90970294;5707.797141;-93733.06605;;0.0;0.0;4956855.479;5.0;FR0014003G27;Bond;4956855.479;4863122.412950001;0.0025;2.902081478667917;0.004;2.897508601868668
4350;981017;FR001400KWR6;7263115.616;3.33339314;3.33339314;10724.1348;-409754.474415;;0.0;0.0;7263115.616;5.0;FR001400KWR6;Bond;7263115.616;6853361.141585001;0.0025;3.324258916868386;0.014;3.282241490462962
4351;981017;FR001400Y969;5015594.521;8.191878369;8.191878369;40824.50283;-252217.77726;;0.0;0.0;5015594.521;6.0;FR001400Y969;Bond;5015594.521;4763376.74374;0.0025;8.156157692006909;0.0035;8.141869421209673
4352;981017;FR0128910454;3494273.525;0.06227222;0.06227222;22.56402065;-1321.1225934;;0.0;0.0;3494273.525;8.0;FR0128910454;Bond;3494273.525;3492952.4024066;0.0025;0.06212047886666244;0.0035;0.06205978241332742
4353;981017;FR0128957760;7994270.773;0.027070527;0.027070527;21.67575453;-1314.1267026;;0.0;0.0;7994270.773;8.0;FR0128957760;Bond;7994270.773;7992956.6462974;0.0025;0.027004573756018595;0.0035;0.02697819245842603
4354;981017;FR0129030898;4985749.712;0.094409582;0.094409582;50.1523989;-7888.4122152;;0.0;0.0;4985749.712;8.0;FR0129030898;Bond;4985749.712;4977861.2997848;0.0025;0.09418038619958682;0.014;0.09312608551768622
4355;981017;FR0129061653;9918347.268;0.291912229;0.291912229;366.2401826;-48423.2735085;;0.0;0.0;9918347.268;8.0;FR0129061653;Bond;9918347.268;9869923.994491499;0.0025;0.291202122742054;0.014;0.2879356339555022
4356;981017;FR0129084481;9957505.492;0.162462106;0.162462106;183.9724373;-9821.101308;;0.0;0.0;9957505.492;8.0;FR0129084481;Bond;9957505.492;9947684.390692001;0.0025;0.16206619695111044;0.0035;0.16190783333155462
4357;981017;FR0129107795;3992377.271;0.064786197;0.064786197;26.81121991;-4331.45588865;;0.0;0.0;3992377.271;8.0;FR0129107795;Bond;3992377.271;3988045.8151113503;0.0025;0.06462880005874129;0.014;0.06390477412895122
4358;981017;FR0129109759;10975139.8;0.081101197;0.081101197;93.84430122;-5412.3977094;;0.0;0.0;10975139.8;8.0;FR0129109759;Bond;10975139.8;10969727.402290601;0.0025;0.0809038748934334;0.0035;0.08082494605080674
4359;981017;FXW1023898;-8643.672999999952;0.076712328;0.0;-0.0012642479999999956;39278.3814;BNP PARIBAS;0.0;-15711.35256;-8643.672999999952;;;Currency Forward;-8643.672999999952;30634.708400000047;0.0;0.076712328;0.0;0.0
4360;981017;FXW1023970;6764.901599999983;0.076712328;0.0;0.0009909190000000068;-23104.930232500003;MORGAN STANLEY EUROPE SE;0.0;9241.972093;6764.901599999983;;;Currency Forward;6764.901599999983;-16340.02863250002;0.0;0.076712328;0.0;0.0
4361;981017;FXW1023996;-193507.12000000104;0.076712328;0.0;-0.02837851800000024;485203.53475;MORGAN STANLEY EUROPE SE;0.0;-194081.4139;-193507.12000000104;;;Currency Forward;-193507.12000000104;291696.41474999895;0.0;0.076712328;0.0;0.0
4362;981017;FXW1023998;-189222.01000000164;0.997260075;0.0;-4.704628200000002;471407.31675000006;NATIXIS;0.0;-188562.9267;-189222.01000000164;;;Currency Forward;-189222.01000000164;282185.3067499984;0.0;0.997260075;0.0;0.0
4363;981017;FXW1023999;213238.7899999991;0.076712328;0.0;0.03128173099999998;-485203.53475;MORGAN STANLEY EUROPE SE;0.0;194081.4139;213238.7899999991;;;Currency Forward;213238.7899999991;-271964.7447500009;0.0;0.076712328;0.0;0.0
4364;981017;FXW1024000;-163969.25;0.23561643;0.0;-0.22675629999999813;358947.78424999997;MORGAN STANLEY EUROPE SE;0.0;-143579.1137;-163969.25;;;Currency Forward;-163969.25;194978.53424999997;0.0;0.23561643;0.0;0.0
4365;981017;IKM25 Cmdty;0.0;0.0;0.0;12231.36646;-85330.96085999999;;0.0;0.0;1880320.0;;;Bond Future;0.0;-85330.96085999999;0.0025;0.0;0.0035;0.0
4366;981017;INFS10000297;95282.27372;8.961643836;0.0;-13.73585216;-93864.57208250002;JP MORGAN SE;0.0;0.0;-5308160.0;;;Index Linked Swap;95282.27372;1417.7016374999803;0.0025;9.1660254760031;0.0;0.0
4367;981017;INFS10000298;-382811.16;18.96986301;0.0;492.5995262;389237.477365;JP MORGAN SE;0.0;0.0;10705420.0;;;Index Linked Swap;-382811.16;6426.317365000024;0.0025;19.901672144129446;0.0;0.0
4368;981017;INFS10000299;294910.009;28.97534247;0.0;-1474.412537;-287983.853865;JP MORGAN SE;0.0;0.0;-4952420.0;;;Index Linked Swap;294910.009;6926.155135000008;0.0025;31.199256991358176;0.0;0.0
4369;981017;INFS10000325;217230.2425;8.961643836;0.0;-34.45270119;-194956.90648;CITIBANK EUROPE PUBLIC LIMITED COMPANY;0.0;0.0;-11000000.0;;;Index Linked Swap;217230.2425;22273.336019999988;0.0025;9.166386484850882;0.0;0.0
4370;981017;INFS10000327;638318.2358;28.97534247;0.0;-3800.92634;-530767.4021;CITIBANK EUROPE PUBLIC LIMITED COMPANY;0.0;0.0;-9000000.0;;;Index Linked Swap;638318.2358;107550.83370000008;0.0025;31.223133513918704;0.0;0.0
4371;981017;INFS10000328;-846370.6549;18.96986301;0.0;1288.901469;733400.3624500001;CITIBANK EUROPE PUBLIC LIMITED COMPANY;0.0;0.0;20000000.0;;;Index Linked Swap;-846370.6549;-112970.29244999983;0.0025;19.90757369132657;0.0;0.0
4372;981017;INFS10000342;614934.2519;19.1369863;0.0;-1003.518784;-510200.0725;JP MORGAN SE;0.0;0.0;-13800000.0;;;Index Linked Swap;614934.2519;104734.17940000002;0.0025;20.093344719710874;0.0;0.0
4373;981017;INFS10000344;604583.6941;19.1369863;0.0;-970.0206906;-509704.876275;CITIBANK EUROPE PUBLIC LIMITED COMPANY;0.0;0.0;-13800000.0;;;Index Linked Swap;604583.6941;94878.81782499998;0.0025;20.092658012033755;0.0;0.0
4374;981017;INFS10000351;-462505.2789;19.1369863;0.0;810.9675675;358673.464165;GOLDMAN SACHS INTERNATIONAL  PARIS BRANCH;0.0;0.0;9660000.0;;;Index Linked Swap;-462505.2789;-103831.81473499996;0.0025;20.096382496013447;0.0;0.0
4375;981017;INFS10000352;-205119.0169;19.1369863;0.0;352.5962105;162060.4317225;CREDIT AGRICOLE CORPORATE AND INVESTMENT BANK;0.0;0.0;4370000.0;;;Index Linked Swap;-205119.0169;-43058.585177499976;0.0025;20.095521499714728;0.0;0.0
4376;981017;INFS10000354;-624102.2267;19.1369863;0.0;1051.18424;502625.6894;GOLDMAN SACHS INTERNATIONAL  PARIS BRANCH;0.0;0.0;13570000.0;;;Index Linked Swap;-624102.2267;-121476.53730000003;0.0025;20.09465476650852;0.0;0.0
4377;981017;IRSB100002012;108945.40800000005;6.217072936;0.0;-2504.0994459500002;2140.057876250001;BNP PARIBAS;0.0;1089.4540799999995;0.0;;;Swap;108945.40800000005;111085.46587625006;0.00125;6.552699196653393;0.0;0.0
4378;981017;IRSB100007718;110565.70100000012;30.003659953;0.0;-156412.7069816;96768.163766;JP MORGAN SE;0.0;0.0;0.0;;;Swap;110565.70100000012;207333.86476600013;0.0025;67.62067108453523;0.0;0.0
4379;981017;IRSB100008421;-17688.202999999747;0.23562649;0.0;-28.124167607;2959.099041325;BNP PARIBAS;0.0;0.0;0.0;;;Swap;-17688.202999999747;-14729.103958674747;0.0025;0.19601539584020725;0.0;0.0
4380;981017;IRSB100008428;-14655.680999999866;0.235626491;0.0;-23.040423442999998;2424.091990025;NATIXIS;0.0;0.0;0.0;;;Swap;-14655.680999999866;-12231.589009974865;0.0025;0.19646240280136915;0.0;0.0
4381;981017;IRSB100008429;-13581.92399999965;0.065757813;0.0;-2.5526241339999998;927.951280275;CITIBANK EUROPE PUBLIC LIMITED COMPANY;0.0;0.0;0.0;;;Swap;-13581.92399999965;-12653.97271972465;0.0025;0.061070054498580835;0.0;0.0
4382;981017;OEM25 Cmdty;0.0;0.0;0.0;-45876.7002;323021.6952;;0.0;0.0;-16726180.0;;;Bond Future;0.0;323021.6952;0.0025;0.0;0.0015;0.0
4383;981017;RXM25 Cmdty;0.0;0.0;0.0;-367657.41;1615275.5256;;0.0;0.0;-49599550.0;;;Bond Future;0.0;1615275.5256;0.0025;0.0;0.0015;0.0
4384;981017;TRS100000144;946086.0171;0.059604173;0.059604173;5.836124074;-940.90198422;BNP PARIBAS;0.0;0.0;946086.0171;;TRS100000144;Bond;946086.0171;945145.11511578;0.0025;0.05945883705744482;0.014;0.058790291721690986
4385;981017;TRS100000147;976798.2831;0.006278932;0.181715178;-2.968332279;-2525.5709041999994;BNP PARIBAS;0.0;0.0;976798.2831;;TRS100000147;Bond;976798.2831;974272.7121958;0.0025;0.00635500152623664;0.014;0.18260290107992433
4386;981017;TRS100000148;5003810.976;0.006994532;0.219742317;-22.49214444;-15633.585001925;BNP PARIBAS;0.0;0.0;5003810.976;;TRS100000148;Bond;5003810.976;4988177.390998075;0.0025;0.007107029379155443;0.014;0.22104763099690727
4387;981017;US91282CCM10;906426.5526;6.265287372;6.265287372;3570.106008;-27075.167452499998;;0.0;9064.265526;906426.5526;10.0;US91282CCM10;Bond;906426.5526;879351.3851475001;0.00125;6.265121404284957;0.0015;6.265088210741949
4388;981017;USF43628B413;18634923.57;0.481104566;0.481104566;865.0635804;-521624.69621399994;;0.0;186349.2357;18634923.57;4.0;USF43628B413;Bond;18634923.57;18113298.873786;0.00125;0.4808136225934928;0.00475;0.4799989810552726
4389;981017;VGM25 Index;0.0;0.0;0.0;0.0;1214226.0;;-93402.0;0.0;-9340200.0;;;Equity Index Future;0.0;1214226.0;0.0;0.0;0.0;0.0
4390;981017;XS0207764712;19932981.91;0.229135179;2.123445354;190.3955443;-419184.0239675;;0.0;0.0;19932981.91;2.0;XS0207764712;Bond;19932981.91;19513797.8860325;0.0025;0.22902764171733586;0.0095;2.16537362611698
4391;981017;XS1684385161;5573203.222;0.459402989;0.459402989;242.9021241;-42325.80638549999;;0.0;0.0;5573203.222;2.0;XS1684385161;Bond;5573203.222;5530877.4156145;0.0025;0.4588410184036269;0.014;0.45625595366031074
4392;981017;XS1739839998;10171144.51;0.171113159;0.171113159;114.4700335;-21401.202683999996;;0.0;0.0;10171144.51;3.0;XS1739839998;Bond;10171144.51;10149743.307316;0.0025;0.17090499851713295;0.0095;0.17032214916510527
4393;981017;XS1808351214;3062646.164;0.045018366;0.045018366;13.94731663;-1711.725528;;0.0;0.0;3062646.164;5.0;XS1808351214;Bond;3062646.164;3060934.438472;0.0025;0.04490958242096549;0.0095;0.04460498839966887
4394;981017;XS2010031057;10295148.69;0.225653613;0.225653613;166.0043816;-28431.533915999997;;0.0;0.0;10295148.69;2.0;XS2010031057;Bond;10295148.69;10266717.156084;0.0025;0.2253777987596669;0.0095;0.22460551888673425
4395;981017;XS2076169668;14328321.4;0.1158917;0.1158917;99.80135626;-368335.999168;;0.0;143283.214;14328321.4;3.0;XS2076169668;Bond;14328321.4;13959985.400832001;0.00125;0.11582142209662863;0.00475;0.11562464396718881
4396;981017;XS2110110686;10898531.61;0.073921165;0.073921165;83.58723047;-5434.33630935;;0.0;0.0;10898531.61;3.0;XS2110110686;Bond;10898531.61;10893097.27369065;0.0025;0.07374308618508725;0.004;0.0736362388961396
4397;981017;XS2119468572;12061824.66;0.370366224;0.370366224;596.8141448;-76336.4793345;;0.0;0.0;12061824.66;2.0;XS2119468572;Bond;12061824.66;11985488.1806655;0.0025;0.3694721620873236;0.014;0.3653594772890121
4398;981017;XS2131567138;9998199.728;0.464758058;0.464758058;443.0289025;-57523.888848;;0.0;0.0;9998199.728;4.0;XS2131567138;Bond;9998199.728;9940675.839152;0.0025;0.46419028644590504;0.0095;0.4626005260944393
4399;981017;XS2182055009;6368569.928;0.412061551;0.412061551;361.1430503;-17692.410703499998;;0.0;0.0;6368569.928;3.0;XS2182055009;Bond;6368569.928;6350877.5172965005;0.0025;0.4110683606243209;0.004;0.41047244639891345
4400;981017;XS2187689034;18245365.75;0.204226218;0.204226218;432.1999323;-23394.058008;;0.0;0.0;18245365.75;4.0;XS2187689034;Bond;18245365.75;18221971.691992;0.0025;0.20373828378898695;0.0035;0.20354311010458176
4401;981017;XS2189784288;8526318.855;0.473589099;0.473589099;586.3370056;-50876.51796;;0.0;0.0;8526318.855;4.0;XS2189784288;Bond;8526318.855;8475442.33704;0.0025;0.4724306181945973;0.0095;0.4691868719394698
4402;981017;XS2229875989;15279016.44;0.446918727;0.446918727;968.2119439;-116036.80430100001;;0.0;0.0;15279016.44;5.0;XS2229875989;Bond;15279016.44;15162979.635699;0.0025;0.44583384949627153;0.014;0.4408434129791206
4403;981017;XS2234516164;2864238.75;3.556972705;3.556972705;2926.339353;-168140.57634;;0.0;0.0;2864238.75;4.0;XS2234516164;Bond;2864238.75;2696098.17366;0.0025;3.563060807959604;0.014;3.591066081573781
4404;981017;XS2244936659;2888723.425;3.354530475;3.354530475;-3364.018482;-159716.8638615;;0.0;0.0;2888723.425;6.0;XS2244936659;Bond;2888723.425;2729006.5611385;0.0025;3.4117760276672078;0.014;3.6751055699363637
4405;981017;XS2278566299;704752.1918;4.430491754;4.430491754;1722.354304;-18716.155998;;0.0;0.0;704752.1918;7.0;XS2278566299;Bond;704752.1918;686036.0358020001;0.0025;4.418467027234919;0.0035;4.413657136528886
4406;981017;XS2322423539;1017546.438;3.519995982;3.519995982;1646.4716;-21730.638798;;0.0;0.0;1017546.438;5.0;XS2322423539;Bond;1017546.438;995815.799202;0.0025;3.5105199098189104;0.0035;3.506729480946474
4407;981017;XS2597110027;5153938.356;4.263430517;4.263430517;11943.47833;-134501.62038;;0.0;0.0;5153938.356;8.0;XS2597110027;Bond;5153938.356;5019436.7356199995;0.0025;4.250938869922183;0.0035;4.245942211091056
4408;981017;XS2641927574;4583931.507;2.816130577;2.816130577;5173.825386;-86789.1102;;0.0;0.0;4583931.507;6.0;XS2641927574;Bond;4583931.507;4497142.3968;0.0025;2.8077398724669775;0.004;2.802705449747164
4409;981017;XS2904849879;4140630.137;3.901843689;3.901843689;8233.939317;-202702.57788;;0.0;0.0;4140630.137;6.0;XS2904849879;Bond;4140630.137;3937927.5591200003;0.0025;3.890190360517501;0.0095;3.857561040766502
4410;981017;XS2919680236;4970542.192;8.317427464;8.317427464;42707.20856;-255239.63807999998;;0.0;0.0;4970542.192;7.0;XS2919680236;Bond;4970542.192;4715302.55392;0.0025;8.27557490362816;0.0035;8.258833879479424
4411;981017;XS2977890313;4417953.205;4.201259406;4.201259406;10026.1413;-320361.67663500004;;0.0;0.0;4417953.205;6.0;XS2977890313;Bond;4417953.205;4097591.528365;0.0025;4.18865064078133;0.014;4.130650320775447
4412;981017;XS2987792269;5971417.809;4.241425343;4.241425343;13754.94919;-318015.42371999996;;0.0;0.0;5971417.809;6.0;XS2987792269;Bond;5971417.809;5653402.38528;0.0025;4.228812951794322;0.0095;4.193498256418423
4413;981017;XS3003295519;5713463.014;8.10557175;8.10557175;45621.13061;-284473.5504;;0.0;0.0;5713463.014;7.0;XS3003295519;Bond;5713463.014;5428989.4636;0.0025;8.070201297096006;0.0035;8.056053115934409
4414;981017;XS3004055177;6127008.904;5.992006397;5.992006397;26942.78654;-247595.11049;;0.0;0.0;6127008.904;5.0;XS3004055177;Bond;6127008.904;5879413.79351;0.0025;5.971832248141213;0.004;5.959727758825941
4415;981017;XS3011736108;3430099.726;6.663852872;6.663852872;18587.18614;-140352.64908;;0.0;0.0;3430099.726;6.0;XS3011736108;Bond;3430099.726;3289747.07692;0.0025;6.639399030885828;0.0035;6.629617494440159
4416;981017;XS3025207807;1617740.925;5.81617322;5.81617322;6742.871604;-117423.10508400001;;0.0;0.0;1617740.925;6.0;XS3025207807;Bond;1617740.925;1500317.8199160001;0.0025;5.796540928075789;0.0095;5.741570510688001
4417;981017;XS3032018239;8660665.342;3.670648785;3.670648785;15080.90451;-196787.08584;;0.0;0.0;8660665.342;6.0;XS3032018239;Bond;8660665.342;8463878.25616;0.0025;3.6608001873794027;0.0035;3.6568607483311637
4418;981017;XS3037678862;3684275.0;9.354587754;9.354587754;39972.91866;-212861.98716000002;;0.0;0.0;3684275.0;6.0;XS3037678862;Bond;3684275.0;3471413.01284;0.0025;9.302118475626385;0.0035;9.281130764276938
4419;981017;XS3037682112;12786432.0;8.01338761;8.01338761;100776.9359;-632024.4024;;0.0;0.0;12786432.0;5.0;XS3037682112;Bond;12786432.0;12154407.5976;0.0025;7.97688474839765;0.0035;7.96228360375671
4420;981017;XS3038544790;3494074.076;6.736100482;6.736100482;19315.29755;-144380.0148;;0.0;0.0;3494074.076;6.0;XS3038544790;Bond;3494074.076;3349694.0612;0.0025;6.711337705166533;0.0035;6.701432594433145
