day_index,day_label,Portfolio,Identifier,AssetClass,TV_start,TV_pre_collateral,TV_end_of_day,Stress_PnL,Collateral_sales
1,Day 1,300191,BE6359531173,Bond,0.0,-6718.4676325,-6718.4676325,-6718.4676325,0.0
1,Day 1,300191,BE6360390031,Bond,0.0,-5257.85841425,-5257.85841425,-5257.85841425,0.0
1,Day 1,300191,CSH_EUR_DB,Cash,0.0,0.0,0.0,0.0,0.0
1,Day 1,300191,DE000CZ450R9,Bond,0.0,-142050.400765,-142050.400765,-142050.400765,0.0
1,Day 1,300191,DE000CZ451J4,Bond,0.0,-42243.164600000004,-42243.164600000004,-42243.164600000004,0.0
1,Day 1,300191,DE000CZ452E3,Bond,0.0,-119772.618095,-119772.618095,-119772.618095,0.0
1,Day 1,300191,FR0014003N51,Bond,0.0,0.0,0.0,0.0,0.0
1,Day 1,300191,FR0128580331,Bond,0.0,-4475.182095,-4475.182095,-4475.182095,0.0
1,Day 1,300191,FR0128584150,Bond,0.0,-5966.18605675,-5966.18605675,-5966.18605675,0.0
1,Day 1,300191,FR0128585413,Bond,0.0,-8910.851564749999,-8910.851564749999,-8910.851564749999,0.0
1,Day 1,300191,FR0128607365,Bond,0.0,-10345.0314785,-10345.0314785,-10345.0314785,0.0
1,Day 1,300191,FR0128614064,Bond,0.0,-9795.39741,-9795.39741,-9795.39741,0.0
1,Day 1,300191,FR0128614254,Bond,0.0,-9333.69744,-9333.69744,-9333.69744,0.0
1,Day 1,300191,FR0128614551,Bond,0.0,-10189.86634775,-10189.86634775,-10189.86634775,0.0
1,Day 1,300191,FR0128615376,Bond,0.0,-12311.762965749998,-12311.762965749998,-12311.762965749998,0.0
1,Day 1,300191,FR0128633858,Bond,0.0,-14696.339558500002,-14696.339558500002,-14696.339558500002,0.0
1,Day 1,300191,FR0128635192,Bond,0.0,-12451.25400525,-12451.25400525,-12451.25400525,0.0
1,Day 1,300191,FR0128635606,Bond,0.0,-6224.54176825,-6224.54176825,-6224.54176825,0.0
1,Day 1,300191,FR0128656842,Bond,0.0,-51144.27391275,-51144.27391275,-51144.27391275,0.0
1,Day 1,300191,FR0128662154,Bond,0.0,-10489.4408385,-10489.4408385,-10489.4408385,0.0
1,Day 1,300191,FR0128666064,Bond,0.0,-15375.974794750002,-15375.974794750002,-15375.974794750002,0.0
1,Day 1,300191,FR0128692607,Bond,0.0,-76280.76088875,-76280.76088875,-76280.76088875,0.0
1,Day 1,300191,FR0128768654,Bond,0.0,-75104.0121145,-75104.0121145,-75104.0121145,0.0
1,Day 1,300191,FR0128787282,Bond,0.0,-18191.851698,-18191.851698,-18191.851698,0.0
1,Day 1,300191,FR0128789924,Bond,0.0,-35424.149848249996,-35424.149848249996,-35424.149848249996,0.0
1,Day 1,300191,FR0128806710,Bond,0.0,-22441.548064,-22441.548064,-22441.548064,0.0
1,Day 1,300191,FR0128813492,Bond,0.0,-27050.6498495,-27050.6498495,-27050.6498495,0.0
1,Day 1,300191,FR0128816198,Bond,0.0,-18425.724135499997,-18425.724135499997,-18425.724135499997,0.0
1,Day 1,300191,FR0128816420,Bond,0.0,-1624.7483886,-1624.7483886,-1624.7483886,0.0
1,Day 1,300191,FR0128867167,Bond,0.0,-22340.720274750005,-22340.720274750005,-22340.720274750005,0.0
1,Day 1,300191,FR0128867399,Bond,0.0,-42502.800741,-42502.800741,-42502.800741,0.0
1,Day 1,300191,FR0128867449,Bond,0.0,-12944.29469325,-12944.29469325,-12944.29469325,0.0
1,Day 1,300191,FR0128902766,Bond,0.0,-24874.93659525,-24874.93659525,-24874.93659525,0.0
1,Day 1,300191,FR0128902923,Bond,0.0,-41912.2717195,-41912.2717195,-41912.2717195,0.0
1,Day 1,300191,FR0128910587,Bond,0.0,-3774.7279224000004,-3774.7279224000004,-3774.7279224000004,0.0
1,Day 1,300191,FR0128913656,Bond,0.0,-48691.841346,-48691.841346,-48691.841346,0.0
1,Day 1,300191,FR0128913979,Bond,0.0,-86682.094429,-86682.094429,-86682.094429,0.0
1,Day 1,300191,FR0128958545,Bond,0.0,-4584.7719414,-4584.7719414,-4584.7719414,0.0
1,Day 1,300191,FR0128963560,Bond,0.0,-16226.064396,-16226.064396,-16226.064396,0.0
1,Day 1,300191,FR0128984541,Bond,0.0,-27744.459201,-27744.459201,-27744.459201,0.0
1,Day 1,300191,FR0128985662,Bond,0.0,-2628.307236,-2628.307236,-2628.307236,0.0
1,Day 1,300191,FR0129012466,Bond,0.0,-19491.363335,-19491.363335,-19491.363335,0.0
1,Day 1,300191,FR0129014306,Bond,0.0,-34019.95480575,-34019.95480575,-34019.95480575,0.0
1,Day 1,300191,FR0129014868,Bond,0.0,-101302.20608575,-101302.20608575,-101302.20608575,0.0
1,Day 1,300191,FR0129025500,Bond,0.0,-9332.658965999999,-9332.658965999999,-9332.658965999999,0.0
1,Day 1,300191,FR0129026011,Bond,0.0,-903.4127004,-903.4127004,-903.4127004,0.0
1,Day 1,300191,FR0129026433,Bond,0.0,-614.0556503999999,-614.0556503999999,-614.0556503999999,0.0
1,Day 1,300191,FR0129026458,Bond,0.0,-9562.981290000002,-9562.981290000002,-9562.981290000002,0.0
1,Day 1,300191,FR0129026656,Bond,0.0,-4800.0,-4800.0,-4800.0,0.0
1,Day 1,300191,FR0129030120,Bond,0.0,-15993.5984,-15993.5984,-15993.5984,0.0
1,Day 1,300191,FR0129030807,Bond,0.0,-6886.886316,-6886.886316,-6886.886316,0.0
1,Day 1,300191,FR0129052264,Bond,0.0,-70183.0055345,-70183.0055345,-70183.0055345,0.0
1,Day 1,300191,FR0129053411,Bond,0.0,-12132.300030000002,-12132.300030000002,-12132.300030000002,0.0
1,Day 1,300191,FR0129053510,Bond,0.0,-4921.0766178,-4921.0766178,-4921.0766178,0.0
1,Day 1,300191,FR0129059954,Bond,0.0,-1725.1781004,-1725.1781004,-1725.1781004,0.0
1,Day 1,300191,FR0129061463,Bond,0.0,-4186.7788566,-4186.7788566,-4186.7788566,0.0
1,Day 1,300191,FR0129061638,Bond,0.0,-3610.8151583999997,-3610.8151583999997,-3610.8151583999997,0.0
1,Day 1,300191,FR0129065985,Bond,0.0,-19529.292718,-19529.292718,-19529.292718,0.0
1,Day 1,300191,FR0129066371,Bond,0.0,-12180.0,-12180.0,-12180.0,0.0
1,Day 1,300191,FR0129083459,Bond,0.0,-52206.6048855,-52206.6048855,-52206.6048855,0.0
1,Day 1,300191,FR0129101939,Bond,0.0,-6290.3145227,-6290.3145227,-6290.3145227,0.0
1,Day 1,300191,FR0129102523,Bond,0.0,-821.3285586,-821.3285586,-821.3285586,0.0
1,Day 1,300191,FR0129104735,Bond,0.0,-97218.37517525,-97218.37517525,-97218.37517525,0.0
1,Day 1,300191,FR0129105732,Bond,0.0,-1264.5133776000002,-1264.5133776000002,-1264.5133776000002,0.0
1,Day 1,300191,FR0129106086,Bond,0.0,-2267.7813846999998,-2267.7813846999998,-2267.7813846999998,0.0
1,Day 1,300191,FR0129106409,Bond,0.0,-5476.28047135,-5476.28047135,-5476.28047135,0.0
1,Day 1,300191,FR0129107100,Bond,0.0,-4560.0,-4560.0,-4560.0,0.0
1,Day 1,300191,FR0129107423,Bond,0.0,-37505.28825,-37505.28825,-37505.28825,0.0
1,Day 1,300191,FR0129108546,Bond,0.0,-60446.4170215,-60446.4170215,-60446.4170215,0.0
1,Day 1,300191,FR0129108900,Bond,0.0,-17459.935193999998,-17459.935193999998,-17459.935193999998,0.0
1,Day 1,300191,FR0129108918,Bond,0.0,-23000.151191999998,-23000.151191999998,-23000.151191999998,0.0
1,Day 1,300191,FR0129109825,Bond,0.0,-16390.015680250002,-16390.015680250002,-16390.015680250002,0.0
1,Day 1,300191,FR0129110146,Bond,0.0,-104040.21426000001,-104040.21426000001,-104040.21426000001,0.0
1,Day 1,300191,IRSB100008195,Swap,0.0,5857.317476499999,5857.317476499999,5857.317476499999,0.0
1,Day 1,300191,IRSB100008252,Swap,0.0,3989.9548787,3989.9548787,3989.9548787,0.0
1,Day 1,300191,IRSB100008289,Swap,0.0,3807.5217727000004,3807.5217727000004,3807.5217727000004,0.0
1,Day 1,300191,IRSB100008398,Swap,0.0,7443.841615275,7443.841615275,7443.841615275,0.0
1,Day 1,300191,IRSB100008403,Swap,0.0,3970.00364445,3970.00364445,3970.00364445,0.0
1,Day 1,300191,IRSB100008630,Swap,0.0,7512.2755695999995,7512.2755695999995,7512.2755695999995,0.0
1,Day 1,300191,IRSB100008770,Swap,0.0,27724.606665925,27724.606665925,27724.606665925,0.0
1,Day 1,300191,IRSB100008780,Swap,0.0,28557.245028474994,28557.245028474994,28557.245028474994,0.0
1,Day 1,300191,IRSB100008821,Swap,0.0,644.9189675250001,644.9189675250001,644.9189675250001,0.0
1,Day 1,300191,IRSB100008858,Swap,0.0,32406.063470775,32406.063470775,32406.063470775,0.0
1,Day 1,300191,IRSB100009066,Swap,0.0,8804.201220449999,8804.201220449999,8804.201220449999,0.0
1,Day 1,300191,IRSB100009071,Swap,0.0,19992.414519525002,19992.414519525002,19992.414519525002,0.0
1,Day 1,300191,IRSB100009075,Swap,0.0,1197.42711485,1197.42711485,1197.42711485,0.0
1,Day 1,300191,IRSB100009088,Swap,0.0,6729.747613924999,6729.747613924999,6729.747613924999,0.0
1,Day 1,300191,IRSB100009103,Swap,0.0,16993.310744424998,16993.310744424998,16993.310744424998,0.0
1,Day 1,300191,IRSB100009104,Swap,0.0,985.2483524999999,985.2483524999999,985.2483524999999,0.0
1,Day 1,300191,IRSB100009109,Swap,0.0,764.7668927999999,764.7668927999999,764.7668927999999,0.0
1,Day 1,300191,IRSB100009143,Swap,0.0,2043.9833104000002,2043.9833104000002,2043.9833104000002,0.0
1,Day 1,300191,IRSB100009162,Swap,0.0,1875.1377109250002,1875.1377109250002,1875.1377109250002,0.0
1,Day 1,300191,IRSB100009163,Swap,0.0,35788.05118595,35788.05118595,35788.05118595,0.0
1,Day 1,300191,IRSB100009168,Swap,0.0,20205.367774799997,20205.367774799997,20205.367774799997,0.0
1,Day 1,300191,IRSB100009187,Swap,0.0,1913.1637094000002,1913.1637094000002,1913.1637094000002,0.0
1,Day 1,300191,IRSB100009195,Swap,0.0,5944.4485091,5944.4485091,5944.4485091,0.0
1,Day 1,300191,IRSB100009204,Swap,0.0,48710.79432565,48710.79432565,48710.79432565,0.0
1,Day 1,300191,IRSB100009211,Swap,0.0,12322.912665675001,12322.912665675001,12322.912665675001,0.0
1,Day 1,300191,IRSB100009221,Swap,0.0,16964.952345399997,16964.952345399997,16964.952345399997,0.0
1,Day 1,300191,IRSB100009226,Swap,0.0,64480.472705500004,64480.472705500004,64480.472705500004,0.0
1,Day 1,300191,IRSB100009231,Swap,0.0,45895.4973107,45895.4973107,45895.4973107,0.0
1,Day 1,300191,IRSB100009239,Swap,0.0,20599.731285525002,20599.731285525002,20599.731285525002,0.0
1,Day 1,300191,IRSB100009245,Swap,0.0,29555.75466875,29555.75466875,29555.75466875,0.0
1,Day 1,300191,IRSB100009252,Swap,0.0,42584.120150275,42584.120150275,42584.120150275,0.0
1,Day 1,300191,IRSB100009258,Swap,0.0,63383.215970050005,63383.215970050005,63383.215970050005,0.0
1,Day 1,300191,IRSB100009288,Swap,0.0,1146.8347801999998,1146.8347801999998,1146.8347801999998,0.0
1,Day 1,300191,IRSB100009319,Swap,0.0,22961.158151775,22961.158151775,22961.158151775,0.0
1,Day 1,300191,IRSB100009346,Swap,0.0,54460.635550525,54460.635550525,54460.635550525,0.0
1,Day 1,300191,IRSB100009375,Swap,0.0,9966.206344899998,9966.206344899998,9966.206344899998,0.0
1,Day 1,300191,IRSB100009384,Swap,0.0,19934.346143925002,19934.346143925002,19934.346143925002,0.0
1,Day 1,300191,IRSB100009392,Swap,0.0,16174.109561075,16174.109561075,16174.109561075,0.0
1,Day 1,300191,IRSB100009413,Swap,0.0,22170.84105615,22170.84105615,22170.84105615,0.0
1,Day 1,300191,IRSB100009427,Swap,0.0,15890.550964524999,15890.550964524999,15890.550964524999,0.0
1,Day 1,300191,IRSB100009437,Swap,0.0,45923.80179525,45923.80179525,45923.80179525,0.0
1,Day 1,300191,IRSB100009458,Swap,0.0,7214.039047200001,7214.039047200001,7214.039047200001,0.0
1,Day 1,300191,IRSB100009466,Swap,0.0,4925.693223474999,4925.693223474999,4925.693223474999,0.0
1,Day 1,300191,IRSB100009470,Swap,-787.24,27976.05157905,27976.05157905,28763.29157905,0.0
1,Day 1,300191,SECL100006670,Bond,0.0,9.77472876,9.77472876,9.77472876,0.0
1,Day 1,300191,XS2812505829,Bond,0.0,-7458.128365250001,-7458.128365250001,-7458.128365250001,0.0
1,Day 1,300191,XS2823899161,Bond,0.0,-15625.328556499999,-15625.328556499999,-15625.328556499999,0.0
1,Day 1,300191,XS2840087667,Bond,0.0,-15667.02929375,-15667.02929375,-15667.02929375,0.0
1,Day 1,300191,XS2841263358,Bond,0.0,-20417.67836525,-20417.67836525,-20417.67836525,0.0
1,Day 1,300191,XS2843279691,Bond,0.0,-8408.29065775,-8408.29065775,-8408.29065775,0.0
1,Day 1,300191,XS2845159602,Bond,0.0,-19674.944692,-19674.944692,-19674.944692,0.0
1,Day 1,300191,XS2865535673,Bond,0.0,-31029.962616,-31029.962616,-31029.962616,0.0
1,Day 1,300191,XS2895045164,Bond,0.0,-34555.3761245,-34555.3761245,-34555.3761245,0.0
1,Day 1,300191,XS2903381072,Bond,0.0,-72707.738545,-72707.738545,-72707.738545,0.0
1,Day 1,300191,XS2906220855,Bond,0.0,-74836.109985,-74836.109985,-74836.109985,0.0
1,Day 1,300191,XS2908892438,Bond,0.0,-29580.9201495,-29580.9201495,-29580.9201495,0.0
1,Day 1,300191,XS2914666057,Bond,0.0,-42400.565517,-42400.565517,-42400.565517,0.0
1,Day 1,300191,XS2920487852,Bond,0.0,-84894.86161,-84894.86161,-84894.86161,0.0
1,Day 1,300191,XS2924143154,Bond,0.0,-45503.195736,-45503.195736,-45503.195736,0.0
1,Day 1,300191,XS2932960730,Bond,0.0,-36480.22188575,-36480.22188575,-36480.22188575,0.0
1,Day 1,300191,XS2942506978,Bond,0.0,-38803.771487750004,-38803.771487750004,-38803.771487750004,0.0
1,Day 1,300191,XS2974163672,Bond,0.0,-52555.61974,-52555.61974,-52555.61974,0.0
1,Day 1,300191,XS2976487483,Bond,0.0,-3559.5918345,-3559.5918345,-3559.5918345,0.0
1,Day 1,300191,XS2976509716,Bond,0.0,-16330.677078,-16330.677078,-16330.677078,0.0
1,Day 1,300191,XS2977963219,Bond,0.0,-61848.66996,-61848.66996,-61848.66996,0.0
1,Day 1,300191,XS2985295562,Bond,0.0,-5085.13212545,-5085.13212545,-5085.13212545,0.0
1,Day 1,300191,XS2989343293,Bond,0.0,-93507.73939,-93507.73939,-93507.73939,0.0
1,Day 1,300191,XS2993382667,Bond,0.0,-127295.422865,-127295.422865,-127295.422865,0.0
1,Day 1,300191,XS2994493786,Bond,0.0,-32323.816316999997,-32323.816316999997,-32323.816316999997,0.0
1,Day 1,300191,XS2996733593,Bond,0.0,-4264.2792231,-4264.2792231,-4264.2792231,0.0
1,Day 1,300191,XS2996858960,Bond,0.0,-112956.004689,-112956.004689,-112956.004689,0.0
1,Day 1,300191,XS2997427682,Bond,0.0,-168405.86151999998,-168405.86151999998,-168405.86151999998,0.0
1,Day 1,300191,XS2998732262,Bond,0.0,-119860.30653999999,-119860.30653999999,-119860.30653999999,0.0
1,Day 1,300191,XS2999542348,Bond,0.0,-54117.2310965,-54117.2310965,-54117.2310965,0.0
1,Day 1,300191,XS2999676203,Bond,0.0,-77274.747225,-77274.747225,-77274.747225,0.0
1,Day 1,300191,XS3002279886,Bond,0.0,-111258.724135,-111258.724135,-111258.724135,0.0
1,Day 1,300191,XS3002353103,Bond,0.0,-11186.134414,-11186.134414,-11186.134414,0.0
1,Day 1,300191,XS3003206359,Bond,0.0,-165538.58372999998,-165538.58372999998,-165538.58372999998,0.0
1,Day 1,300191,XS3005193340,Bond,0.0,-2818.8797856,-2818.8797856,-2818.8797856,0.0
1,Day 1,300191,XS3006178597,Bond,0.0,-60016.811595,-60016.811595,-60016.811595,0.0
1,Day 1,300191,XS3010368689,Bond,0.0,-3911.9563379,-3911.9563379,-3911.9563379,0.0
1,Day 1,300191,XS3015128211,Bond,0.0,-24090.125225999996,-24090.125225999996,-24090.125225999996,0.0
1,Day 1,300191,XS3020856848,Bond,0.0,-41557.545861,-41557.545861,-41557.545861,0.0
1,Day 1,300191,XS3020942176,Bond,0.0,-57941.4781335,-57941.4781335,-57941.4781335,0.0
1,Day 1,300191,XS3033735351,Bond,0.0,-9027.08385,-9027.08385,-9027.08385,0.0
1,Day 1,300191,XS3038488436,Bond,0.0,-62318.76024399999,-62318.76024399999,-62318.76024399999,0.0
1,Day 1,300191,XS3041239669,Bond,0.0,-4513.4868456,-4513.4868456,-4513.4868456,0.0
1,Day 1,300191,XS3041246524,Bond,0.0,-2463.1260899999997,-2463.1260899999997,-2463.1260899999997,0.0
1,Day 1,300191,XS3041382113,Bond,0.0,-7210.579997999999,-7210.579997999999,-7210.579997999999,0.0
2,Day 2,300191,BE6359531173,Bond,-6718.4676325,-6715.154699970899,-6715.154699970899,3.31293252910109,0.0
2,Day 2,300191,BE6360390031,Bond,-5257.85841425,-5254.431632088082,-5254.431632088082,3.426782161918709,0.0
2,Day 2,300191,CSH_EUR_DB,Cash,0.0,0.0,43598.50797969543,0.0,43598.50797969543
2,Day 2,300191,DE000CZ450R9,Bond,-142050.400765,-141233.8905410749,-141233.8905410749,816.5102239250846,0.0
2,Day 2,300191,DE000CZ451J4,Bond,-42243.164600000004,-42063.647617828276,-42063.647617828276,179.51698217172816,0.0
2,Day 2,300191,DE000CZ452E3,Bond,-119772.618095,-119046.14882087494,-119046.14882087494,726.4692741250619,0.0
2,Day 2,300191,FR0014003N51,Bond,0.0,0.0,0.0,0.0,0.0
2,Day 2,300191,FR0128580331,Bond,-4475.182095,-4473.902884486382,-4473.902884486382,1.279210513617727,0.0
2,Day 2,300191,FR0128584150,Bond,-5966.18605675,-5964.479574931679,-5964.479574931679,1.7064818183207535,0.0
2,Day 2,300191,FR0128585413,Bond,-8910.851564749999,-8907.806463182878,-8907.806463182878,3.0451015671205823,0.0
2,Day 2,300191,FR0128607365,Bond,-10345.0314785,-10340.924948058397,-10340.924948058397,4.106530441602445,0.0
2,Day 2,300191,FR0128614064,Bond,-9795.39741,-9787.113605151095,-9787.113605151095,8.283804848904765,0.0
2,Day 2,300191,FR0128614254,Bond,-9333.69744,-9325.044378084862,-9325.044378084862,8.653061915138096,0.0
2,Day 2,300191,FR0128614551,Bond,-10189.86634775,-10183.201723813725,-10183.201723813725,6.664623936274438,0.0
2,Day 2,300191,FR0128615376,Bond,-12311.762965749998,-12302.02073070218,-12302.02073070218,9.742235047819122,0.0
2,Day 2,300191,FR0128633858,Bond,-14696.339558500002,-14688.03297839224,-14688.03297839224,8.306580107760965,0.0
2,Day 2,300191,FR0128635192,Bond,-12451.25400525,-12443.800647678265,-12443.800647678265,7.453357571735978,0.0
2,Day 2,300191,FR0128635606,Bond,-6224.54176825,-6220.815983843854,-6220.815983843854,3.7257844061459764,0.0
2,Day 2,300191,FR0128656842,Bond,-51144.27391275,-51059.53535852355,-51059.53535852355,84.73855422645283,0.0
2,Day 2,300191,FR0128662154,Bond,-10489.4408385,-10475.765391329162,-10475.765391329162,13.675447170839107,0.0
2,Day 2,300191,FR0128666064,Bond,-15375.974794750002,-15360.762851161882,-15360.762851161882,15.211943588119539,0.0
2,Day 2,300191,FR0128692607,Bond,-76280.76088875,-76194.24490012237,-76194.24490012237,86.5159886276233,0.0
2,Day 2,300191,FR0128768654,Bond,-75104.0121145,-74994.63045690248,-74994.63045690248,109.38165759752155,0.0
2,Day 2,300191,FR0128787282,Bond,-18191.851698,-18147.72573655562,-18147.72573655562,44.125961444377026,0.0
2,Day 2,300191,FR0128789924,Bond,-35424.149848249996,-35375.38456037122,-35375.38456037122,48.7652878787776,0.0
2,Day 2,300191,FR0128806710,Bond,-22441.548064,-22402.374468175778,-22402.374468175778,39.17359582422068,0.0
2,Day 2,300191,FR0128813492,Bond,-27050.6498495,-27003.10291655185,-27003.10291655185,47.54693294815297,0.0
2,Day 2,300191,FR0128816198,Bond,-18425.724135499997,-18392.61966529462,-18392.61966529462,33.104470205376856,0.0
2,Day 2,300191,FR0128816420,Bond,-1624.7483886,-1624.1683180285015,-1624.1683180285015,0.5800705714984815,0.0
2,Day 2,300191,FR0128867167,Bond,-22340.720274750005,-22316.175671317873,-22316.175671317873,24.544603432132135,0.0
2,Day 2,300191,FR0128867399,Bond,-42502.800741,-42443.50427271154,-42443.50427271154,59.2964682884558,0.0
2,Day 2,300191,FR0128867449,Bond,-12944.29469325,-12927.789805014523,-12927.789805014523,16.504888235476756,0.0
2,Day 2,300191,FR0128902766,Bond,-24874.93659525,-24814.38713600201,-24814.38713600201,60.54945924799176,0.0
2,Day 2,300191,FR0128902923,Bond,-41912.2717195,-41797.457155195036,-41797.457155195036,114.81456430496473,0.0
2,Day 2,300191,FR0128910587,Bond,-3774.7279224000004,-3773.31702048877,-3773.31702048877,1.4109019112302121,0.0
2,Day 2,300191,FR0128913656,Bond,-48691.841346,-48452.3511372726,-48452.3511372726,239.4902087274022,0.0
2,Day 2,300191,FR0128913979,Bond,-86682.094429,-86435.32156670922,-86435.32156670922,246.7728622907889,0.0
2,Day 2,300191,FR0128958545,Bond,-4584.7719414,-4580.599075474653,-4580.599075474653,4.172865925347651,0.0
2,Day 2,300191,FR0128963560,Bond,-16226.064396,-16217.352754268211,-16217.352754268211,8.711641731788404,0.0
2,Day 2,300191,FR0128984541,Bond,-27744.459201,-27706.58411739811,-27706.58411739811,37.875083601891674,0.0
2,Day 2,300191,FR0128985662,Bond,-2628.307236,-2627.880023135788,-2627.880023135788,0.42721286421192417,0.0
2,Day 2,300191,FR0129012466,Bond,-19491.363335,-19478.87891719237,-19478.87891719237,12.484417807627324,0.0
2,Day 2,300191,FR0129014306,Bond,-34019.95480575,-33974.32662964813,-33974.32662964813,45.62817610186903,0.0
2,Day 2,300191,FR0129014868,Bond,-101302.20608575,-100895.40280500149,-100895.40280500149,406.8032807485142,0.0
2,Day 2,300191,FR0129025500,Bond,-9332.658965999999,-9324.012944855664,-9324.012944855664,8.646021144335464,0.0
2,Day 2,300191,FR0129026011,Bond,-903.4127004,-903.2512021574552,-903.2512021574552,0.16149824254478062,0.0
2,Day 2,300191,FR0129026433,Bond,-614.0556503999999,-613.8860425825036,-613.8860425825036,0.16960781749628495,0.0
2,Day 2,300191,FR0129026458,Bond,-9562.981290000002,-9550.8651840417,-9550.8651840417,12.116105958300977,0.0
2,Day 2,300191,FR0129026656,Bond,-4800.0,-4797.696,-4797.696,2.3040000000000873,0.0
2,Day 2,300191,FR0129030120,Bond,-15993.5984,-15985.151905283194,-15985.151905283194,8.446494716807138,0.0
2,Day 2,300191,FR0129030807,Bond,-6886.886316,-6882.970861755442,-6882.970861755442,3.915454244558532,0.0
2,Day 2,300191,FR0129052264,Bond,-70183.0055345,-69939.91801031597,-69939.91801031597,243.08752418402582,0.0
2,Day 2,300191,FR0129053411,Bond,-12132.300030000002,-12125.008243079494,-12125.008243079494,7.291786920508457,0.0
2,Day 2,300191,FR0129053510,Bond,-4921.0766178,-4918.677807163288,-4918.677807163288,2.398810636712369,0.0
2,Day 2,300191,FR0129059954,Bond,-1725.1781004,-1724.981860214508,-1724.981860214508,0.19624018549188804,0.0
2,Day 2,300191,FR0129061463,Bond,-4186.7788566,-4185.622220447619,-4185.622220447619,1.1566361523809974,0.0
2,Day 2,300191,FR0129061638,Bond,-3610.8151583999997,-3609.524480169336,-3609.524480169336,1.290678230663616,0.0
2,Day 2,300191,FR0129065985,Bond,-19529.292718,-19514.16074566363,-19514.16074566363,15.131972336370382,0.0
2,Day 2,300191,FR0129066371,Bond,-12180.0,-12170.4996,-12170.4996,9.500400000000809,0.0
2,Day 2,300191,FR0129083459,Bond,-52206.6048855,-52070.330563138246,-52070.330563138246,136.27432236175082,0.0
2,Day 2,300191,FR0129101939,Bond,-6290.3145227,-6282.453014485174,-6282.453014485174,7.8615082148262445,0.0
2,Day 2,300191,FR0129102523,Bond,-821.3285586,-821.2084982023463,-821.2084982023463,0.12006039765367404,0.0
2,Day 2,300191,FR0129104735,Bond,-97218.37517525,-96844.07774920079,-96844.07774920079,374.29742604920466,0.0
2,Day 2,300191,FR0129105732,Bond,-1264.5133776000002,-1264.225668179622,-1264.225668179622,0.28770942037817804,0.0
2,Day 2,300191,FR0129106086,Bond,-2267.7813846999998,-2267.103043478469,-2267.103043478469,0.6783412215308999,0.0
2,Day 2,300191,FR0129106409,Bond,-5476.28047135,-5474.160638958819,-5474.160638958819,2.119832391181262,0.0
2,Day 2,300191,FR0129107100,Bond,-4560.0,-4558.3584,-4558.3584,1.6415999999999258,0.0
2,Day 2,300191,FR0129107423,Bond,-37505.28825,-37417.450163344576,-37417.450163344576,87.83808665542165,0.0
2,Day 2,300191,FR0129108546,Bond,-60446.4170215,-60205.032036663906,-60205.032036663906,241.38498483609146,0.0
2,Day 2,300191,FR0129108900,Bond,-17459.935193999998,-17426.16513936819,-17426.16513936819,33.77005463180831,0.0
2,Day 2,300191,FR0129108918,Bond,-23000.151191999998,-22967.274167900156,-22967.274167900156,32.87702409984195,0.0
2,Day 2,300191,FR0129109825,Bond,-16390.015680250002,-16323.434092641384,-16323.434092641384,66.58158760861807,0.0
2,Day 2,300191,FR0129110146,Bond,-104040.21426000001,-103679.62238318214,-103679.62238318214,360.59187681786716,0.0
2,Day 2,300191,IRSB100008195,Swap,5857.317476499999,5855.512044827231,5855.512044827231,-1.8054316727684636,0.0
2,Day 2,300191,IRSB100008252,Swap,3989.9548787,3988.5064036946296,3988.5064036946296,-1.4484750053702555,0.0
2,Day 2,300191,IRSB100008289,Swap,3807.5217727000004,3806.00912245861,3806.00912245861,-1.5126502413904745,0.0
2,Day 2,300191,IRSB100008398,Swap,7443.841615275,7440.017565202325,7440.017565202325,-3.824050072674254,0.0
2,Day 2,300191,IRSB100008403,Swap,3970.00364445,3967.9641742968734,3967.9641742968734,-2.0394701531267856,0.0
2,Day 2,300191,IRSB100008630,Swap,7512.2755695999995,7504.557198694092,7504.557198694092,-7.71837090590725,0.0
2,Day 2,300191,IRSB100008770,Swap,27724.606665925,27693.08308602018,27693.08308602018,-31.523579904820508,0.0
2,Day 2,300191,IRSB100008780,Swap,28557.245028474994,28523.796668933403,28523.796668933403,-33.448359541591344,0.0
2,Day 2,300191,IRSB100008821,Swap,644.9189675250001,644.8173636163177,644.8173636163177,-0.10160390868236391,0.0
2,Day 2,300191,IRSB100008858,Swap,32406.063470775,32363.001929876973,32363.001929876973,-43.06154089802658,0.0
2,Day 2,300191,IRSB100009066,Swap,8804.201220449999,8801.487455307773,8801.487455307773,-2.713765142225384,0.0
2,Day 2,300191,IRSB100009071,Swap,19992.414519525002,19978.720524772107,19978.720524772107,-13.693994752895378,0.0
2,Day 2,300191,IRSB100009075,Swap,1197.42711485,1197.3532987729716,1197.3532987729716,-0.07381607702836845,0.0
2,Day 2,300191,IRSB100009088,Swap,6729.747613924999,6725.091915253434,6725.091915253434,-4.6556986715650055,0.0
2,Day 2,300191,IRSB100009103,Swap,16993.310744424998,16981.438244289555,16981.438244289555,-11.87250013544326,0.0
2,Day 2,300191,IRSB100009104,Swap,985.2483524999999,985.1741205934668,985.1741205934668,-0.0742319065331003,0.0
2,Day 2,300191,IRSB100009109,Swap,764.7668927999999,764.7092727041511,764.7092727041511,-0.057620095848847086,0.0
2,Day 2,300191,IRSB100009143,Swap,2043.9833104000002,2043.6332927243861,2043.6332927243861,-0.3500176756140263,0.0
2,Day 2,300191,IRSB100009162,Swap,1875.1377109250002,1874.4056005850625,1874.4056005850625,-0.7321103399376625,0.0
2,Day 2,300191,IRSB100009163,Swap,35788.05118595,35722.356024875924,35722.356024875924,-65.69516107407253,0.0
2,Day 2,300191,IRSB100009168,Swap,20205.367774799997,20163.433343980247,20163.433343980247,-41.93443081975056,0.0
2,Day 2,300191,IRSB100009187,Swap,1913.1637094000002,1912.7705704478665,1912.7705704478665,-0.3931389521337678,0.0
2,Day 2,300191,IRSB100009195,Swap,5944.4485091,5943.186265289966,5943.186265289966,-1.2622438100333966,0.0
2,Day 2,300191,IRSB100009204,Swap,48710.79432565,48629.718313199206,48629.718313199206,-81.07601245079422,0.0
2,Day 2,300191,IRSB100009211,Swap,12322.912665675001,12312.53064961632,12312.53064961632,-10.382016058681984,0.0
2,Day 2,300191,IRSB100009221,Swap,16964.952345399997,16950.194595488872,16950.194595488872,-14.757749911124847,0.0
2,Day 2,300191,IRSB100009226,Swap,64480.472705500004,64358.574133940376,64358.574133940376,-121.89857155962818,0.0
2,Day 2,300191,IRSB100009231,Swap,45895.4973107,45809.04744232717,45809.04744232717,-86.4498683728234,0.0
2,Day 2,300191,IRSB100009239,Swap,20599.731285525002,20585.198040071824,20585.198040071824,-14.533245453178097,0.0
2,Day 2,300191,IRSB100009245,Swap,29555.75466875,29511.014716571215,29511.014716571215,-44.73995217878473,0.0
2,Day 2,300191,IRSB100009252,Swap,42584.120150275,42509.74139973811,42509.74139973811,-74.37875053688913,0.0
2,Day 2,300191,IRSB100009258,Swap,63383.215970050005,63245.59179149715,63245.59179149715,-137.62417855285457,0.0
2,Day 2,300191,IRSB100009288,Swap,1146.8347801999998,1146.4891403102763,1146.4891403102763,-0.3456398897235431,0.0
2,Day 2,300191,IRSB100009319,Swap,22961.158151775,22925.142576518367,22925.142576518367,-36.015575256631564,0.0
2,Day 2,300191,IRSB100009346,Swap,54460.635550525,54338.654798875184,54338.654798875184,-121.98075164981856,0.0
2,Day 2,300191,IRSB100009375,Swap,9966.206344899998,9956.034982303909,9956.034982303909,-10.171362596089239,0.0
2,Day 2,300191,IRSB100009384,Swap,19934.346143925002,19914.001445478178,19914.001445478178,-20.344698446824623,0.0
2,Day 2,300191,IRSB100009392,Swap,16174.109561075,16147.29956712781,16147.29956712781,-26.809993947190378,0.0
2,Day 2,300191,IRSB100009413,Swap,22170.84105615,22137.27999887755,22137.27999887755,-33.561057272447215,0.0
2,Day 2,300191,IRSB100009427,Swap,15890.550964524999,15869.87076667715,15869.87076667715,-20.68019784784883,0.0
2,Day 2,300191,IRSB100009437,Swap,45923.80179525,45815.27978103684,45815.27978103684,-108.5220142131584,0.0
2,Day 2,300191,IRSB100009458,Swap,7214.039047200001,7208.1094685626285,7208.1094685626285,-5.929578637372288,0.0
2,Day 2,300191,IRSB100009466,Swap,4925.693223474999,4919.485285724081,4919.485285724081,-6.207937750918063,0.0
2,Day 2,300191,IRSB100009470,Swap,27976.05157905,260993.11702896637,260993.11702896637,233017.06544991638,0.0
2,Day 2,300191,SECL100006670,Bond,9.77472876,9.769897933726368,9.769897933726368,-0.004830826273632738,0.0
2,Day 2,300191,XS2812505829,Bond,-7458.128365250001,-7455.9978194627865,-7455.9978194627865,2.1305457872140323,0.0
2,Day 2,300191,XS2823899161,Bond,-15625.328556499999,-15613.20949458444,-15613.20949458444,12.119061915558632,0.0
2,Day 2,300191,XS2840087667,Bond,-15667.02929375,-15655.218008179141,-15655.218008179141,11.811285570858672,0.0
2,Day 2,300191,XS2841263358,Bond,-20417.67836525,-20401.619638622204,-20401.619638622204,16.058726627798023,0.0
2,Day 2,300191,XS2843279691,Bond,-8408.29065775,-8401.47940342567,-8401.47940342567,6.811254324329639,0.0
2,Day 2,300191,XS2845159602,Bond,-19674.944692,-19649.247796465574,-19649.247796465574,25.696895534427313,0.0
2,Day 2,300191,XS2865535673,Bond,-31029.962616,-30992.714326047273,-30992.714326047273,37.248289952727646,0.0
2,Day 2,300191,XS2895045164,Bond,-34555.3761245,-34497.35159003214,-34497.35159003214,58.02453446785512,0.0
2,Day 2,300191,XS2903381072,Bond,-72707.738545,-72495.93353957844,-72495.93353957844,211.80500542155642,0.0
2,Day 2,300191,XS2906220855,Bond,-74836.109985,-74611.82598829588,-74611.82598829588,224.28399670412182,0.0
2,Day 2,300191,XS2908892438,Bond,-29580.9201495,-29512.704678535232,-29512.704678535232,68.21547096476934,0.0
2,Day 2,300191,XS2914666057,Bond,-42400.565517,-42312.868578287205,-42312.868578287205,87.69693871279742,0.0
2,Day 2,300191,XS2920487852,Bond,-84894.86161,-84605.60573917613,-84605.60573917613,289.2558708238794,0.0
2,Day 2,300191,XS2924143154,Bond,-45503.195736,-45402.09952085061,-45402.09952085061,101.096215149395,0.0
2,Day 2,300191,XS2932960730,Bond,-36480.22188575,-36393.4279312391,-36393.4279312391,86.79395451089658,0.0
2,Day 2,300191,XS2942506978,Bond,-38803.771487750004,-38705.43090207176,-38705.43090207176,98.34058567824104,0.0
2,Day 2,300191,XS2974163672,Bond,-52555.61974,-52463.820957171454,-52463.820957171454,91.7987828285477,0.0
2,Day 2,300191,XS2976487483,Bond,-3559.5918345,-3559.090833984274,-3559.090833984274,0.5010005157259911,0.0
2,Day 2,300191,XS2976509716,Bond,-16330.677078,-16304.095678653694,-16304.095678653694,26.58139934630708,0.0
2,Day 2,300191,XS2977963219,Bond,-61848.66996,-61746.990605941886,-61746.990605941886,101.67935405811295,0.0
2,Day 2,300191,XS2985295562,Bond,-5085.13212545,-5083.163611908238,-5083.163611908238,1.9685135417621495,0.0
2,Day 2,300191,XS2989343293,Bond,-93507.73939,-93067.07511372346,-93067.07511372346,440.6642762765405,0.0
2,Day 2,300191,XS2993382667,Bond,-127295.422865,-126751.91462711724,-126751.91462711724,543.5082378827647,0.0
2,Day 2,300191,XS2994493786,Bond,-32323.816316999997,-32254.31052436745,-32254.31052436745,69.50579263254622,0.0
2,Day 2,300191,XS2996733593,Bond,-4264.2792231,-4261.877555786356,-4261.877555786356,2.401667313643884,0.0
2,Day 2,300191,XS2996858960,Bond,-112956.004689,-112319.2964631754,-112319.2964631754,636.7082258245937,0.0
2,Day 2,300191,XS2997427682,Bond,-168405.86151999998,-167588.77537527718,-167588.77537527718,817.0861447227944,0.0
2,Day 2,300191,XS2998732262,Bond,-119860.30653999999,-119280.87180810145,-119280.87180810145,579.4347318985383,0.0
2,Day 2,300191,XS2999542348,Bond,-54117.2310965,-54019.97072011432,-54019.97072011432,97.26037638568232,0.0
2,Day 2,300191,XS2999676203,Bond,-77274.747225,-76974.69646294453,-76974.69646294453,300.05076205547084,0.0
2,Day 2,300191,XS3002279886,Bond,-111258.724135,-110760.10131805127,-110760.10131805127,498.62281694872945,0.0
2,Day 2,300191,XS3002353103,Bond,-11186.134414,-11177.863374228345,-11177.863374228345,8.271039771654614,0.0
2,Day 2,300191,XS3003206359,Bond,-165538.58372999998,-164614.99225587523,-164614.99225587523,923.5914741247543,0.0
2,Day 2,300191,XS3005193340,Bond,-2818.8797856,-2816.909977161225,-2816.909977161225,1.9698084387750896,0.0
2,Day 2,300191,XS3006178597,Bond,-60016.811595,-59775.40178145711,-59775.40178145711,241.4098135428867,0.0
2,Day 2,300191,XS3010368689,Bond,-3911.9563379,-3910.439969623031,-3910.439969623031,1.516368276968933,0.0
2,Day 2,300191,XS3015128211,Bond,-24090.125225999996,-24032.110776854213,-24032.110776854213,58.014449145783146,0.0
2,Day 2,300191,XS3020856848,Bond,-41557.545861,-41419.01500360187,-41419.01500360187,138.53085739813105,0.0
2,Day 2,300191,XS3020942176,Bond,-57941.4781335,-57716.58930644911,-57716.58930644911,224.88882705089054,0.0
2,Day 2,300191,XS3033735351,Bond,-9027.08385,-9023.85686918868,-9023.85686918868,3.226980811321482,0.0
2,Day 2,300191,XS3038488436,Bond,-62318.76024399999,-61925.05359180709,-61925.05359180709,393.70665219290095,0.0
2,Day 2,300191,XS3041239669,Bond,-4513.4868456,-4511.873697065713,-4511.873697065713,1.6131485342875749,0.0
2,Day 2,300191,XS3041246524,Bond,-2463.1260899999997,-2462.5258642222384,-2462.5258642222384,0.6002257777613522,0.0
2,Day 2,300191,XS3041382113,Bond,-7210.579997999999,-7205.424140220194,-7205.424140220194,5.1558577798050464,0.0
3,Day 3,300191,BE6359531173,Bond,-6715.154699970899,-6713.499050523705,-6713.499050523705,1.6556494471942642,0.0
3,Day 3,300191,BE6360390031,Bond,-5254.431632088082,-5252.719357700941,-5252.719357700941,1.7122743871404964,0.0
3,Day 3,300191,CSH_EUR_DB,Cash,43598.50797969543,43598.50797969543,52797.453522269476,0.0,9198.945542574045
3,Day 3,300191,DE000CZ450R9,Bond,-141233.8905410749,-140827.98209248742,-140827.98209248742,405.9084485874919,0.0
3,Day 3,300191,DE000CZ451J4,Bond,-42063.647617828276,-41974.27056533956,-41974.27056533956,89.37705248871498,0.0
3,Day 3,300191,DE000CZ452E3,Bond,-119046.14882087494,-118685.1173485033,-118685.1173485033,361.0314723716292,0.0
3,Day 3,300191,FR0014003N51,Bond,0.0,0.0,0.0,0.0,0.0
3,Day 3,300191,FR0128580331,Bond,-4473.902884486382,-4473.2634620578365,-4473.2634620578365,0.6394224285459131,0.0
3,Day 3,300191,FR0128584150,Bond,-5964.479574931679,-5963.626578071244,-5963.626578071244,0.8529968604352689,0.0
3,Day 3,300191,FR0128585413,Bond,-8907.806463182878,-8906.284432699958,-8906.284432699958,1.522030482919945,0.0
3,Day 3,300191,FR0128607365,Bond,-10340.924948058397,-10338.872497895158,-10338.872497895158,2.052450163238973,0.0
3,Day 3,300191,FR0128614064,Bond,-9787.113605151095,-9782.975205464709,-9782.975205464709,4.1383996863860375,0.0
3,Day 3,300191,FR0128614254,Bond,-9325.044378084862,-9320.721858157272,-9320.721858157272,4.322519927589383,0.0
3,Day 3,300191,FR0128614551,Bond,-10183.201723813725,-10179.871591325214,-10179.871591325214,3.3301324885105714,0.0
3,Day 3,300191,FR0128615376,Bond,-12302.02073070218,-12297.153467668646,-12297.153467668646,4.867263033533163,0.0
3,Day 3,300191,FR0128633858,Bond,-14688.03297839224,-14683.882035836961,-14683.882035836961,4.150942555279471,0.0
3,Day 3,300191,FR0128635192,Bond,-12443.800647678265,-12440.076199693369,-12440.076199693369,3.72444798489596,0.0
3,Day 3,300191,FR0128635606,Bond,-6220.815983843854,-6218.954206700328,-6218.954206700328,1.861777143526524,0.0
3,Day 3,300191,FR0128656842,Bond,-51059.53535852355,-51017.236281082965,-51017.236281082965,42.29907744058437,0.0
3,Day 3,300191,FR0128662154,Bond,-10475.765391329162,-10468.936582320706,-10468.936582320706,6.8288090084552096,0.0
3,Day 3,300191,FR0128666064,Bond,-15360.762851161882,-15353.164404198957,-15353.164404198957,7.598446962925664,0.0
3,Day 3,300191,FR0128692607,Bond,-76194.24490012237,-76151.03596808981,-76151.03596808981,43.20893203256128,0.0
3,Day 3,300191,FR0128768654,Bond,-74994.63045690248,-74940.01927995375,-74940.01927995375,54.611176948732464,0.0
3,Day 3,300191,FR0128787282,Bond,-18147.72573655562,-18125.71627156415,-18125.71627156415,22.00946499147176,0.0
3,Day 3,300191,FR0128789924,Bond,-35375.38456037122,-35351.035481857,-35351.035481857,24.34907851422031,0.0
3,Day 3,300191,FR0128806710,Bond,-22402.374468175778,-22382.821860654753,-22382.821860654753,19.552607521025493,0.0
3,Day 3,300191,FR0128813492,Bond,-27003.10291655185,-26979.37123670481,-26979.37123670481,23.731679847038322,0.0
3,Day 3,300191,FR0128816198,Bond,-18392.61966529462,-18376.09716866895,-18376.09716866895,16.522496625668282,0.0
3,Day 3,300191,FR0128816420,Bond,-1624.1683180285015,-1623.878386291668,-1623.878386291668,0.28993173683352325,0.0
3,Day 3,300191,FR0128867167,Bond,-22316.175671317873,-22303.916852550214,-22303.916852550214,12.25881876765925,0.0
3,Day 3,300191,FR0128867399,Bond,-42443.50427271154,-42413.89740138447,-42413.89740138447,29.60687132707244,0.0
3,Day 3,300191,FR0128867449,Bond,-12927.789805014523,-12919.547883344787,-12919.547883344787,8.241921669736257,0.0
3,Day 3,300191,FR0128902766,Bond,-24814.38713600201,-24784.18609977219,-24784.18609977219,30.201036229820602,0.0
3,Day 3,300191,FR0128902923,Bond,-41797.457155195036,-41740.20713467066,-41740.20713467066,57.25002052437776,0.0
3,Day 3,300191,FR0128910587,Bond,-3773.31702048877,-3772.6118332136434,-3772.6118332136434,0.7051872751267183,0.0
3,Day 3,300191,FR0128913656,Bond,-48452.3511372726,-48333.19499769736,-48333.19499769736,119.15613957523601,0.0
3,Day 3,300191,FR0128913979,Bond,-86435.32156670922,-86312.28640098931,-86312.28640098931,123.03516571990622,0.0
3,Day 3,300191,FR0128958545,Bond,-4580.599075474653,-4578.514541495206,-4578.514541495206,2.08453397944686,0.0
3,Day 3,300191,FR0128963560,Bond,-16217.352754268211,-16212.99927200704,-16212.99927200704,4.353482261170939,0.0
3,Day 3,300191,FR0128984541,Bond,-27706.58411739811,-27687.672428001555,-27687.672428001555,18.91168939655472,0.0
3,Day 3,300191,FR0128985662,Bond,-2627.880023135788,-2627.666451423906,-2627.666451423906,0.2135717118821958,0.0
3,Day 3,300191,FR0129012466,Bond,-19478.87891719237,-19472.64070648728,-19472.64070648728,6.238210705090751,0.0
3,Day 3,300191,FR0129014306,Bond,-33974.32662964813,-33951.543140262984,-33951.543140262984,22.783489385146822,0.0
3,Day 3,300191,FR0129014868,Bond,-100895.40280500149,-100692.8179726496,-100692.8179726496,202.5848323518876,0.0
3,Day 3,300191,FR0129025500,Bond,-9324.012944855664,-9319.693939234385,-9319.693939234385,4.319005621278848,0.0
3,Day 3,300191,FR0129026011,Bond,-903.2512021574552,-903.1704674712701,-903.1704674712701,0.08073468618511015,0.0
3,Day 3,300191,FR0129026433,Bond,-613.8860425825036,-613.8012620973749,-613.8012620973749,0.08478048512870373,0.0
3,Day 3,300191,FR0129026458,Bond,-9550.8651840417,-9544.814806494465,-9544.814806494465,6.050377547235257,0.0
3,Day 3,300191,FR0129026656,Bond,-4797.696,-4796.54455296,-4796.54455296,1.1514470399997663,0.0
3,Day 3,300191,FR0129030120,Bond,-15985.151905283194,-15980.930888294442,-15980.930888294442,4.221016988751217,0.0
3,Day 3,300191,FR0129030807,Bond,-6882.970861755442,-6881.014247674763,-6881.014247674763,1.9566140806782641,0.0
3,Day 3,300191,FR0129052264,Bond,-69939.91801031597,-69818.79523008391,-69818.79523008391,121.12278023206454,0.0
3,Day 3,300191,FR0129053411,Bond,-12125.008243079494,-12121.36454088373,-12121.36454088373,3.64370219576449,0.0
3,Day 3,300191,FR0129053510,Bond,-4918.677807163288,-4917.478986502814,-4917.478986502814,1.198820660473757,0.0
3,Day 3,300191,FR0129059954,Bond,-1724.981860214508,-1724.8837512829896,-1724.8837512829896,0.09810893151848177,0.0
3,Day 3,300191,FR0129061463,Bond,-4185.622220447619,-4185.044062137114,-4185.044062137114,0.5781583105044774,0.0
3,Day 3,300191,FR0129061638,Bond,-3609.524480169336,-3608.879371729104,-3608.879371729104,0.6451084402319793,0.0
3,Day 3,300191,FR0129065985,Bond,-19514.16074566363,-19506.600621883554,-19506.600621883554,7.5601237800765375,0.0
3,Day 3,300191,FR0129066371,Bond,-12170.4996,-12165.753105156,-12165.753105156,4.746494843999244,0.0
3,Day 3,300191,FR0129083459,Bond,-52070.330563138246,-52002.37125963435,-52002.37125963435,67.95930350389972,0.0
3,Day 3,300191,FR0129101939,Bond,-6282.453014485174,-6278.527172954961,-6278.527172954961,3.9258415302128924,0.0
3,Day 3,300191,FR0129102523,Bond,-821.2084982023463,-821.1484767786308,-821.1484767786308,0.060021423715511446,0.0
3,Day 3,300191,FR0129104735,Bond,-96844.07774920079,-96657.6495715837,-96657.6495715837,186.4281776170974,0.0
3,Day 3,300191,FR0129105732,Bond,-1264.225668179622,-1264.0818462000914,-1264.0818462000914,0.14382197953068498,0.0
3,Day 3,300191,FR0129106086,Bond,-2267.103043478469,-2266.7639743207833,-2266.7639743207833,0.33906915768557155,0.0
3,Day 3,300191,FR0129106409,Bond,-5474.160638958819,-5473.101133049862,-5473.101133049862,1.059505908956453,0.0
3,Day 3,300191,FR0129107100,Bond,-4558.3584,-4557.537895488,-4557.537895488,0.8205045120002978,0.0
3,Day 3,300191,FR0129107423,Bond,-37417.450163344576,-37373.633979237886,-37373.633979237886,43.81618410669034,0.0
3,Day 3,300191,FR0129108546,Bond,-60205.032036663906,-60084.82151417705,-60084.82151417705,120.21052248685737,0.0
3,Day 3,300191,FR0129108900,Bond,-17426.16513936819,-17409.312770151446,-17409.312770151446,16.852369216743682,0.0
3,Day 3,300191,FR0129108918,Bond,-22967.274167900156,-22950.859153493893,-22950.859153493893,16.415014406262344,0.0
3,Day 3,300191,FR0129109825,Bond,-16323.434092641384,-16290.278536895872,-16290.278536895872,33.155555745512174,0.0
3,Day 3,300191,FR0129110146,Bond,-103679.62238318214,-103499.95133055681,-103499.95133055681,179.67105262533005,0.0
3,Day 3,300191,IRSB100008195,Swap,5855.512044827231,5854.609607239681,5854.609607239681,-0.9024375875496844,0.0
3,Day 3,300191,IRSB100008252,Swap,3988.5064036946296,3987.782429112191,3987.782429112191,-0.7239745824385864,0.0
3,Day 3,300191,IRSB100008289,Swap,3806.00912245861,3805.2530978103596,3805.2530978103596,-0.7560246482503317,0.0
3,Day 3,300191,IRSB100008398,Swap,7440.017565202325,7438.106522411428,7438.106522411428,-1.911042790897227,0.0
3,Day 3,300191,IRSB100008403,Swap,3967.9641742968734,3966.944963078583,3966.944963078583,-1.0192112182903657,0.0
3,Day 3,300191,IRSB100008630,Swap,7504.557198694092,7500.701978301318,7500.701978301318,-3.8552203927738447,0.0
3,Day 3,300191,IRSB100008770,Swap,27693.08308602018,27677.339217622113,27677.339217622113,-15.743868398065388,0.0
3,Day 3,300191,IRSB100008780,Swap,28523.796668933403,28507.092077760088,28507.092077760088,-16.70459117331484,0.0
3,Day 3,300191,IRSB100008821,Swap,644.8173636163177,644.7665696655822,644.7665696655822,-0.05079395073551041,0.0
3,Day 3,300191,IRSB100008858,Swap,32363.001929876973,32341.499769757414,32341.499769757414,-21.50216011955854,0.0
3,Day 3,300191,IRSB100009066,Swap,8801.487455307773,8800.130990975696,8800.130990975696,-1.3564643320769392,0.0
3,Day 3,300191,IRSB100009071,Swap,19978.720524772107,19971.87821731173,19971.87821731173,-6.842307460377924,0.0
3,Day 3,300191,IRSB100009075,Swap,1197.3532987729716,1197.3163930096744,1197.3163930096744,-0.03690576329722717,0.0
3,Day 3,300191,IRSB100009088,Swap,6725.091915253434,6722.765676344325,6722.765676344325,-2.326238909109634,0.0
3,Day 3,300191,IRSB100009103,Swap,16981.438244289555,16975.506141626112,16975.506141626112,-5.9321026634424925,0.0
3,Day 3,300191,IRSB100009104,Swap,985.1741205934668,985.1370074366404,985.1370074366404,-0.0371131568264218,0.0
3,Day 3,300191,IRSB100009109,Swap,764.7092727041511,764.680464826872,764.680464826872,-0.028807877279064087,0.0
3,Day 3,300191,IRSB100009143,Swap,2043.6332927243861,2043.4583138556038,2043.4583138556038,-0.1749788687823184,0.0
3,Day 3,300191,IRSB100009162,Swap,1874.4056005850625,1874.0396883340768,1874.0396883340768,-0.36591225098572977,0.0
3,Day 3,300191,IRSB100009163,Swap,35722.356024875924,35689.56874175724,35689.56874175724,-32.78728311868326,0.0
3,Day 3,300191,IRSB100009168,Swap,20163.433343980247,20142.50964414771,20142.50964414771,-20.92369983253593,0.0
3,Day 3,300191,IRSB100009187,Swap,1912.7705704478665,1912.5740413651633,1912.5740413651633,-0.19652908270313674,0.0
3,Day 3,300191,IRSB100009195,Swap,5943.186265289966,5942.555277397334,5942.555277397334,-0.6309878926322199,0.0
3,Day 3,300191,IRSB100009204,Swap,48629.718313199206,48589.24777990138,48589.24777990138,-40.47053329782648,0.0
3,Day 3,300191,IRSB100009211,Swap,12312.53064961632,12307.344014995293,12307.344014995293,-5.186634621026315,0.0
3,Day 3,300191,IRSB100009221,Swap,16950.194595488872,16942.82213938961,16942.82213938961,-7.372456099263218,0.0
3,Day 3,300191,IRSB100009226,Swap,64358.574133940376,64297.74007111973,64297.74007111973,-60.83406282064243,0.0
3,Day 3,300191,IRSB100009231,Swap,45809.04744232717,45765.90392767187,45765.90392767187,-43.1435146553049,0.0
3,Day 3,300191,IRSB100009239,Swap,20585.198040071824,20577.9365439952,20577.9365439952,-7.261496076622279,0.0
3,Day 3,300191,IRSB100009245,Swap,29511.014716571215,29488.67860297905,29488.67860297905,-22.33611359216593,0.0
3,Day 3,300191,IRSB100009252,Swap,42509.74139973811,42472.61698059077,42472.61698059077,-37.1244191473379,0.0
3,Day 3,300191,IRSB100009258,Swap,63245.59179149715,63176.92911412916,63176.92911412916,-68.66267736798909,0.0
3,Day 3,300191,IRSB100009288,Swap,1146.4891403102763,1146.3163724509177,1146.3163724509177,-0.17276785935860062,0.0
3,Day 3,300191,IRSB100009319,Swap,22925.142576518367,22907.163034888195,22907.163034888195,-17.979541630171298,0.0
3,Day 3,300191,IRSB100009346,Swap,54338.654798875184,54277.801029092625,54277.801029092625,-60.85376978255954,0.0
3,Day 3,300191,IRSB100009375,Swap,9956.034982303909,9950.954491376879,9950.954491376879,-5.080490927030041,0.0
3,Day 3,300191,IRSB100009384,Swap,19914.001445478178,19903.83947800373,19903.83947800373,-10.16196747444701,0.0
3,Day 3,300191,IRSB100009392,Swap,16147.29956712781,16133.9167901031,16133.9167901031,-13.382777024709867,0.0
3,Day 3,300191,IRSB100009413,Swap,22137.27999887755,22120.524871726153,22120.524871726153,-16.755127151398483,0.0
3,Day 3,300191,IRSB100009427,Swap,15869.87076667715,15859.544124510765,15859.544124510765,-10.326642166384772,0.0
3,Day 3,300191,IRSB100009437,Swap,45815.27978103684,45761.146997499614,45761.146997499614,-54.13278353722853,0.0
3,Day 3,300191,IRSB100009458,Swap,7208.1094685626285,7205.147116152211,7205.147116152211,-2.9623524104172247,0.0
3,Day 3,300191,IRSB100009466,Swap,4919.485285724081,4916.385228835156,4916.385228835156,-3.1000568889248825,0.0
3,Day 3,300191,IRSB100009470,Swap,260993.11702896637,1347920.092068192,1347920.092068192,1086926.9750392258,0.0
3,Day 3,300191,SECL100006670,Bond,9.769897933726368,9.767483714325104,9.767483714325104,-0.0024142194012632956,0.0
3,Day 3,300191,XS2812505829,Bond,-7455.9978194627865,-7454.932850883153,-7454.932850883153,1.064968579633387,0.0
3,Day 3,300191,XS2823899161,Bond,-15613.20949458444,-15607.15466342101,-15607.15466342101,6.054831163430208,0.0
3,Day 3,300191,XS2840087667,Bond,-15655.218008179141,-15649.316817624707,-15649.316817624707,5.901190554433924,0.0
3,Day 3,300191,XS2841263358,Bond,-20401.619638622204,-20393.596590490088,-20393.596590490088,8.023048132115946,0.0
3,Day 3,300191,XS2843279691,Bond,-8401.47940342567,-8398.076535039774,-8398.076535039774,3.4028683858959994,0.0
3,Day 3,300191,XS2845159602,Bond,-19649.247796465574,-19636.416129696994,-19636.416129696994,12.831666768579453,0.0
3,Day 3,300191,XS2865535673,Bond,-30992.714326047273,-30974.112537448218,-30974.112537448218,18.601788599055,0.0
3,Day 3,300191,XS2895045164,Bond,-34497.35159003214,-34468.388039481084,-34468.388039481084,28.963550551059598,0.0
3,Day 3,300191,XS2903381072,Bond,-72495.93353957844,-72390.3395415827,-72390.3395415827,105.59399799574749,0.0
3,Day 3,300191,XS2906220855,Bond,-74611.82598829588,-74500.02007977523,-74500.02007977523,111.80590852064779,0.0
3,Day 3,300191,XS2908892438,Bond,-29512.704678535232,-29478.675597646,-29478.675597646,34.02908088923141,0.0
3,Day 3,300191,XS2914666057,Bond,-42312.868578287205,-42269.110800563874,-42269.110800563874,43.757777723330946,0.0
3,Day 3,300191,XS2920487852,Bond,-84605.60573917613,-84461.47058364049,-84461.47058364049,144.13515553563775,0.0
3,Day 3,300191,XS2924143154,Bond,-45402.09952085061,-45351.6637179674,-45351.6637179674,50.435802883206634,0.0
3,Day 3,300191,XS2932960730,Bond,-36393.4279312391,-36350.13420432247,-36350.13420432247,43.29372691662866,0.0
3,Day 3,300191,XS2942506978,Bond,-38705.43090207176,-38656.3852217435,-38656.3852217435,49.04568032826501,0.0
3,Day 3,300191,XS2974163672,Bond,-52463.820957171454,-52418.00173812096,-52418.00173812096,45.81921905049239,0.0
3,Day 3,300191,XS2976487483,Bond,-3559.090833984274,-3558.8403689834754,-3558.8403689834754,0.2504650007986129,0.0
3,Day 3,300191,XS2976509716,Bond,-16304.095678653694,-16290.826612216806,-16290.826612216806,13.269066436887442,0.0
3,Day 3,300191,XS2977963219,Bond,-61746.990605941886,-61696.23450945747,-61696.23450945747,50.75609648441605,0.0
3,Day 3,300191,XS2985295562,Bond,-5083.163611908238,-5082.179736154552,-5082.179736154552,0.9838757536854246,0.0
3,Day 3,300191,XS2989343293,Bond,-93067.07511372346,-92847.78131212105,-92847.78131212105,219.2938016024127,0.0
3,Day 3,300191,XS2993382667,Bond,-126751.91462711724,-126481.32080600117,-126481.32080600117,270.5938211160683,0.0
3,Day 3,300191,XS2994493786,Bond,-32254.31052436745,-32219.6323570863,-32219.6323570863,34.67816728115213,0.0
3,Day 3,300191,XS2996733593,Bond,-4261.877555786356,-4260.677398446162,-4260.677398446162,1.2001573401939822,0.0
3,Day 3,300191,XS2996858960,Bond,-112319.2964631754,-112002.73684257871,-112002.73684257871,316.5596205966867,0.0
3,Day 3,300191,XS2997427682,Bond,-167588.77537527718,-167182.21450757858,-167182.21450757858,406.5608676986012,0.0
3,Day 3,300191,XS2998732262,Bond,-119280.87180810145,-118992.55500843731,-118992.55500843731,288.3167996641423,0.0
3,Day 3,300191,XS2999542348,Bond,-54019.97072011432,-53971.42793089425,-53971.42793089425,48.54278922006779,0.0
3,Day 3,300191,XS2999676203,Bond,-76974.69646294453,-76825.25361672307,-76825.25361672307,149.44284622145642,0.0
3,Day 3,300191,XS3002279886,Bond,-110760.10131805127,-110511.9072364001,-110511.9072364001,248.1940816511633,0.0
3,Day 3,300191,XS3002353103,Bond,-11177.863374228345,-11173.730912150353,-11173.730912150353,4.132462077992386,0.0
3,Day 3,300191,XS3003206359,Bond,-164614.99225587523,-164155.77302149837,-164155.77302149837,459.21923437685473,0.0
3,Day 3,300191,XS3005193340,Bond,-2816.909977161225,-2815.9257611842568,-2815.9257611842568,0.9842159769682439,0.0
3,Day 3,300191,XS3006178597,Bond,-59775.40178145711,-59655.1823944636,-59655.1823944636,120.21938699351449,0.0
3,Day 3,300191,XS3010368689,Bond,-3910.439969623031,-3909.682079374937,-3909.682079374937,0.7578902480940997,0.0
3,Day 3,300191,XS3015128211,Bond,-24032.110776854213,-24003.173408213537,-24003.173408213537,28.93736864067614,0.0
3,Day 3,300191,XS3020856848,Bond,-41419.01500360187,-41349.98046917307,-41349.98046917307,69.03453442879982,0.0
3,Day 3,300191,XS3020942176,Bond,-57716.58930644911,-57604.58132452812,-57604.58132452812,112.00798192099319,0.0
3,Day 3,300191,XS3033735351,Bond,-9023.85686918868,-9022.243955569793,-9022.243955569793,1.6129136188865232,0.0
3,Day 3,300191,XS3038488436,Bond,-61925.05359180709,-61729.44391150345,-61729.44391150345,195.60968030364165,0.0
3,Day 3,300191,XS3041239669,Bond,-4511.873697065713,-4511.067411073275,-4511.067411073275,0.8062859924375516,0.0
3,Day 3,300191,XS3041246524,Bond,-2462.5258642222384,-2462.2258244662326,-2462.2258244662326,0.30003975600584454,0.0
3,Day 3,300191,XS3041382113,Bond,-7205.424140220194,-7202.8480546542305,-7202.8480546542305,2.5760855659636945,0.0
4,Day 4,300191,BE6359531173,Bond,-6713.499050523705,-6713.830098771686,-6713.830098771686,-0.3310482479810162,0.0
4,Day 4,300191,BE6360390031,Bond,-5252.719357700941,-5253.061700981767,-5253.061700981767,-0.342343280825844,0.0
4,Day 4,300191,CSH_EUR_DB,Cash,52797.453522269476,52797.453522269476,73504.2641393724,0.0,20706.81061710293
4,Day 4,300191,DE000CZ450R9,Bond,-140827.98209248742,-140908.930464737,-140908.930464737,-80.94837224957882,0.0
4,Day 4,300191,DE000CZ451J4,Bond,-41974.27056533956,-41992.107994074126,-41992.107994074126,-17.837428734565037,0.0
4,Day 4,300191,DE000CZ452E3,Bond,-118685.1173485033,-118757.10466281686,-118757.10466281686,-71.98731431354827,0.0
4,Day 4,300191,FR0014003N51,Bond,0.0,0.0,0.0,0.0,0.0
4,Day 4,300191,FR0128580331,Bond,-4473.2634620578365,-4473.391328265945,-4473.391328265945,-0.1278662081085713,0.0
4,Day 4,300191,FR0128584150,Bond,-5963.626578071244,-5963.797153045439,-5963.797153045439,-0.17057497419500578,0.0
4,Day 4,300191,FR0128585413,Bond,-8906.284432699958,-8906.588786784258,-8906.588786784258,-0.3043540842991206,0.0
4,Day 4,300191,FR0128607365,Bond,-10338.872497895158,-10339.282906454404,-10339.282906454404,-0.410408559246207,0.0
4,Day 4,300191,FR0128614064,Bond,-9782.975205464709,-9783.8025354244,-9783.8025354244,-0.8273299596912693,0.0
4,Day 4,300191,FR0128614254,Bond,-9320.721858157272,-9321.585961411645,-9321.585961411645,-0.8641032543728215,0.0
4,Day 4,300191,FR0128614551,Bond,-10179.871591325214,-10180.537400017502,-10180.537400017502,-0.6658086922871007,0.0
4,Day 4,300191,FR0128615376,Bond,-12297.153467668646,-12298.12653513132,-12298.12653513132,-0.9730674626734981,0.0
4,Day 4,300191,FR0128633858,Bond,-14683.882035836961,-14684.71198973084,-14684.71198973084,-0.8299538938790647,0.0
4,Day 4,300191,FR0128635192,Bond,-12440.076199693369,-12440.820866343787,-12440.820866343787,-0.7446666504183668,0.0
4,Day 4,300191,FR0128635606,Bond,-6218.954206700328,-6219.326450689822,-6219.326450689822,-0.3722439894945637,0.0
4,Day 4,300191,FR0128656842,Bond,-51017.236281082965,-51025.689088234874,-51025.689088234874,-8.452807151908928,0.0
4,Day 4,300191,FR0128662154,Bond,-10468.936582320706,-10470.301453826925,-10470.301453826925,-1.3648715062190604,0.0
4,Day 4,300191,FR0128666064,Bond,-15353.164404198957,-15354.683341852884,-15354.683341852884,-1.5189376539274235,0.0
4,Day 4,300191,FR0128692607,Bond,-76151.03596808981,-76159.67285383274,-76159.67285383274,-8.636885742933373,0.0
4,Day 4,300191,FR0128768654,Bond,-74940.01927995375,-74950.93356175901,-74950.93356175901,-10.914281805264181,0.0
4,Day 4,300191,FR0128787282,Bond,-18125.71627156415,-18130.112825970093,-18130.112825970093,-4.396554405942879,0.0
4,Day 4,300191,FR0128789924,Bond,-35351.035481857,-35355.901945637976,-35355.901945637976,-4.866463780977938,0.0
4,Day 4,300191,FR0128806710,Bond,-22382.821860654753,-22386.728969088068,-22386.728969088068,-3.907108433315443,0.0
4,Day 4,300191,FR0128813492,Bond,-26979.37123670481,-26984.11340135635,-26984.11340135635,-4.742164651539497,0.0
4,Day 4,300191,FR0128816198,Bond,-18376.09716866895,-18379.39869948933,-18379.39869948933,-3.301530820379412,0.0
4,Day 4,300191,FR0128816420,Bond,-1623.878386291668,-1623.93636228784,-1623.93636228784,-0.05797599617199012,0.0
4,Day 4,300191,FR0128867167,Bond,-22303.916852550214,-22306.36726949021,-22306.36726949021,-2.4504169399951934,0.0
4,Day 4,300191,FR0128867399,Bond,-42413.89740138447,-42419.81464513877,-42419.81464513877,-5.917243754302035,0.0
4,Day 4,300191,FR0128867449,Bond,-12919.547883344787,-12921.19521677562,-12921.19521677562,-1.6473334308338963,0.0
4,Day 4,300191,FR0128902766,Bond,-24784.18609977219,-24790.218955616852,-24790.218955616852,-6.0328558446635725,0.0
4,Day 4,300191,FR0128902923,Bond,-41740.20713467066,-41751.641455693,-41751.641455693,-11.434321022345102,0.0
4,Day 4,300191,FR0128910587,Bond,-3772.6118332136434,-3772.7528443104757,-3772.7528443104757,-0.14101109683224422,0.0
4,Day 4,300191,FR0128913656,Bond,-48333.19499769736,-48356.96761881516,-48356.96761881516,-23.772621117794188,0.0
4,Day 4,300191,FR0128913979,Bond,-86312.28640098931,-86336.85840759153,-86336.85840759153,-24.572006602218607,0.0
4,Day 4,300191,FR0128958545,Bond,-4578.514541495206,-4578.93125856561,-4578.93125856561,-0.41671707040404726,0.0
4,Day 4,300191,FR0128963560,Bond,-16212.99927200704,-16213.86973472436,-16213.86973472436,-0.8704627173192421,0.0
4,Day 4,300191,FR0128984541,Bond,-27687.672428001555,-27691.452184169644,-27691.452184169644,-3.7797561680890794,0.0
4,Day 4,300191,FR0128985662,Bond,-2627.666451423906,-2627.709162294824,-2627.709162294824,-0.04271087091819936,0.0
4,Day 4,300191,FR0129012466,Bond,-19472.64070648728,-19473.887949064516,-19473.887949064516,-1.2472425772357383,0.0
4,Day 4,300191,FR0129014306,Bond,-33951.543140262984,-33956.09678237738,-33956.09678237738,-4.553642114398826,0.0
4,Day 4,300191,FR0129014868,Bond,-100692.8179726496,-100733.25358632658,-100733.25358632658,-40.43561367697839,0.0
4,Day 4,300191,FR0129025500,Bond,-9319.693939234385,-9320.557340234582,-9320.557340234582,-0.8634010001969727,0.0
4,Day 4,300191,FR0129026011,Bond,-903.1704674712701,-903.1866129652564,-903.1866129652564,-0.016145493986300608,0.0
4,Day 4,300191,FR0129026433,Bond,-613.8012620973749,-613.8182158526856,-613.8182158526856,-0.016953755310737506,0.0
4,Day 4,300191,FR0129026458,Bond,-9544.814806494465,-9546.024115433183,-9546.024115433183,-1.2093089387180953,0.0
4,Day 4,300191,FR0129026656,Bond,-4796.54455296,-4796.774787098542,-4796.774787098542,-0.2302341385420732,0.0
4,Day 4,300191,FR0129030120,Bond,-15980.930888294442,-15981.774868773016,-15981.774868773016,-0.8439804785739398,0.0
4,Day 4,300191,FR0129030807,Bond,-6881.014247674763,-6881.40545925002,-6881.40545925002,-0.3912115752564205,0.0
4,Day 4,300191,FR0129052264,Bond,-69818.79523008391,-69842.97783375661,-69842.97783375661,-24.18260367269977,0.0
4,Day 4,300191,FR0129053411,Bond,-12121.36454088373,-12122.093062328133,-12122.093062328133,-0.7285214444036683,0.0
4,Day 4,300191,FR0129053510,Bond,-4917.478986502814,-4917.71869219762,-4917.71869219762,-0.23970569480570703,0.0
4,Day 4,300191,FR0129059954,Bond,-1724.8837512829896,-1724.9033719532974,-1724.9033719532974,-0.019620670307858745,0.0
4,Day 4,300191,FR0129061463,Bond,-4185.044062137114,-4185.1596778270605,-4185.1596778270605,-0.11561568994602567,0.0
4,Day 4,300191,FR0129061638,Bond,-3608.879371729104,-3609.008370357886,-3609.008370357886,-0.1289986287820284,0.0
4,Day 4,300191,FR0129065985,Bond,-19506.600621883554,-19508.112060854997,-19508.112060854997,-1.5114389714435674,0.0
4,Day 4,300191,FR0129066371,Bond,-12165.753105156,-12166.702033898202,-12166.702033898202,-0.9489287422020425,0.0
4,Day 4,300191,FR0129083459,Bond,-52002.37125963435,-52015.94538099342,-52015.94538099342,-13.574121359073615,0.0
4,Day 4,300191,FR0129101939,Bond,-6278.527172954961,-6279.311850617248,-6279.311850617248,-0.7846776622864127,0.0
4,Day 4,300191,FR0129102523,Bond,-821.1484767786308,-821.160480185991,-821.160480185991,-0.012003407360225538,0.0
4,Day 4,300191,FR0129104735,Bond,-96657.6495715837,-96694.86343097745,-96694.86343097745,-37.21385939375614,0.0
4,Day 4,300191,FR0129105732,Bond,-1264.0818462000914,-1264.1106073236765,-1264.1106073236765,-0.02876112358512728,0.0
4,Day 4,300191,FR0129106086,Bond,-2266.7639743207833,-2266.831778010047,-2266.831778010047,-0.06780368926365554,0.0
4,Day 4,300191,FR0129106409,Bond,-5473.101133049862,-5473.312993218872,-5473.312993218872,-0.211860169009924,0.0
4,Day 4,300191,FR0129107100,Bond,-4557.537895488,-4557.701966852237,-4557.701966852237,-0.16407136423731572,0.0
4,Day 4,300191,FR0129107423,Bond,-37373.633979237886,-37382.386954226946,-37382.386954226946,-8.752974989060021,0.0
4,Day 4,300191,FR0129108546,Bond,-60084.82151417705,-60108.81561414979,-60108.81561414979,-23.994099972740514,0.0
4,Day 4,300191,FR0129108900,Bond,-17409.312770151446,-17412.67998450143,-17412.67998450143,-3.3672143499825324,0.0
4,Day 4,300191,FR0129108918,Bond,-22950.859153493893,-22954.139809969594,-22954.139809969594,-3.2806564757011074,0.0
4,Day 4,300191,FR0129109825,Bond,-16290.278536895872,-16296.896179177204,-16296.896179177204,-6.6176422813314275,0.0
4,Day 4,300191,FR0129110146,Bond,-103499.95133055681,-103535.82326908202,-103535.82326908202,-35.871938525204314,0.0
4,Day 4,300191,IRSB100008195,Swap,5854.609607239681,5854.790066940885,5854.790066940885,0.18045970120329002,0.0
4,Day 4,300191,IRSB100008252,Swap,3987.782429112191,3987.927197746199,3987.927197746199,0.14476863400795992,0.0
4,Day 4,300191,IRSB100008289,Swap,3805.2530978103596,3805.404272704702,3805.404272704702,0.15117489434260278,0.0
4,Day 4,300191,IRSB100008398,Swap,7438.106522411428,7438.488632795524,7438.488632795524,0.3821103840955402,0.0
4,Day 4,300191,IRSB100008403,Swap,3966.944963078583,3967.1487529633255,3967.1487529633255,0.20378988474249127,0.0
4,Day 4,300191,IRSB100008630,Swap,7500.701978301318,7501.472626281239,7501.472626281239,0.7706479799207955,0.0
4,Day 4,300191,IRSB100008770,Swap,27677.339217622113,27680.48620118402,27680.48620118402,3.1469835619063815,0.0
4,Day 4,300191,IRSB100008780,Swap,28507.092077760088,28510.431039429364,28510.431039429364,3.338961669276614,0.0
4,Day 4,300191,IRSB100008821,Swap,644.7665696655822,644.7767276554948,644.7767276554948,0.01015798991261363,0.0
4,Day 4,300191,IRSB100008858,Swap,32341.499769757414,32345.797344550152,32345.797344550152,4.297574792737578,0.0
4,Day 4,300191,IRSB100009066,Swap,8800.130990975696,8800.4022420311,8800.4022420311,0.2712510554028995,0.0
4,Day 4,300191,IRSB100009071,Swap,19971.87821731173,19973.24621013344,19973.24621013344,1.3679928217097768,0.0
4,Day 4,300191,IRSB100009075,Swap,1197.3163930096744,1197.323773934826,1197.323773934826,0.0073809251516649965,0.0
4,Day 4,300191,IRSB100009088,Swap,6722.765676344325,6723.23076319489,6723.23076319489,0.46508685056505783,0.0
4,Day 4,300191,IRSB100009103,Swap,16975.506141626112,16976.692147708134,16976.692147708134,1.1860060820217768,0.0
4,Day 4,300191,IRSB100009104,Swap,985.1370074366404,985.1444297883827,985.1444297883827,0.007422351742320643,0.0
4,Day 4,300191,IRSB100009109,Swap,764.680464826872,764.6862261852797,764.6862261852797,0.005761358407653461,0.0
4,Day 4,300191,IRSB100009143,Swap,2043.4583138556038,2043.4933066329709,2043.4933066329709,0.03499277736705153,0.0
4,Day 4,300191,IRSB100009162,Swap,1874.0396883340768,1874.1128564979556,1874.1128564979556,0.07316816387879044,0.0
4,Day 4,300191,IRSB100009163,Swap,35689.56874175724,35696.120179707774,35696.120179707774,6.551437950533,0.0
4,Day 4,300191,IRSB100009168,Swap,20142.50964414771,20146.690041587754,20146.690041587754,4.180397440042725,0.0
4,Day 4,300191,IRSB100009187,Swap,1912.5740413651633,1912.6133431431977,1912.6133431431977,0.03930177803431434,0.0
4,Day 4,300191,IRSB100009195,Swap,5942.555277397334,5942.681461577467,5942.681461577467,0.1261841801333503,0.0
4,Day 4,300191,IRSB100009204,Swap,48589.24777990138,48597.33515049863,48597.33515049863,8.087370597248082,0.0
4,Day 4,300191,IRSB100009211,Swap,12307.344014995293,12308.380904947126,12308.380904947126,1.0368899518325634,0.0
4,Day 4,300191,IRSB100009221,Swap,16942.82213938961,16944.295989282207,16944.295989282207,1.473849892598082,0.0
4,Day 4,300191,IRSB100009226,Swap,64297.74007111973,64309.89538317053,64309.89538317053,12.155312050796056,0.0
4,Day 4,300191,IRSB100009231,Swap,45765.90392767187,45774.5245039862,45774.5245039862,8.62057631432981,0.0
4,Day 4,300191,IRSB100009239,Swap,20577.9365439952,20579.38833090722,20579.38833090722,1.451786912017269,0.0
4,Day 4,300191,IRSB100009245,Swap,29488.67860297905,29493.14244457369,29493.14244457369,4.463841594639234,0.0
4,Day 4,300191,IRSB100009252,Swap,42472.61698059077,42480.03538015357,42480.03538015357,7.418399562797276,0.0
4,Day 4,300191,IRSB100009258,Swap,63176.92911412916,63190.64674085377,63190.64674085377,13.717626724610454,0.0
4,Day 4,300191,IRSB100009288,Swap,1146.3163724509177,1146.3509208158089,1146.3509208158089,0.03454836489117952,0.0
4,Day 4,300191,IRSB100009319,Swap,22907.163034888195,22910.756123044925,22910.756123044925,3.593088156729209,0.0
4,Day 4,300191,IRSB100009346,Swap,54277.801029092625,54289.95815304188,54289.95815304188,12.157123949255038,0.0
4,Day 4,300191,IRSB100009375,Swap,9950.954491376879,9951.970071054904,9951.970071054904,1.0155796780254605,0.0
4,Day 4,300191,IRSB100009384,Swap,19903.83947800373,19905.87083438327,19905.87083438327,2.03135637953892,0.0
4,Day 4,300191,IRSB100009392,Swap,16133.9167901031,16136.591127196303,16136.591127196303,2.674337093203576,0.0
4,Day 4,300191,IRSB100009413,Swap,22120.524871726153,22123.873360853093,22123.873360853093,3.348489126939967,0.0
4,Day 4,300191,IRSB100009427,Swap,15859.544124510765,15861.60810901957,15861.60810901957,2.063984508804424,0.0
4,Day 4,300191,IRSB100009437,Swap,45761.146997499614,45771.96076215049,45771.96076215049,10.813764650876692,0.0
4,Day 4,300191,IRSB100009458,Swap,7205.147116152211,7205.7393431437695,7205.7393431437695,0.5922269915581637,0.0
4,Day 4,300191,IRSB100009466,Swap,4916.385228835156,4917.004849507322,4917.004849507322,0.6196206721660928,0.0
4,Day 4,300191,IRSB100009470,Swap,1347920.092068192,225215.61239130376,225215.61239130376,-1122704.4796768883,0.0
4,Day 4,300191,SECL100006670,Bond,9.767483714325104,9.767966438890799,9.767966438890799,0.0004827245656944257,0.0
4,Day 4,300191,XS2812505829,Bond,-7454.932850883153,-7455.145814176376,-7455.145814176376,-0.212963293222856,0.0
4,Day 4,300191,XS2823899161,Bond,-15607.15466342101,-15608.365160038778,-15608.365160038778,-1.2104966177685128,0.0
4,Day 4,300191,XS2840087667,Bond,-15649.316817624707,-15650.496610848146,-15650.496610848146,-1.179793223438537,0.0
4,Day 4,300191,XS2841263358,Bond,-20393.596590490088,-20395.20056909503,-20395.20056909503,-1.6039786049404938,0.0
4,Day 4,300191,XS2843279691,Bond,-8398.076535039774,-8398.756833062806,-8398.756833062806,-0.6802980230313551,0.0
4,Day 4,300191,XS2845159602,Bond,-19636.416129696994,-19638.980787142566,-19638.980787142566,-2.564657445571356,0.0
4,Day 4,300191,XS2865535673,Bond,-30974.112537448218,-30977.83066221395,-30977.83066221395,-3.7181247657317726,0.0
4,Day 4,300191,XS2895045164,Bond,-34468.388039481084,-34474.175886103396,-34474.175886103396,-5.787846622311918,0.0
4,Day 4,300191,XS2903381072,Bond,-72390.3395415827,-72411.42758058089,-72411.42758058089,-21.088038998190314,0.0
4,Day 4,300191,XS2906220855,Bond,-74500.02007977523,-74522.34775322242,-74522.34775322242,-22.327673447187408,0.0
4,Day 4,300191,XS2908892438,Bond,-29478.675597646,-29485.473566502777,-29485.473566502777,-6.797968856775697,0.0
4,Day 4,300191,XS2914666057,Bond,-42269.110800563874,-42277.85330570295,-42277.85330570295,-8.742505139074638,0.0
4,Day 4,300191,XS2920487852,Bond,-84461.47058364049,-84490.24850466117,-84490.24850466117,-28.77792102067906,0.0
4,Day 4,300191,XS2924143154,Bond,-45351.6637179674,-45361.73967302606,-45361.73967302606,-10.07595505865902,0.0
4,Day 4,300191,XS2932960730,Bond,-36350.13420432247,-36358.7826492373,-36358.7826492373,-8.648444914826541,0.0
4,Day 4,300191,XS2942506978,Bond,-38656.3852217435,-38666.18192813867,-38666.18192813867,-9.796706395172805,0.0
4,Day 4,300191,XS2974163672,Bond,-52418.00173812096,-52427.157578698374,-52427.157578698374,-9.155840577412164,0.0
4,Day 4,300191,XS2976487483,Bond,-3558.8403689834754,-3558.8904584584247,-3558.8904584584247,-0.05008947494934546,0.0
4,Day 4,300191,XS2976509716,Bond,-16290.826612216806,-16293.478265701793,-16293.478265701793,-2.651653484987037,0.0
4,Day 4,300191,XS2977963219,Bond,-61696.23450945747,-61706.37738444055,-61706.37738444055,-10.142874983081128,0.0
4,Day 4,300191,XS2985295562,Bond,-5082.179736154552,-5082.376473218319,-5082.376473218319,-0.19673706376670452,0.0
4,Day 4,300191,XS2989343293,Bond,-92847.78131212105,-92891.5367281141,-92891.5367281141,-43.75541599304415,0.0
4,Day 4,300191,XS2993382667,Bond,-126481.32080600117,-126535.32403584963,-126535.32403584963,-54.00322984845843,0.0
4,Day 4,300191,XS2994493786,Bond,-32219.6323570863,-32226.560533707976,-32226.560533707976,-6.928176621677267,0.0
4,Day 4,300191,XS2996733593,Bond,-4260.677398446162,-4260.917362320629,-4260.917362320629,-0.23996387446641165,0.0
4,Day 4,300191,XS2996858960,Bond,-112002.73684257871,-112065.87032898245,-112065.87032898245,-63.13348640373442,0.0
4,Day 4,300191,XS2997427682,Bond,-167182.21450757858,-167263.32942239524,-167263.32942239524,-81.11491481665871,0.0
4,Day 4,300191,XS2998732262,Bond,-118992.55500843731,-119050.07898881043,-119050.07898881043,-57.52398037312378,0.0
4,Day 4,300191,XS2999542348,Bond,-53971.42793089425,-53981.12776454847,-53981.12776454847,-9.699833654223767,0.0
4,Day 4,300191,XS2999676203,Bond,-76825.25361672307,-76855.08415867966,-76855.08415867966,-29.830541956587695,0.0
4,Day 4,300191,XS3002279886,Bond,-110511.9072364001,-110561.43482079495,-110561.43482079495,-49.52758439484751,0.0
4,Day 4,300191,XS3002353103,Bond,-11173.730912150353,-11174.557099011263,-11174.557099011263,-0.8261868609097291,0.0
4,Day 4,300191,XS3003206359,Bond,-164155.77302149837,-164247.36065561653,-164247.36065561653,-91.58763411815744,0.0
4,Day 4,300191,XS3005193340,Bond,-2815.9257611842568,-2816.1225356035025,-2816.1225356035025,-0.19677441924568484,0.0
4,Day 4,300191,XS3006178597,Bond,-59655.1823944636,-59679.17791517852,-59679.17791517852,-23.995520714925078,0.0
4,Day 4,300191,XS3010368689,Bond,-3909.682079374937,-3909.833628046909,-3909.833628046909,-0.15154867197179556,0.0
4,Day 4,300191,XS3015128211,Bond,-24003.173408213537,-24008.95391317133,-24008.95391317133,-5.780504957794619,0.0
4,Day 4,300191,XS3020856848,Bond,-41349.98046917307,-41363.76436359973,-41363.76436359973,-13.7838944266623,0.0
4,Day 4,300191,XS3020942176,Bond,-57604.58132452812,-57626.9394471445,-57626.9394471445,-22.35812261638057,0.0
4,Day 4,300191,XS3033735351,Bond,-9022.243955569793,-9022.56648063551,-9022.56648063551,-0.3225250657178549,0.0
4,Day 4,300191,XS3038488436,Bond,-61729.44391150345,-61768.44226867386,-61768.44226867386,-38.99835717041424,0.0
4,Day 4,300191,XS3041239669,Bond,-4511.067411073275,-4511.228639454595,-4511.228639454595,-0.16122838132014294,0.0
4,Day 4,300191,XS3041246524,Bond,-2462.2258244662326,-2462.2858251059283,-2462.2858251059283,-0.060000639695772406,0.0
4,Day 4,300191,XS3041382113,Bond,-7202.8480546542305,-7203.363087566834,-7203.363087566834,-0.5150329126036013,0.0
5,Day 5,300191,BE6359531173,Bond,-6713.830098771686,-6714.492227916179,-6714.492227916179,-0.6621291444935196,0.0
5,Day 5,300191,BE6360390031,Bond,-5253.061700981767,-5253.746432167513,-5253.746432167513,-0.6847311857463865,0.0
5,Day 5,300191,CSH_EUR_DB,Cash,73504.2641393724,73504.2641393724,15126.002280871355,0.0,-58378.26185850105
5,Day 5,300191,DE000CZ450R9,Bond,-140908.930464737,-141070.92026800005,-141070.92026800005,-161.98980326304445,0.0
5,Day 5,300191,DE000CZ451J4,Bond,-41992.107994074126,-42027.79801196699,-42027.79801196699,-35.69001789286267,0.0
5,Day 5,300191,DE000CZ452E3,Bond,-118757.10466281686,-118901.16661786765,-118901.16661786765,-144.06195505079813,0.0
5,Day 5,300191,FR0014003N51,Bond,0.0,0.0,0.0,0.0,0.0
5,Day 5,300191,FR0128580331,Bond,-4473.391328265945,-4473.647067992158,-4473.647067992158,-0.255739726212596,0.0
5,Day 5,300191,FR0128584150,Bond,-5963.797153045439,-5964.13831275159,-5964.13831275159,-0.3411597061513021,0.0
5,Day 5,300191,FR0128585413,Bond,-8906.588786784258,-8907.197515754217,-8907.197515754217,-0.6087289699589746,0.0
5,Day 5,300191,FR0128607365,Bond,-10339.282906454404,-10340.103756155788,-10340.103756155788,-0.8208497013838496,0.0
5,Day 5,300191,FR0128614064,Bond,-9783.8025354244,-9785.457335275623,-9785.457335275623,-1.654799851223288,0.0
5,Day 5,300191,FR0128614254,Bond,-9321.585961411645,-9323.31432813855,-9323.31432813855,-1.7283667269039142,0.0
5,Day 5,300191,FR0128614551,Bond,-10180.537400017502,-10181.86910449575,-10181.86910449575,-1.3317044782488665,0.0
5,Day 5,300191,FR0128615376,Bond,-12298.12653513132,-12300.072824053326,-12300.072824053326,-1.9462889220067154,0.0
5,Day 5,300191,FR0128633858,Bond,-14684.71198973084,-14686.371991338949,-14686.371991338949,-1.6600016081083595,0.0
5,Day 5,300191,FR0128635192,Bond,-12440.820866343787,-12442.310288796556,-12442.310288796556,-1.4894224527688493,0.0
5,Day 5,300191,FR0128635606,Bond,-6219.326450689822,-6220.070983231154,-6220.070983231154,-0.7445325413318642,0.0
5,Day 5,300191,FR0128656842,Bond,-51025.689088234874,-51042.597503550816,-51042.597503550816,-16.908415315941966,0.0
5,Day 5,300191,FR0128662154,Bond,-10470.301453826925,-10473.03155272541,-10473.03155272541,-2.730098898484357,0.0
5,Day 5,300191,FR0128666064,Bond,-15354.683341852884,-15357.721517707458,-15357.721517707458,-3.0381758545736375,0.0
5,Day 5,300191,FR0128692607,Bond,-76159.67285383274,-76176.94858447238,-76176.94858447238,-17.275730639637914,0.0
5,Day 5,300191,FR0128768654,Bond,-74950.93356175901,-74972.7653044866,-74972.7653044866,-21.83174272759061,0.0
5,Day 5,300191,FR0128787282,Bond,-18130.112825970093,-18138.908067629072,-18138.908067629072,-8.795241658979648,0.0
5,Day 5,300191,FR0128789924,Bond,-35355.901945637976,-35365.63621304582,-35365.63621304582,-9.734267407846346,0.0
5,Day 5,300191,FR0128806710,Bond,-22386.728969088068,-22394.544549991493,-22394.544549991493,-7.815580903425143,0.0
5,Day 5,300191,FR0128813492,Bond,-26984.11340135635,-26993.59939772019,-26993.59939772019,-9.485996363840968,0.0
5,Day 5,300191,FR0128816198,Bond,-18379.39869948933,-18386.00294746532,-18386.00294746532,-6.604247975988983,0.0
5,Day 5,300191,FR0128816420,Bond,-1623.93636228784,-1624.0523184199228,-1624.0523184199228,-0.11595613208282884,0.0
5,Day 5,300191,FR0128867167,Bond,-22306.36726949021,-22311.268641799677,-22311.268641799677,-4.90137230946857,0.0
5,Day 5,300191,FR0128867399,Bond,-42419.81464513877,-42431.65078369931,-42431.65078369931,-11.83613856053853,0.0
5,Day 5,300191,FR0128867449,Bond,-12921.19521677562,-12924.490303730538,-12924.490303730538,-3.295086954916769,0.0
5,Day 5,300191,FR0128902766,Bond,-24790.218955616852,-24802.28760428781,-24802.28760428781,-12.068648670956463,0.0
5,Day 5,300191,FR0128902923,Bond,-41751.641455693,-41774.51636237826,-41774.51636237826,-22.874906685254246,0.0
5,Day 5,300191,FR0128910587,Bond,-3772.7528443104757,-3773.034877045447,-3773.034877045447,-0.2820327349713807,0.0
5,Day 5,300191,FR0128913656,Bond,-48356.96761881516,-48404.53624611828,-48404.53624611828,-47.56862730312423,0.0
5,Day 5,300191,FR0128913979,Bond,-86336.85840759153,-86386.01641146945,-86386.01641146945,-49.158003877921146,0.0
5,Day 5,300191,FR0128958545,Bond,-4578.93125856561,-4579.764768562076,-4579.764768562076,-0.8335099964660913,0.0
5,Day 5,300191,FR0128963560,Bond,-16213.86973472436,-16215.610753627867,-16215.610753627867,-1.7410189035072108,0.0
5,Day 5,300191,FR0128984541,Bond,-27691.452184169644,-27699.012728485428,-27699.012728485428,-7.560544315783773,0.0
5,Day 5,300191,FR0128985662,Bond,-2627.709162294824,-2627.794585425131,-2627.794585425131,-0.08542313030693549,0.0
5,Day 5,300191,FR0129012466,Bond,-19473.887949064516,-19476.382593993312,-19476.382593993312,-2.4946449287963333,0.0
5,Day 5,300191,FR0129014306,Bond,-33956.09678237738,-33965.20528809154,-33965.20528809154,-9.108505714160856,0.0
5,Day 5,300191,FR0129014868,Bond,-100733.25358632658,-100814.15728945956,-100814.15728945956,-80.90370313297899,0.0
5,Day 5,300191,FR0129025500,Bond,-9320.557340234582,-9322.28430221046,-9322.28430221046,-1.7269619758790213,0.0
5,Day 5,300191,FR0129026011,Bond,-903.1866129652564,-903.2189045304777,-903.2189045304777,-0.0322915652213851,0.0
5,Day 5,300191,FR0129026433,Bond,-613.8182158526856,-613.8521242998638,-613.8521242998638,-0.033908447178191636,0.0
5,Day 5,300191,FR0129026458,Bond,-9546.024115433183,-9548.443039744665,-9548.443039744665,-2.4189243114815326,0.0
5,Day 5,300191,FR0129026656,Bond,-4796.774787098542,-4797.235277478104,-4797.235277478104,-0.46049037956163374,0.0
5,Day 5,300191,FR0129030120,Bond,-15981.774868773016,-15983.462918874291,-15983.462918874291,-1.6880501012747118,0.0
5,Day 5,300191,FR0129030807,Bond,-6881.40545925002,-6882.187926884235,-6882.187926884235,-0.7824676342152088,0.0
5,Day 5,300191,FR0129052264,Bond,-69842.97783375661,-69891.35979299004,-69891.35979299004,-48.38195923343301,0.0
5,Day 5,300191,FR0129053411,Bond,-12122.093062328133,-12123.550192788516,-12123.550192788516,-1.4571304603832687,0.0
5,Day 5,300191,FR0129053510,Bond,-4917.71869219762,-4918.19812695645,-4918.19812695645,-0.47943475883039355,0.0
5,Day 5,300191,FR0129059954,Bond,-1724.9033719532974,-1724.942613740286,-1724.942613740286,-0.03924178698866854,0.0
5,Day 5,300191,FR0129061463,Bond,-4185.1596778270605,-4185.390915594932,-4185.390915594932,-0.2312377678717894,0.0
5,Day 5,300191,FR0129061638,Bond,-3609.008370357886,-3609.2663768375073,-3609.2663768375073,-0.25800647962114454,0.0
5,Day 5,300191,FR0129065985,Bond,-19508.112060854997,-19511.135173020935,-19511.135173020935,-3.0231121659380733,0.0
5,Day 5,300191,FR0129066371,Bond,-12166.702033898202,-12168.60003941549,-12168.60003941549,-1.898005517288766,0.0
5,Day 5,300191,FR0129083459,Bond,-52015.94538099342,-52043.10071018729,-52043.10071018729,-27.155329193868965,0.0
5,Day 5,300191,FR0129101939,Bond,-6279.311850617248,-6280.881402076684,-6280.881402076684,-1.5695514594362976,0.0
5,Day 5,300191,FR0129102523,Bond,-821.160480185991,-821.184487351639,-821.184487351639,-0.024007165647958573,0.0
5,Day 5,300191,FR0129104735,Bond,-96694.86343097745,-96769.31980494822,-96769.31980494822,-74.45637397076644,0.0
5,Day 5,300191,FR0129105732,Bond,-1264.1106073236765,-1264.168130879626,-1264.168130879626,-0.057523555949501315,0.0
5,Day 5,300191,FR0129106086,Bond,-2266.831778010047,-2266.967389444877,-2266.967389444877,-0.13561143483002525,0.0
5,Day 5,300191,FR0129106409,Bond,-5473.312993218872,-5473.7367299588295,-5473.7367299588295,-0.4237367399573486,0.0
5,Day 5,300191,FR0129107100,Bond,-4557.701966852237,-4558.03012139385,-4558.03012139385,-0.32815454161300295,0.0
5,Day 5,300191,FR0129107423,Bond,-37382.386954226946,-37399.89700413129,-37399.89700413129,-17.510049904347397,0.0
5,Day 5,300191,FR0129108546,Bond,-60108.81561414979,-60156.82297756515,-60156.82297756515,-48.00736341535958,0.0
5,Day 5,300191,FR0129108900,Bond,-17412.67998450143,-17419.415715737876,-17419.415715737876,-6.735731236447464,0.0
5,Day 5,300191,FR0129108918,Bond,-22954.139809969594,-22960.702060812415,-22960.702060812415,-6.562250842820504,0.0
5,Day 5,300191,FR0129109825,Bond,-16296.896179177204,-16310.136840343988,-16310.136840343988,-13.240661166784776,0.0
5,Day 5,300191,FR0129110146,Bond,-103535.82326908202,-103607.5920117668,-103607.5920117668,-71.76874268478423,0.0
5,Day 5,300191,IRSB100008195,Swap,5854.790066940885,5855.1509974680985,5855.1509974680985,0.3609305272138954,0.0
5,Day 5,300191,IRSB100008252,Swap,3987.927197746199,3988.2167455252984,3988.2167455252984,0.28954777909939367,0.0
5,Day 5,300191,IRSB100008289,Swap,3805.404272704702,3805.706634505124,3805.706634505124,0.30236180042174965,0.0
5,Day 5,300191,IRSB100008398,Swap,7438.488632795524,7439.252892823261,7439.252892823261,0.7642600277376914,0.0
5,Day 5,300191,IRSB100008403,Swap,3967.1487529633255,3967.556353670997,3967.556353670997,0.40760070767146317,0.0
5,Day 5,300191,IRSB100008630,Swap,7501.472626281239,7503.014080599141,7503.014080599141,1.5414543179022075,0.0
5,Day 5,300191,IRSB100008770,Swap,27680.48620118402,27686.78088394783,27686.78088394783,6.294682763811579,0.0
5,Day 5,300191,IRSB100008780,Swap,28510.431039429364,28517.109744935737,28517.109744935737,6.678705506372353,0.0
5,Day 5,300191,IRSB100008821,Swap,644.7767276554948,644.7970439553886,644.7970439553886,0.0203162998938069,0.0
5,Day 5,300191,IRSB100008858,Swap,32345.797344550152,32354.393636268756,32354.393636268756,8.596291718604334,0.0
5,Day 5,300191,IRSB100009066,Swap,8800.4022420311,8800.944760863733,8800.944760863733,0.5425188326335046,0.0
5,Day 5,300191,IRSB100009071,Swap,19973.24621013344,19975.9823831808,19975.9823831808,2.736173047360353,0.0
5,Day 5,300191,IRSB100009075,Swap,1197.323773934826,1197.3385358761298,1197.3385358761298,0.014761941303731874,0.0
5,Day 5,300191,IRSB100009088,Swap,6723.23076319489,6724.161001246256,6724.161001246256,0.9302380513663593,0.0
5,Day 5,300191,IRSB100009103,Swap,16976.692147708134,16979.064325594532,16979.064325594532,2.3721778863982763,0.0
5,Day 5,300191,IRSB100009104,Swap,985.1444297883827,985.1592746037123,985.1592746037123,0.01484481532963855,0.0
5,Day 5,300191,IRSB100009109,Swap,764.6862261852797,764.6977489889109,764.6977489889109,0.011522803631237366,0.0
5,Day 5,300191,IRSB100009143,Swap,2043.4933066329709,2043.5632933861582,2043.5632933861582,0.06998675318732239,0.0
5,Day 5,300191,IRSB100009162,Swap,1874.1128564979556,1874.259198539125,1874.259198539125,0.14634204116941874,0.0
5,Day 5,300191,IRSB100009163,Swap,35696.120179707774,35709.22546086847,35709.22546086847,13.105281160693266,0.0
5,Day 5,300191,IRSB100009168,Swap,20146.690041587754,20155.05257167592,20155.05257167592,8.362530088164931,0.0
5,Day 5,300191,IRSB100009187,Swap,1912.6133431431977,1912.6919483145027,1912.6919483145027,0.07860517130507105,0.0
5,Day 5,300191,IRSB100009195,Swap,5942.681461577467,5942.933835296522,5942.933835296522,0.2523737190549582,0.0
5,Day 5,300191,IRSB100009204,Swap,48597.33515049863,48613.5125838757,48613.5125838757,16.177433377073612,0.0
5,Day 5,300191,IRSB100009211,Swap,12308.380904947126,12310.454859566109,12310.454859566109,2.0739546189834073,0.0
5,Day 5,300191,IRSB100009221,Swap,16944.295989282207,16947.243945486727,16947.243945486727,2.947956204519869,0.0
5,Day 5,300191,IRSB100009226,Swap,64309.89538317053,64334.21060312917,64334.21060312917,24.315219958640228,0.0
5,Day 5,300191,IRSB100009231,Swap,45774.5245039862,45791.76890420006,45791.76890420006,17.24440021385817,0.0
5,Day 5,300191,IRSB100009239,Swap,20579.38833090722,20582.29210958029,20582.29210958029,2.90377867306961,0.0
5,Day 5,300191,IRSB100009245,Swap,29493.14244457369,29502.07147918885,29502.07147918885,8.929034615161072,0.0
5,Day 5,300191,IRSB100009252,Swap,42480.03538015357,42494.8747707207,42494.8747707207,14.839390567132796,0.0
5,Day 5,300191,IRSB100009258,Swap,63190.64674085377,63218.0879513283,63218.0879513283,27.441210474527907,0.0
5,Day 5,300191,IRSB100009288,Swap,1146.3509208158089,1146.4200196280697,1146.4200196280697,0.06909881226079051,0.0
5,Day 5,300191,IRSB100009319,Swap,22910.756123044925,22917.94342654139,22917.94342654139,7.187303496466484,0.0
5,Day 5,300191,IRSB100009346,Swap,54289.95815304188,54314.2778468376,54314.2778468376,24.319693795718194,0.0
5,Day 5,300191,IRSB100009375,Swap,9951.970071054904,9954.001437708073,9954.001437708073,2.0313666531692434,0.0
5,Day 5,300191,IRSB100009384,Swap,19905.87083438327,19909.933961776795,19909.933961776795,4.063127393525065,0.0
5,Day 5,300191,IRSB100009392,Swap,16136.591127196303,16141.940687971995,16141.940687971995,5.349560775692225,0.0
5,Day 5,300191,IRSB100009413,Swap,22123.873360853093,22130.571352860446,22130.571352860446,6.697992007353605,0.0
5,Day 5,300191,IRSB100009427,Swap,15861.60810901957,15865.736615257169,15865.736615257169,4.12850623759914,0.0
5,Day 5,300191,IRSB100009437,Swap,45771.96076215049,45793.59340222912,45793.59340222912,21.632640078627446,0.0
5,Day 5,300191,IRSB100009458,Swap,7205.7393431437695,7206.923894483069,7206.923894483069,1.1845513392991052,0.0
5,Day 5,300191,IRSB100009466,Swap,4917.004849507322,4918.24424703542,4918.24424703542,1.23939752809747,0.0
5,Day 5,300191,IRSB100009470,Swap,225215.61239130376,-149955.85127747612,-149955.85127747612,-375171.4636687799,0.0
5,Day 5,300191,SECL100006670,Bond,9.767966438890799,9.768931935736216,9.768931935736216,0.0009654968454171353,0.0
5,Day 5,300191,XS2812505829,Bond,-7455.145814176376,-7455.571752930165,-7455.571752930165,-0.4259387537886141,0.0
5,Day 5,300191,XS2823899161,Bond,-15608.365160038778,-15610.786341047437,-15610.786341047437,-2.4211810086580954,0.0
5,Day 5,300191,XS2840087667,Bond,-15650.496610848146,-15652.856375182922,-15652.856375182922,-2.359764334776628,0.0
5,Day 5,300191,XS2841263358,Bond,-20395.20056909503,-20398.40877861424,-20398.40877861424,-3.208209519212687,0.0
5,Day 5,300191,XS2843279691,Bond,-8398.756833062806,-8400.117539325867,-8400.117539325867,-1.3607062630617293,0.0
5,Day 5,300191,XS2845159602,Bond,-19638.980787142566,-19644.110771959193,-19644.110771959193,-5.129984816627257,0.0
5,Day 5,300191,XS2865535673,Bond,-30977.83066221395,-30985.267804390962,-30985.267804390962,-7.437142177011992,0.0
5,Day 5,300191,XS2895045164,Bond,-34474.175886103396,-34485.753523109845,-34485.753523109845,-11.57763700644864,0.0
5,Day 5,300191,XS2903381072,Bond,-72411.42758058089,-72453.61594489591,-72453.61594489591,-42.18836431502132,0.0
5,Day 5,300191,XS2906220855,Bond,-74522.34775322242,-74567.01648333471,-74567.01648333471,-44.66873011228745,0.0
5,Day 5,300191,XS2908892438,Bond,-29485.473566502777,-29499.072639525475,-29499.072639525475,-13.599073022698576,0.0
5,Day 5,300191,XS2914666057,Bond,-42277.85330570295,-42295.341932399555,-42295.341932399555,-17.488626696605934,0.0
5,Day 5,300191,XS2920487852,Bond,-84490.24850466117,-84547.82395727128,-84547.82395727128,-57.57545261010819,0.0
5,Day 5,300191,XS2924143154,Bond,-45361.73967302606,-45381.89606037143,-45381.89606037143,-20.156387345370604,0.0
5,Day 5,300191,XS2932960730,Bond,-36358.7826492373,-36376.083654352966,-36376.083654352966,-17.301005115667067,0.0
5,Day 5,300191,XS2942506978,Bond,-38666.18192813867,-38685.7803064971,-38685.7803064971,-19.598378358430637,0.0
5,Day 5,300191,XS2974163672,Bond,-52427.157578698374,-52445.47245835042,-52445.47245835042,-18.31487965204724,0.0
5,Day 5,300191,XS2976487483,Bond,-3558.8904584584247,-3558.9906388183085,-3558.9906388183085,-0.1001803598837796,0.0
5,Day 5,300191,XS2976509716,Bond,-16293.478265701793,-16298.782435889623,-16298.782435889623,-5.3041701878300955,0.0
5,Day 5,300191,XS2977963219,Bond,-61706.37738444055,-61726.66646938861,-61726.66646938861,-20.289084948060918,0.0
5,Day 5,300191,XS2985295562,Bond,-5082.376473218319,-5082.769962577692,-5082.769962577692,-0.39348935937323404,0.0
5,Day 5,300191,XS2989343293,Bond,-92891.5367281141,-92979.08880042713,-92979.08880042713,-87.55207231303211,0.0
5,Day 5,300191,XS2993382667,Bond,-126535.32403584963,-126643.37661063793,-126643.37661063793,-108.05257478830754,0.0
5,Day 5,300191,XS2994493786,Bond,-32226.560533707976,-32240.41986647827,-32240.41986647827,-13.859332770294714,0.0
5,Day 5,300191,XS2996733593,Bond,-4260.917362320629,-4261.397317099378,-4261.397317099378,-0.47995477874883363,0.0
5,Day 5,300191,XS2996858960,Bond,-112065.87032898245,-112192.20847571331,-112192.20847571331,-126.33814673086454,0.0
5,Day 5,300191,XS2997427682,Bond,-167263.32942239524,-167425.6379641024,-167425.6379641024,-162.30854170717066,0.0
5,Day 5,300191,XS2998732262,Bond,-119050.07898881043,-119165.18256662143,-119165.18256662143,-115.10357781099447,0.0
5,Day 5,300191,XS2999542348,Bond,-53981.12776454847,-54000.53091839698,-54000.53091839698,-19.403153848506918,0.0
5,Day 5,300191,XS2999676203,Bond,-76855.08415867966,-76914.76840844499,-76914.76840844499,-59.68424976532697,0.0
5,Day 5,300191,XS3002279886,Bond,-110561.43482079495,-110660.53438265824,-110660.53438265824,-99.09956186328782,0.0
5,Day 5,300191,XS3002353103,Bond,-11174.557099011263,-11176.209594909773,-11176.209594909773,-1.6524958985100966,0.0
5,Day 5,300191,XS3003206359,Bond,-164247.36065561653,-164430.63812305752,-164430.63812305752,-183.2774674409884,0.0
5,Day 5,300191,XS3005193340,Bond,-2816.1225356035025,-2816.516111942841,-2816.516111942841,-0.39357633933832403,0.0
5,Day 5,300191,XS3006178597,Bond,-59679.17791517852,-59727.188260380186,-59727.188260380186,-48.01034520166286,0.0
5,Day 5,300191,XS3010368689,Bond,-3909.833628046909,-3910.1367371396336,-3910.1367371396336,-0.3031090927247533,0.0
5,Day 5,300191,XS3015128211,Bond,-24008.95391317133,-24020.517707238585,-24020.517707238585,-11.563794067253184,0.0
5,Day 5,300191,XS3020856848,Bond,-41363.76436359973,-41391.34134209442,-41391.34134209442,-27.576978494689683,0.0
5,Day 5,300191,XS3020942176,Bond,-57626.9394471445,-57671.67304813735,-57671.67304813735,-44.73360099285492,0.0
5,Day 5,300191,XS3033735351,Bond,-9022.56648063551,-9023.21155382605,-9023.21155382605,-0.6450731905388238,0.0
5,Day 5,300191,XS3038488436,Bond,-61768.44226867386,-61846.48825842576,-61846.48825842576,-78.04598975189583,0.0
5,Day 5,300191,XS3041239669,Bond,-4511.228639454595,-4511.551107742042,-4511.551107742042,-0.32246828744700906,0.0
5,Day 5,300191,XS3041246524,Bond,-2462.2858251059283,-2462.405829309566,-2462.405829309566,-0.12000420363756348,0.0
5,Day 5,300191,XS3041382113,Bond,-7203.363087566834,-7204.393227045935,-7204.393227045935,-1.030139479101308,0.0
6,Day 10,300191,BE6359531173,Bond,-6714.492227916179,-6715.154422360955,-6715.154422360955,-0.6621944447761052,0.0
6,Day 10,300191,BE6360390031,Bond,-5253.746432167513,-5254.431252607265,-5254.431252607265,-0.6848204397520021,0.0
6,Day 10,300191,CSH_EUR_DB,Cash,15126.002280871355,15126.002280871355,38769.22544644902,0.0,23643.223165577663
6,Day 10,300191,DE000CZ450R9,Bond,-141070.92026800005,-141233.09629577192,-141233.09629577192,-162.1760277718713,0.0
6,Day 10,300191,DE000CZ451J4,Bond,-42027.79801196699,-42063.5183635925,-42063.5183635925,-35.720351625510375,0.0
6,Day 10,300191,DE000CZ452E3,Bond,-118901.16661786765,-119045.40333169984,-119045.40333169984,-144.23671383218607,0.0
6,Day 10,300191,FR0014003N51,Bond,0.0,0.0,0.0,0.0,0.0
6,Day 10,300191,FR0128580331,Bond,-4473.647067992158,-4473.902822338779,-4473.902822338779,-0.25575434662096086,0.0
6,Day 10,300191,FR0128584150,Bond,-5964.13831275159,-5964.4794919738215,-5964.4794919738215,-0.3411792222314034,0.0
6,Day 10,300191,FR0128585413,Bond,-8907.197515754217,-8907.806286328314,-8907.806286328314,-0.6087705740974343,0.0
6,Day 10,300191,FR0128607365,Bond,-10340.103756155788,-10340.924671025543,-10340.924671025543,-0.8209148697551427,0.0
6,Day 10,300191,FR0128614064,Bond,-9785.457335275623,-9787.112415014195,-9787.112415014195,-1.6550797385716578,0.0
6,Day 10,300191,FR0128614254,Bond,-9323.31432813855,-9325.043015331472,-9325.043015331472,-1.7286871929227345,0.0
6,Day 10,300191,FR0128614551,Bond,-10181.86910449575,-10183.200983172743,-10183.200983172743,-1.3318786769923463,0.0
6,Day 10,300191,FR0128615376,Bond,-12300.072824053326,-12302.019420993027,-12302.019420993027,-1.946596939700612,0.0
6,Day 10,300191,FR0128633858,Bond,-14686.371991338949,-14688.03218059836,-14688.03218059836,-1.660189259411709,0.0
6,Day 10,300191,FR0128635192,Bond,-12442.310288796556,-12443.799889563865,-12443.799889563865,-1.4896007673087297,0.0
6,Day 10,300191,FR0128635606,Bond,-6220.070983231154,-6220.815604902508,-6220.815604902508,-0.7446216713542526,0.0
6,Day 10,300191,FR0128656842,Bond,-51042.597503550816,-51059.511521819186,-51059.511521819186,-16.914018268369546,0.0
6,Day 10,300191,FR0128662154,Bond,-10473.03155272541,-10475.762363488786,-10475.762363488786,-2.730810763376212,0.0
6,Day 10,300191,FR0128666064,Bond,-15357.721517707458,-15360.760294714939,-15360.760294714939,-3.038777007481258,0.0
6,Day 10,300191,FR0128692607,Bond,-76176.94858447238,-76194.228233864,-76194.228233864,-17.279649391624844,0.0
6,Day 10,300191,FR0128768654,Bond,-74972.7653044866,-74994.60340637434,-74994.60340637434,-21.838101887740777,0.0
6,Day 10,300191,FR0128787282,Bond,-18138.908067629072,-18147.70757601692,-18147.70757601692,-8.799508387848618,0.0
6,Day 10,300191,FR0128789924,Bond,-35365.63621304582,-35375.37316051433,-35375.37316051433,-9.736947468511062,0.0
6,Day 10,300191,FR0128806710,Bond,-22394.544549991493,-22402.36285944472,-22402.36285944472,-7.818309453225083,0.0
6,Day 10,300191,FR0128813492,Bond,-26993.59939772019,-27003.088728791594,-27003.088728791594,-9.489331071403285,0.0
6,Day 10,300191,FR0128816198,Bond,-18386.00294746532,-18392.60956853806,-18392.60956853806,-6.606621072740381,0.0
6,Day 10,300191,FR0128816420,Bond,-1624.0523184199228,-1624.1682828317787,-1624.1682828317787,-0.11596441185588446,0.0
6,Day 10,300191,FR0128867167,Bond,-22311.268641799677,-22316.171091086413,-22316.171091086413,-4.902449286735646,0.0
6,Day 10,300191,FR0128867399,Bond,-42431.65078369931,-42443.4902248244,-42443.4902248244,-11.83944112509198,0.0
6,Day 10,300191,FR0128867449,Bond,-12924.490303730538,-12927.786230979085,-12927.786230979085,-3.2959272485477413,0.0
6,Day 10,300191,FR0128902766,Bond,-24802.28760428781,-24814.362128351837,-24814.362128351837,-12.074524064028083,0.0
6,Day 10,300191,FR0128902923,Bond,-41774.51636237826,-41797.4038017769,-41797.4038017769,-22.88743939864071,0.0
6,Day 10,300191,FR0128910587,Bond,-3773.034877045447,-3773.3169308638203,-3773.3169308638203,-0.2820538183732424,0.0
6,Day 10,300191,FR0128913656,Bond,-48404.53624611828,-48452.15166656033,-48452.15166656033,-47.61542044204543,0.0
6,Day 10,300191,FR0128913979,Bond,-86386.01641146945,-86435.20240466027,-86435.20240466027,-49.185993190825684,0.0
6,Day 10,300191,FR0128958545,Bond,-4579.764768562076,-4580.598430283667,-4580.598430283667,-0.8336617215909428,0.0
6,Day 10,300191,FR0128963560,Bond,-16215.610753627867,-16217.351959479145,-16217.351959479145,-1.7412058512782096,0.0
6,Day 10,300191,FR0128984541,Bond,-27699.012728485428,-27706.57533704219,-27706.57533704219,-7.562608556763735,0.0
6,Day 10,300191,FR0128985662,Bond,-2627.794585425131,-2627.880011332424,-2627.880011332424,-0.08542590729302901,0.0
6,Day 10,300191,FR0129012466,Bond,-19476.382593993312,-19478.877558491233,-19478.877558491233,-2.4949644979205914,0.0
6,Day 10,300191,FR0129014306,Bond,-33965.20528809154,-33974.31623710409,-33974.31623710409,-9.110949012545461,0.0
6,Day 10,300191,FR0129014868,Bond,-100814.15728945956,-100895.12597023346,-100895.12597023346,-80.96868077390536,0.0
6,Day 10,300191,FR0129025500,Bond,-9322.28430221046,-9324.011584166954,-9324.011584166954,-1.7272819564932433,0.0
6,Day 10,300191,FR0129026011,Bond,-903.2189045304777,-903.251197250217,-903.251197250217,-0.03229271973930281,0.0
6,Day 10,300191,FR0129026433,Bond,-613.8521242998638,-613.8860346202069,-613.8860346202069,-0.03391032034312502,0.0
6,Day 10,300191,FR0129026458,Bond,-9548.443039744665,-9550.862577001886,-9550.862577001886,-2.4195372572212364,0.0
6,Day 10,300191,FR0129026656,Bond,-4797.235277478104,-4797.695812064741,-4797.695812064741,-0.4605345866375501,0.0
6,Day 10,300191,FR0129030120,Bond,-15983.462918874291,-15985.15114727323,-15985.15114727323,-1.6882283989398275,0.0
6,Day 10,300191,FR0129030807,Bond,-6882.187926884235,-6882.970483490914,-6882.970483490914,-0.7825566066794636,0.0
6,Day 10,300191,FR0129052264,Bond,-69891.35979299004,-69939.775267604,-69939.775267604,-48.41547461395385,0.0
6,Day 10,300191,FR0129053411,Bond,-12123.550192788516,-12125.007498402576,-12125.007498402576,-1.4573056140598055,0.0
6,Day 10,300191,FR0129053510,Bond,-4918.19812695645,-4918.677608455996,-4918.677608455996,-0.4794814995457273,0.0
6,Day 10,300191,FR0129059954,Bond,-1724.942613740286,-1724.981856420031,-1724.981856420031,-0.039242679744802444,0.0
6,Day 10,300191,FR0129061463,Bond,-4185.390915594932,-4185.6221661391155,-4185.6221661391155,-0.23125054418323998,0.0
6,Day 10,300191,FR0129061638,Bond,-3609.2663768375073,-3609.524401761902,-3609.524401761902,-0.2580249243947037,0.0
6,Day 10,300191,FR0129065985,Bond,-19511.135173020935,-19514.158753669275,-19514.158753669275,-3.0235806483397027,0.0
6,Day 10,300191,FR0129066371,Bond,-12168.60003941549,-12170.49834102164,-12170.49834102164,-1.8983016061483795,0.0
6,Day 10,300191,FR0129083459,Bond,-52043.10071018729,-52070.27021603215,-52070.27021603215,-27.169505844860396,0.0
6,Day 10,300191,FR0129101939,Bond,-6280.881402076684,-6282.451345854872,-6282.451345854872,-1.569943778187735,0.0
6,Day 10,300191,FR0129102523,Bond,-821.184487351639,-821.2084952191522,-821.2084952191522,-0.024007867513205383,0.0
6,Day 10,300191,FR0129104735,Bond,-96769.31980494822,-96843.83351135039,-96843.83351135039,-74.51370640216919,0.0
6,Day 10,300191,FR0129105732,Bond,-1264.168130879626,-1264.2256570531943,-1264.2256570531943,-0.05752617356824885,0.0
6,Day 10,300191,FR0129106086,Bond,-2266.967389444877,-2267.103008992555,-2267.103008992555,-0.1356195476778339,0.0
6,Day 10,300191,FR0129106409,Bond,-5473.7367299588295,-5474.1604995039315,-5474.1604995039315,-0.4237695451020045,0.0
6,Day 10,300191,FR0129107100,Bond,-4558.03012139385,-4558.35829956259,-4558.35829956259,-0.3281781687401235,0.0
6,Day 10,300191,FR0129107423,Bond,-37399.89700413129,-37417.415255808526,-37417.415255808526,-17.51825167723291,0.0
6,Day 10,300191,FR0129108546,Bond,-60156.82297756515,-60204.86868322563,-60204.86868322563,-48.04570566047914,0.0
6,Day 10,300191,FR0129108900,Bond,-17419.415715737876,-17426.15405255114,-17426.15405255114,-6.73833681326505,0.0
6,Day 10,300191,FR0129108918,Bond,-22960.702060812415,-22967.2661877062,-22967.2661877062,-6.564126893783396,0.0
6,Day 10,300191,FR0129109825,Bond,-16310.136840343988,-16323.388259087322,-16323.388259087322,-13.251418743333488,0.0
6,Day 10,300191,FR0129110146,Bond,-103607.5920117668,-103679.41050295664,-103679.41050295664,-71.81849118984246,0.0
6,Day 10,300191,IRSB100008195,Swap,5855.1509974680985,5855.511950245615,5855.511950245615,0.3609527775161041,0.0
6,Day 10,300191,IRSB100008252,Swap,3988.2167455252984,3988.5063143273283,3988.5063143273283,0.2895688020298621,0.0
6,Day 10,300191,IRSB100008289,Swap,3805.706634505124,3806.0090203299733,3806.0090203299733,0.3023858248493525,0.0
6,Day 10,300191,IRSB100008398,Swap,7439.252892823261,7440.017231374127,7440.017231374127,0.7643385508654319,0.0
6,Day 10,300191,IRSB100008403,Swap,3967.556353670997,3967.9639962571932,3967.9639962571932,0.4076425861962889,0.0
6,Day 10,300191,IRSB100008630,Swap,7503.014080599141,7504.555851665705,7504.555851665705,1.5417710665633422,0.0
6,Day 10,300191,IRSB100008770,Swap,27686.78088394783,27693.076998154385,27693.076998154385,6.2961142065541935,0.0
6,Day 10,300191,IRSB100008780,Swap,28517.109744935737,28523.790014960974,28523.790014960974,6.680270025237405,0.0
6,Day 10,300191,IRSB100008821,Swap,644.7970439553886,644.8173608954297,644.8173608954297,0.020316940041084308,0.0
6,Day 10,300191,IRSB100008858,Swap,32354.393636268756,32362.992212557147,32362.992212557147,8.598576288390177,0.0
6,Day 10,300191,IRSB100009066,Swap,8800.944760863733,8801.487313141053,8801.487313141053,0.5425522773202829,0.0
6,Day 10,300191,IRSB100009071,Swap,19975.9823831808,19978.718931061718,19978.718931061718,2.736547880918806,0.0
6,Day 10,300191,IRSB100009075,Swap,1197.3385358761298,1197.3532979994352,1197.3532979994352,0.01476212330544513,0.0
6,Day 10,300191,IRSB100009088,Swap,6724.161001246256,6725.091368006998,6725.091368006998,0.9303667607418902,0.0
6,Day 10,300191,IRSB100009103,Swap,16979.064325594532,16981.436834948796,16981.436834948796,2.3725093542634568,0.0
6,Day 10,300191,IRSB100009104,Swap,985.1592746037123,985.1741196427337,985.1741196427337,0.01484503902133838,0.0
6,Day 10,300191,IRSB100009109,Swap,764.6977489889109,764.7092719661755,764.7092719661755,0.011522977264576184,0.0
6,Day 10,300191,IRSB100009143,Swap,2043.5632933861582,2043.6332825362929,2043.6332825362929,0.06998915013468832,0.0
6,Day 10,300191,IRSB100009162,Swap,1874.259198539125,1874.405552007564,1874.405552007564,0.14635346843897423,0.0
6,Day 10,300191,IRSB100009163,Swap,35709.22546086847,35722.33555343145,35722.33555343145,13.110092562979844,0.0
6,Day 10,300191,IRSB100009168,Swap,20155.05257167592,20163.4185729005,20163.4185729005,8.36600122458185,0.0
6,Day 10,300191,IRSB100009187,Swap,1912.6919483145027,1912.7705567163473,1912.7705567163473,0.07860840184457629,0.0
6,Day 10,300191,IRSB100009195,Swap,5942.933835296522,5943.186219733381,5943.186219733381,0.25238443685884704,0.0
6,Day 10,300191,IRSB100009204,Swap,48613.5125838757,48629.695402514124,48629.695402514124,16.18281863842276,0.0
6,Day 10,300191,IRSB100009211,Swap,12310.454859566109,12312.529163645171,12312.529163645171,2.0743040790621308,0.0
6,Day 10,300191,IRSB100009221,Swap,16947.243945486727,16950.192414574507,16950.192414574507,2.948469087779813,0.0
6,Day 10,300191,IRSB100009226,Swap,64334.21060312917,64358.53501653959,64358.53501653959,24.324413410417037,0.0
6,Day 10,300191,IRSB100009231,Swap,45791.76890420006,45809.01980080774,45809.01980080774,17.250896607685718,0.0
6,Day 10,300191,IRSB100009239,Swap,20582.29210958029,20585.196297980336,20585.196297980336,2.9041884000471327,0.0
6,Day 10,300191,IRSB100009245,Swap,29502.07147918885,29511.00321706492,29511.00321706492,8.931737876071566,0.0
6,Day 10,300191,IRSB100009252,Swap,42494.8747707207,42509.719345076184,42509.719345076184,14.844574355483928,0.0
6,Day 10,300191,IRSB100009258,Swap,63218.0879513283,63245.54107844036,63245.54107844036,27.4531271120577,0.0
6,Day 10,300191,IRSB100009288,Swap,1146.4200196280697,1146.4891226054126,1146.4891226054126,0.06910297734293636,0.0
6,Day 10,300191,IRSB100009319,Swap,22917.94342654139,22925.132984757485,22925.132984757485,7.189558216094156,0.0
6,Day 10,300191,IRSB100009346,Swap,54314.2778468376,54338.60843486729,54338.60843486729,24.33058802969026,0.0
6,Day 10,300191,IRSB100009375,Swap,9954.001437708073,9956.033218997785,9956.033218997785,2.031781289711944,0.0
6,Day 10,300191,IRSB100009384,Swap,19909.933961776795,19913.997918523848,19913.997918523848,4.063956747053453,0.0
6,Day 10,300191,IRSB100009392,Swap,16141.940687971995,16147.292022220181,16147.292022220181,5.351334248185594,0.0
6,Day 10,300191,IRSB100009413,Swap,22130.571352860446,22137.271372681655,22137.271372681655,6.700019821208116,0.0
6,Day 10,300191,IRSB100009427,Swap,15865.736615257169,15869.866196074572,15869.866196074572,4.129580817403621,0.0
6,Day 10,300191,IRSB100009437,Swap,45793.59340222912,45815.23626627694,45815.23626627694,21.642864047818875,0.0
6,Day 10,300191,IRSB100009458,Swap,7206.923894483069,7208.108640550738,7208.108640550738,1.184746067669039,0.0
6,Day 10,300191,IRSB100009466,Swap,4918.24424703542,4919.483956970415,4919.483956970415,1.239709934995517,0.0
6,Day 10,300191,IRSB100009470,Swap,-149955.85127747612,99845.46405816125,99845.46405816125,249801.31533563737,0.0
6,Day 10,300191,SECL100006670,Bond,9.768931935736216,9.76989752801441,9.76989752801441,0.0009655922781934834,0.0
6,Day 10,300191,XS2812505829,Bond,-7455.571752930165,-7455.997716019336,-7455.997716019336,-0.42596308917109127,0.0
6,Day 10,300191,XS2823899161,Bond,-15610.786341047437,-15613.20789763146,-15613.20789763146,-2.4215565840240743,0.0
6,Day 10,300191,XS2840087667,Bond,-15652.856375182922,-15655.216495320321,-15655.216495320321,-2.360120137398553,0.0
6,Day 10,300191,XS2841263358,Bond,-20398.40877861424,-20401.617492791807,-20401.617492791807,-3.208714177566435,0.0
6,Day 10,300191,XS2843279691,Bond,-8400.117539325867,-8401.478466040784,-8401.478466040784,-1.3609267149167863,0.0
6,Day 10,300191,XS2845159602,Bond,-19644.110771959193,-19649.242096801787,-19649.242096801787,-5.13132484259404,0.0
6,Day 10,300191,XS2865535673,Bond,-30985.267804390962,-30992.70673207337,-30992.70673207337,-7.438927682407666,0.0
6,Day 10,300191,XS2895045164,Bond,-34485.753523109845,-34497.33504829274,-34497.33504829274,-11.581525182897167,0.0
6,Day 10,300191,XS2903381072,Bond,-72453.61594489591,-72495.82888900646,-72495.82888900646,-42.21294411054987,0.0
6,Day 10,300191,XS2906220855,Bond,-74567.01648333471,-74611.71198790472,-74611.71198790472,-44.695504570016055,0.0
6,Day 10,300191,XS2908892438,Bond,-29499.072639525475,-29512.677984612506,-29512.677984612506,-13.60534508703131,0.0
6,Day 10,300191,XS2914666057,Bond,-42295.341932399555,-42312.837793429026,-42312.837793429026,-17.49586102947069,0.0
6,Day 10,300191,XS2920487852,Bond,-84547.82395727128,-84605.43864438243,-84605.43864438243,-57.614687111155945,0.0
6,Day 10,300191,XS2924143154,Bond,-45381.89606037143,-45402.061404162334,-45402.061404162334,-20.165343790904444,0.0
6,Day 10,300191,XS2932960730,Bond,-36376.083654352966,-36393.392891998876,-36393.392891998876,-17.30923764590989,0.0
6,Day 10,300191,XS2942506978,Bond,-38685.7803064971,-38705.388618508536,-38705.388618508536,-19.608312011434464,0.0
6,Day 10,300191,XS2974163672,Bond,-52445.47245835042,-52463.79373611429,-52463.79373611429,-18.321277763869148,0.0
6,Day 10,300191,XS2976487483,Bond,-3558.9906388183085,-3559.0908219982016,-3559.0908219982016,-0.10018317989306524,0.0
6,Day 10,300191,XS2976509716,Bond,-16298.782435889623,-16304.088332794176,-16304.088332794176,-5.305896904552355,0.0
6,Day 10,300191,XS2977963219,Bond,-61726.66646938861,-61746.96222539704,-61746.96222539704,-20.295756008425087,0.0
6,Day 10,300191,XS2985295562,Bond,-5082.769962577692,-5083.163482401923,-5083.163482401923,-0.39351982423067966,0.0
6,Day 10,300191,XS2989343293,Bond,-92979.08880042713,-93066.72339226386,-93066.72339226386,-87.63459183672967,0.0
6,Day 10,300191,XS2993382667,Bond,-126643.37661063793,-126751.52145498818,-126751.52145498818,-108.14484435024497,0.0
6,Day 10,300191,XS2994493786,Bond,-32240.41986647827,-32254.28515958382,-32254.28515958382,-13.865293105547607,0.0
6,Day 10,300191,XS2996733593,Bond,-4261.397317099378,-4261.877325940801,-4261.877325940801,-0.48000884142311406,0.0
6,Day 10,300191,XS2996858960,Bond,-112192.20847571331,-112318.68905052931,-112318.68905052931,-126.48057481599972,0.0
6,Day 10,300191,XS2997427682,Bond,-167425.6379641024,-167588.10400633764,-167588.10400633764,-162.46604223523173,0.0
6,Day 10,300191,XS2998732262,Bond,-119165.18256662143,-119280.39743233527,-119280.39743233527,-115.21486571384594,0.0
6,Day 10,300191,XS2999542348,Bond,-54000.53091839698,-54019.94104657883,-54019.94104657883,-19.410128181851178,0.0
6,Day 10,300191,XS2999676203,Bond,-76914.76840844499,-76974.4990079048,-76974.4990079048,-59.730599459813675,0.0
6,Day 10,300191,XS3002279886,Bond,-110660.53438265824,-110759.7227704596,-110759.7227704596,-99.18838780136139,0.0
6,Day 10,300191,XS3002353103,Bond,-11176.209594909773,-11177.86233517973,-11177.86233517973,-1.652740269957576,0.0
6,Day 10,300191,XS3003206359,Bond,-164430.63812305752,-164614.12010294813,-164614.12010294813,-183.4819798906101,0.0
6,Day 10,300191,XS3005193340,Bond,-2816.516111942841,-2816.909743287717,-2816.909743287717,-0.3936313448762121,0.0
6,Day 10,300191,XS3006178597,Bond,-59727.188260380186,-59775.23722865487,-59775.23722865487,-48.04896827468474,0.0
6,Day 10,300191,XS3010368689,Bond,-3910.1367371396336,-3910.439869730832,-3910.439869730832,-0.3031325911983913,0.0
6,Day 10,300191,XS3015128211,Bond,-24020.517707238585,-24032.087070950136,-24032.087070950136,-11.569363711550977,0.0
6,Day 10,300191,XS3020856848,Bond,-41391.34134209442,-41418.93670599852,-41418.93670599852,-27.59536390410358,0.0
6,Day 10,300191,XS3020942176,Bond,-57671.67304813735,-57716.44137412302,-57716.44137412302,-44.76832598566398,0.0
6,Day 10,300191,XS3033735351,Bond,-9023.21155382605,-9023.856673136439,-9023.856673136439,-0.6451193103894184,0.0
6,Day 10,300191,XS3038488436,Bond,-61846.48825842576,-61924.63286126053,-61924.63286126053,-78.14460283477092,0.0
6,Day 10,300191,XS3041239669,Bond,-4511.551107742042,-4511.873599079928,-4511.873599079928,-0.3224913378853671,0.0
6,Day 10,300191,XS3041246524,Bond,-2462.405829309566,-2462.5258393618374,-2462.5258393618374,-0.12001005227148198,0.0
6,Day 10,300191,XS3041382113,Bond,-7204.393227045935,-7205.423513843356,-7205.423513843356,-1.0302867974205583,0.0
